Sample,Total_high_risk_ARG_abundance,Total_ARG_abundance,source
BKDN170793833-1A,214.865618,441.901441,Duck
BKDN170793835-1A,230.547048,658.820015,Duck
BKDN170793836-1A,358.881507,1046.293932,Duck
BKDN170793837-1A,177.164873,704.198784,Duck
BKDN170793838-1A,291.963211,695.521369,Duck
BKDN170793839-1A,129.463361,623.870757,Duck
BKDN170793840-1A,234.196339,1048.07208,Duck
BKDN170793891-1A,162.456208,613.069582,Duck
BKDN170793892-1A,216.285092,383.87041,Duck
BKDN170793893-1A,209.191423,809.053478,Duck
BKDN170793894-1A,214.394663,730.413938,Duck
BKDN170793895-1A,256.794702,528.56959,Duck
BKDN170793896-1A,184.200954,684.130114,Duck
BKDN170793898-1A,178.037335,455.285118,Duck
BKDN170793899-1A,356.980602,762.816721,Duck
BKDN170793901-1A,251.741767,782.468445,Duck
BKDN170793902-1A,291.495325,540.697454,Duck
BKDN170793903-1A,222.957304,663.850855,Duck
BKDN170793904-1A,118.087386,496.273193,Duck
BKDN170793906-1A,341.587707,651.939262,Duck
BKDN170793907-1A,220.607347,613.347037,Duck
BKDN170793908-1A,163.115177,652.978518,Duck
BKDN170793909-1A,121.866806,557.803883,Duck
BKDN170793993-1A,185.66525,801.222945,Duck
BKDN170793994-1A,210.503913,695.453867,Duck
BKDN170793995-1A,189.598428,676.181092,Duck
BKDN170793998-1A,219.411049,417.124082,Duck
BKDN170794001-1A,259.253669,439.782379,Duck
BKDN170794002-1A,285.047901,462.78677,Duck
BKDN170794054-1A,293.623108,813.171448,Duck
BKDN170794056-1A,239.319447,356.438875,Duck
BKDN170794057-1A,179.542192,468.443445,Duck
BKDN170794058-1A,175.881229,647.787508,Duck
BKDN170794064-1A,130.138265,457.124012,Duck
BKDN170794065-1A,172.551418,496.55994,Duck
BKDN170794066-1A,216.305359,621.770968,Duck
BKDN170794067-1A,112.498681,644.241436,Duck
BKDN170794068-1A,351.260074,458.337286,Duck
BKDN170794148-1A,112.988095,704.466853,Duck
BKDN170794149-1A,247.518662,558.341294,Duck
BKDN170794152-1A,214.678772,587.675777,Duck
BKDN170794156-1A,103.55976,137.139456,Duck
BKDN170794158-1A,246.43109,612.086754,Duck
BKDN170794159-1A,183.602256,376.594836,Duck
BKDN170794160-1A,271.330533,490.295779,Duck
BKDN170794161-1A,259.334852,407.445917,Duck
BKDN170794163-1A,140.201692,355.795651,Duck
BKDN170794164-1A,225.943677,407.467604,Duck
BKDN170794165-1A,244.831633,415.874797,Duck
BKDN170794228-1A,284.793609,477.828791,Duck
BKDN170794322-1A,235.448439,528.338913,Duck
BKDN170794326-1A,179.417417,594.111463,Duck
BKDN170794327-1A,187.970713,657.650029,Duck
BKDN170794329-1A,90.679531,380.351791,Duck
BKDN170794330-1A,280.240248,556.53816,Duck
BKDN170794331-1A,235.855864,410.713132,Duck
BKDN170794385-1A,258.69784,403.15091,Duck
BKDN170794387-1A,254.001413,438.867356,Duck
BKDN170794392-1A,198.819759,556.791482,Duck
BKDN170794393-1A,280.912915,392.878408,Duck
BKDN170794394-1A,142.831022,232.326397,Duck
BKDN170794480-1A,218.700168,358.8475,Duck
BKDN170794548-1A,270.969913,427.846406,Duck
BKDN170794551-1A,237.130631,354.336219,Duck
BKDN170794553-1A,167.430028,363.9879,Duck
BKDN170794554-1A,229.496648,625.473433,Duck
BKDN170794805-1A,267.04109,403.908006,Duck
BKDN170794806-1A,302.191816,418.107247,Duck
BKDN170794809-1A,296.361735,537.080675,Duck
BKDN170794811-1A,222.913207,426.048914,Duck
BKDN170794972-1A,235.876492,517.277471,Duck
BKDN170795140-1A,265.995767,423.017741,Duck
BKDN170795141-1A,281.602603,442.254024,Duck
BKDN170795142-1A,223.092884,521.553931,Duck
BKDN170795145-1A,364.476346,502.129173,Duck
BKDN170795146-1A,194.290696,539.65294,Duck
BKDN170795147-1A,303.221424,518.379488,Duck
BKDN170795149-1A,167.620562,457.486649,Duck
BKDN170795572-1A,328.037167,543.45393,Duck
BKDN170795573-1A,275.617143,572.534398,Duck
BKDN170795574-1A,278.258321,393.967836,Duck
BKDN170795575-1A,206.660591,603.576506,Duck
BKDN170795576-1A,276.336293,698.725465,Duck
BKDN170795577-1A,161.6026,457.184279,Duck
BKDN170795578-1A,153.574831,389.944576,Duck
BKDN170795737-1A,311.387401,745.550653,Duck
BKDN170795738-1A,157.841593,424.708981,Duck
BKDN170795739-1A,262.932583,590.93343,Duck
BKDN170795740-1A,203.682244,634.176221,Duck
BKDN170795742-1A,175.060688,491.377265,Duck
BKDN170795743-1A,250.76321,515.335368,Duck
BKDN170795744-1A,248.101281,546.616911,Duck
BKDN170795745-1A,188.664979,709.724602,Duck
BKDN170795836-1A,275.467829,437.255661,Duck
BKDN170795837-1A,258.168629,405.500408,Duck
BKDN170795838-1A,271.804621,411.412728,Duck
BKDN170795907-1A,141.295166,424.574195,Duck
BKDN170795910-1A,277.208448,414.030722,Duck
BKDN170795911-1A,182.720496,461.338255,Duck
BKDN170795912-1A,333.665449,684.24391,Duck
BKDN170795916-1A,156.700611,467.410478,Duck
BKDN170795999-1A,160.275811,377.405191,Duck
BKDN170796000-1A,223.44966,323.275551,Duck
BKDN170796004-1A,170.250439,449.081887,Duck
BKDN170796006-1A,216.391673,508.557089,Duck
BKDN170796077-1A,232.758865,352.117631,Duck
BKDN170796080-1A,283.379395,529.056587,Duck
BKDN170796085-1A,267.723872,553.805195,Duck
BKDN170796086-1A,338.786583,573.563166,Duck
BKDN170796173-1A,271.365135,378.213017,Duck
BKDN170796245-1A,200.091816,545.78236,Duck
BKDN170796247-1A,228.738367,502.990159,Duck
BKDN170796249-1A,243.589481,537.217121,Duck
BKDN170796250-1A,202.052705,395.325091,Duck
BKDN170796251-1A,299.404397,465.402709,Duck
BKDN170796252-1A,469.270987,612.277919,Duck
BKDN170796253-1A,271.905575,657.383316,Duck
BKDN170796254-1A,439.585374,783.808544,Duck
BKDN170796413-1A,251.200026,440.779484,Duck
BKDN170796417-1A,283.008472,463.937364,Duck
BKDN170796418-1A,346.707136,581.060318,Duck
BKDN170796419-1A,538.02208,689.661759,Duck
BKDN170796420-1A,897.843552,1215.756068,Duck
BKDN170796421-1A,189.514015,393.975953,Duck
BKDN170796422-1A,276.730944,484.657773,Duck
BKDN170796424-1A,233.767936,448.091787,Duck
CCH108A,270.088178,387.886416,Duck
CCH111-1A,267.454684,382.954372,Duck
CCH112-2A,299.216073,411.156908,Duck
CCH119-1A,237.921688,326.215092,Duck
CCH127-1A,311.190954,420.06169,Duck
CCH150-1B,367.321827,501.826478,Duck
CCH151-2A,362.250109,474.390108,Duck
CCH156-3B,296.45587,400.010968,Duck
CCH157-2B,373.712697,500.149037,Duck
CCH162-1A,393.99809,610.057444,Duck
CCH180-3A,270.280687,408.730455,Duck
CCH186-1A,355.539277,491.514417,Duck
CCH209A,391.434528,538.199279,Duck
CCH210A,294.802925,417.914982,Duck
CCH212A,266.243409,404.536658,Duck
CCH221-1A,290.045499,393.260615,Duck
CCH227-3A,296.914557,430.039119,Duck
CCH247A,306.330383,429.909054,Duck
CCH250-2A,259.278586,393.974955,Duck
CCH251-1A,268.080595,399.519089,Duck
CCH258A,358.416188,487.602161,Duck
CCH259-3A,294.119228,468.240593,Duck
CCH263-2A,305.279474,437.224154,Duck
CCH277-1A,277.160855,382.016091,Duck
CCH287A,173.539133,252.857184,Duck
CCH294-1A,262.997317,373.797124,Duck
CCH295-1A,305.073442,469.93389,Duck
CCH306-2A,295.909617,432.276097,Duck
CCH323-3A,272.873192,394.93066,Duck
CCH324-4A,288.100533,405.537312,Duck
CCH325-1A,290.819742,402.212993,Duck
CCH326A,340.014336,475.151255,Duck
CCH328A,352.388817,490.48317,Duck
CCH340-2A,283.535255,381.018868,Duck
CCH346-1A,257.483656,373.285724,Duck
CCH57A,320.93867,467.161054,Duck
CCH74-3A,225.617661,315.268203,Duck
CCH93-1A,278.949705,371.539472,Duck
CCH95-1A,292.206149,392.022567,Duck
CCS15B,191.324825,300.958571,Duck
CCS16B,116.510373,171.570625,Duck
CCS17A,192.178665,268.523227,Duck
CCS18A,180.525564,263.602928,Duck
CCS19A,277.572091,396.739103,Duck
CCS20A,240.868043,337.586747,Duck
CCS24A,221.876284,307.031066,Duck
CCS25B,220.185315,374.551395,Duck
CCS26A,125.709935,188.749021,Duck
CCS27A,118.997296,169.407156,Duck
CCS28B,187.164016,276.802787,Duck
CCS29B,198.667258,308.271494,Duck
CCS30A,195.882361,278.819651,Duck
CCS34A,234.76095,327.045834,Duck
CCY10A,407.180062,662.637299,Duck
CCY11A,399.238107,580.075451,Duck
CCY13A,332.211177,541.142387,Duck
CCY17A,359.616385,527.541352,Duck
CCY20A,413.17002,657.082773,Duck
CCY23A,456.938113,743.905688,Duck
CCY24A,343.411118,519.66944,Duck
CCY25B,429.37723,652.447952,Duck
CCY26A,459.866368,717.440457,Duck
CCY27A,355.785651,517.518947,Duck
CCY28A,313.868152,472.366993,Duck
CCY30A,329.42058,484.420063,Duck
CCY33B,286.600449,507.735153,Duck
CCY34B,367.690413,586.904033,Duck
CCY35B,404.767596,624.936126,Duck
CCY36B,393.392296,578.881117,Duck
CCY37A,321.320142,494.834416,Duck
CCY39A,424.939908,709.13283,Duck
CCY41B,303.876537,511.061374,Duck
CCY42A,434.642679,790.394935,Duck
CCY43A,332.771073,561.079231,Duck
CCY44A,296.69541,451.544119,Duck
CCY46B,315.152908,466.879014,Duck
CCY47A,505.535944,750.312739,Duck
CCY48A,428.046508,640.931536,Duck
CCY49A,489.0565,760.996442,Duck
CCY50A,390.884859,655.462895,Duck
CCY6A,377.142268,573.64993,Duck
CCY8A,394.115089,658.392054,Duck
CCY9B,363.33073,553.663688,Duck
FDM11A,307.443218,388.560522,Duck
FDM12B,57.355197,125.216431,Duck
FDM14A,110.464645,202.98196,Duck
FDM15A,201.690295,293.137439,Duck
FDM16A,185.937922,303.08983,Duck
FDM17B,129.202251,216.077244,Duck
FDM18A,154.20536,261.609829,Duck
FDM19A,121.537586,339.106984,Duck
FDM1B,121.550078,360.819609,Duck
FDM20B,63.113133,295.363193,Duck
FDM21B,40.913678,118.335357,Duck
FDM23A,94.741178,231.245053,Duck
FDM24B,33.447957,183.322281,Duck
FDM25B,46.691066,314.751936,Duck
FDM26A,252.918305,353.348682,Duck
FDM27B,27.305873,200.065702,Duck
FDM28B,98.016075,314.413355,Duck
FDM29B,71.26614,277.04894,Duck
FDM30A,55.393386,159.199008,Duck
FDM32B,326.083546,429.732652,Duck
FDM33A,80.849337,325.6237,Duck
FDM34B,127.696042,224.097954,Duck
FDM3B,295.847194,423.739502,Duck
FDM5B,259.505384,390.246646,Duck
FDM6A,249.175242,359.75524,Duck
FDM7A,285.521481,364.317626,Duck
FDM8B,92.139212,302.246016,Duck
FH108B,91.77237,382.240929,Duck
FH111B,61.467086,388.104588,Duck
FH127B,49.324929,251.110305,Duck
FH151A,210.996176,320.480516,Duck
FH157B,272.317784,432.018487,Duck
FH180A,97.414613,333.725977,Duck
FH206B,154.421674,383.589075,Duck
FH221B,273.257853,457.335719,Duck
FH227B,43.943615,295.311115,Duck
FH247A,243.273153,418.156281,Duck
FH251B,90.465143,395.587841,Duck
FH287B,327.314553,471.985492,Duck
FH295A,140.127887,347.017144,Duck
FH306B,103.816569,365.215526,Duck
FH323B,113.607319,438.119033,Duck
FH324B,103.853744,413.9793,Duck
FH326B,325.015409,506.69718,Duck
FH328A,313.349401,443.481161,Duck
FH340B,132.08808,385.96163,Duck
FH74B,60.305121,394.289183,Duck
FH93B,172.637972,314.430125,Duck
FH95B,79.009636,236.128666,Duck
FJY10A,282.762246,762.774783,Duck
FJY12A,374.054718,680.682924,Duck
FJY13B,184.269096,359.239861,Duck
FJY14A,301.939871,573.796394,Duck
FJY15A,311.520729,551.150652,Duck
FJY16B,340.778486,663.448362,Duck
FJY17A,182.232712,359.968811,Duck
FJY18A,269.260178,504.030682,Duck
FJY19A,159.316343,279.410419,Duck
FJY1A,441.921056,804.984625,Duck
FJY20A,193.410803,402.355321,Duck
FJY21A,299.445244,525.945648,Duck
FJY22A,286.538503,548.291899,Duck
FJY23A,290.527947,575.082878,Duck
FJY24B,351.687406,541.555973,Duck
FJY25B,294.907076,722.847104,Duck
FJY26A,361.391995,702.718877,Duck
FJY27B,137.03013,304.180745,Duck
FJY28A,276.409662,516.784418,Duck
FJY29A,440.338795,733.860658,Duck
FJY2A,464.459397,962.500753,Duck
FJY30A,321.818076,524.6322,Duck
FJY32B,174.045247,378.005593,Duck
FJY35A,46.418828,87.904559,Duck
FJY37A,516.651652,1049.661787,Duck
FJY3A,372.632634,603.336246,Duck
FJY43B,158.502769,361.158691,Duck
FJY44A,401.281631,864.193626,Duck
FJY45A,57.101479,156.492945,Duck
FJY4A,347.370456,736.115447,Duck
FJY52A,669.285394,1199.328693,Duck
FJY53A,419.234288,1188.362886,Duck
FJY59A,59.186962,109.343041,Duck
FJY5A,306.380884,706.053999,Duck
FJY61B,208.742423,452.821357,Duck
FJY63B,92.167839,225.089752,Duck
FJY64B,600.400289,1253.838232,Duck
FJY65A,165.424377,339.145248,Duck
FJY69A,555.064812,944.978815,Duck
FJY6B,154.5323,403.053706,Duck
FJY73A,239.5871,512.710933,Duck
FJY74A,366.673721,872.467025,Duck
FJY75A,273.123119,758.768259,Duck
FJY78B,165.999499,316.600679,Duck
FJY79A,166.991357,323.718245,Duck
FJY7A,322.456963,713.90531,Duck
FJY80B,400.163953,629.230912,Duck
FJY8A,331.462772,857.188228,Duck
FJY9B,611.574011,1067.472614,Duck
FM13B,140.70849,378.347075,Duck
FM14A,127.145481,360.16741,Duck
FM15B,167.093999,378.180302,Duck
FM17B,386.970023,616.812133,Duck
FM18B,247.936997,513.246824,Duck
FM1B,218.150138,438.663731,Duck
FM21A,181.530125,369.364324,Duck
FM2B,167.236909,299.027612,Duck
FM3B,154.548943,370.583512,Duck
FM4B,122.581196,308.279007,Duck
FM5B,365.80017,612.421716,Duck
FM6B,98.506047,315.412045,Duck
FM7B,160.907375,362.69407,Duck
FM8B,85.767045,290.853014,Duck
GCH111B,44.674113,85.800603,Duck
GCH112A,7.970514,16.164701,Duck
GCH119A,0,0.263699,Duck
GCH151B,2.892559,5.567438,Duck
GCH156B,10.670311,17.056848,Duck
GCH162B,0.990047,3.651165,Duck
GCH186B,130.180305,580.177739,Duck
GCH206A,3.197842,7.515822,Duck
GCH209B,60.071214,206.314628,Duck
GCH212B,85.555242,379.413846,Duck
GCH221A,14.97755,95.674655,Duck
GCH227B,56.419558,157.401939,Duck
GCH250A,0.276445,1.740561,Duck
GCH251A,5.534419,46.094468,Duck
GCH263A,0,1.358279,Duck
GCH277A,0.548914,111.2024,Duck
GCH294A,0.408643,25.794704,Duck
GCH295A,0.703664,28.461971,Duck
GCH323A,0,0.120128,Duck
GCH324A,2.213485,7.358584,Duck
GCH325A,7.175219,28.166225,Duck
GCH326A,2.743416,14.449523,Duck
GCH340A,0.196774,1.71067,Duck
GCH346A,0.384634,4.774587,Duck
GCH74A,0.144908,1.027809,Duck
ICH108-1A,0.137971,0.286606,Duck
ICH111-1A,0,0,Duck
ICH112-1A,0,0,Duck
ICH119-1A,0,0,Duck
ICH127-1A,0.130227,0.130227,Duck
ICH150-1A,1.375859,6.310871,Duck
ICH151-1A,2.172313,4.934003,Duck
ICH180-1A,27.606949,75.047911,Duck
ICH206-1A,0.97886,0.97886,Duck
ICH210-1A,4.25984,9.033153,Duck
ICH221-1A,0.402432,0.527257,Duck
ICH227-1A,18.388917,52.581555,Duck
ICH247-1A,257.222766,591.204686,Duck
ICH250-1A,0.420338,0.722734,Duck
ICH258-1A,10.707102,19.709467,Duck
ICH259-1A,8.186561,11.329264,Duck
ICH263-1A,2.355103,3.363358,Duck
ICH277-1A,0.047072,0.047072,Duck
ICH287-1A,0.232325,0.920884,Duck
ICH294-1A,0.296059,0.296059,Duck
ICH295-1A,0.61783,0.61783,Duck
ICH306-1A,0.345173,0.555408,Duck
ICH323-1A,0.790465,0.790465,Duck
ICH324-1A,0.810305,1.347918,Duck
ICH325-1A,0.222628,0.423672,Duck
ICH326-1A,1.850813,2.228643,Duck
ICH328-1A,0.580855,0.580855,Duck
ICH340-1A,0,0,Duck
ICH346-1A,0.689849,1.127376,Duck
ICH57-1A,30.059109,60.510379,Duck
ICH93-1A,0,0,Duck
ICH95-1A,0,0,Duck
JCH108-1A,1.459296,2.113303,Duck
JCH111-1A,1.125058,1.125058,Duck
JCH112-1A,1.993762,2.784301,Duck
JCH119-1A,2.203409,2.755424,Duck
JCH127-1A,3.193917,3.513814,Duck
JCH157-1A,234.896279,484.491594,Duck
JCH180-1A,2.849922,4.53265,Duck
JCH206-1A,1.543668,1.97569,Duck
JCH209-1A,4.63185,47.174177,Duck
JCH210-1A,1.32691,1.676856,Duck
JCH247-1A,23.561292,40.742766,Duck
JCH250-1A,1.147929,1.363274,Duck
JCH258-1A,1.124376,2.559224,Duck
JCH259-1B,4.129364,8.545079,Duck
JCH263-1A,0,0.576367,Duck
JCH277-1A,0,0,Duck
JCH287-1A,0.458388,0.458388,Duck
JCH294-1A,0.48435,0.650348,Duck
JCH295-1A,0.137939,0.137939,Duck
JCH306-1A,0,0.115203,Duck
JCH323-1A,0.407824,0.744256,Duck
JCH324-1A,0.269252,0.496787,Duck
JCH325-1A,0,0,Duck
JCH326-1A,1.13354,1.350268,Duck
JCH328-1A,0,1.920994,Duck
JCH340-1A,0.700936,0.700936,Duck
JCH346-1A,0.141899,0.287443,Duck
JCH57-1A,3.921427,5.617438,Duck
JCH74-1A,2.840237,3.109586,Duck
JCH93-1A,1.294807,2.371573,Duck
JCH95-1A,1.29201,1.63907,Duck
MCH108B,88.628807,186.479021,Duck
MCH111A,13.250439,23.07982,Duck
MCH112B,25.600972,68.103853,Duck
MCH119B,32.133947,83.473838,Duck
MCH127B,25.207311,52.37397,Duck
MCH151A,0.437196,1.720704,Duck
MCH156B,0.19373,0.596043,Duck
MCH221A,15.780331,71.911343,Duck
MCH259B,22.185918,49.103022,Duck
MCH277B,36.736835,89.10952,Duck
MCH287B,10.769005,41.847624,Duck
MCH294B,8.497302,25.054739,Duck
MCH295B,18.093429,72.083271,Duck
MCH306A,1.729966,4.75107,Duck
MCH323B,13.767437,52.426302,Duck
MCH324B,41.296286,132.017337,Duck
MCH325B,60.748617,132.087665,Duck
MCH326B,75.473775,319.644197,Duck
MCH328B,30.532326,96.499763,Duck
MCH340B,29.390687,85.480221,Duck
MCH346B,21.467143,62.42658,Duck
MCH74B,29.267743,91.154292,Duck
MCH95A,3.157601,6.330811,Duck
SHCC100A,213.806045,308.878483,Duck
SHCC101A,194.094653,298.888783,Duck
SHCC102A,257.132975,373.528645,Duck
SHCC103A,268.273712,371.233385,Duck
SHCC104A,253.229048,351.918728,Duck
SHCC105A,296.899128,410.862096,Duck
SHCC106A,288.153917,434.526261,Duck
SHCC107A,148.256955,227.659927,Duck
SHCC108A,245.523383,357.655554,Duck
SHCC109A,153.651467,229.97742,Duck
SHCC10A,255.045899,376.165782,Duck
SHCC110A,256.958772,395.127075,Duck
SHCC111A,229.48462,357.537805,Duck
SHCC112A,279.900768,418.126844,Duck
SHCC113A,253.276611,363.237696,Duck
SHCC114A,254.766333,366.978932,Duck
SHCC115A,252.817839,411.786346,Duck
SHCC116A,237.81385,343.446787,Duck
SHCC117A,249.747085,350.064288,Duck
SHCC118A,20.601946,33.506338,Duck
SHCC119A,229.038245,329.901428,Duck
SHCC11A,223.733997,340.139295,Duck
SHCC120A,47.476656,104.157188,Duck
SHCC121A,222.09879,321.32573,Duck
SHCC122B,271.038733,421.524797,Duck
SHCC123A,191.615732,277.405381,Duck
SHCC124B,293.384031,428.218526,Duck
SHCC125A,216.281564,309.254422,Duck
SHCC126A,266.741633,381.185339,Duck
SHCC127A,59.293637,128.756538,Duck
SHCC128A,254.41223,364.773909,Duck
SHCC129A,74.52022,142.379575,Duck
SHCC12A,251.23102,359.694002,Duck
SHCC130A,205.363545,294.722076,Duck
SHCC131A,193.831934,288.460083,Duck
SHCC132A,227.412467,312.945018,Duck
SHCC133A,165.069394,240.236804,Duck
SHCC134A,144.228109,241.870213,Duck
SHCC135A,263.943083,397.382603,Duck
SHCC136A,232.904703,361.59076,Duck
SHCC137A,232.62332,337.891829,Duck
SHCC138A,277.80028,461.453436,Duck
SHCC139A,307.455595,434.495685,Duck
SHCC13A,223.032878,335.271423,Duck
SHCC140A,210.153547,307.847399,Duck
SHCC141A,305.362301,402.43027,Duck
SHCC142B,239.567312,383.103134,Duck
SHCC143A,255.796397,358.55345,Duck
SHCC144A,202.420545,302.360546,Duck
SHCC145A,163.37066,248.035086,Duck
SHCC146A,253.694602,372.550755,Duck
SHCC147A,236.188077,335.391691,Duck
SHCC148A,259.957422,396.252473,Duck
SHCC149A,265.863113,397.35603,Duck
SHCC14A,43.559141,121.409672,Duck
SHCC150A,238.365156,340.721212,Duck
SHCC151A,252.893219,353.364503,Duck
SHCC152A,210.191992,326.184533,Duck
SHCC153A,192.738825,290.811595,Duck
SHCC154A,213.969457,328.74571,Duck
SHCC155A,242.443907,356.377425,Duck
SHCC156A,242.153512,358.463457,Duck
SHCC157B,204.679839,316.766538,Duck
SHCC158A,141.197159,238.278007,Duck
SHCC159A,201.100519,301.980051,Duck
SHCC15A,282.93927,441.868706,Duck
SHCC160B,167.036154,280.689077,Duck
SHCC161A,257.051225,376.905607,Duck
SHCC162A,286.640262,408.499752,Duck
SHCC163A,217.673637,374.002619,Duck
SHCC164B,271.437356,398.243307,Duck
SHCC165A,241.37262,356.491822,Duck
SHCC166A,300.584025,481.424956,Duck
SHCC167A,385.260469,547.699296,Duck
SHCC168A,305.79279,426.438385,Duck
SHCC169A,198.633876,297.770571,Duck
SHCC16A,270.022141,368.169743,Duck
SHCC170A,183.187771,295.714637,Duck
SHCC171A,263.354172,394.684668,Duck
SHCC172A,140.98785,224.527841,Duck
SHCC173A,129.7096,226.941528,Duck
SHCC174A,200.942586,302.249047,Duck
SHCC175A,309.347092,450.886883,Duck
SHCC176A,235.787633,361.455961,Duck
SHCC177A,285.556864,390.611445,Duck
SHCC178A,271.607893,373.246978,Duck
SHCC179A,306.490723,448.483991,Duck
SHCC17A,248.186116,349.965018,Duck
SHCC180A,275.674272,406.261512,Duck
SHCC181A,297.881778,480.502998,Duck
SHCC182A,215.759427,320.557216,Duck
SHCC183A,150.189042,242.573926,Duck
SHCC184A,270.508483,406.891977,Duck
SHCC185B,328.771833,497.161024,Duck
SHCC186A,260.31239,372.028834,Duck
SHCC187A,195.969729,350.228569,Duck
SHCC188A,256.740225,373.052491,Duck
SHCC189A,286.924319,396.979476,Duck
SHCC18A,282.233455,396.459792,Duck
SHCC190A,285.80926,403.979477,Duck
SHCC191A,296.994696,410.273373,Duck
SHCC192A,275.28251,393.940598,Duck
SHCC193A,243.222224,347.989276,Duck
SHCC194A,216.475214,326.54879,Duck
SHCC195A,226.984032,350.336477,Duck
SHCC196A,348.949138,527.202695,Duck
SHCC197A,263.498655,386.698879,Duck
SHCC198A,189.720246,286.026085,Duck
SHCC199A,302.146146,433.024583,Duck
SHCC19A,91.127705,184.486312,Duck
SHCC1A,336.012884,440.448335,Duck
SHCC200A,231.85449,346.010727,Duck
SHCC201A,316.829181,443.680149,Duck
SHCC202A,290.532971,404.78785,Duck
SHCC203A,235.002719,393.033596,Duck
SHCC204B,323.547755,462.724255,Duck
SHCC205A,251.969359,399.812609,Duck
SHCC206A,305.548997,421.411704,Duck
SHCC207A,267.704824,378.633537,Duck
SHCC208A,262.228241,381.905207,Duck
SHCC209A,264.848442,382.826366,Duck
SHCC20A,189.273386,296.545286,Duck
SHCC210A,331.268954,470.753619,Duck
SHCC211A,211.385758,295.850594,Duck
SHCC212A,294.147461,416.548485,Duck
SHCC213A,239.677366,361.699778,Duck
SHCC214A,237.394037,362.211841,Duck
SHCC215A,192.129174,305.120819,Duck
SHCC216A,228.241251,345.434874,Duck
SHCC217A,311.112027,472.454129,Duck
SHCC218A,226.360371,376.499144,Duck
SHCC219A,277.939123,387.977142,Duck
SHCC21A,94.565899,223.563195,Duck
SHCC220A,122.813841,214.268653,Duck
SHCC221A,228.565253,368.721871,Duck
SHCC222A,220.65269,328.939416,Duck
SHCC223A,206.585213,325.353472,Duck
SHCC224A,289.381257,424.078616,Duck
SHCC225B,253.706515,355.271805,Duck
SHCC226A,286.701407,388.509519,Duck
SHCC227A,319.014139,438.075974,Duck
SHCC228A,286.183206,428.823047,Duck
SHCC229A,254.443138,377.747382,Duck
SHCC22A,53.055163,90.856689,Duck
SHCC230A,269.116897,381.3966,Duck
SHCC231A,264.237699,367.525396,Duck
SHCC232A,270.463414,389.938315,Duck
SHCC233A,97.539291,189.199122,Duck
SHCC234B,225.584115,325.037971,Duck
SHCC235A,366.96948,470.718372,Duck
SHCC236A,228.603616,382.03192,Duck
SHCC237A,118.571732,205.327481,Duck
SHCC238A,217.340255,347.965998,Duck
SHCC239A,85.777371,186.328184,Duck
SHCC23A,156.852106,240.582984,Duck
SHCC240A,246.079786,407.437148,Duck
SHCC241A,259.183067,378.949138,Duck
SHCC242A,286.803067,399.16147,Duck
SHCC243A,308.58846,446.862851,Duck
SHCC244A,279.997801,424.628622,Duck
SHCC245A,117.109094,239.779739,Duck
SHCC246A,268.044286,402.663641,Duck
SHCC247A,221.243382,384.132768,Duck
SHCC248A,255.77702,395.493461,Duck
SHCC249A,302.87282,415.638829,Duck
SHCC24A,215.504652,341.958746,Duck
SHCC250A,266.515522,362.899425,Duck
SHCC251B,301.467862,451.0519,Duck
SHCC252A,301.882393,425.388293,Duck
SHCC253A,292.280885,406.939607,Duck
SHCC254B,350.574155,544.76747,Duck
SHCC255B,203.158125,326.838711,Duck
SHCC256A,276.156472,388.878654,Duck
SHCC257A,201.739145,295.312132,Duck
SHCC258A,237.925579,334.065519,Duck
SHCC259A,250.936002,378.397769,Duck
SHCC25A,255.86415,372.075136,Duck
SHCC260A,197.801225,307.837871,Duck
SHCC261A,283.57449,390.134199,Duck
SHCC262A,313.361089,417.788073,Duck
SHCC263A,252.321273,387.326823,Duck
SHCC264A,290.070041,422.563336,Duck
SHCC265A,294.79133,390.620838,Duck
SHCC266B,288.497026,424.549376,Duck
SHCC267A,275.447389,433.27406,Duck
SHCC268A,243.685392,357.397519,Duck
SHCC269A,231.362924,343.301799,Duck
SHCC26B,343.65218,548.680714,Duck
SHCC270A,272.030837,403.887133,Duck
SHCC271B,325.108369,453.70767,Duck
SHCC272B,330.045774,469.68771,Duck
SHCC273B,216.376346,348.800611,Duck
SHCC274A,314.400766,459.257199,Duck
SHCC275A,129.626096,219.38435,Duck
SHCC276A,433.638395,569.488268,Duck
SHCC277A,188.100353,291.885605,Duck
SHCC278A,246.758316,373.062538,Duck
SHCC279A,218.05016,327.153949,Duck
SHCC27A,292.893058,402.378129,Duck
SHCC280A,179.608482,270.327175,Duck
SHCC281A,320.646549,429.248382,Duck
SHCC282A,228.689745,360.922856,Duck
SHCC283A,255.556809,359.114929,Duck
SHCC284A,106.002499,198.575359,Duck
SHCC285A,354.972057,480.755771,Duck
SHCC286A,97.958588,176.67972,Duck
SHCC287A,290.58035,467.12366,Duck
SHCC288A,348.729362,509.425846,Duck
SHCC289A,310.792703,431.69927,Duck
SHCC28B,244.33755,342.47974,Duck
SHCC290A,236.833685,347.593393,Duck
SHCC291A,54.30603,119.185476,Duck
SHCC292A,249.869598,368.205613,Duck
SHCC293A,225.402579,330.353336,Duck
SHCC294A,13.663068,55.628465,Duck
SHCC295A,70.574722,144.302346,Duck
SHCC296A,256.068095,382.054484,Duck
SHCC297B,258.813094,418.989541,Duck
SHCC298A,226.429704,362.412289,Duck
SHCC299B,270.350516,446.46411,Duck
SHCC29A,281.852062,449.138713,Duck
SHCC2A,139.125167,213.946694,Duck
SHCC300A,279.529742,398.36889,Duck
SHCC30A,218.98608,310.604947,Duck
SHCC31A,301.595267,434.071068,Duck
SHCC32A,265.131488,369.963869,Duck
SHCC33A,320.851874,454.617868,Duck
SHCC34A,89.354177,182.413378,Duck
SHCC35A,303.532719,430.604209,Duck
SHCC36A,250.358317,350.616568,Duck
SHCC37A,135.399408,195.31019,Duck
SHCC38A,278.645573,407.160741,Duck
SHCC39A,312.040571,438.239384,Duck
SHCC3A,262.091204,372.789074,Duck
SHCC40A,66.278861,124.432759,Duck
SHCC41A,294.878841,425.304693,Duck
SHCC42A,282.558994,421.001987,Duck
SHCC43A,267.249727,376.92948,Duck
SHCC44A,322.363758,488.672024,Duck
SHCC45A,295.704269,435.010957,Duck
SHCC46B,284.582224,452.627542,Duck
SHCC47A,307.905881,432.942016,Duck
SHCC48A,166.331468,246.757621,Duck
SHCC49A,247.29274,359.977827,Duck
SHCC4A,353.584492,470.80809,Duck
SHCC50A,285.262783,394.937177,Duck
SHCC51A,329.17274,460.780476,Duck
SHCC52A,206.364927,312.779044,Duck
SHCC53A,260.467654,365.430689,Duck
SHCC54A,326.671095,443.248984,Duck
SHCC55A,235.060823,326.657102,Duck
SHCC56A,277.923873,395.881042,Duck
SHCC57B,336.71825,569.916315,Duck
SHCC58A,265.784252,365.03335,Duck
SHCC59A,229.510127,369.009931,Duck
SHCC5A,338.963977,478.720903,Duck
SHCC60A,223.778418,317.441245,Duck
SHCC61A,245.556468,337.631321,Duck
SHCC62A,150.36451,244.864626,Duck
SHCC63A,211.918069,321.907024,Duck
SHCC64A,183.252637,293.766921,Duck
SHCC65A,338.985458,499.552942,Duck
SHCC66A,275.650979,401.076403,Duck
SHCC67A,254.739448,381.068777,Duck
SHCC68A,217.557109,314.029699,Duck
SHCC69B,362.505775,489.842435,Duck
SHCC6A,249.574908,360.267274,Duck
SHCC70A,230.25777,339.918402,Duck
SHCC71A,263.683189,381.162761,Duck
SHCC72A,171.76749,250.592101,Duck
SHCC73A,309.348254,459.232241,Duck
SHCC74A,284.790738,427.850184,Duck
SHCC75A,268.450178,402.430626,Duck
SHCC76A,324.377638,448.488408,Duck
SHCC77B,256.894628,407.536807,Duck
SHCC78A,280.712177,418.026087,Duck
SHCC79A,222.250956,322.199176,Duck
SHCC7A,317.310257,486.979678,Duck
SHCC80A,237.028278,378.323578,Duck
SHCC81A,331.918744,475.322366,Duck
SHCC82A,402.462762,570.475657,Duck
SHCC83A,306.071958,423.817764,Duck
SHCC84A,198.870219,308.53068,Duck
SHCC85B,249.110638,374.472138,Duck
SHCC86A,431.410547,612.133069,Duck
SHCC87A,243.765248,336.612205,Duck
SHCC88B,286.154834,411.308216,Duck
SHCC89A,241.79948,365.187325,Duck
SHCC8A,318.734945,459.049677,Duck
SHCC90A,253.243775,390.450559,Duck
SHCC91A,261.259792,363.187125,Duck
SHCC92A,264.582504,402.918027,Duck
SHCC93A,245.951575,345.359215,Duck
SHCC94A,214.014348,317.698776,Duck
SHCC95A,253.483974,378.404499,Duck
SHCC96A,200.497105,289.375421,Duck
SHCC97A,197.649419,283.706823,Duck
SHCC98A,288.576188,397.412846,Duck
SHCC99A,302.586937,435.125566,Duck
SHCC9A,423.527839,607.023194,Duck
SHDC104A,0.430063,0.795729,Duck
SHDC107A,1.01293,1.906154,Duck
SHDC111A,1.996353,2.29269,Duck
SHDC11C,7.249853,21.600823,Duck
SHDC12A,3.020555,3.297322,Duck
SHDC139A,0.772114,0.772114,Duck
SHDC141A,0.723492,0.723492,Duck
SHDC14A,4.418487,7.621118,Duck
SHDC154A,0.708409,0.722341,Duck
SHDC157A,1.302743,1.844385,Duck
SHDC170A,1.176625,1.63327,Duck
SHDC174A,0.599317,0.687868,Duck
SHDC178A,0.285168,0.647193,Duck
SHDC191A,0.462347,0.595466,Duck
SHDC203A,0.414556,0.907928,Duck
SHDC207A,0.698763,1.001862,Duck
SHDC212A,0.39147,0.39147,Duck
SHDC213A,1.596854,1.596854,Duck
SHDC214A,1.001846,1.806751,Duck
SHDC239A,1.029523,1.217901,Duck
SHDC23A,1.99162,4.444766,Duck
SHDC245A,0.749582,1.039518,Duck
SHDC247A,0.291789,0.808583,Duck
SHDC249A,0,0.046323,Duck
SHDC260A,0,0.019769,Duck
SHDC262A,0,0.351456,Duck
SHDC285A,0.359721,1.219745,Duck
SHDC288A,0,0.631549,Duck
SHDC294A,1.075463,1.351926,Duck
SHDC298A,0.113721,0.131628,Duck
SHDC301A,0.642131,0.711669,Duck
SHDC302A,0.659655,0.686564,Duck
SHDC34A,0.415921,1.648017,Duck
SHDC39A,0.490182,0.490182,Duck
SHDC46A,0.82965,0.957762,Duck
SHDC47A,0.391621,0.627751,Duck
SHDC58A,0,0,Duck
SHDC61A,0.635538,1.174163,Duck
SHDC68A,0.314925,0.314925,Duck
SHDC78A,0.108197,0.739559,Duck
SHDC93A,0.50235,0.793596,Duck
SHIC104A,31.238391,52.136135,Duck
SHIC107A,15.83416,38.594252,Duck
SHIC111A,59.704934,274.703709,Duck
SHIC11C,0.694733,2.068963,Duck
SHIC12A,2.573018,3.918754,Duck
SHIC139A,8.961222,14.914442,Duck
SHIC141A,4.033015,15.660048,Duck
SHIC14A,7.223774,14.200601,Duck
SHIC154A,0.547013,2.051775,Duck
SHIC157A,0.847799,10.478594,Duck
SHIC170A,0.96134,38.783763,Duck
SHIC174A,114.116471,179.141432,Duck
SHIC178A,1.953807,24.565641,Duck
SHIC191A,0.126569,0.954716,Duck
SHIC203A,2.7588,5.835324,Duck
SHIC207A,1.356989,3.61397,Duck
SHIC212A,3.634709,6.222153,Duck
SHIC213A,16.741525,22.988197,Duck
SHIC214A,58.186917,111.372755,Duck
SHIC239A,2.54783,21.475883,Duck
SHIC23A,1.583657,4.858561,Duck
SHIC243A,10.853627,37.408065,Duck
SHIC245A,27.517183,55.588815,Duck
SHIC247A,0.965083,10.711982,Duck
SHIC249A,3.983362,11.759372,Duck
SHIC260A,11.165075,21.644441,Duck
SHIC262A,29.400802,41.55263,Duck
SHIC285A,0,1.472633,Duck
SHIC288A,19.612477,27.730902,Duck
SHIC294A,3.014622,4.110314,Duck
SHIC301A,12.743267,36.577033,Duck
SHIC34A,0,0.343258,Duck
SHIC39A,1.054403,1.054403,Duck
SHIC46A,4.603049,6.78273,Duck
SHIC47A,1.868321,3.855925,Duck
SHIC58A,0.601253,9.990401,Duck
SHIC61A,0.486191,2.227525,Duck
SHIC68A,1.406248,17.001818,Duck
SHIC78A,1.680766,4.082098,Duck
SHIC93A,4.218189,17.406653,Duck
SHMC11B,6.399412,23.710779,Duck
SHMC12B,5.348762,22.247502,Duck
SHMC139B,26.269595,63.571954,Duck
SHMC141B,2.483477,5.008073,Duck
SHMC14B,2.859328,9.124911,Duck
SHMC154A,2.774342,5.873615,Duck
SHMC157B,0.798997,3.444621,Duck
SHMC191B,15.448044,45.742925,Duck
SHMC207A,4.924711,13.800038,Duck
SHMC212B,85.653557,172.122545,Duck
SHMC213B,51.195248,88.14836,Duck
SHMC239B,33.535401,81.596456,Duck
SHMC243B,5.14615,21.703218,Duck
SHMC245A,2.0614,5.617026,Duck
SHMC247B,6.099664,14.292225,Duck
SHMC249B,11.057592,23.096586,Duck
SHMC260A,2.082835,4.861743,Duck
SHMC262B,37.501074,91.428051,Duck
SHMC285A,10.83901,17.266962,Duck
SHMC288B,23.759021,55.127797,Duck
SHMC294B,124.339409,241.623549,Duck
SHMC298A,1.406204,1.968041,Duck
SHMC34A,2.595581,3.751331,Duck
SHMC39B,1.622164,1.994725,Duck
SHMC47B,43.171719,103.973965,Duck
SHMC58B,1.496057,4.601261,Duck
SHMC68B,2.360773,8.833796,Duck
SHMC78B,2.849558,9.020042,Duck
SHMC93B,4.366419,19.503961,Duck
SRR21163417,30.559526,49.863245,Duck
SRR21163418,215.281067,296.664391,Duck
SRR21163419,266.993204,402.364772,Duck
SRR21163420,0.965587,1.415052,Duck
SRR21163421,24.867703,45.728687,Duck
SRR21163422,540.45849,651.992718,Duck
SRR21163423,1035.183673,1166.028387,Duck
SRR21163424,617.369313,719.233963,Duck
SRR21163425,550.550399,686.648824,Duck
SRR21163426,621.142537,746.139223,Duck
SRR21163427,0,0,Duck
SRR21163428,634.655728,780.887575,Duck
SRR21163429,431.570927,597.619319,Duck
SRR21163430,352.19203,529.862421,Duck
SRR21163431,401.436478,555.392179,Duck
SRR21163432,443.45262,614.061087,Duck
SRR21163433,348.383774,524.698632,Duck
SRR21163434,475.043184,629.672557,Duck
SRR21163435,587.947454,811.23358,Duck
SRR21163436,561.312543,796.897115,Duck
SRR21163437,557.876169,760.905729,Duck
SRR21163438,3.767163,3.767163,Duck
SRR21163439,575.221757,790.510286,Duck
SRR21163440,578.891268,812.300668,Duck
SRR21163441,598.684768,822.060057,Duck
SRR21163442,371.601159,490.030609,Duck
SRR21163443,535.377904,724.232738,Duck
SRR21163444,434.03904,653.653921,Duck
SRR21163445,380.975272,506.811248,Duck
SRR21163446,428.91053,579.923404,Duck
SRR21163447,535.218871,714.723832,Duck
SRR21163448,12.386035,18.086547,Duck
SRR21163449,0,0.404015,Duck
SRR21163450,40.024663,49.107176,Duck
SRR21163451,136.180085,170.272179,Duck
SRR21163452,67.034896,121.794812,Duck
SRR21163453,573.7389,1197.123371,Duck
SRR21163454,5.259111,10.44178,Duck
SRR21163455,81.796632,169.074528,Duck
SRR21163456,41.200884,123.428717,Duck
SRR21163457,252.116366,617.367162,Duck
SRR21163458,66.900822,222.50448,Duck
SRR21163459,445.091199,952.943274,Duck
SRR21163460,3.00E-06,3.00E-06,Duck
SRR21163461,106.291091,296.450345,Duck
SRR21163462,0.298463,1.19401,Duck
SRR21163463,7.295029,52.0196,Duck
SRR21163464,1.611988,19.068485,Duck
SRR21163465,51.77645,206.613886,Duck
SRR21163466,0.560546,0.852536,Duck
SRR21163467,5.792731,46.566537,Duck
SRR21163468,0.813617,2.150991,Duck
SRR21163469,0.845583,1.012754,Duck
SRR21163470,25.741856,59.459957,Duck
SRR21163471,0,0,Duck
SRR21163472,0.345406,0.436869,Duck
SRR21163473,18.94198,32.855618,Duck
SRR21163474,0.617867,1.012428,Duck
SRR21163475,7.247525,9.022119,Duck
SRR21163476,2.977481,3.272138,Duck
SRR21163477,9.213864,10.160397,Duck
SRR21163478,8.942376,10.045397,Duck
SRR21163479,4.820906,5.589957,Duck
SRR21163480,3.43529,5.222829,Duck
SRR21163481,14.731938,25.796739,Duck
SRR21163482,0,0.086143,Duck
SRR21163483,10.725608,19.93884,Duck
SRR21163484,13.664851,21.51705,Duck
SRR21163485,3.998347,5.164253,Duck
SRR21163486,18.921955,23.833309,Duck
SRR21163487,4.336515,8.246022,Duck
SRR21163488,0,0,Duck
SRR21163489,1.016534,2.573079,Duck
SRR21163490,0.434939,5.571339,Duck
SRR21163491,0.818961,1.331466,Duck
SRR21163492,0.308293,0.595348,Duck
SRR21163493,0.058865,0.058865,Duck
SRR21163494,0.302848,0.302848,Duck
SRR21163495,0,0,Duck
SRR21163496,0,0,Duck
SRR21163497,0.508057,0.508057,Duck
SRR21163498,0,0,Duck
SRR21163499,0,0.238769,Duck
SRR21163500,0,0,Duck
SRR21163501,4.701405,7.028198,Duck
SRR21163502,6.750955,10.927049,Duck
SRR21163503,13.184067,14.487473,Duck
SRR21163504,0.23497,0.23497,Duck
SRR21163505,6.378576,7.341186,Duck
SRR21163506,5.533827,6.18428,Duck
SRR21163507,36.746962,52.632091,Duck
SRR21163508,6.57804,9.050878,Duck
SRR21163509,2.761254,6.488537,Duck
SRR21163510,78.119603,98.864431,Duck
SRR21163511,22.368646,31.159995,Duck
SRR21163512,72.633695,97.518421,Duck
SRR21163513,634.788324,1002.151341,Duck
SRR21163514,287.051187,414.978387,Duck
SRR21163515,421.922861,489.937351,Duck
SRR21163516,605.97422,856.339393,Duck
SRR21163517,1157.928658,2089.615376,Duck
SRR21163518,632.64327,796.697564,Duck
SRR21163519,104.373155,378.728804,Duck
SRR21163520,390.768512,602.762457,Duck
SRR21163521,306.381687,859.281691,Duck
SRR21163522,0,0,Duck
SRR21163523,542.481611,866.628485,Duck
SRR21163524,285.089244,572.765135,Duck
SRR21163525,173.298729,267.608253,Duck
SRR21163526,42.403314,65.863785,Duck
SRR21163527,500.939574,716.472678,Duck
SRR21163528,246.440866,362.802711,Duck
SRR21163529,183.63897,378.048381,Duck
SRR21163530,40.130685,79.779916,Duck
SRR21163531,495.013256,704.799879,Duck
SRR21163532,256.881069,377.791706,Duck
SRR21163533,0.372781,0.372781,Duck
SRR21163534,0,0.462809,Duck
SRR21163535,0,0,Duck
SRR27680213,1.613018,19.079933,Duck
SRR27680214,51.797139,206.705911,Duck
SRR27680215,0.559713,0.851383,Duck
SRR27680216,5.795841,46.589159,Duck
SRR27680217,0.813417,2.150599,Duck
SRR27680218,0.845843,1.013067,Duck
SRR27680219,25.744714,59.467324,Duck
SRR27680220,12.386147,18.086282,Duck
SRR27680221,40.022535,49.104509,Duck
SRR27680222,136.186392,170.275064,Duck
SRR27680223,66.985924,121.700183,Duck
SRR27680224,0.345553,0.437054,Duck
SRR27680225,573.936949,1197.534753,Duck
SRR27680226,5.257319,10.440292,Duck
SRR27680227,81.818492,169.115843,Duck
SRR27680228,41.23737,123.539907,Duck
SRR27680229,252.073644,617.254178,Duck
SRR27680230,66.89814,222.497835,Duck
SRR27680231,445.135942,953.053286,Duck
SRR27680232,106.249744,296.332709,Duck
SRR27680233,0.298461,1.194,Duck
SRR27680234,7.29106,51.998812,Duck
SRR27680235,18.948087,32.866645,Duck
SRR27680236,0.617504,1.011827,Duck
SRR28497695,383.09848,586.714628,Duck
SRR28497696,667.857904,1013.614976,Duck
SRR28497697,560.817752,801.635847,Duck
SRR28497698,430.455999,713.748783,Duck
SRR28497699,575.897954,859.459501,Duck
SRR28497700,488.680234,722.830256,Duck
SRR28497701,656.846681,976.273341,Duck
SRR28497702,400.122668,584.28851,Duck
SRR28497703,408.423099,561.929095,Duck
SRR28497704,616.653921,866.983283,Duck
SRR29354198,2.394087,15.968757,Duck
SRR29354199,188.30579,976.025439,Duck
SRR29354200,171.810766,883.958531,Duck
SRR29354202,179.230657,924.60094,Duck
SRR29354203,182.800912,940.200409,Duck
SRR29354204,252.662702,388.041082,Duck
SRR29354205,189.444863,289.876371,Duck
SRR29354206,223.774367,332.222432,Duck
SRR29354207,191.055435,955.436188,Duck
SRR29354208,186.268849,966.806309,Duck
SRR29354209,2.963915,9.382956,Duck
SRR29354210,14.062113,126.35053,Duck
SRR29354211,1.694058,6.763209,Duck
SRR29354212,1.886183,2.90312,Duck
SRR29354213,1.446176,9.482851,Duck
SRR29354214,6.444855,9.965366,Duck
SRR29354215,101.918144,688.48642,Duck
SRR29354216,187.672265,297.727073,Duck
SRR29354217,340.551674,424.362306,Duck
SRR29409633,190.603932,1151.163916,Duck
SRR29409634,143.024644,869.274616,Duck
SRR29409635,238.24505,1996.300838,Duck
SRR29409636,137.171204,1247.679964,Duck
SRR29409637,123.755801,1158.086743,Duck
SRR29409638,197.233327,1496.746462,Duck
SRR29409639,241.69572,1720.585665,Duck
SRR29409640,339.392252,556.785764,Duck
SRR29409641,315.623054,485.62177,Duck
SRR29409642,257.705084,421.110632,Duck
SRR29409643,316.549125,495.372587,Duck
SRR29409644,339.486334,551.219274,Duck
SRR29409645,151.54387,304.266404,Duck
SRR29409646,334.479133,484.430106,Duck
SRR29409647,233.784826,369.792452,Duck
SRR29409648,293.733571,458.708124,Duck
SRR29409649,252.390094,410.397653,Duck
SRR29409650,119.190406,1036.114335,Duck
SRR29409651,260.009559,398.517888,Duck
SRR29409652,303.852007,456.381701,Duck
SRR29409653,233.226798,364.791879,Duck
SRR29409654,236.16076,372.718499,Duck
SRR29409655,246.983808,398.617829,Duck
SRR29409656,146.628023,1022.836187,Duck
SRR29409657,201.056327,1207.255554,Duck
SRR29409658,248.278338,1483.169313,Duck
SRR29409659,241.20771,1525.532679,Duck
SRR29409660,233.17169,1415.716241,Duck
SRR29409661,118.233162,1010.293751,Duck
SRR29409662,194.82692,1404.440425,Duck
SRR29429232,580.390515,828.745548,Duck
SRR29429233,115.733195,170.333447,Duck
SRR29429234,124.52339,204.320787,Duck
SRR29429235,69.374774,107.467618,Duck
SRR29429236,18.170035,34.972001,Duck
SRR29429237,9.07362,48.773665,Duck
SRR29429238,27.067982,45.687677,Duck
SRR29429239,295.932295,1024.047736,Duck
SRR29429240,663.393948,948.320727,Duck
SRR29429241,736.512578,1055.031353,Duck
SRR29429242,637.772877,907.884352,Duck
SRR29429243,536.189905,714.456081,Duck
SRR29429244,621.134672,884.910701,Duck
SRR29429245,413.144398,1439.171756,Duck
SRR29429246,359.305137,1267.724024,Duck
SRR29429269,724.17046,898.252933,Duck
SRR29429270,396.202456,575.546651,Duck
SRR29429271,481.856652,658.473094,Duck
SRR29429272,414.573653,590.519996,Duck
SRR29429273,367.178428,597.407548,Duck
SRR29429274,226.85083,409.397129,Duck
SRR29429275,236.609476,411.337826,Duck
SRR29429276,64.630914,540.160499,Duck
SRR29429277,814.12134,1183.556627,Duck
SRR29429278,842.426727,1190.225447,Duck
SRR29429279,658.753465,919.522508,Duck
SRR29429280,703.771218,874.765287,Duck
SRR29429281,667.379422,828.240404,Duck
SRR29429282,113.506445,1097.192176,Duck
SRR29429283,9.463654,47.777502,Duck
SRR29449358,353.391932,550.340688,Duck
SRR29449359,371.036973,487.213655,Duck
SRR29449360,507.697294,702.508209,Duck
SRR29449361,438.216352,640.406062,Duck
SRR29449362,379.192146,611.526995,Duck
SRR29449363,230.419488,325.254885,Duck
SRR29449364,286.96627,439.976868,Duck
SRR29449365,354.891036,530.123931,Duck
SRR29449366,20.608898,40.125597,Duck
SRR29449367,547.693215,794.741311,Duck
SRR29449368,13.822033,18.77504,Duck
SRR29449369,495.79922,735.419795,Duck
SRR29449370,516.10117,707.956375,Duck
SRR29449371,212.42142,349.230302,Duck
SRR29449372,31.071297,47.370718,Duck
SRR29449373,616.381461,853.665209,Duck
SRR29449374,272.712413,416.627007,Duck
SRR29449375,286.833717,438.580767,Duck
SRR29449376,50.902288,70.355199,Duck
SRR29449377,358.760803,447.721661,Duck
SRR29449378,535.291374,715.055436,Duck
SRR29449379,471.721328,645.432759,Duck
SRR29449380,306.518753,456.405387,Duck
SRR29449381,329.044763,509.449496,Duck
SRR29449905,756.333449,951.403538,Duck
SRR29449906,699.627698,935.653504,Duck
SRR29449907,462.368774,613.640613,Duck
SRR29449908,541.595612,730.895086,Duck
SRR29449909,443.062579,574.400278,Duck
SRR29449910,431.553278,561.487524,Duck
SRR29449911,516.304441,716.83356,Duck
SRR29449912,630.104316,795.930095,Duck
SRR29449914,385.844944,494.019035,Duck
SRR29449915,330.168022,428.751531,Duck
SRR29449916,357.885943,452.672047,Duck
SRR29449917,392.400957,547.156018,Duck
SRR29449918,397.967409,519.582335,Duck
SRR29449919,391.963912,501.617131,Duck
SRR29449920,323.564584,469.710368,Duck
SRR29449921,553.139568,698.307607,Duck
SRR29449922,486.110185,654.398241,Duck
SRR29472726,427.366837,599.814886,Duck
SRR29472727,585.004095,802.21775,Duck
SRR29472728,607.208314,808.138615,Duck
SRR29472729,623.491051,813.346473,Duck
SRR29472730,130.862602,207.551089,Duck
SRR29472731,160.555024,274.897611,Duck
SRR29472732,123.999804,203.976383,Duck
SRR29472733,193.619489,281.405361,Duck
SRR29472734,524.405947,740.356288,Duck
SRR29472735,483.269892,712.475444,Duck
SRR29472736,563.667694,753.13063,Duck
SRR29472737,499.60302,704.704988,Duck
SRR29472738,444.803437,674.909758,Duck
SRR29472739,472.688323,648.945994,Duck
SRR29472740,477.686936,734.724768,Duck
SRR29472741,515.721252,709.587267,Duck
SRR29472742,587.961437,858.336292,Duck
SRR29472743,463.598677,685.055842,Duck
SRR29472744,176.172447,263.932468,Duck
SRR29472745,174.426377,260.930945,Duck
SRR29536163,670.539574,949.541351,Duck
SRR29536164,784.901498,1076.033977,Duck
SRR29536165,719.564202,1033.821349,Duck
SRR29536166,640.50867,918.450402,Duck
SRR29536167,706.236433,973.318156,Duck
SRR29536168,587.506525,793.500346,Duck
SRR29536169,678.195434,901.323757,Duck
SRR29536170,475.18299,522.948323,Duck
SRR29536171,182.218219,236.185833,Duck
SRR29536172,93.643632,126.831118,Duck
SRR29536174,816.008101,1444.648885,Duck
SRR29536175,486.916697,495.925614,Duck
SRR29536176,383.262757,762.971389,Duck
SRR29536177,424.440265,615.221236,Duck
SRR29536178,213.318282,244.271367,Duck
SRR29536179,670.994653,941.478234,Duck
SRR29536180,326.907895,504.410693,Duck
SRR29536181,690.298472,1039.090224,Duck
SRR29536182,913.210406,1089.092254,Duck
SRR29536183,741.390707,1087.638727,Duck
SRR29536185,317.054233,409.499933,Duck
SRR29536186,332.891369,460.662436,Duck
SRR29536187,488.661997,613.301707,Duck
SRR29536188,732.536533,1065.182089,Duck
SRR29536189,700.488559,981.10317,Duck
SRR29536190,613.785096,874.744689,Duck
SRR29536191,616.091511,893.928598,Duck
2100351003,38.26426304,290.6399334,Human
2199352035,0.029749864,261.336388,Human
2225789004,0.066523009,88.21124567,Human
3300000024,0,0.748072007,Human
3300000110,0,4.449878944,Human
3300000142,0,3.625313739,Human
3300000145,0.013307943,36.62013597,Human
3300000146,0,2.766659708,Human
3300000147,0,1.083023001,Human
3300000150,0,4.469216335,Human
3300000151,0,3.944735276,Human
3300000153,0,2.611268281,Human
3300000154,0,2.005917297,Human
3300000160,0,3.919404845,Human
3300000167,0,3.512323212,Human
3300000169,0,47.40370098,Human
3300000170,0,2.288587916,Human
3300000171,0,1.668303054,Human
3300000174,0,1.295936889,Human
3300000179,0.024615618,2.888770158,Human
3300000181,0,3.142001103,Human
3300000187,0,1.893516334,Human
3300000188,0.046812238,2.870256833,Human
3300000190,0,2.338505749,Human
3300000192,0.027718044,2.642901554,Human
3300000193,0,2.428173326,Human
3300000195,0.027599993,2.400758244,Human
3300000198,0,2.309730795,Human
3300000199,0.031932651,2.725721216,Human
3300000200,0,1.485960077,Human
3300000201,0,2.703678578,Human
3300000202,0.276245651,6.573711879,Human
3300000205,0.026493632,39.92418489,Human
3300000208,0.040369078,85.91767953,Human
3300000211,0,1.817300795,Human
3300000212,0.011697809,3.02070108,Human
3300000214,0,2.127752904,Human
3300000215,0,2.05020492,Human
3300000216,0,4.169183309,Human
3300000225,0,1.646338618,Human
3300000226,0,2.560213111,Human
3300000237,0,2.320683005,Human
3300000239,0,1.63716383,Human
3300000252,0,1.997027958,Human
3300000254,0,2.5588484,Human
3300000342,0,0.256799127,Human
3300000347,0.040099328,22.83636242,Human
3300000351,37.88950963,175.790602,Human
3300000353,0,10.82400974,Human
3300000354,0.012431557,19.10753837,Human
3300000371,0.166176738,24.53129266,Human
3300000374,0,19.32857344,Human
3300000383,0,47.25193592,Human
3300000385,0.027702854,62.31536752,Human
3300000386,0.114218696,19.58823807,Human
3300000394,0,38.10110162,Human
3300000405,0.070441568,7.218940324,Human
3300000412,0,3.665920561,Human
3300000425,0.074159565,9.355671233,Human
3300000426,0,23.73402999,Human
3300000427,0.087140447,22.26779343,Human
3300000463,0,15.17952554,Human
3300000520,0,6.823599618,Human
3300000526,0,3.948627473,Human
3300000839,0.07187975,18.49697073,Human
3300002091,0.080127849,16.21481619,Human
3300002092,0.047747276,18.25644057,Human
3300002098,0.157305508,4.489997006,Human
3300002154,0,0.36835917,Human
3300002163,192.8430656,475.444242,Human
3300002164,173.6891055,430.7301777,Human
3300002167,36.1168809,100.2947251,Human
3300002168,55.61936146,189.2116052,Human
3300002170,52.2297628,168.8148609,Human
3300002173,115.0234024,467.8365635,Human
3300002174,59.82751068,248.4153999,Human
3300002185,0.083544832,44.57470398,Human
3300002186,0,1.06298308,Human
3300002301,0.337510572,6.21132501,Human
3300002307,0.223290588,16.60013306,Human
3300002450,0.069484023,8.867864542,Human
3300002481,0.731193961,8.810138399,Human
3300002504,0.061671938,64.21340405,Human
3300002507,0.027007853,1.607536974,Human
3300002508,0.006806386,2.637759867,Human
3300002544,0.036326465,48.70476211,Human
3300002963,0.281045473,155.5353056,Human
3300002989,0,61.09785063,Human
3300003281,31.33896853,126.9065218,Human
3300003282,22.06762405,104.705678,Human
3300003364,0.061895122,40.55226684,Human
3300003375,0,10.18102855,Human
3300003907,0.134478175,191.2057591,Human
3300004085,0,3.340947018,Human
3300004086,0,9.906180062,Human
3300004087,0,4.284006586,Human
3300004094,0,5.334429683,Human
3300004097,0.040365561,8.761940587,Human
3300004264,0,4.504077414,Human
3300004625,0,258.7388958,Human
3300004626,0,1.755933845,Human
3300004630,0,6.620938113,Human
3300004632,0,2.911339966,Human
3300005262,0.037630191,282.3072465,Human
3300005272,0.054922978,89.91033898,Human
3300005275,0,0.159106746,Human
3300005278,0,1.790333,Human
3300005282,0.691787578,47.31994588,Human
3300005298,0,3.45459825,Human
3300005300,0,1.359963491,Human
3300005326,0.075961693,29.07348788,Human
3300005460,111.3318681,266.4882174,Human
3300005470,0.039050973,12.82342774,Human
3300005529,0,84.4952489,Human
3300005661,0.778755277,96.41890498,Human
3300005838,0,5.649964078,Human
3300005937,0.020165126,115.3366876,Human
3300005964,0,0.158303528,Human
3300005966,0,5.001728435,Human
3300005977,0,0.296348638,Human
3300005983,0.008718305,120.4579682,Human
3300005985,0.022529968,117.9536916,Human
3300006000,0.052385055,8.212891965,Human
3300006001,0.109722836,57.77730859,Human
3300006020,2.063674723,254.8171435,Human
3300006021,0.905509969,2110.053553,Human
3300006048,0.205576522,189.4972842,Human
3300006050,0.007203843,67.93279998,Human
3300006051,0.137684848,282.8495905,Human
3300006056,2.508137422,91.18563147,Human
3300006057,0.003970629,68.92181721,Human
3300006059,0,67.4307342,Human
3300006174,0,58.37174823,Human
3300006177,0.080965897,200.8428904,Human
3300006178,0.28806599,159.2980154,Human
3300006496,115.9091585,633.0735516,Human
3300006844,0.003170335,84.76569466,Human
3300006846,0.045436637,89.49373971,Human
3300006847,0.003113172,90.07169186,Human
3300006853,0.00838521,89.08993122,Human
3300006854,0.003455634,83.63485375,Human
3300006879,421.4632363,4112.743427,Human
3300006880,0.015867268,82.45161061,Human
3300006889,0,41.17788732,Human
3300006912,0,0.938676434,Human
3300006913,0,23.29717159,Human
3300006914,0.005329275,102.0664815,Human
3300006915,0,43.17979169,Human
3300007076,0.004541787,85.42679875,Human
3300007086,74.94875026,600.4704674,Human
3300007196,248.5563336,749.9525034,Human
3300007345,0.286348589,103.3473883,Human
3300007346,0,19.66122579,Human
3300007517,0.008063426,40.18820246,Human
3300007519,0.605136503,6.234877003,Human
3300007640,0.192379546,109.9991402,Human
3300007722,0.141988273,8.786942343,Human
3300007971,163.3152771,977.2559676,Human
3300008012,0,7.428295651,Human
3300008212,0,5.239847182,Human
3300008213,0,26.63498378,Human
3300008214,0,20.42416754,Human
3300008215,0,11.24380667,Human
3300009029,0.033494189,59.55103407,Human
3300009040,0.182006145,20.40132792,Human
3300009083,0.004131584,49.08940074,Human
3300009084,0.015183185,31.76668065,Human
3300009095,20.16848089,368.2714449,Human
3300009100,0.004940893,83.56512465,Human
3300009144,0.496249751,42.42056306,Human
3300009147,0,82.15801818,Human
3300009156,0.003629106,88.89750365,Human
3300009162,0.020764537,84.12400485,Human
3300009503,1.977124477,18.06361878,Human
3300009540,8.303521098,138.8706444,Human
3300009697,0,31.91141847,Human
3300009701,0,28.46592947,Human
3300009702,0.014058038,14.51086105,Human
3300009703,0.027228495,4.443466084,Human
3300009704,19.11357731,48.87164418,Human
3300009709,0.067595842,63.3181527,Human
3300009760,0.026229005,32.57824346,Human
3300009762,0.060497862,56.46062967,Human
3300009764,0,49.38630246,Human
3300009766,0,23.37936445,Human
3300009767,29.93279283,86.23635696,Human
3300009769,29.15185143,78.87730099,Human
3300009770,4.02909785,72.39539979,Human
3300009772,12.16857522,59.52545366,Human
3300009773,4.414472653,66.5231386,Human
3300009779,16.57233762,96.34011668,Human
3300009784,0.045962795,84.74391134,Human
3300009787,0,31.62192831,Human
3300009789,0,94.16361152,Human
3300009790,0.030683875,2.31723474,Human
3300009826,0.0065498,49.78731097,Human
3300009840,0.014307579,106.8979739,Human
3300009978,0.560469222,137.6383009,Human
3300009994,0,84.9685366,Human
3300010029,0.574461621,70.11705735,Human
3300010033,0,0.701010848,Human
3300010035,0,0.319884855,Human
3300010037,0.010515398,78.29723096,Human
3300010038,0,87.84204708,Human
3300010040,0.0098563,83.02849718,Human
3300010041,0.008666944,90.27024319,Human
3300010042,0,93.00010793,Human
3300010043,0.009538285,81.36620327,Human
3300010045,0.010771304,91.4494133,Human
3300010047,0.003681838,69.509563,Human
3300010048,0.019565758,76.95624323,Human
3300010049,0.030728105,65.14975429,Human
3300010054,0,53.91657521,Human
3300010055,1.703404727,96.85648486,Human
3300010151,0,0.590787911,Human
3300010153,0,13.60994475,Human
3300010155,0.045448111,7.716092719,Human
3300010157,0,9.965052181,Human
3300010158,0,14.59303066,Human
3300010160,0.206937407,29.99678167,Human
3300010162,0.020393912,38.05266482,Human
3300010167,0.014290262,41.71920553,Human
3300010259,533.4611519,1922.585224,Human
3300010260,274.9568283,3790.252556,Human
3300010261,20.22101152,1782.209781,Human
3300010262,202.2005541,2890.44589,Human
3300010263,5.45230114,38.45315136,Human
3300010265,1.370511143,33.6073556,Human
3300010266,1311.904341,3008.63836,Human
3300010267,7.71841485,76.00316522,Human
3300010268,0.521037285,28.98028269,Human
3300010269,3.386865959,40.57212071,Human
3300010270,50.39258267,776.4512182,Human
3300010271,0.618970597,39.76138158,Human
3300010273,1.895767051,42.98482757,Human
3300010274,11.76099789,85.75886541,Human
3300010275,152.9037708,2096.522427,Human
3300010276,1.753125785,37.92062994,Human
3300010277,9.439682812,42.35476061,Human
3300010278,540.2609449,3304.812421,Human
3300010279,568.8616669,1740.542391,Human
3300010280,80.91938498,4398.43542,Human
3300010281,8.21702977,65.48899943,Human
3300010282,115.3910081,351.6616862,Human
3300010283,630.9400421,2675.669285,Human
3300010285,8.874328602,78.51661711,Human
3300010286,10.63593625,87.06515426,Human
3300010287,1.202913535,57.31545317,Human
3300010292,0,9.627148966,Human
3300010296,0,4.727178746,Human
3300010297,0,5.538820264,Human
3300010298,0,8.485368162,Human
3300010299,0,9.716788083,Human
3300010300,0,3.27634213,Human
3300010309,0,11.02856191,Human
3300010312,0.03761814,6.647213607,Human
3300010314,0,6.055939942,Human
3300010315,0.067494261,6.956979918,Human
3300010316,0,2.277397119,Human
3300010318,0,8.426303014,Human
3300010339,0.013031772,47.67078367,Human
3300010341,0,47.2293617,Human
3300010343,0.011233271,52.82935295,Human
3300010368,0.020290154,4.509962574,Human
3300010370,0,15.85953214,Human
3300010372,3.094191781,301.2136042,Human
3300010374,3.457143183,140.3350854,Human
3300010377,0,11.39035673,Human
3300010378,0,1.877847731,Human
3300010394,0.079414568,1.22796833,Human
3300010395,0.767251215,79.40366609,Human
3300010428,1.209151621,52.39176542,Human
3300011013,0,2.462742142,Human
3300011118,0,5.288647174,Human
3300011130,0,1675.981796,Human
3300011131,0,1487.9123,Human
3300011132,1.085634904,723.4013795,Human
3300011133,85.76180738,1784.929607,Human
3300011134,65.85908046,808.0144804,Human
3300011135,7.047598719,1600.123312,Human
3300011136,2.36159045,724.2396076,Human
3300011137,1.083524931,857.2225169,Human
3300011138,0.251837907,1153.81633,Human
3300011139,0.351941291,749.0219375,Human
3300011140,0.435139587,938.5893851,Human
3300011141,0.50511519,730.3853218,Human
3300011142,6.213651616,1883.948465,Human
3300011143,0.405721059,927.2177721,Human
3300011144,7.692271466,579.1293441,Human
3300011145,0.998332426,1054.604597,Human
3300011146,2.784844356,541.7584736,Human
3300011147,0,606.1316293,Human
3300011148,0,543.3815676,Human
3300011149,0.138337418,124.288837,Human
3300011151,0.995575638,296.9670763,Human
3300011152,0.151159871,716.3054868,Human
3300011153,1.321405587,624.6102528,Human
3300011154,180.082717,492.358569,Human
3300011155,4.309602134,546.7549826,Human
3300011156,1.129082935,824.8209553,Human
3300011157,1.759701654,836.3834426,Human
3300011158,0,252.2642834,Human
3300011159,0,1784.38879,Human
3300011160,0,1743.794865,Human
3300011161,12.43908286,1494.436045,Human
3300011162,21.69893589,824.1987078,Human
3300011163,0,420.8212914,Human
3300011164,3.74638022,1426.071225,Human
3300011165,60.57766698,506.7340502,Human
3300011166,0.524076845,1124.633447,Human
3300011167,2.696405736,863.9470325,Human
3300011169,0.094762871,9.968792228,Human
3300011170,0,6.113319195,Human
3300011171,0,6.420636292,Human
3300011177,0,2.198082242,Human
3300011179,0,2.612425612,Human
3300011181,0,3.700890267,Human
3300011185,0,13.246446,Human
3300011186,0,2.402656224,Human
3300011187,0.087333835,16.06148228,Human
3300011188,0,3.891872543,Human
3300011189,0.239962684,43.52742004,Human
3300011190,0.034293807,13.09642449,Human
3300011201,55.46200797,1869.527198,Human
3300011202,0,2598.535318,Human
3300011203,0.198035413,1991.819594,Human
3300011204,0.240301134,1736.154761,Human
3300011205,0.920630775,806.8418711,Human
3300011206,1.836386249,582.2018998,Human
3300011207,1.523003449,1633.114243,Human
3300011208,0.699302732,497.726282,Human
3300011209,4.122334611,1084.827376,Human
3300011210,85.37316742,878.2276757,Human
3300011211,0.479448486,423.5731628,Human
3300011212,6.779746172,602.4567308,Human
3300011213,0.845130411,702.7015136,Human
3300011214,0.83421585,2122.616297,Human
3300011215,0.385993942,368.0207025,Human
3300011216,1.633543367,878.9504952,Human
3300011217,1.143444264,1377.22278,Human
3300011218,2.343504177,93.22668706,Human
3300011219,0.270714274,957.7852099,Human
3300011220,145.7651933,1335.084766,Human
3300011221,8.229694876,899.0353418,Human
3300011223,0,674.5353654,Human
3300011224,11.88308863,878.4045974,Human
3300011225,14.35305512,436.6563559,Human
3300011226,150.010211,1277.882994,Human
3300011228,2.602412547,1087.343706,Human
3300011229,2.202373899,606.9133094,Human
3300011230,0,1118.031884,Human
3300011231,6.042046834,1102.539335,Human
3300011232,2.575221277,1559.925877,Human
3300011233,6.867873932,1014.997717,Human
3300011234,28.52545534,1445.297941,Human
3300011235,0,985.1378719,Human
3300011236,0.679551335,491.9073804,Human
3300011238,40.96089666,990.9116185,Human
3300011240,112.9376938,1115.226682,Human
3300011242,1.091638851,974.6793655,Human
3300011243,69.96937856,3868.405415,Human
3300011349,1304.892043,1979.503738,Human
3300011355,3.352453044,601.6086642,Human
3300011356,0,1550.425448,Human
3300011357,2.508975028,1143.22867,Human
3300011358,0,445.5274066,Human
3300011359,7.67352068,845.3694982,Human
3300011360,3.278397628,368.1988989,Human
3300011361,14.18928343,1267.88737,Human
3300011362,326.9548529,1725.358812,Human
3300011368,0,4.933059685,Human
3300011369,0.61881252,1864.575883,Human
3300011372,0.733558241,2974.580752,Human
3300011373,0,365.3003333,Human
3300011375,0,1428.438858,Human
3300011376,0.556561262,59.73348411,Human
3300011377,0,818.9934502,Human
3300011378,0.455607129,531.0526161,Human
3300011379,0,1170.666243,Human
3300011382,0.193403996,604.422389,Human
3300011383,0,601.8123841,Human
3300011384,0.843870895,818.9181665,Human
3300011385,2.42499726,431.4160815,Human
3300011386,0.42138543,1662.859958,Human
3300011388,2.565316349,707.9262101,Human
3300011389,0.355510839,768.2242514,Human
3300011450,4.436220588,761.8591366,Human
3300011451,0.775024716,679.4647043,Human
3300011452,49.7179632,2448.382987,Human
3300011454,0,154.5313251,Human
3300011455,39.60929825,1244.511992,Human
3300011456,0,2118.99661,Human
3300011457,24.05626494,1401.870074,Human
3300011458,1.214473705,1993.439306,Human
3300011459,0.873305442,2065.627008,Human
3300011460,0.283174053,2667.678934,Human
3300011461,9.302013015,850.5118029,Human
3300011462,2.10402299,750.8255649,Human
3300011463,1.154173084,788.9143878,Human
3300011465,8.453653538,2062.910833,Human
3300011466,0.113028516,588.3284798,Human
3300011467,0,3059.043582,Human
3300011468,0.597287988,817.0657832,Human
3300011470,1.853111165,477.3239972,Human
3300011471,67.15730445,347.9363312,Human
3300011472,1.427597487,848.8974411,Human
3300011473,0.393422554,1830.458225,Human
3300011474,0.210730554,376.49303,Human
3300011475,0,2201.789571,Human
3300011477,26.30724547,1712.475729,Human
3300011478,0.270285333,524.2340233,Human
3300011479,0,2115.90304,Human
3300011480,0,2366.916951,Human
3300011481,538.5054957,2594.234725,Human
3300011482,0.460288102,1308.478358,Human
3300011483,0.467586367,632.5618304,Human
3300011484,2.920793456,1318.374741,Human
3300011485,0,837.7217891,Human
3300011486,0.558419619,269.156514,Human
3300011488,0.314581958,396.0758271,Human
3300011489,0.095329439,562.2193203,Human
3300011490,1.31341513,1163.156834,Human
3300011491,5.824898247,1214.476021,Human
3300011492,0.13817011,645.4982891,Human
3300011493,5.272009834,787.3780833,Human
3300011494,0.811643653,355.8235426,Human
3300011495,198.9080796,2063.94161,Human
3300011496,179.7413747,782.7043498,Human
3300011497,155.1674445,389.0617511,Human
3300011498,107.8056541,2652.371158,Human
3300011500,376.9356792,1012.299938,Human
3300011501,0.785944868,1032.626024,Human
3300011503,6.520140737,632.6637116,Human
3300011504,0.649243533,486.3736358,Human
3300011505,0.210226718,1066.082419,Human
3300011506,0,1811.305039,Human
3300011507,0,698.1162011,Human
3300011508,2.029042836,592.6860178,Human
3300011509,207.4528488,830.1385647,Human
3300011511,87.77506031,708.0187532,Human
3300011512,0.329485027,842.0777262,Human
3300011513,0.687331764,478.7426695,Human
3300011514,1.676827256,510.14268,Human
3300011515,0,667.6269404,Human
3300011516,4.658767624,438.8576626,Human
3300011517,0.231498918,91.69488537,Human
3300011518,0,1492.284316,Human
3300011519,5.875209812,1113.2258,Human
3300011520,2.440333043,1032.729667,Human
3300011521,0,1742.434023,Human
3300011522,0.41809722,1620.251797,Human
3300011524,4.030249946,1369.204188,Human
3300011525,7.190266548,704.1541283,Human
3300011526,0,854.8906307,Human
3300011527,1.026731826,991.2466366,Human
3300011528,0.163543021,1107.031322,Human
3300011529,0,113.3149335,Human
3300011530,0,478.8923453,Human
3300011531,0.347296775,1267.541528,Human
3300011532,0.844747861,1232.302564,Human
3300011533,1.960510781,427.5659535,Human
3300011534,0,981.7146227,Human
3300011535,286.0936548,2263.942358,Human
3300011536,0,1211.37455,Human
3300011537,32.74209084,141.2416471,Human
3300011538,2.213387349,1017.845397,Human
3300011539,0.192280312,521.6776073,Human
3300011540,0.434593029,3047.218817,Human
3300011541,0.71033377,1148.529737,Human
3300011542,2.004032867,909.0544896,Human
3300011543,0.485042453,432.0276632,Human
3300011544,2.149972899,941.1576572,Human
3300011545,0.337942316,240.4252829,Human
3300011546,0.178236607,1192.974653,Human
3300011547,0.80889173,724.8935046,Human
3300011548,245.8374081,1925.412381,Human
3300011549,0.556995091,253.2766266,Human
3300011550,3.51439156,2092.44668,Human
3300011551,6.042403795,1053.535933,Human
3300011552,2.431492159,371.3375435,Human
3300011553,0.890503008,709.2032496,Human
3300011554,0,1185.633372,Human
3300011555,196.5175984,760.161626,Human
3300011556,0,492.4373414,Human
3300011558,2.946308281,686.5166057,Human
3300011559,2.902820985,809.6262341,Human
3300011560,0.861508411,1520.259195,Human
3300011562,3.906718959,2114.370827,Human
3300011563,0.459587123,2530.004674,Human
3300011564,0.534582073,866.7539414,Human
3300011565,0.54584547,1026.301649,Human
3300011566,38.59375253,1011.612332,Human
3300011567,0,1095.681839,Human
3300011568,0.308936999,662.5234956,Human
3300011569,0,1814.913402,Human
3300011570,4.352643547,773.3400311,Human
3300011571,1.341285403,120.7394957,Human
3300011572,8.769378713,332.3840111,Human
3300011573,3.686905146,1606.305049,Human
3300011575,0.201366274,152.6166,Human
3300011576,0.355186525,636.2837803,Human
3300011577,18.190877,717.6538975,Human
3300011578,0,771.4388712,Human
3300011580,7.6534365,869.3466676,Human
3300011581,0.980472267,1371.655449,Human
3300011582,0,189.8801102,Human
3300011583,0,1157.052478,Human
3300011584,1.717929821,1002.824465,Human
3300011585,24.50530263,680.5661687,Human
3300011586,0.492946523,1528.645981,Human
3300011587,0.370514111,824.806715,Human
3300011588,0.537446476,892.3712482,Human
3300011589,1.870715384,628.1695928,Human
3300011590,0,1762.497541,Human
3300011591,16.13789686,1563.850157,Human
3300011592,1.903486701,755.7775193,Human
3300011593,16.35994151,1126.97081,Human
3300011594,1.838705961,1825.767203,Human
3300011595,1.519596436,936.8527466,Human
3300011596,1.52229238,480.5000282,Human
3300011597,1.184996765,992.633028,Human
3300011598,11.23449026,631.8769901,Human
3300011599,4.517651587,1230.714407,Human
3300011600,1.290545484,700.4844656,Human
3300011601,4.486081545,1164.129765,Human
3300011602,3.056562097,210.2101379,Human
3300011603,0,1516.718227,Human
3300011604,0,348.4868673,Human
3300011605,4.351727067,1800.503142,Human
3300011606,0,3074.240793,Human
3300011607,11.12714793,581.5781954,Human
3300011608,3.259450071,304.714947,Human
3300011609,0.290794105,825.4190064,Human
3300011610,5.794986891,802.6446574,Human
3300011612,0.562433119,706.1428269,Human
3300011613,29.48112331,1046.483769,Human
3300011614,0.342047617,358.5155755,Human
3300011615,0.579071563,611.1649573,Human
3300011616,272.2043399,1218.713332,Human
3300011617,5.119867691,1071.964256,Human
3300011618,0.241927413,2240.26474,Human
3300011619,0.247032907,787.0582378,Human
3300011620,0,834.5163988,Human
3300011621,0,851.8452915,Human
3300011622,18.43679435,1308.724297,Human
3300011623,3.272665618,766.6317485,Human
3300011624,0.32895977,209.9753067,Human
3300011626,11.50560769,201.4190008,Human
3300011627,18.39682529,1381.553911,Human
3300011628,0,788.7318433,Human
3300011629,92.91283508,751.5450645,Human
3300011630,1.027326564,667.7757381,Human
3300011631,8.036047782,2320.382553,Human
3300011632,0.435910309,613.0949783,Human
3300011633,0,912.7328412,Human
3300011634,0,678.0948932,Human
3300011635,0.809956362,780.623856,Human
3300011636,0,593.4827606,Human
3300011637,0,967.3706054,Human
3300011639,2.352860043,702.4365321,Human
3300011640,10.4640729,907.8541636,Human
3300011641,11.85969989,1014.3843,Human
3300011642,29.82666876,583.6220707,Human
3300011643,3.782527502,1144.67605,Human
3300011645,0.84898606,647.6086997,Human
3300011646,0,415.527569,Human
3300011649,0.448307647,854.4196757,Human
3300011650,16.55330256,1385.530588,Human
3300011651,0.252549742,1597.155874,Human
3300011652,2.887566167,1494.536008,Human
3300011653,105.5170761,1604.195388,Human
3300011654,0.536652784,710.2972379,Human
3300011656,0.93561301,837.220407,Human
3300011657,1.827835948,752.1771093,Human
3300011658,0.254364479,1116.077413,Human
3300011659,8.210480762,402.6066359,Human
3300011660,10.26344182,403.0762416,Human
3300011663,4.44826117,3082.228436,Human
3300011665,0,1105.584403,Human
3300011666,2.818456391,719.3906231,Human
3300011667,0.585967441,464.1965809,Human
3300011668,1.689331638,1382.493333,Human
3300011669,30.50311649,1419.182166,Human
3300011670,0.110084082,564.8192777,Human
3300011671,2.934725882,778.8299062,Human
3300011672,0,461.5570549,Human
3300011673,6.978806407,918.3394328,Human
3300011674,0,2383.034745,Human
3300011675,0.793588779,3206.701378,Human
3300011676,2.964548502,1180.78514,Human
3300011677,10.75456913,526.3576147,Human
3300011678,0.210317967,640.0620425,Human
3300011679,0.932675534,959.9174728,Human
3300011681,21.8449652,425.0781064,Human
3300011682,3.330829403,1333.559271,Human
3300011683,32.7985442,743.3852535,Human
3300011684,0,1308.423757,Human
3300011686,6.945504322,1033.064206,Human
3300011688,0,1103.707596,Human
3300011689,0.409442846,824.3048097,Human
3300011690,0.950559004,1461.34028,Human
3300011691,3.148892749,759.1545338,Human
3300011692,26.33114651,1624.203971,Human
3300011693,58.82917751,885.2601779,Human
3300011694,0,321.4532964,Human
3300011695,18.97585558,353.512566,Human
3300011696,61.8057435,1527.195139,Human
3300011697,1.371358698,2875.937834,Human
3300011699,0,684.7082012,Human
3300011700,0,1235.29787,Human
3300011701,43.81059696,858.373601,Human
3300011703,2.368911249,1250.364982,Human
3300011704,32.97194738,1116.576231,Human
3300011706,84.60081052,897.3073946,Human
3300011707,0.479738103,2747.912131,Human
3300011708,6.949979073,1285.420359,Human
3300011709,0,1435.837012,Human
3300011710,0.43552357,444.998118,Human
3300011711,0.209792228,862.7353546,Human
3300011712,6.81037017,1500.005701,Human
3300011713,6.867385431,1178.913179,Human
3300011714,1089.390045,5245.854676,Human
3300011715,1.301667614,488.9267597,Human
3300011716,23.01061385,999.6042663,Human
3300011717,3.018492771,1415.231743,Human
3300011718,0,1813.726575,Human
3300011719,1.160995971,861.9283464,Human
3300011720,1.44685627,881.653839,Human
3300011721,0.605323561,647.9363994,Human
3300011723,1.909882175,644.1565549,Human
3300011724,6.031359532,2072.712021,Human
3300011725,4.750578428,682.7675028,Human
3300011726,0.53048454,971.7502322,Human
3300011727,45.6512037,877.631261,Human
3300011728,17.16390616,826.3028113,Human
3300011729,0.078177275,370.5923609,Human
3300011730,3.893787231,1665.929259,Human
3300011731,0.306379336,2560.412001,Human
3300011733,0,1093.53849,Human
3300011734,20.75123193,278.9962586,Human
3300011735,2.893697985,1074.142776,Human
3300011736,0.196288947,598.7055209,Human
3300011737,445.7547671,969.6538763,Human
3300011738,0,7.242978853,Human
3300011739,0,919.4841365,Human
3300011740,14.13850428,635.2073181,Human
3300011741,0.99302261,668.7646228,Human
3300011742,0,1157.472921,Human
3300011743,0,1054.149839,Human
3300011745,1.011896605,1205.766792,Human
3300011746,13.60200388,1472.758782,Human
3300011747,220.6264678,1781.608766,Human
3300011748,0.641089799,1139.402357,Human
3300011749,203.0656453,1877.30277,Human
3300011750,1.450251467,405.8958608,Human
3300011751,246.1533172,2053.272213,Human
3300011752,0.647768319,624.7095707,Human
3300011753,3.25750914,1251.491491,Human
3300011754,16.59951656,2778.753639,Human
3300011755,9.633696162,2152.296316,Human
3300011756,1.137375513,1003.101678,Human
3300011757,0,1034.186881,Human
3300011758,0,462.7915001,Human
3300011759,26.01119106,451.4647117,Human
3300011760,0,584.0137339,Human
3300011761,23.05384902,881.1440771,Human
3300011762,0.40642656,1037.478865,Human
3300011763,0,422.1224167,Human
3300011764,30.79579412,2143.070471,Human
3300011765,0.248459276,961.3170456,Human
3300011766,4.508863642,1057.907531,Human
3300011767,0,686.0678937,Human
3300011768,0,502.6642091,Human
3300011769,6.636765737,792.5048232,Human
3300011770,8.533685591,836.1659298,Human
3300011771,1.018522159,1025.316385,Human
3300011772,0.186392245,395.6534778,Human
3300011773,11.88316824,629.520222,Human
3300011774,15.0248806,602.1816477,Human
3300011775,7.136850434,502.8832203,Human
3300011776,10.28105949,1016.640207,Human
3300011777,1.036522188,610.9470918,Human
3300011778,17.68144643,3261.034609,Human
3300011782,3.816670884,1446.134757,Human
3300011783,30.62574092,1166.457653,Human
3300011785,0.830344133,868.6757276,Human
3300011786,80.67460499,1223.838055,Human
3300011787,3.43667428,930.4451899,Human
3300011788,2.538514887,406.39869,Human
3300011789,14.51596859,940.2842946,Human
3300011790,28.55392071,608.2366373,Human
3300011792,111.8560653,1037.037985,Human
3300011793,20.84272646,2518.8665,Human
3300011794,6.422919277,598.4815177,Human
3300011796,24.99487039,1693.127962,Human
3300011797,0,224.5676565,Human
3300011798,2.831930749,721.822593,Human
3300011799,0.998412908,229.0397465,Human
3300011800,1.165436127,1262.075388,Human
3300011801,3.474069786,711.6546179,Human
3300011802,1.374975568,1458.190442,Human
3300011803,0,1273.72442,Human
3300011804,9.123898599,2100.62125,Human
3300011805,0,62.21754531,Human
3300011806,0,582.8809615,Human
3300011807,0.089814692,662.6466686,Human
3300011809,0.897866138,1136.47311,Human
3300011810,1.112171752,897.8099086,Human
3300011811,6.682889446,720.3762124,Human
3300011812,26.64430585,911.4225422,Human
3300011813,21.57483239,424.706071,Human
3300011814,122.0683656,385.7608525,Human
3300011815,0,808.7582474,Human
3300011817,2.44879588,653.1435983,Human
3300011818,1.977819576,740.5555235,Human
3300011819,91.11400803,173.5789794,Human
3300011821,1.335772734,674.5306785,Human
3300011822,71.28439333,1856.447723,Human
3300011823,2.32284057,1592.285687,Human
3300011824,0.746410718,528.293527,Human
3300011825,23.91994422,627.8843562,Human
3300011826,7.88184215,554.4045543,Human
3300011827,0.316521917,823.6918119,Human
3300011828,3.986157009,267.7427363,Human
3300011829,1.532025296,1107.175903,Human
3300011830,0.66118429,596.0672349,Human
3300011831,82.87754032,694.77836,Human
3300011832,3.108053867,779.8891001,Human
3300011833,0.834262034,1190.091972,Human
3300011834,4.097327936,653.8068652,Human
3300011835,16.09132892,429.2831808,Human
3300011836,6.863713713,1261.808998,Human
3300011837,1.01028123,823.5840745,Human
3300011838,2.198513977,729.0020277,Human
3300011839,10.83334855,1405.19894,Human
3300011840,3.650012783,2642.247414,Human
3300011841,16.97604962,584.2123985,Human
3300011842,8.796953759,801.991876,Human
3300011843,3.4508201,711.3459211,Human
3300011844,129.787821,310.2571829,Human
3300011845,55.62383662,835.2801429,Human
3300011846,0,519.6116856,Human
3300011847,0.41193127,856.5898908,Human
3300011848,0.713888212,1304.019425,Human
3300011849,5.019427874,1194.028915,Human
3300011850,0,995.1148808,Human
3300011851,0.791330485,834.9980738,Human
3300011852,0,712.8661978,Human
3300011853,30.17173099,1780.242659,Human
3300011854,1420.00318,2344.776125,Human
3300011855,18.4956382,1098.589973,Human
3300011856,9.190390801,872.025132,Human
3300011857,0.791158907,1046.073274,Human
3300011858,22.54092399,1201.080302,Human
3300011859,4.912935592,899.9820057,Human
3300011860,11.27511118,552.3467611,Human
3300011861,4.96878884,716.9527699,Human
3300011862,5.129825713,950.5268269,Human
3300011863,13.971395,1087.985636,Human
3300011864,1.183626161,1338.845581,Human
3300011865,1.489060064,707.5132496,Human
3300011866,6.997572724,1322.16676,Human
3300011867,6.932276117,909.6960094,Human
3300011868,1.391063008,577.6439029,Human
3300011869,0.690034703,806.782308,Human
3300011870,6.815325688,1220.813898,Human
3300011871,9.114370282,913.3645731,Human
3300011872,69.42508575,431.7249103,Human
3300011873,0.552280694,125.8618499,Human
3300011874,7.885016803,795.9961389,Human
3300011875,4.472580347,853.7518803,Human
3300011876,14.79800131,604.4056323,Human
3300011877,0.105106046,986.491692,Human
3300011878,11.88190387,587.2572803,Human
3300011879,3.214690537,1198.133555,Human
3300011880,9.136263067,1995.394321,Human
3300011881,10.45349354,842.1993765,Human
3300011882,1.396003714,1075.681448,Human
3300011883,5.732888943,689.0307242,Human
3300011884,9.341438908,1217.758976,Human
3300011885,1.131703094,516.9846983,Human
3300011886,19.86090537,1164.934333,Human
3300011887,1.156230255,996.5525692,Human
3300011888,10.30048643,1719.202796,Human
3300011889,31.72864663,878.0722923,Human
3300011890,14.82037375,415.0683433,Human
3300011892,0.477704992,777.2828869,Human
3300011893,78.95004735,598.7650674,Human
3300011894,1.629219895,1111.644492,Human
3300011895,127.7587349,1453.937658,Human
3300011896,1.25098117,912.1687858,Human
3300011897,9.745586469,632.2133895,Human
3300011898,7.866136734,619.182094,Human
3300011900,9.802561145,1105.261873,Human
3300011902,5.703307105,723.833477,Human
3300011903,0.259092655,220.2545504,Human
3300011904,7.350626372,344.1295773,Human
3300011905,8.937490959,1168.892294,Human
3300011906,19.55874537,1155.116384,Human
3300011907,9.399853268,205.0632165,Human
3300011908,12.36040741,1459.803986,Human
3300011909,47.88526548,393.8364334,Human
3300011911,14.72659904,548.5773562,Human
3300011912,14.03275411,706.9686505,Human
3300011913,162.0467983,1661.52558,Human
3300011914,40.07843947,366.5676849,Human
3300011915,7.626472124,1474.617516,Human
3300011917,0.462362536,632.5030679,Human
3300011918,0.243280638,6.828723262,Human
3300011919,12.20916658,1165.755533,Human
3300011920,0.306955403,2851.74014,Human
3300011921,0,79.04448579,Human
3300011922,26.05434221,493.773244,Human
3300011923,0.384320753,136.7788516,Human
3300011924,2.438054919,324.5229515,Human
3300011925,16.21973983,336.7367653,Human
3300011926,28.76402707,594.618328,Human
3300011927,0.30321353,55.48862817,Human
3300011928,18.46680031,155.3586239,Human
3300011929,1.58785021,1735.357244,Human
3300011931,0,3937.197273,Human
3300011932,0,5.041594446,Human
3300011933,211.1140725,354.9198614,Human
3300011935,11.50637884,555.044394,Human
3300011936,155.1233724,582.353376,Human
3300011937,0.368170034,1029.839449,Human
3300011938,36.67801752,265.0065813,Human
3300011939,0.29152223,479.5581204,Human
3300011940,0.213993059,513.9598545,Human
3300011941,0,1432.504285,Human
3300011942,0,1951.294491,Human
3300011943,7.836715331,163.3619286,Human
3300011944,13.97974753,3875.458222,Human
3300011945,0,282.9393509,Human
3300011946,12.485854,1715.377776,Human
3300011947,0.222974154,838.5454776,Human
3300011948,63.469905,1994.990854,Human
3300011949,34.11923753,970.6858717,Human
3300011950,21.35908572,284.1230052,Human
3300011951,0,448.9387837,Human
3300011952,0.767173829,900.6953317,Human
3300011953,26.28227664,433.3318152,Human
3300011954,89.93392981,1409.820326,Human
3300011955,0.37174646,739.1489337,Human
3300011956,38.26500931,1799.56865,Human
3300011957,1.125800741,628.1068357,Human
3300011958,1.360306626,305.6524187,Human
3300011959,94.16209989,1981.550536,Human
3300011960,3.961501901,2185.033727,Human
3300011961,0,871.9253711,Human
3300011962,1.027694144,523.6301257,Human
3300011963,1.904878945,336.1433249,Human
3300011964,36.64932699,1316.11576,Human
3300011965,13.17256692,32.51883502,Human
3300011966,11.34991972,1065.180912,Human
3300011967,427.4833607,1039.480532,Human
3300011969,0,52.92835853,Human
3300011970,201.9921872,362.8582675,Human
3300011971,0,70.8193291,Human
3300011972,93.09950998,261.221883,Human
3300011974,45.44879803,235.9031159,Human
3300011976,146.6128996,610.7348831,Human
3300011977,494.574356,722.754848,Human
3300011978,67.42398376,306.6160359,Human
3300011979,735.5436699,972.2494856,Human
3300011980,105.9680822,370.2511448,Human
3300011981,96.36591096,259.135089,Human
3300011984,0.205843378,46.58812416,Human
3300011985,177.7401674,380.8621516,Human
3300011986,39.31911075,341.9328116,Human
3300011987,0.03407537,63.65559424,Human
3300011988,176.9975909,596.4239523,Human
3300011989,753.733953,950.0563268,Human
3300011990,17.22006714,158.3083836,Human
3300011991,0,45.95167439,Human
3300011994,0,53.58528392,Human
3300011997,0,63.78326252,Human
3300011998,0.048010012,55.15645104,Human
3300011999,0.049735156,54.8576396,Human
3300012000,0,12.52424033,Human
3300012001,0,49.20644557,Human
3300012003,0.069828616,88.89581924,Human
3300012004,0.027889562,61.15481097,Human
3300012005,0,60.94408671,Human
3300012006,0,25.78821897,Human
3300012007,481.6362208,570.0189862,Human
3300012008,0,54.47117693,Human
3300012010,0,36.85528486,Human
3300012014,0.110853936,143.5682526,Human
3300012016,427.2847833,504.761738,Human
3300012018,42.82226528,173.0813883,Human
3300012019,0.052942734,59.70450724,Human
3300012020,50.10414523,220.4427401,Human
3300012025,0.17821153,11.52557175,Human
3300012026,0.306455902,21.53997621,Human
3300012027,0,0.684527139,Human
3300012028,0,1.043679319,Human
3300012029,0,3.402784929,Human
3300012030,0,15.94087333,Human
3300012032,0.080731305,21.68161023,Human
3300012033,0.083553806,16.09331298,Human
3300012036,0.104729424,10.37037829,Human
3300012037,0,1.735903099,Human
3300012042,0,157.4106783,Human
3300012044,0.215287661,53.9979411,Human
3300012046,0,60.61580197,Human
3300012092,0,110.6385524,Human
3300012103,0.08152576,13.09683321,Human
3300012104,0.274092454,40.16758049,Human
3300012106,0,6.257568543,Human
3300012108,0.14088884,12.12152405,Human
3300012109,0.166449956,10.00963626,Human
3300012111,0,3.011435099,Human
3300012114,0,0.920170498,Human
3300012115,0.283765756,32.61619142,Human
3300012116,0.069961793,30.403244,Human
3300012121,0.07276769,2.459263465,Human
3300012127,0.144587855,27.98894247,Human
3300012128,0.145565061,17.63056295,Human
3300012145,0.133860873,17.77826542,Human
3300012147,0,1.67784554,Human
3300012170,0.159793004,24.58478397,Human
3300012178,0,78.28103143,Human
3300012182,0.137848106,55.96770821,Human
3300012183,0,149.4733852,Human
3300012184,0.041830332,153.7436889,Human
3300012185,0.042810835,132.102466,Human
3300012186,0.042369044,87.24181106,Human
3300012190,0,1722.705474,Human
3300012191,0.508382867,629.051082,Human
3300012192,1.372557652,642.244404,Human
3300012193,1.459807512,717.6165471,Human
3300012194,1.174010401,115.0012612,Human
3300012195,0.426768184,779.9532388,Human
3300012196,1.222100642,193.5629668,Human
3300012197,103.8457103,733.872002,Human
3300012223,4.097470858,684.9076235,Human
3300012229,15.02335202,657.5935971,Human
3300012233,875.775101,2987.511608,Human
3300012234,27.88045841,812.5532056,Human
3300012236,0.672843477,811.5599733,Human
3300012238,256.3641924,444.6463999,Human
3300012241,2.125291994,733.4200532,Human
3300012243,0,1990.773632,Human
3300012244,15.91426886,562.8333736,Human
3300012246,4.021210849,699.529276,Human
3300012247,0.255509226,857.1437145,Human
3300012248,0.185636031,921.4554944,Human
3300012250,0.118114223,27.98331347,Human
3300012251,7.221569685,1012.915309,Human
3300012252,17.34727795,1219.570822,Human
3300012253,470.3794184,2376.096078,Human
3300012257,0.494085871,620.6485438,Human
3300012258,14.9659981,955.655006,Human
3300012259,61.94390581,758.5288796,Human
3300012260,0.196922076,758.4745118,Human
3300012262,0,2.586706032,Human
3300012263,0.179815821,20.67850253,Human
3300012265,0.173160394,20.43274049,Human
3300012267,0,2.897082354,Human
3300012268,0.238397856,9.97285298,Human
3300012270,0,13.87190175,Human
3300012271,0,3.294026137,Human
3300012272,0,1.468626606,Human
3300012273,0.117780441,4.726407657,Human
3300012274,2.402127893,1122.322826,Human
3300012275,4.083524347,1499.389699,Human
3300012276,0.402444577,145.0771508,Human
3300012277,7.287540137,1579.274704,Human
3300012278,22.3759928,114.7694433,Human
3300012279,12.83620763,1570.438007,Human
3300012280,6.446527401,594.0093522,Human
3300012281,0.977891307,1120.973377,Human
3300012283,8.17018427,1173.673682,Human
3300012308,57.3465466,3068.853535,Human
3300012312,52.85397451,327.3368331,Human
3300012314,355.2565451,1443.33635,Human
3300012321,1079.964206,1668.916486,Human
3300012324,65.71452381,440.6940619,Human
3300012330,326.2194922,684.6108254,Human
3300012337,14.13428352,250.2701616,Human
3300012344,0.385714969,32.78818321,Human
3300012425,6.508654509,363.683337,Human
3300012437,80.01134351,1323.080915,Human
3300012449,24.80825279,1701.44759,Human
3300012451,196.3766299,521.6419086,Human
3300012466,363.0253131,1874.563217,Human
3300012497,0,132.0516842,Human
3300012499,0,102.5597107,Human
3300012500,0.199331122,141.4137458,Human
3300012505,0.059141672,110.8145056,Human
3300012513,0.070915242,124.7196061,Human
3300012521,0.880473243,35.10858546,Human
3300012526,0,132.1226407,Human
3300012527,0,98.04814525,Human
3300012530,0,72.51987924,Human
3300012531,0,88.18429175,Human
3300012533,8.45381527,102.2230479,Human
3300012539,14.085904,281.46178,Human
3300012542,49.12457736,216.3517077,Human
3300012543,125.9346286,1556.291059,Human
3300012545,818.822774,1386.610366,Human
3300012550,892.4936575,3162.266948,Human
3300012555,35.96152714,305.4576515,Human
3300012557,94.3596109,293.9639026,Human
3300012564,2.539632348,82.99371096,Human
3300012565,309.031559,2373.417869,Human
3300012566,25.14067942,142.4533761,Human
3300012572,27.63064369,169.8918175,Human
3300012573,562.2917463,925.651904,Human
3300012575,16.62232345,112.667604,Human
3300012578,19.67361795,461.2199207,Human
3300012579,619.9832539,2208.914551,Human
3300012588,5.371057948,1346.332202,Human
3300012589,191.2001656,804.0791096,Human
3300012590,1568.857819,2550.211429,Human
3300012591,1306.153517,2135.146994,Human
3300012601,11.47666568,2008.554704,Human
3300012605,258.1449142,1030.567847,Human
3300012606,22.64771661,133.9427228,Human
3300012609,0,634.1963716,Human
3300012617,403.7122092,520.1639236,Human
3300012621,15.09979111,205.4248092,Human
3300012622,37.97164343,161.0788672,Human
3300012624,148.353277,2344.990292,Human
3300012626,34.02762821,275.4658449,Human
3300012631,0.525938354,2387.010999,Human
3300012633,4.70531277,1000.215087,Human
3300012638,1020.586174,1594.269095,Human
3300012639,50.22563421,236.5332427,Human
3300012640,330.1582212,448.8155158,Human
3300012648,3.445925111,847.1636657,Human
3300012649,13.74514875,209.5678182,Human
3300012653,136.9333587,2406.534964,Human
3300012659,393.4915349,524.8141228,Human
3300012660,41.24591873,404.2807324,Human
3300012661,378.6332548,489.5204171,Human
3300012662,2.559905704,109.3276644,Human
3300012678,0,131.361098,Human
3300012679,0,124.182271,Human
3300012681,0,137.6685493,Human
3300012682,0,86.39552004,Human
3300012887,0.118059021,10.04051981,Human
3300012888,0.008725173,20.99571697,Human
3300012889,13.59130126,691.7676163,Human
3300012890,0,30.20712173,Human
3300012894,0,33.84135316,Human
3300012919,0.022235421,1.666957617,Human
3300012920,0.005561091,1.862740682,Human
3300012928,0,1.579596739,Human
3300012936,0,2.860011072,Human
3300012940,0.187712688,227.1843721,Human
3300012942,0.205484318,230.6580432,Human
3300012943,0.279782417,139.2047712,Human
3300012950,0.019995101,4.697410421,Human
3300012952,0.337596144,1.940656357,Human
3300012953,0.796307247,2.534800283,Human
3300012954,0.017935713,1.587862125,Human
3300012956,7.65131651,59.73998985,Human
3300012971,0.010168842,76.98143609,Human
3300012973,0.405245049,546.9666911,Human
3300012974,0.913492589,739.0884309,Human
3300012979,5.905373233,49.83740616,Human
3300012983,9.185240398,197.3890182,Human
3300013004,0.007760955,20.26771657,Human
3300013005,0.012646887,19.68343942,Human
3300013006,0.061488559,20.45272818,Human
3300013010,0,1.447597974,Human
3300013014,0.044215652,9.497744049,Human
3300013016,0,1.895576756,Human
3300013017,0,1.639304344,Human
3300013018,0,19.29986971,Human
3300013020,0.016826785,4.45716628,Human
3300013021,0.061636231,2.405215931,Human
3300013093,0.236527216,18.41955014,Human
3300013094,0.256122893,18.76426568,Human
3300013097,0.044965699,185.2788463,Human
3300013147,41.25230981,310.3387835,Human
3300013151,575.1570966,789.9176457,Human
3300013152,25.96269766,263.5177162,Human
3300013160,885.7922138,1544.140532,Human
3300013162,51.68590034,314.8733948,Human
3300013163,1247.065832,1925.096298,Human
3300013164,273.9379999,541.904571,Human
3300013166,1066.849219,1633.441416,Human
3300013167,597.4567428,1241.48847,Human
3300013168,1150.9324,2098.481722,Human
3300013171,1027.89433,1712.158311,Human
3300013174,14.19756249,306.2299911,Human
3300013175,8.730327007,307.5885423,Human
3300013182,248.011278,1317.918259,Human
3300013183,2.334360606,220.0589179,Human
3300013184,15.89065596,280.4963932,Human
3300013185,1507.83761,2366.590789,Human
3300013187,1239.821882,2076.100244,Human
3300013192,25.09892544,263.0803622,Human
3300013195,0.995087611,5.747743431,Human
3300013199,269.659836,416.7894158,Human
3300013205,1364.290106,2222.834761,Human
3300013206,84.7015885,482.4821279,Human
3300013211,119.054475,306.2823525,Human
3300013213,1445.659675,2195.244796,Human
3300013214,1122.340787,1770.820928,Human
3300013216,39.70378594,323.260526,Human
3300013221,41.47563055,166.6391247,Human
3300013223,1093.396111,1603.61538,Human
3300013224,1226.460327,1942.284894,Human
3300013225,1145.44461,1803.225768,Human
3300013227,1059.32758,1656.624125,Human
3300013228,1006.638561,1627.584453,Human
3300013229,35.03364111,253.2278896,Human
3300013234,70.79570114,1080.462877,Human
3300013237,1071.544712,1721.378262,Human
3300013238,252.8968632,458.3532324,Human
3300013241,1059.524952,1821.911187,Human
3300013242,40.81802831,419.9165573,Human
3300013253,0,2.300865601,Human
3300013258,1391.896328,2134.077878,Human
3300013261,197.2442712,406.1343067,Human
3300013262,1556.322005,2452.371547,Human
3300013264,0,2123.523465,Human
3300013266,1345.879937,2116.907866,Human
3300013267,1066.802825,1825.081734,Human
3300013268,1065.537189,1683.716337,Human
3300013270,4.902385448,1494.752912,Human
3300013271,1097.943239,1804.503375,Human
3300013272,1241.669329,1922.194127,Human
3300013273,13.84960101,309.398937,Human
3300013276,17.38102388,298.1211198,Human
3300013277,996.3249356,1737.847905,Human
3300013278,1148.497056,1936.604755,Human
3300013280,0.254407762,65.68145762,Human
3300013283,19.26838283,1392.104374,Human
3300013285,0,17.15084343,Human
3300013286,0.084254328,22.96569409,Human
3300013294,0.032812391,38.39125961,Human
3300013325,1.409560171,2235.45487,Human
3300013327,0,1556.129988,Human
3300013329,9.606719361,183.2405168,Human
3300013330,42.54041755,198.1636444,Human
3300013332,0,67.62140447,Human
3300013338,0,302.7566723,Human
3300013340,0,953.34987,Human
3300013341,5.107717557,1042.008324,Human
3300013342,0,1019.820453,Human
3300013344,20.04362535,1112.254046,Human
3300013345,1062.260599,1854.603382,Human
3300013346,143.5860272,268.7828146,Human
3300013347,29.88183066,342.9704035,Human
3300013349,2.121413412,581.0772069,Human
3300013352,45.66549045,1873.717278,Human
3300013353,2.170905794,391.8120599,Human
3300013354,2.172326041,1388.804832,Human
3300013356,0,2475.935634,Human
3300013362,69.37217071,416.5101656,Human
3300013365,3.761937188,1148.956788,Human
3300013370,22.67586114,250.0388761,Human
3300013374,0,32.76053164,Human
3300013375,2.286075916,394.0961558,Human
3300013377,0,19.32902375,Human
3300013379,25.49086266,1380.174517,Human
3300013381,2.957032496,462.4401356,Human
3300013382,3.024217615,88.09585602,Human
3300013383,0.800207689,31.02304738,Human
3300013384,1851.145216,3046.839494,Human
3300013389,2.233722767,767.777244,Human
3300013391,0,83.80659598,Human
3300013405,37.90639764,224.8453748,Human
3300013422,466.5842387,1136.607248,Human
3300013424,55.60801594,251.7369331,Human
3300013426,5.786114548,89.27781021,Human
3300013427,0,48.34718332,Human
3300013439,7.494920041,655.7429625,Human
3300013442,14.76967636,156.0171088,Human
3300013450,2.706622944,90.30666156,Human
3300013455,15.40165802,75.70062524,Human
3300013467,2.101836319,722.3381871,Human
3300013469,0,165.42645,Human
3300013481,6.283023923,1658.613502,Human
3300013482,0,731.3567304,Human
3300013484,1.22975818,367.6725537,Human
3300013485,0.355862579,152.0502987,Human
3300013486,5.854695562,408.6575439,Human
3300013489,0,599.2428778,Human
3300013491,0.699360658,4848.225042,Human
3300013493,1.132386001,472.6971088,Human
3300013494,2.55761925,1574.322764,Human
3300013495,1.432236785,871.2641604,Human
3300013497,0.012053211,718.42492,Human
3300013498,11.35028079,710.322974,Human
3300013499,16.98855177,140.62849,Human
3300013502,3.390721738,85.58093421,Human
3300013570,1.019007789,9714.887,Human
3300013583,2.862029234,83.10700131,Human
3300013586,0,863.0504062,Human
3300013599,0.437728407,2051.266886,Human
3300013612,0,2402.698439,Human
3300013618,0,2599.750845,Human
3300013621,0.664546059,2600.569397,Human
3300013622,37.48553585,293.2200998,Human
3300013626,0,2028.473202,Human
3300013627,5.831161322,3775.392853,Human
3300013630,1.268113659,458.9453236,Human
3300013631,2.570260911,627.4297069,Human
3300013632,292.1326527,7233.95938,Human
3300013634,0,762.7513239,Human
3300013635,0,391.9809214,Human
3300013636,0.780303772,914.054831,Human
3300013637,577.4076048,2378.096806,Human
3300013638,2.955434653,948.2981184,Human
3300013641,0,2303.337499,Human
3300013644,45.12435488,1779.593815,Human
3300013646,0,178.7475297,Human
3300013647,12.45373947,896.4223908,Human
3300013649,60.12067992,310.7169045,Human
3300013650,34.66537193,222.7101092,Human
3300013653,1.15883662,647.9491503,Human
3300013655,0,768.195258,Human
3300013656,137.8009268,2356.144809,Human
3300013660,714.0297894,2764.925515,Human
3300013665,0,130.6215238,Human
3300013667,0.970367888,995.4427822,Human
3300013669,0,1385.556045,Human
3300013671,0,741.6389701,Human
3300013678,3.053411183,924.4899275,Human
3300013679,724.1912113,3999.871322,Human
3300013683,0,1394.349135,Human
3300013684,0.665914796,487.2903184,Human
3300013685,0,1565.909503,Human
3300013690,3.009078563,981.1898063,Human
3300013692,0.394804599,1274.804191,Human
3300013693,47.38275173,910.5121337,Human
3300013697,0.954450966,911.0599993,Human
3300013701,0,1029.076535,Human
3300013702,1.057425063,343.540548,Human
3300013703,124.8940516,1783.717355,Human
3300013704,0.460677012,2624.603614,Human
3300013710,290.6588446,622.4880898,Human
3300013711,187.8261244,1763.494031,Human
3300013712,0.283287228,1349.788963,Human
3300013713,2.946869486,565.3490011,Human
3300013714,6.407692803,1032.740298,Human
3300013715,256.2519016,1346.130933,Human
3300013716,0.395554199,1390.262461,Human
3300013717,4.094941916,292.3878015,Human
3300013718,0,790.0064322,Human
3300013719,0.57726727,587.8384464,Human
3300013721,19.45138553,458.5089028,Human
3300013723,5.203373925,324.6671747,Human
3300013724,0,2085.457599,Human
3300013725,1.040147132,1080.706694,Human
3300013728,0.489592267,477.5858946,Human
3300013729,4.160277307,390.748014,Human
3300013732,3.338623942,814.9799753,Human
3300013734,61.43091333,511.4180703,Human
3300013736,0.857638501,1907.01441,Human
3300013749,62.62320895,284.4481079,Human
3300013751,14.72847424,292.8578294,Human
3300013752,369.5005461,506.8576435,Human
3300013753,54.07026295,114.6222447,Human
3300013758,0,48.39871414,Human
3300013759,0.04955286,4.836320496,Human
3300013763,0,35.6531471,Human
3300013764,0.040706049,50.45922287,Human
3300013765,0.019549655,64.98258705,Human
3300013766,0,63.4687228,Human
3300013769,39.02215881,189.7153903,Human
3300013770,0.031847071,54.52165717,Human
3300013771,15.13291026,118.474811,Human
3300013772,0.054178919,47.5823885,Human
3300013791,21.60771375,145.2963065,Human
3300013812,0.404727916,687.6710215,Human
3300013814,0,930.3850583,Human
3300013816,4.87867475,259.8062791,Human
3300013818,17.99371677,1009.837937,Human
3300013819,3.91497473,2341.235509,Human
3300013821,13.89848343,1147.453709,Human
3300013822,0,1366.670369,Human
3300013823,0.831478637,1232.049142,Human
3300013824,1.504417225,843.2712323,Human
3300013829,41.87187242,134.1885024,Human
3300013830,577.7198738,726.63571,Human
3300013833,38.62781569,206.4277546,Human
3300013838,0,1067.560247,Human
3300013839,0,1476.937682,Human
3300013845,4.7931387,1255.324647,Human
3300013849,0,1533.606397,Human
3300013850,0,1027.140594,Human
3300013851,1.320516939,1107.584114,Human
3300013853,0,1805.579723,Human
3300013854,0,808.9172542,Human
3300013855,0,717.9592053,Human
3300013856,61.64092639,1060.16229,Human
3300013900,63.10897846,139.140438,Human
3300013901,0,118.325475,Human
3300013902,0,50.46308823,Human
3300013903,455.1325655,1523.201666,Human
3300013908,0,714.0219173,Human
3300013916,0,28.79370093,Human
3300013917,1.540628729,2502.023697,Human
3300013918,189.2732604,1009.665379,Human
3300013919,14.15989353,840.300335,Human
3300013921,8.021965241,1086.576233,Human
3300013922,1.672401082,248.4113014,Human
3300013924,3.361069179,830.1677808,Human
3300013925,0,1026.33466,Human
3300013927,52.83002476,1893.50679,Human
3300013928,10.18485927,284.4851943,Human
3300013931,0,269.6547481,Human
3300013932,0,298.6953548,Human
3300013933,3.991577088,1157.293901,Human
3300013934,0.295597075,970.0223235,Human
3300013935,3.089415657,182.7041769,Human
3300013938,179.3429574,1552.728093,Human
3300013939,3.018457625,2958.833664,Human
3300013940,117.781854,299.0743572,Human
3300013942,64.28634135,4617.811578,Human
3300013947,4.541723823,43.52410407,Human
3300013958,565.0997764,1309.334513,Human
3300013974,0,583.7574962,Human
3300013977,0.64043452,11.56113703,Human
3300013978,0,882.8265723,Human
3300013980,12.18980029,1108.458146,Human
3300013981,0,2150.826368,Human
3300013982,0,811.6033356,Human
3300013983,0,857.0836999,Human
3300013985,0,2202.885977,Human
3300013986,0.698141623,889.5718967,Human
3300013987,6.499398267,778.0188031,Human
3300013989,0.847210902,794.8350855,Human
3300013990,0.314693585,1517.85832,Human
3300013992,423.6167301,1600.723847,Human
3300013994,0,955.7330218,Human
3300013995,71.94292901,2064.280251,Human
3300013996,0,852.9269726,Human
3300013997,0,831.7619177,Human
3300013998,0,897.8036621,Human
3300013999,1.028363347,846.0000183,Human
3300014001,148.8040247,2915.612186,Human
3300014002,0,608.5607543,Human
3300014004,0,1657.020059,Human
3300014005,1.23528465,206.0498127,Human
3300014007,0.397633161,554.1919945,Human
3300014008,1.434312814,1427.087738,Human
3300014009,12.80001024,338.3795734,Human
3300014010,9.874372311,292.9687397,Human
3300014011,6.718956236,783.2479934,Human
3300014013,12.40002571,1021.103762,Human
3300014014,184.2921116,2227.699169,Human
3300014015,0.844888707,630.8249689,Human
3300014016,5.766139933,728.7707283,Human
3300014018,1.485763297,959.2452986,Human
3300014020,0.465920676,740.3451164,Human
3300014024,11.38991752,249.78835,Human
3300014025,135.2009121,422.5116578,Human
3300014026,30.86063654,135.7080292,Human
3300014028,258.6017586,385.2075559,Human
3300014029,0.205843378,46.58812416,Human
3300014030,0,10.30558471,Human
3300014037,102.4917355,280.0296164,Human
3300014039,2.748709738,29.37178712,Human
3300014040,219.3563095,430.0311008,Human
3300014042,1.290268381,246.1750294,Human
3300014044,0,1593.290686,Human
3300014045,1.551779087,618.0079066,Human
3300014047,407.3897107,481.7357514,Human
3300014048,3.254714868,459.8307712,Human
3300014049,3.97247936,851.8146829,Human
3300014050,0,20.05394308,Human
3300014055,73.06144724,262.0221438,Human
3300014056,0,37.97165928,Human
3300014057,588.1561936,675.1892273,Human
3300014058,0.679599793,77.18371221,Human
3300014059,25.54250054,113.2526476,Human
3300014062,85.62396595,1448.893117,Human
3300014063,0.134662463,1507.282238,Human
3300014064,0.527258063,675.9903451,Human
3300014065,0.744399923,751.7698127,Human
3300014066,58.49288338,852.9253682,Human
3300014068,0.422701387,279.9761586,Human
3300014070,1.924255037,457.9448529,Human
3300014071,114.3484882,527.3102247,Human
3300014073,12.42405648,1419.835918,Human
3300014086,1.819847345,879.7102894,Human
3300014087,13.3005352,1747.952361,Human
3300014091,14.63308748,1338.075683,Human
3300014092,0,254.0741799,Human
3300014093,134.4095445,1730.612939,Human
3300014094,0.161268482,2571.712938,Human
3300014095,13.13779033,666.4886374,Human
3300014151,0.150270412,60.28742836,Human
3300014152,0,39.99214109,Human
3300014153,0.022097523,47.00613093,Human
3300014155,0.029891666,45.55384701,Human
3300014156,0.090502043,69.75080455,Human
3300014158,0.233081292,70.60169217,Human
3300014159,0.127114672,74.36481999,Human
3300014162,0,111.3463311,Human
3300014165,0.351980432,76.17354179,Human
3300014167,0.032247142,133.9214958,Human
3300014168,0.124887237,85.21344589,Human
3300014199,0,139.6668683,Human
3300014200,0.029533692,60.77072288,Human
3300014201,0,77.12264359,Human
3300014203,31.23420299,144.4739153,Human
3300014204,1.006405156,24.76827843,Human
3300014205,1.012660785,52.09045187,Human
3300014206,36.92625032,133.3305689,Human
3300014208,0.071631744,21.24822234,Human
3300014284,3.421829974,152.034309,Human
3300014287,49.41270302,750.3980132,Human
3300014490,0.141629245,48.83749894,Human
3300014491,0.082390987,148.8449616,Human
3300014492,0,72.84704867,Human
3300014493,0,58.28096396,Human
3300014494,0.019970415,41.45131964,Human
3300014496,0,36.4824965,Human
3300014498,0,47.84883266,Human
3300014503,0.262791365,558.8710731,Human
3300014505,633.6228007,4510.699821,Human
3300014507,304.0411905,1640.682265,Human
3300014510,19.41740599,16286.85122,Human
3300014511,17.99750859,2355.719722,Human
3300014512,0,10443.70441,Human
3300014513,239.3079528,1132.104684,Human
3300014514,305.8948149,6743.747726,Human
3300014515,1.169153795,7139.774096,Human
3300014516,200.5778826,321.8107372,Human
3300014518,7.172550266,1963.551136,Human
3300014519,1003.196385,3817.229837,Human
3300014520,109.1369368,1731.680825,Human
3300014521,59.21596619,480.7078459,Human
3300014522,640.8067794,1582.816018,Human
3300014523,7.276658044,6683.44989,Human
3300014524,2.896252725,1073.186337,Human
3300014525,518.8683112,731.4779469,Human
3300014526,4.004060083,478.1566816,Human
3300014527,933.3599732,1508.990525,Human
3300014528,241.6953693,764.0378923,Human
3300014529,204.0125974,2638.696801,Human
3300014530,146.8398563,522.2056142,Human
3300014531,237.6003712,818.8195312,Human
3300014532,1231.536743,6520.55725,Human
3300014533,251.6259581,3744.595018,Human
3300014534,1593.33513,2580.419514,Human
3300014535,49.48881201,480.6667749,Human
3300014536,1111.544495,1591.882865,Human
3300014537,501.7225269,654.6714917,Human
3300014538,649.0874714,887.8762954,Human
3300014539,163.5867278,644.0419245,Human
3300014540,502.8572059,673.8305156,Human
3300014542,1228.182296,1904.003255,Human
3300014543,90.26097822,326.9749559,Human
3300014544,635.9192314,843.9278777,Human
3300014545,576.6337296,1249.732405,Human
3300014546,597.1431512,856.1166097,Human
3300014547,522.2650693,679.6606051,Human
3300014548,544.7222892,813.6000693,Human
3300014549,392.4901647,630.1783873,Human
3300014550,517.6546904,1201.41921,Human
3300014551,480.5935044,796.9783739,Human
3300014552,526.3061334,784.8039666,Human
3300014553,715.4591824,986.7349409,Human
3300014555,480.0469467,758.7689474,Human
3300014556,788.9398494,1080.338497,Human
3300014557,328.7401593,615.8489381,Human
3300014558,378.749201,583.1902347,Human
3300014559,535.9674299,1275.62114,Human
3300014560,509.2300014,782.6263065,Human
3300014561,1196.326319,1378.757754,Human
3300014562,588.2920502,969.7902023,Human
3300014563,639.4707516,1054.987913,Human
3300014564,388.3411036,614.5826201,Human
3300014565,75.45669455,179.0943832,Human
3300014566,543.7280695,748.7436868,Human
3300014567,0,993.3099606,Human
3300014570,890.355558,1216.379086,Human
3300014571,586.3761093,776.8601613,Human
3300014572,475.4741636,687.2769874,Human
3300014573,502.1379477,723.8222135,Human
3300014576,0.307213365,770.4170215,Human
3300014579,0,275.104768,Human
3300014581,0,799.9668421,Human
3300014582,2445.763002,3638.549572,Human
3300014583,503.2471177,2967.938174,Human
3300014585,0.289532273,1242.78768,Human
3300014588,1.586556918,671.8229906,Human
3300014589,0,1975.280328,Human
3300014590,193.0819212,1954.072653,Human
3300014592,11.08147926,600.9260805,Human
3300014593,0.776189226,2247.301816,Human
3300014594,20.74637798,1203.750604,Human
3300014595,0.523485522,735.6744968,Human
3300014596,0,934.3586662,Human
3300014597,4.30064224,5130.868342,Human
3300014599,0.91521206,453.194527,Human
3300014600,0.95475953,1283.84653,Human
3300014601,329.6622389,1721.182907,Human
3300014602,8.695776739,2270.866286,Human
3300014603,0.466717962,362.3283729,Human
3300014604,0.127710883,793.213326,Human
3300014605,0.597077195,972.3745393,Human
3300014607,4.782373134,689.3900132,Human
3300014608,40.14090617,655.4102674,Human
3300014609,54.66574361,755.6259836,Human
3300014610,13.69578229,615.4845232,Human
3300014611,1.157078699,320.5586458,Human
3300014612,5.265741192,567.9003921,Human
3300014613,0.015033485,513.6397169,Human
3300014614,4.091596262,175.0857995,Human
3300014615,0,941.8176284,Human
3300014616,0.16167472,2342.099396,Human
3300014619,0,598.5863214,Human
3300014620,9.091122471,120.3900418,Human
3300014621,0,357.8965646,Human
3300014622,2.380497348,992.2377449,Human
3300014623,0,824.0591977,Human
3300014624,0.220270031,2179.035209,Human
3300014625,0,103.4654145,Human
3300014626,0.321655334,266.5770752,Human
3300014627,1.411127114,482.0670033,Human
3300014628,4.518368606,365.9473694,Human
3300014629,0,1161.78877,Human
3300014630,0,537.6500532,Human
3300014631,0.40183735,656.1141614,Human
3300014632,0,441.0904303,Human
3300014633,0,50.5418,Human
3300014634,0,771.2323365,Human
3300014635,0,783.6309686,Human
3300014636,0,2042.408557,Human
3300014637,0.469376565,1548.388058,Human
3300014638,0.089780907,58.01840081,Human
3300014640,7.406595897,663.6916056,Human
3300014641,0.367915385,2090.743459,Human
3300014642,0,572.164793,Human
3300014643,0.961132124,887.8199335,Human
3300014644,0,457.2484161,Human
3300014645,1.785650986,370.8378819,Human
3300014646,0.38040045,268.1650091,Human
3300014647,0,625.1603125,Human
3300014648,0,792.3324063,Human
3300014649,11.32424907,1298.966642,Human
3300014650,3.497160607,1254.216552,Human
3300014653,0,408.8754368,Human
3300014655,0,65.92620423,Human
3300014656,0,4.290990258,Human
3300014658,0.087548321,114.1453005,Human
3300014663,0.669750304,1300.147617,Human
3300014664,0.567388094,3185.458887,Human
3300014665,0.556935471,756.6389484,Human
3300014666,30.44735901,175.1446907,Human
3300014667,20.17093596,1017.653069,Human
3300014669,0.428300178,162.8224975,Human
3300014670,2.604558685,661.2921714,Human
3300014671,0,864.1234094,Human
3300014673,0.564770249,280.1769888,Human
3300014675,0.304793514,214.2112864,Human
3300014677,9.210755544,632.4542254,Human
3300014678,0,961.2424877,Human
3300014679,1.038043131,326.9111417,Human
3300014680,5.938437937,1162.190087,Human
3300014681,0.715409766,835.2420013,Human
3300014682,1.536332816,6373.588698,Human
3300014684,38.16887,2063.988516,Human
3300014685,0,693.7800813,Human
3300014686,0,5.343244825,Human
3300014687,0.306569486,357.9979586,Human
3300014688,83.85859336,207.0896291,Human
3300014689,394.8008564,2307.741707,Human
3300014690,5.027645467,1252.952115,Human
3300014691,1.221259006,1321.106405,Human
3300014693,6.537402158,929.3374791,Human
3300014694,7.357264208,682.7583813,Human
3300014695,58.45230439,443.7289136,Human
3300014697,14.87135706,1104.764601,Human
3300014699,0.50228602,903.3645632,Human
3300014700,4.267770398,711.4806483,Human
3300014701,0.548955505,630.3576761,Human
3300014702,4.615842594,636.6859248,Human
3300014703,408.116442,649.4353038,Human
3300014705,3.573864486,721.5507311,Human
3300014707,0,254.8731278,Human
3300014709,908.0936493,1068.098714,Human
3300014713,0.399251107,141.1761891,Human
3300014715,16.72671252,451.0791744,Human
3300014718,0,1656.620847,Human
3300014721,411.3332547,3796.754192,Human
3300014722,49.2726278,879.3042532,Human
3300014724,10.80464276,299.6089859,Human
3300014725,12.82597351,748.2748223,Human
3300014726,4.98836041,1298.945983,Human
3300014728,7.473027211,571.7613421,Human
3300014729,0,152.9791187,Human
3300014731,22.54152202,10538.16806,Human
3300014733,2.688582693,409.8360585,Human
3300014734,15.11132133,1084.980205,Human
3300014736,5.039620805,482.8201818,Human
3300014737,608.1369177,4241.827553,Human
3300014738,59.51212834,1823.325005,Human
3300014739,97.07390765,2457.097555,Human
3300014740,0,1468.02068,Human
3300014743,820.3130728,1539.177699,Human
3300014744,689.5496094,1052.042292,Human
3300014746,35.54958432,2516.111082,Human
3300014747,576.4185012,5153.830809,Human
3300014748,676.529944,1113.736502,Human
3300014749,331.9006652,1225.959776,Human
3300014750,1091.996079,1669.442104,Human
3300014751,357.6968836,461.1345677,Human
3300014752,178.5006623,563.7869808,Human
3300014754,531.5424002,1172.166177,Human
3300014755,86.76573208,244.5838554,Human
3300014757,406.9502439,844.3744123,Human
3300014760,587.781828,847.124169,Human
3300014761,740.3345468,1053.664448,Human
3300014762,412.2007679,667.6682633,Human
3300014764,84.79185141,914.9830831,Human
3300014765,3.576090131,970.0098451,Human
3300014769,425.4668523,692.9091798,Human
3300014770,858.5721421,2119.179707,Human
3300014776,708.5571879,1297.348526,Human
3300014778,774.1308217,1080.599458,Human
3300014779,0,60.79391934,Human
3300014781,481.8769386,1275.056621,Human
3300014782,1488.022373,1882.698519,Human
3300014783,403.5340644,602.793794,Human
3300014784,913.0887642,1325.270615,Human
3300014786,0.290927277,84.07710426,Human
3300014787,756.4135184,1078.888004,Human
3300014788,646.2272483,1263.890103,Human
3300014789,493.7640439,695.6440286,Human
3300014790,637.5105897,914.5885345,Human
3300014791,528.0241046,1170.524126,Human
3300014792,1097.537801,1653.243968,Human
3300014793,502.4801416,839.8591967,Human
3300014794,660.0905022,1046.636669,Human
3300014797,457.4439683,958.0658143,Human
3300014798,631.0071009,883.4565106,Human
3300014799,450.6593118,777.0758001,Human
3300014800,412.5760677,703.1313091,Human
3300014801,2.315765143,19.48587319,Human
3300014802,418.675693,1027.058192,Human
3300014803,350.9821298,647.2048318,Human
3300014804,774.6826909,1302.687531,Human
3300014806,491.4623045,701.6185963,Human
3300014807,707.7308119,1047.97415,Human
3300014808,485.7448597,704.9970611,Human
3300014810,72.257555,257.9155517,Human
3300014815,100.2054255,259.8554188,Human
3300014819,0,4.011089595,Human
3300014820,0.855940572,103.8769771,Human
3300014823,0.034364854,38.27681284,Human
3300014824,293.2551193,539.0688249,Human
3300014826,535.2429399,615.8997297,Human
3300014827,0.024558442,68.41081967,Human
3300014831,74.35831269,356.6419542,Human
3300014832,41.58988656,160.8298555,Human
3300014833,229.9222148,999.453838,Human
3300014838,0.056355595,72.27499027,Human
3300014841,0,555.3857463,Human
3300014843,0,30.57777938,Human
3300014844,0.702894007,132.2587521,Human
3300014846,15.59707388,3588.232884,Human
3300014889,0,41.65524879,Human
3300014890,0.354942483,117.9711342,Human
3300014893,1205.220266,17254.22795,Human
3300014894,4.242570873,353.2160329,Human
3300014895,2529.249724,5427.87256,Human
3300014896,7.123164459,1120.272919,Human
3300014897,0,908.6262377,Human
3300014898,0,68.99295907,Human
3300014900,0,1700.995662,Human
3300014901,0,1884.730376,Human
3300014902,2.241856425,2068.109927,Human
3300014905,55.26585884,368.5824205,Human
3300014906,0,511.8417509,Human
3300014910,2.865911253,379.9883204,Human
3300014912,1.215438874,494.8878366,Human
3300014915,5.572304389,800.3419039,Human
3300014916,319.3489645,407.861702,Human
3300014919,285.2539436,658.1883576,Human
3300014921,56.47827352,681.4234064,Human
3300014922,17.61414574,1916.829322,Human
3300014927,696.7935171,3318.123855,Human
3300014928,1111.454681,1774.002461,Human
3300014929,0,164.3018378,Human
3300014930,0,131.2901949,Human
3300014931,367.5500585,513.142182,Human
3300014934,614.3975181,1064.206628,Human
3300014935,299.4781909,449.8196026,Human
3300014936,82.14570241,2520.722702,Human
3300014937,595.2651812,737.9288671,Human
3300014938,1370.937197,1759.415577,Human
3300014939,382.491482,580.1961241,Human
3300014941,2084.403598,3076.173573,Human
3300014943,854.3338988,1042.624242,Human
3300014944,1633.969278,1976.393033,Human
3300014945,0.937047975,61.884223,Human
3300014946,247.9741895,413.2483798,Human
3300014947,248.0684473,542.6508702,Human
3300014948,211.3517538,583.1508664,Human
3300014949,430.9138334,734.528551,Human
3300014950,351.0488969,1236.055662,Human
3300014951,70.76949685,1051.492748,Human
3300014952,450.8431784,622.3978569,Human
3300014953,1004.759048,1852.03524,Human
3300014954,356.5052969,631.2471003,Human
3300014955,791.7543438,1191.910259,Human
3300014956,564.8781292,911.0844037,Human
3300014957,18.43822346,101.6002575,Human
3300014958,567.709858,764.7988491,Human
3300014961,113.3870673,465.6677626,Human
3300014962,0.605438984,30.52299748,Human
3300014963,291.8140989,1089.915399,Human
3300014964,120.9212113,168.0830942,Human
3300014970,811.211702,2986.821391,Human
3300014971,539.6752153,798.7461029,Human
3300014972,1096.186983,1792.493996,Human
3300015056,0.681959471,200.6632269,Human
3300015060,0.893850882,731.9161829,Human
3300015207,68.4221216,117.2277062,Human
3300015360,0.031999335,29.49170587,Human
3300015370,0.02097405,11.03631549,Human
3300016422,0.020720446,78.06008279,Human
3300016445,0.011536676,78.13174522,Human
3300016461,5.441752514,84.75775307,Human
3300017386,0,0.894056735,Human
3300017388,0.027802547,21.72505855,Human
3300017389,0.015720735,7.303995957,Human
3300017391,0,0.205197185,Human
3300017398,0,0.907783823,Human
3300017399,0,31.54091869,Human
3300017400,0,1.126698391,Human
3300017401,0,10.9408507,Human
3300017402,0.55542257,1.090061692,Human
3300017405,0.252069872,52.65436815,Human
3300017406,0.07029909,22.76236723,Human
3300017416,0.013680096,68.11376915,Human
3300017418,0.02806463,46.04673139,Human
3300017423,0.09988376,51.0642411,Human
3300017426,0,63.92247906,Human
3300017429,0.062110046,2.164696594,Human
3300017431,0,25.5661299,Human
3300017434,0.167083618,24.72548711,Human
3300017437,0,18.36396451,Human
3300017441,0,25.81343382,Human
3300017444,0,49.23595494,Human
3300017448,0.013728686,74.6734098,Human
3300017449,0,9.056195624,Human
3300017451,0,10.15178129,Human
3300017452,0.014127368,14.95047611,Human
3300017453,0.085445623,33.57695259,Human
3300017458,0.021344447,29.20903635,Human
3300017463,0,18.2332429,Human
3300017467,0.139239602,359.469279,Human
3300017470,0,11.97229932,Human
3300017473,0,12.07596347,Human
3300017477,0,5.300269657,Human
3300017480,0,79.16686115,Human
3300017485,0,45.48927573,Human
3300017490,0.052207734,11.96951681,Human
3300017494,0,43.12510178,Human
3300017498,0,10.11400595,Human
3300017501,0,4.1969976,Human
3300017505,0.125855905,45.81319763,Human
3300017509,0,28.97248116,Human
3300017513,0,1.043308794,Human
3300017518,0,37.52520874,Human
3300017522,0,13.2220092,Human
3300017526,0,9.718708371,Human
3300017531,0,7.28112485,Human
3300017532,0.033549617,22.56133979,Human
3300017533,0,4.615083213,Human
3300017540,4.154639373,209.3410493,Human
3300017544,0.188919815,763.6632168,Human
3300017548,0.227495049,291.795096,Human
3300017553,0.936878438,435.5029187,Human
3300017560,1.155190552,286.4366318,Human
3300017565,0.445026591,267.3074898,Human
3300017646,0.306465823,194.1992386,Human
3300017647,1.025172575,265.3552806,Human
3300017648,0.962423854,161.9253946,Human
3300017649,4.276176085,354.8843466,Human
3300017650,0.626992892,235.6543453,Human
3300017651,0.739535814,197.0603008,Human
3300017652,0.643429054,271.8269483,Human
3300017653,0.563040325,164.1303979,Human
3300017655,0.36575189,264.868412,Human
3300017658,2.932632038,189.5940275,Human
3300017687,0,78.09438294,Human
3300017688,0,75.98143426,Human
3300017788,0.131104908,34.93587618,Human
3300017789,0,110.5122374,Human
3300017816,4.305879331,78.13952447,Human
3300017817,1.938159698,179.955477,Human
3300017818,0.049189279,9.111278332,Human
3300017821,0,66.53314119,Human
3300017919,0,0.739746567,Human
3300017925,0.044868653,46.51992893,Human
3300017929,0,59.3928277,Human
3300017931,0,32.24585786,Human
3300017932,0.02899391,88.27279617,Human
3300017934,0,41.40619696,Human
3300017935,0,44.11663878,Human
3300017936,0.040081255,69.39175079,Human
3300017937,0.529823879,109.719366,Human
3300017938,0.024834432,38.36047575,Human
3300017940,0.023712245,45.30241376,Human
3300017941,0.036573287,31.46238276,Human
3300017942,0,83.10869873,Human
3300017946,0,68.09357876,Human
3300017950,0.031758627,4.653531024,Human
3300017951,0.00772893,5.644510737,Human
3300017957,0.006785638,5.390371456,Human
3300017960,0,57.13087352,Human
3300017963,0.019565913,5.772422949,Human
3300017964,0.015928701,8.888422441,Human
3300017968,0,10.3949386,Human
3300017969,0,9.424706161,Human
3300017970,0.161732353,91.43307243,Human
3300017971,0.099583393,5.896586466,Human
3300017972,0.044239981,75.05548901,Human
3300017974,0,69.51305138,Human
3300017975,0.00718268,65.89764119,Human
3300017986,0.032311724,4.691351194,Human
3300017987,0.052692894,18.38443223,Human
3300017988,0,117.9946761,Human
3300017989,0.046796791,17.28009103,Human
3300017990,0.015790681,51.75121141,Human
3300017991,0.013199053,11.78218896,Human
3300017992,0.010003942,23.6429736,Human
3300017996,0.020814975,35.37708796,Human
3300017998,0,25.05690714,Human
3300018003,0,36.67666901,Human
3300018004,0,28.15752798,Human
3300018008,0,40.84344838,Human
3300018009,0.095255812,41.97888505,Human
3300018012,0,54.32291113,Human
3300018013,0,44.71775361,Human
3300018014,0.02688694,50.60994672,Human
3300018015,0,31.08195853,Human
3300018016,0,41.02033613,Human
3300018017,0,41.08116107,Human
3300018018,0,23.57724931,Human
3300018019,0.024249663,35.0632732,Human
3300018020,0,29.24629107,Human
3300018021,0,30.53687595,Human
3300018022,0,47.31735062,Human
3300018023,0.043868615,36.90860212,Human
3300018024,0,36.97842903,Human
3300018025,0.110620441,52.60080536,Human
3300018026,0,39.80056244,Human
3300018030,0.047601717,44.92857273,Human
3300018033,0,53.84298625,Human
3300018035,0.05442674,62.6370189,Human
3300018037,0,62.45331425,Human
3300018038,0.015408507,55.98827534,Human
3300018039,0.019039174,18.08472441,Human
3300018040,0,48.73423158,Human
3300018042,0.060625301,68.27063003,Human
3300018043,0.090414151,62.75558102,Human
3300018044,0.023218029,69.0125352,Human
3300018046,0.009560829,65.89435811,Human
3300018065,0.034335717,79.3905251,Human
3300018080,0.016942545,9.218079468,Human
3300018089,0.024643353,54.47419625,Human
3300018405,109.5978005,211.0141962,Human
3300018411,66.38675442,168.640097,Human
3300018412,76.09296177,180.7405186,Human
3300018415,0,7.47267884,Human
3300018422,0,122.7464825,Human
3300018423,0.009245923,11.39872118,Human
3300018424,0,6.643068808,Human
3300018426,0.008336543,3.913710691,Human
3300018427,71.59847641,145.3013024,Human
3300018430,69.2204013,144.89334,Human
3300018475,86.51179878,208.2483585,Human
3300018476,0.007765061,112.7935548,Human
3300018790,0,75.26820949,Human
3300018815,0,100.273906,Human
3300018868,0.018774374,75.70794266,Human
3300018878,88.00943414,199.0099368,Human
3300018920,0.022315625,125.4068057,Human
3300019082,0.040224665,34.15712177,Human
3300019360,0.07125145,90.46081765,Human
3300019371,23.9107919,1166.030996,Human
3300019372,72.49762668,2176.12509,Human
3300019373,14.34161618,2295.1742,Human
3300019374,98.53090341,2886.669367,Human
3300019375,10.13337252,21.18676177,Human
3300019376,24.08511846,76.42932891,Human
3300019458,0.009084648,57.88090975,Human
3300019487,0,44.31309695,Human
3300019740,0,17.53803607,Human
3300019752,0.085178676,18.60267233,Human
3300019754,0,10.53582949,Human
3300019759,0,11.48020928,Human
3300019760,0,8.341458021,Human
3300019761,0,7.837717805,Human
3300019762,0.076080086,13.66020359,Human
3300019763,0.043449258,12.24462739,Human
3300019764,0,10.91376324,Human
3300019766,0.148144183,10.00803296,Human
3300019767,0.041846518,243.0261196,Human
3300019935,0.112553658,15.62349377,Human
3300020025,0,0.56467263,Human
3300020051,0.157597551,6.686398411,Human
3300020052,0.450434336,20.86624193,Human
3300020054,0,28.96714989,Human
3300020055,0,5.899590826,Human
3300020056,0,8.999990568,Human
3300020057,0.041303173,29.36332492,Human
3300020079,21.98348987,50.16738733,Human
3300020083,0.367265957,46.10193361,Human
3300020084,0.283998724,30.91603395,Human
3300020139,0,5.184140749,Human
3300020145,0.020815275,4.478194067,Human
3300020153,0,10.55316265,Human
3300020166,0.067455631,3.901018912,Human
3300020168,0.031595961,22.89215837,Human
3300020169,0.010532321,2.89949258,Human
3300020171,0.565547083,63.82307557,Human
3300020173,0.194245996,12.13307856,Human
3300020175,0.055437011,1.659765692,Human
3300020176,0.320633928,16.21684532,Human
3300020177,0.329928061,14.44974848,Human
3300020178,0.140466778,4.112085029,Human
3300020179,0.035760146,49.86850459,Human
3300020180,0.297763646,23.14831023,Human
3300020182,0.031136646,3.632519699,Human
3300020183,0.043984439,13.73000285,Human
3300020184,0.010022885,18.03283346,Human
3300020185,0.006863436,2.008277975,Human
3300020186,0.023953577,36.81652325,Human
3300020187,0.060214973,2.65683464,Human
3300020188,0.016291306,9.868148173,Human
3300020189,0.0129672,15.63117672,Human
3300020191,0.007075926,9.115432419,Human
3300020193,0.12210917,24.81492669,Human
3300020194,0.068543404,8.516279743,Human
3300020195,0,32.35352367,Human
3300020196,0.307118688,46.53560911,Human
3300020197,0.237790161,28.17045548,Human
3300020198,0.147846003,44.19686912,Human
3300020200,0.109055891,26.20459771,Human
3300020201,0.021271396,21.34178764,Human
3300020204,0.209426948,28.07587878,Human
3300020207,0,3.452918853,Human
3300020213,0.032731726,30.04861411,Human
3300020219,0.040042998,31.97707474,Human
3300020220,0.021193399,31.60747198,Human
3300020222,0.334654361,25.10618592,Human
3300020298,0.12795735,5.797523871,Human
3300020307,0.312009036,15.0310244,Human
3300020310,0.038214502,0.951328077,Human
3300020326,0.081723283,6.183304016,Human
3300020331,0.414766623,5.869094361,Human
3300020344,0.064820487,5.894682845,Human
3300020346,0.01665619,2.112828017,Human
3300020349,0.123295835,3.163347875,Human
3300020358,0.028502642,1.305165914,Human
3300020359,0.027760722,2.047559711,Human
3300020360,0.054659566,3.261976772,Human
3300020361,0.08815747,5.225791272,Human
3300020362,0.00921271,3.327598726,Human
3300020364,0.150105851,5.961377341,Human
3300020367,0.518063231,6.361661523,Human
3300020369,3.642887661,16.63856675,Human
3300020371,0,6.082323969,Human
3300020373,0.188636764,7.798406984,Human
3300020376,0.007180053,2.502180369,Human
3300020377,0.025550193,2.024695985,Human
3300020378,0.068717034,1.323307024,Human
3300020381,0.01498216,0.940363033,Human
3300020382,0.033459498,1.108652529,Human
3300020383,0.186483951,8.406754501,Human
3300020385,0.121839826,11.9615163,Human
3300020386,0.043609724,2.402294178,Human
3300020387,0.119468252,3.039699096,Human
3300020388,0.079862194,2.435521893,Human
3300020389,0.098825422,6.872519842,Human
3300020390,0.122017893,8.845565225,Human
3300020391,0.095639315,3.336847577,Human
3300020392,0.036814477,1.509752398,Human
3300020393,0.063899983,3.682147429,Human
3300020394,0.128037575,5.941100589,Human
3300020396,0.084772322,1.273431905,Human
3300020397,0.086706386,9.336093901,Human
3300020398,0.092143016,7.341842692,Human
3300020399,0.264982106,12.62068743,Human
3300020400,0.039443852,1.83804658,Human
3300020401,0.117525418,1.317137982,Human
3300020402,0.019319518,1.432742714,Human
3300020403,0.022693934,2.006079105,Human
3300020407,0.307413328,17.78444959,Human
3300020408,0.02305429,3.3681973,Human
3300020411,0.05927591,2.060438777,Human
3300020412,0.023440994,3.688278879,Human
3300020413,0,0.858965724,Human
3300020415,0.024098014,8.785659297,Human
3300020416,0.075874765,1.529521836,Human
3300020417,0.193583784,3.750330738,Human
3300020418,0.061954137,3.58580748,Human
3300020419,0.036196449,1.430156946,Human
3300020420,0.004704552,1.308722483,Human
3300020421,0.063386673,1.063965428,Human
3300020422,0.042964628,2.770481269,Human
3300020423,0.148788567,7.012643537,Human
3300020424,0.062028438,3.005286941,Human
3300020425,0.004042169,4.412722888,Human
3300020426,0.370143871,21.08225627,Human
3300020427,0.540699591,18.01336802,Human
3300020428,0.045477484,0.829599302,Human
3300020429,0.231046424,9.802788794,Human
3300020430,0.030512534,5.214602614,Human
3300020431,0.017796845,2.06248343,Human
3300020432,0.0076415,2.957477826,Human
3300020433,0.07407188,3.619414953,Human
3300020435,0.071383309,5.135854,Human
3300020436,0.153080342,2.793911942,Human
3300020438,0.065539836,1.193318137,Human
3300020439,0.029116163,6.441736772,Human
3300020442,0.040829508,3.4027955,Human
3300020444,0.059676547,5.321831275,Human
3300020445,0.088141294,1.37910853,Human
3300020446,0.033338776,1.81899799,Human
3300020448,0.061206422,1.84921796,Human
3300020449,0.05227538,3.085972209,Human
3300020450,0.012519286,0.810253649,Human
3300020451,0.401192911,2.203609043,Human
3300020453,0.012196427,0.992853561,Human
3300020454,0.010776817,0.737908646,Human
3300020457,0.250743367,1.346070589,Human
3300020458,0.232061501,11.58255219,Human
3300020460,0.0187794,2.20138319,Human
3300020462,0.009788521,1.179568111,Human
3300020463,0.146748337,2.199890355,Human
3300020464,0.496382838,6.267324138,Human
3300020465,0.019192372,0.830907553,Human
3300020467,0.023443002,1.27058005,Human
3300020469,0.056211135,1.058693019,Human
3300020470,0.318940534,3.455828858,Human
3300020471,0.125537895,2.809336286,Human
3300020472,0.023379294,3.299986543,Human
3300020473,0.182349797,10.60463654,Human
3300020475,0,0.912132654,Human
3300020476,0.02158396,4.931930106,Human
3300020477,0.447109028,10.54654851,Human
3300020478,0.143702647,4.134584615,Human
3300020578,0.055594507,31.09041351,Human
3300020580,0.115090955,88.1577935,Human
3300020582,0.020867708,178.9441331,Human
3300020591,0.28023174,671.2984549,Human
3300020592,0.57835778,245.916078,Human
3300020593,0.151510847,331.3578084,Human
3300020594,0.421066004,682.85106,Human
3300020595,0.01552005,1.95166131,Human
3300020596,0.168247638,23.61971018,Human
3300020599,0.832094905,253.3174362,Human
3300020601,0.031765217,8.905683324,Human
3300020603,0.126924152,34.7983456,Human
3300020677,0,4.000724878,Human
3300020679,0,13.59502179,Human
3300020680,0.149133059,15.59928035,Human
3300020681,0,24.86189467,Human
3300020682,0,10.49803182,Human
3300020683,0.200437908,20.11583865,Human
3300020684,0,24.7989413,Human
3300020685,0.16281069,27.57916046,Human
3300020686,0,9.84975588,Human
3300020687,0,19.38371881,Human
3300020688,0,14.4189999,Human
3300020689,0,15.63370852,Human
3300020690,0,23.96497044,Human
3300020691,0.141624837,15.19836591,Human
3300020692,0,24.88777139,Human
3300020694,0.105685977,15.74619654,Human
3300020695,0,15.1187137,Human
3300020697,0,22.1273699,Human
3300020698,0.297930041,17.45458374,Human
3300020699,0,18.73195413,Human
3300020700,0,20.60716113,Human
3300020701,0.488380203,19.16777514,Human
3300020702,1.573773545,29.00149467,Human
3300020703,0,23.27574238,Human
3300020704,0.098203774,26.30804176,Human
3300020705,0,21.43452606,Human
3300020706,0,23.7543544,Human
3300020707,0.102212998,16.32049091,Human
3300020708,0,24.53606223,Human
3300020709,0.484328956,23.7454231,Human
3300020710,0.12516181,14.13710648,Human
3300020711,0.097166151,13.10735589,Human
3300020712,0,31.63880245,Human
3300020713,0,21.92644414,Human
3300020714,0,10.69657302,Human
3300020715,0,30.00563279,Human
3300020716,0,8.993477913,Human
3300020717,0,25.85691448,Human
3300020718,0,14.55166746,Human
3300020719,0,23.94294468,Human
3300020720,0,27.78610943,Human
3300020721,0.084860443,18.10464469,Human
3300020722,0.714287672,26.41757711,Human
3300020723,0,30.69674229,Human
3300020724,1.235264764,32.15904802,Human
3300020725,0,10.03670434,Human
3300020726,0,20.17573269,Human
3300020729,0,19.18271916,Human
3300020730,0,24.36781249,Human
3300020731,0.087533611,6.2709256,Human
3300020732,0,9.574196746,Human
3300020733,0.259416407,11.13049917,Human
3300020734,0.695214114,28.21198291,Human
3300020735,0.175548699,18.45941861,Human
3300020810,0.039690169,4.246551277,Human
3300021047,0,1.72434895,Human
3300021049,0,1.296742743,Human
3300021055,0,47.84193804,Human
3300021064,0,37.95709331,Human
3300021089,0,4.140684744,Human
3300021091,0.005762707,33.49116438,Human
3300021092,0.129107229,44.86022316,Human
3300021093,0.023503828,20.94478608,Human
3300021114,0,23.57046348,Human
3300021116,0,13.85474721,Human
3300021118,0,9.14625325,Human
3300021120,0.369218249,18.96544091,Human
3300021122,0,13.18097187,Human
3300021123,0,21.22648681,Human
3300021124,0,8.94810531,Human
3300021125,0,18.57493625,Human
3300021126,0,14.01118194,Human
3300021128,0,15.65708671,Human
3300021129,0.179000966,4.727509616,Human
3300021130,0,18.57370529,Human
3300021131,0,11.22309827,Human
3300021132,0.330041273,17.05662029,Human
3300021133,0.124069403,13.68730522,Human
3300021134,0,8.846742465,Human
3300021135,0,24.83048745,Human
3300021142,0.206207887,10.69722707,Human
3300021168,0.073388892,86.73910843,Human
3300021178,0.06797699,88.33924722,Human
3300021180,0.279203587,119.277935,Human
3300021185,0.00552186,0.924532225,Human
3300021306,17.51869378,416.0616542,Human
3300021310,73.96042321,857.4706731,Human
3300021311,68.5538,628.6656596,Human
3300021318,44.67224242,860.13948,Human
3300021319,20.47101862,439.2913735,Human
3300021326,50.96528212,599.7983254,Human
3300021338,0.141802343,19.96393597,Human
3300021341,0.149429054,17.39685915,Human
3300021343,0.370853271,21.19753567,Human
3300021352,0.05619985,5.919837371,Human
3300021356,0,5.203068417,Human
3300021357,0.26568886,32.12867789,Human
3300021358,0.006664808,76.73544814,Human
3300021361,0.035672416,129.9523611,Human
3300021362,0.024277143,81.23071854,Human
3300021364,0.055301252,5.722747564,Human
3300021365,0.600276441,10.10218503,Human
3300021371,0.084397477,3.280318423,Human
3300021373,0.051503574,5.456935827,Human
3300021374,0,98.55760065,Human
3300021375,0,5.422474152,Human
3300021376,0.009478419,33.3515776,Human
3300021378,0.030598012,4.558400078,Human
3300021384,0.06478532,101.702248,Human
3300021388,0.068928025,97.56704214,Human
3300021389,0.117676146,5.359740007,Human
3300021402,0.0038664,93.17098006,Human
3300021403,0.107614114,111.2476825,Human
3300021404,0.0076745,101.7733864,Human
3300021406,0.10072374,114.6992651,Human
3300021407,0.007099117,95.32399248,Human
3300021409,0,199.9365624,Human
3300021410,0,247.5339967,Human
3300021414,0,292.7731902,Human
3300021416,0.068088202,100.0404594,Human
3300021417,0.092529182,107.5458511,Human
3300021419,0.054802522,24.20265908,Human
3300021420,0.201738247,100.2561711,Human
3300021424,0.041677732,22.46745468,Human
3300021425,0.039799486,8.12760946,Human
3300021432,0.155609232,88.99185861,Human
3300021433,0.005084299,81.78490467,Human
3300021444,0,89.4767356,Human
3300021468,0,2.806838353,Human
3300021469,0,1.931418011,Human
3300021471,0,4.838095221,Human
3300021472,0,0.806195394,Human
3300021474,0.071661783,95.88072672,Human
3300021482,0,2.470730266,Human
3300021484,0,4.307998832,Human
3300021485,0.04326822,16.3175604,Human
3300021486,0,5.084530553,Human
3300021487,0.068012293,16.96713609,Human
3300021493,0.070243836,3.083571622,Human
3300021494,0,5.530801337,Human
3300021498,0,0.617102722,Human
3300021500,0,5.812862088,Human
3300021501,0,21.6634788,Human
3300021502,0.087140516,0.821156135,Human
3300021503,0,3.507926735,Human
3300021505,0.042656503,6.253738943,Human
3300021506,0.138617065,24.08121025,Human
3300021507,0.04301073,2.267617563,Human
3300021508,0.136441699,7.341598118,Human
3300021511,0.14542534,18.79709783,Human
3300021512,0.043386605,4.415921414,Human
3300021513,0.037919592,2.028761994,Human
3300021515,0,16.01315911,Human
3300021541,0.376524037,41.58327832,Human
3300021559,0,201.7432997,Human
3300021561,0.426434349,12.64245258,Human
3300021587,0,3.872202973,Human
3300021597,0,15.78783834,Human
3300021603,0.394679954,15.72990031,Human
3300021604,58.95867796,100.3378604,Human
3300021966,18.64846243,272.1041778,Human
3300021971,16.569598,208.1422678,Human
3300021982,3.963282478,423.1173574,Human
3300022170,0.076594441,1.45863285,Human
3300022177,1.996606247,68.04116891,Human
3300022181,0.666284614,61.06896186,Human
3300022188,0.025971217,0.828370349,Human
3300022225,0.022984325,3.754839868,Human
3300022227,0.012306798,9.416536725,Human
3300022377,4.228944608,2074.993759,Human
3300022401,7.871656712,18.68856857,Human
3300022470,0.034396971,0.184560451,Human
3300022661,88.69559135,197.9981387,Human
3300022739,0.054331386,44.60605086,Human
3300022740,0,36.70071177,Human
3300022743,0.057044484,70.85461142,Human
3300022744,0.760057267,59.79130326,Human
3300022745,0.051325577,88.95686569,Human
3300022747,0.061483426,49.20318901,Human
3300022748,0.024523001,49.44346421,Human
3300022752,0.04884102,17.76785109,Human
3300022753,89.51483122,211.4225712,Human
3300022821,0.114452234,6.486395618,Human
3300022825,0,31.46818873,Human
3300022826,0,2.047007953,Human
3300022827,0,3.714269531,Human
3300022828,0.24145954,21.14506392,Human
3300022829,0,9.225103858,Human
3300022832,0,29.56127318,Human
3300022833,0,4.695783545,Human
3300022836,0,24.9525091,Human
3300022839,0,1.814109614,Human
3300022842,0,14.66662492,Human
3300022844,0.097509815,14.87496004,Human
3300022845,0,31.27216256,Human
3300022846,0,6.352124082,Human
3300022847,0,13.52634836,Human
3300022848,0,15.76626484,Human
3300022851,0,4.267190186,Human
3300022852,0.164250048,681.7219678,Human
3300022853,0.078846731,2.893173134,Human
3300022854,0,9.92751084,Human
3300022855,0,6.497264241,Human
3300022856,0,12.63027964,Human
3300022857,0,7.112656145,Human
3300022858,0.093924303,1.562866455,Human
3300022859,0,33.8509661,Human
3300022860,0,6.085120693,Human
3300022862,0.254795185,771.9015265,Human
3300022864,0,5.064818691,Human
3300022865,0.183884447,21.92818899,Human
3300022866,0,11.90317348,Human
3300022867,0,1.320032629,Human
3300022868,0,1.071746239,Human
3300022871,0,3.186286319,Human
3300022879,0.017147164,941.4439686,Human
3300022882,0,7.792086958,Human
3300022884,0,6.711895933,Human
3300022885,0.143797313,17.23085418,Human
3300022890,0,1.268763028,Human
3300022895,0.3916451,633.2381679,Human
3300022900,0.143593237,9.199443459,Human
3300022905,0.132065182,10.42507794,Human
3300022907,0.0445186,5.242266489,Human
3300022909,0.026856475,8.327030092,Human
3300022921,0,3.873980992,Human
3300022923,0.010776684,11.54311648,Human
3300022925,0.041513696,12.57466858,Human
3300022928,0,3.247060676,Human
3300022929,0.035781611,5.768547336,Human
3300022937,0,5.652883127,Human
3300022939,0.012659699,4.154403627,Human
3300023022,8.936432858,70.97408224,Human
3300023030,0.051976588,65.48982876,Human
3300023034,9.340640824,31.1760901,Human
3300023039,4.756048566,48.32887204,Human
3300023049,0,2.025347419,Human
3300023053,0.088020652,798.5841989,Human
3300023054,0,6.649113108,Human
3300023055,0.184486048,810.3735103,Human
3300023059,0.100874751,695.2475072,Human
3300023061,0.107035254,4.663717491,Human
3300023065,0.117507993,857.3146268,Human
3300023081,0,6.707787576,Human
3300023084,0.017914426,7.495879129,Human
3300023108,0.017755388,3.725630173,Human
3300023116,0.011199399,6.571461356,Human
3300023172,0,5.79824427,Human
3300023174,0.043151085,14.51026405,Human
3300023176,0.010659294,8.230742064,Human
3300023179,0.01724816,13.34088685,Human
3300023184,0.008836408,11.68527553,Human
3300023227,0,24.00350051,Human
3300023229,0,106.0425707,Human
3300023230,0,7.012035733,Human
3300023231,0,19.27019586,Human
3300023233,0,11.10468092,Human
3300023234,0,4.954208588,Human
3300023235,0,6.200270676,Human
3300023236,0.097737875,18.52221214,Human
3300023237,0,4.408950463,Human
3300023238,0,22.5802492,Human
3300023239,0,251.1131024,Human
3300023240,0,1.220358618,Human
3300023241,0.262549056,13.62318524,Human
3300023242,0,3.934018191,Human
3300023243,0.188159581,16.2898799,Human
3300023244,0,4.262063973,Human
3300023245,0.078886908,2.173197136,Human
3300023249,0.492621865,37.88335967,Human
3300023251,0,3.078602856,Human
3300023252,0.29614434,670.6029226,Human
3300023253,0,4.35299282,Human
3300023256,0.09431788,3.347447996,Human
3300023257,0,1.045029435,Human
3300023262,0,8.178638023,Human
3300023273,0.006614524,3.623997046,Human
3300023292,0,3.876054939,Human
3300023295,0.085534876,7.178970757,Human
3300023296,0,15.28732183,Human
3300023298,0,5.059452357,Human
3300023299,0,5.421464249,Human
3300023301,0.129124305,4.488858,Human
3300023429,0,9.256207141,Human
3300023434,0,17.43918399,Human
3300023435,0.086631332,3.954015857,Human
3300024048,0,8.212644282,Human
3300024058,0,8.053945854,Human
3300024060,0,9.646987552,Human
3300024179,0,71.64268033,Human
3300024180,0.063809469,3.519124747,Human
3300024181,0,84.3219391,Human
3300024185,0.103977513,3.904367619,Human
3300024186,0,76.95897072,Human
3300024192,0.249832098,3.214000237,Human
3300024220,0,69.2486442,Human
3300024221,2.059652898,9.136199927,Human
3300024222,0,86.07008936,Human
3300024223,0.855343007,13.23763118,Human
3300024231,0.140775782,3.265717931,Human
3300024247,0,22.24220802,Human
3300024262,0,32.17750001,Human
3300024263,0.036736807,7.434662279,Human
3300024265,0,5.963350165,Human
3300024267,0,8.264774529,Human
3300024276,0.799078749,52.80008819,Human
3300024277,1.322079177,62.87920342,Human
3300024278,0.763923904,32.6770565,Human
3300024280,1.072760351,53.21606182,Human
3300024282,0.595425185,29.82685661,Human
3300024284,0.048687125,78.18606095,Human
3300024285,2.157525566,61.08560469,Human
3300024289,0.144965956,24.26153849,Human
3300024292,0.099747674,2.469486963,Human
3300024294,0,43.1010335,Human
3300024298,2.165008504,43.64281923,Human
3300024301,0.337026496,12.02438402,Human
3300024305,0,650.127701,Human
3300024306,0.221328606,41.64170675,Human
3300024311,1.800663021,50.54864877,Human
3300024313,0.043762711,2.064495695,Human
3300024314,0,2.176744064,Human
3300024319,0.973419421,5.352716661,Human
3300024320,0.069371841,6.417415025,Human
3300024321,0.029314615,2.397612748,Human
3300024325,0.042438746,84.36727744,Human
3300024326,0,12.48963712,Human
3300024328,0.022170826,9.503427046,Human
3300024329,0.218822189,6.629444376,Human
3300024335,0.103638226,5.210759062,Human
3300024344,0.109455917,4.522209755,Human
3300024351,0.152129013,22.10048144,Human
3300024352,0.137266048,43.89771927,Human
3300024353,0.152637451,54.47557552,Human
3300024354,1.369819069,65.15297739,Human
3300024355,0.787823949,43.35199621,Human
3300024356,1.382514033,35.3377548,Human
3300024357,1.19231199,41.94669282,Human
3300024358,1.782870115,56.25933018,Human
3300024413,0.026481885,2.62346739,Human
3300024415,0.129101541,4.222095138,Human
3300024423,0,1.950827712,Human
3300024428,0.02562542,2.610407124,Human
3300024429,0.005509285,5.905392309,Human
3300024431,0.00571474,11.62063442,Human
3300024432,0,4.031798016,Human
3300024433,0,11.86558845,Human
3300024495,0.280463152,33.28647829,Human
3300024496,0,24.9870107,Human
3300024500,0.28544953,24.56531404,Human
3300024502,0.912826659,42.0649436,Human
3300024503,0.323146674,44.00624237,Human
3300024504,1.202836628,32.62937334,Human
3300024505,0.184403548,44.59566987,Human
3300024506,2.982145107,58.74656641,Human
3300024507,1.264323544,35.97486679,Human
3300024508,0.255888721,2.310707497,Human
3300024509,1.333429687,37.10395422,Human
3300024510,0.370566509,23.76227911,Human
3300024513,0.306378092,43.74527959,Human
3300024514,1.741840667,45.69868679,Human
3300024515,1.98359718,31.16848549,Human
3300024516,0.012972906,16.80642976,Human
3300024891,0.648484724,137.4997624,Human
3300024892,0.091129324,79.09355341,Human
3300024894,0.455184495,87.86938107,Human
3300024895,0,65.23601108,Human
3300024897,0,52.95783528,Human
3300024898,0,93.1331831,Human
3300024899,0.143283284,85.74638141,Human
3300024900,0,82.87134104,Human
3300024901,0,136.3497762,Human
3300024902,0.057979175,124.0814187,Human
3300024903,0,101.9318013,Human
3300024904,0,139.1734339,Human
3300024905,0.160264111,127.8592122,Human
3300024906,0,76.08291711,Human
3300024907,0,105.4692906,Human
3300024908,0,98.5431628,Human
3300024909,0,134.5093321,Human
3300024911,0,84.52606428,Human
3300024912,0,102.3283464,Human
3300024914,0.152979229,192.8195341,Human
3300024915,0,126.1995045,Human
3300024917,0,122.3446303,Human
3300024918,0.082182165,103.9782597,Human
3300024919,0.080740236,162.0682975,Human
3300024920,0,153.4823396,Human
3300024921,0,97.51750711,Human
3300024922,0.215947345,198.122176,Human
3300024923,0.072345394,90.75918629,Human
3300024924,0,112.2845311,Human
3300024927,0.218043333,131.8098747,Human
3300024929,0,115.0346381,Human
3300024930,0,127.7254461,Human
3300024931,0,72.8561067,Human
3300024932,0.059963095,108.411887,Human
3300024933,0,153.9345141,Human
3300024934,0,119.3240002,Human
3300024935,0.435107005,135.0239069,Human
3300024936,0,236.2274717,Human
3300024937,0,103.6162362,Human
3300024938,0,132.7361327,Human
3300024939,0.407475348,176.4806221,Human
3300024940,0,93.1045824,Human
3300024941,0,102.7974794,Human
3300024944,0.26505295,116.9662706,Human
3300024945,0.264804498,102.9600727,Human
3300024946,0,135.5638151,Human
3300024948,0,132.3799732,Human
3300024949,0,86.54139493,Human
3300024950,0.527851475,104.2307668,Human
3300024951,0.23936317,219.42105,Human
3300024952,0.065896353,91.3615455,Human
3300024953,0,180.4247246,Human
3300024954,0.27611165,121.9439651,Human
3300024955,0.328048515,138.8728507,Human
3300024956,0.086902777,145.7380967,Human
3300024958,0.088019061,104.4612304,Human
3300024959,0,116.8659463,Human
3300024961,0.054188949,103.9514811,Human
3300024962,0,112.0713944,Human
3300024963,0.143386394,125.0184618,Human
3300024964,0,108.1224192,Human
3300024965,0.045106085,99.32037232,Human
3300024966,0,96.22539593,Human
3300024967,0.07662521,139.9716656,Human
3300024968,0.086012881,78.94161932,Human
3300024969,0,115.3484354,Human
3300024970,0,74.98649893,Human
3300024971,0,57.68795408,Human
3300024972,0.212321843,112.3684559,Human
3300024974,0.242594499,87.37878984,Human
3300024975,0.210997899,454.9656941,Human
3300024976,0.167060981,91.12045625,Human
3300024977,0,99.81351199,Human
3300024979,0.398609272,64.07076833,Human
3300024980,0.143779289,95.15322058,Human
3300025024,0,7.754191107,Human
3300025028,0,15.32210376,Human
3300025038,4.610106457,113.9262557,Human
3300025059,0.052456492,57.28833965,Human
3300025061,0.050276042,166.6327966,Human
3300025062,11.31661472,134.0218169,Human
3300025064,21.90440835,190.6531466,Human
3300025065,2.24597037,76.42671836,Human
3300025072,0.17663242,7.174909126,Human
3300025078,0,2.310993408,Human
3300025080,0.481498263,74.03916131,Human
3300025082,0.225983745,26.39818125,Human
3300025086,0.027337791,2.734296317,Human
3300025093,0.131034929,54.83400965,Human
3300025094,0,17.15105546,Human
3300025096,0,3.850540248,Human
3300025097,0,5.920365476,Human
3300025101,0,2.543760395,Human
3300025103,0.025981011,11.53096627,Human
3300025105,0.0269641,14.48068126,Human
3300025108,0.016424443,1.326954065,Human
3300025109,0,10.75194181,Human
3300025110,0,3.896804722,Human
3300025112,0,6.236949772,Human
3300025114,0,33.71044684,Human
3300025118,0.081173988,7.303058468,Human
3300025122,0.023761268,6.051910263,Human
3300025125,0,14.95056607,Human
3300025127,0,2.68459254,Human
3300025128,0,10.27884274,Human
3300025131,0.025802301,1.983614311,Human
3300025132,0.051404102,12.86871249,Human
3300025133,0.010572321,8.487528682,Human
3300025138,0.008626637,4.4114547,Human
3300025141,0,0.133936097,Human
3300025161,0,21.48692329,Human
3300025168,0.033203687,5.791554138,Human
3300025176,0.62539131,24.11543364,Human
3300025177,0.329936671,17.59416198,Human
3300025179,0.062098769,50.93289792,Human
3300025180,0.33258869,32.81568912,Human
3300025181,0.520682829,21.19140421,Human
3300025183,0,30.25600309,Human
3300025184,0.149708519,70.58032605,Human
3300025186,0.145426425,66.75903991,Human
3300025188,0.405426052,27.8751495,Human
3300025189,2.44834077,29.53935402,Human
3300025193,1.098220239,25.83646623,Human
3300025194,0.233608689,17.7676348,Human
3300025195,2.176295561,24.13329153,Human
3300025196,22.98305796,66.4493131,Human
3300025198,0.457458814,21.96754246,Human
3300025201,0.954178392,40.25409796,Human
3300025202,0.400414471,82.1813211,Human
3300025203,0.239155959,25.2198261,Human
3300025204,2.579916319,18.38141435,Human
3300025205,0.198515704,69.82135806,Human
3300025206,0,254.963929,Human
3300025207,0.118093103,849.5403928,Human
3300025208,0,291.1175227,Human
3300025209,0.070036297,58.51581115,Human
3300025210,0.085326394,15.67001181,Human
3300025211,0.204193436,35.28358709,Human
3300025212,0.117655824,5.181043394,Human
3300025213,0.790284443,25.80025244,Human
3300025216,3.285451364,74.39737404,Human
3300025217,0.622348748,105.0854904,Human
3300025218,1.010551611,74.97790339,Human
3300025219,0.073005162,21.36479096,Human
3300025221,0.327697141,15.83227197,Human
3300025224,0.125485125,723.4818203,Human
3300025225,0.083167405,596.3055056,Human
3300025226,0.026708586,603.066223,Human
3300025228,0,415.4941098,Human
3300025229,0.134757847,658.0387421,Human
3300025230,0,410.6714665,Human
3300025231,0,582.6636231,Human
3300025232,0.725851641,10.84131935,Human
3300025233,0,703.1179095,Human
3300025234,0.988634368,14.76118064,Human
3300025235,0.111422831,18.73326146,Human
3300025236,1.297009242,46.1626811,Human
3300025237,0,105.2344057,Human
3300025238,0.200954397,21.23117091,Human
3300025240,0.613901199,25.02648178,Human
3300025241,0,112.1926861,Human
3300025242,0,404.9877495,Human
3300025244,2.781558579,74.48358971,Human
3300025245,0.075045718,237.5832953,Human
3300025246,0,233.8598738,Human
3300025247,1.469024167,61.27196163,Human
3300025248,0.765109608,71.01602215,Human
3300025249,0.192114187,18.76388496,Human
3300025250,0,254.3820023,Human
3300025251,2.303692361,18.00247831,Human
3300025252,0.291675436,66.01667384,Human
3300025253,0,398.6911375,Human
3300025254,0.190221477,281.9941613,Human
3300025255,2.472768458,26.50006705,Human
3300025256,0,303.4338094,Human
3300025257,0.581706664,44.65665091,Human
3300025258,0.074612339,307.6632583,Human
3300025259,1.660166735,40.70587056,Human
3300025260,0.650278203,95.87242798,Human
3300025261,0.187585414,408.0876578,Human
3300025262,0.456898826,21.4473357,Human
3300025263,82.56381507,463.1858799,Human
3300025264,1.122469484,24.92137473,Human
3300025265,0.029680876,1.976908883,Human
3300025266,0.431395128,60.46052215,Human
3300025267,0.26349782,74.89372871,Human
3300025268,0,57.67964608,Human
3300025269,0.834666609,16.92099421,Human
3300025270,13.45767932,61.39404952,Human
3300025272,0.111070981,259.2980302,Human
3300025273,52.87896373,354.4811479,Human
3300025274,3.646587787,22.34956199,Human
3300025276,0.110066054,23.05683374,Human
3300025277,1.54439372,22.41102967,Human
3300025278,2.603876288,64.02229503,Human
3300025280,0.476336127,13.53261479,Human
3300025281,1.209963678,70.25354555,Human
3300025282,0.470115717,15.36248463,Human
3300025284,0,283.9483329,Human
3300025286,0.525892806,41.51025719,Human
3300025287,0.386562263,42.75108752,Human
3300025291,111.0753776,531.1586343,Human
3300025292,0.042075523,475.5724918,Human
3300025293,0.568099468,26.7359079,Human
3300025294,0.074157704,839.2644126,Human
3300025295,61.73910886,391.32483,Human
3300025296,0.357921819,47.28277364,Human
3300025297,0.257898442,221.5754528,Human
3300025298,0.012217618,454.3481895,Human
3300025299,75.07763282,416.9494504,Human
3300025300,0.847470911,16.88486656,Human
3300025301,1.574019574,26.43570171,Human
3300025302,0.224929909,248.1266823,Human
3300025303,0.042128115,432.0954795,Human
3300025304,0.160610745,298.107775,Human
3300025305,0.662750227,17.826271,Human
3300025337,0,2.872748108,Human
3300025343,0,19.31049076,Human
3300025351,0.143963526,4.407475503,Human
3300025352,0.571224604,23.31738914,Human
3300025355,0.039542975,3.537334867,Human
3300025356,0,9.355648041,Human
3300025358,0.261956065,10.64232149,Human
3300025359,0,75.48004507,Human
3300025361,0.234304624,11.47358507,Human
3300025362,0,0.306137411,Human
3300025365,0,8.384870283,Human
3300025367,0,4.389364757,Human
3300025369,0,6.601565488,Human
3300025372,0,3.19015491,Human
3300025375,0,6.18755848,Human
3300025376,0,19.46024786,Human
3300025378,0,4.017346505,Human
3300025380,0.025671931,2.186650467,Human
3300025385,0.08947639,9.687599705,Human
3300025387,0,9.970868045,Human
3300025388,0,9.600861063,Human
3300025390,0.041365632,15.29233214,Human
3300025392,0,5.060713559,Human
3300025393,8.15819118,26.61025188,Human
3300025394,0,0.641398729,Human
3300025395,0.566949628,22.36425113,Human
3300025396,0.099772099,7.934285014,Human
3300025398,0,12.58585131,Human
3300025399,0,6.954319374,Human
3300025400,0,10.52574707,Human
3300025401,0,8.017335622,Human
3300025402,0,7.586477257,Human
3300025403,0,9.062306083,Human
3300025405,0,17.51396363,Human
3300025407,0,9.560532017,Human
3300025408,7.919669953,31.94962722,Human
3300025409,0.114617078,25.8801965,Human
3300025410,0.089303075,30.93521747,Human
3300025411,0,15.09631445,Human
3300025413,0,6.249636661,Human
3300025416,0,9.899674281,Human
3300025417,0.110823064,11.23780123,Human
3300025418,0.17891814,9.527616587,Human
3300025419,0.349467344,40.25570348,Human
3300025420,0.104579661,24.16443479,Human
3300025422,0,6.139744609,Human
3300025423,0,8.361516176,Human
3300025424,0.095984908,17.02663104,Human
3300025425,0.06854429,4.359715241,Human
3300025426,0,8.93125966,Human
3300025428,0.195623208,12.28244525,Human
3300025430,0,15.55290485,Human
3300025431,0,1.899120709,Human
3300025432,0,34.27542311,Human
3300025433,0,2.083575501,Human
3300025434,0,60.14719024,Human
3300025435,0.067572474,11.86017112,Human
3300025436,0.066352018,19.0739588,Human
3300025437,0.435707236,26.92285194,Human
3300025438,0,3.020622203,Human
3300025439,0,36.57582678,Human
3300025441,0,32.17976252,Human
3300025442,0,27.67185112,Human
3300025443,0,53.12925466,Human
3300025444,0.169493754,52.60052228,Human
3300025446,0,31.61748543,Human
3300025447,0,15.83912125,Human
3300025448,0,29.70274735,Human
3300025449,0.128997264,14.07776013,Human
3300025450,0.072078824,7.925113047,Human
3300025452,0,2.746184489,Human
3300025453,0.151016696,52.4084239,Human
3300025454,0,41.27277971,Human
3300025455,0.034853464,28.70058366,Human
3300025456,0,1.448095729,Human
3300025457,0,74.9105939,Human
3300025458,0,1.604481482,Human
3300025459,0.192319569,61.59032641,Human
3300025460,0,36.86137126,Human
3300025461,0.020455147,68.13744865,Human
3300025464,0.02197933,72.12856636,Human
3300025465,0,0.806049239,Human
3300025466,0.04750679,6.66421363,Human
3300025467,0.057504503,7.871484534,Human
3300025468,0,2.146678943,Human
3300025469,0,31.05955703,Human
3300025470,0.07704117,10.55719159,Human
3300025471,12.72451228,47.06046142,Human
3300025472,0.309265942,50.43033059,Human
3300025473,0.128410041,57.7964943,Human
3300025474,0,67.01465675,Human
3300025475,0,65.67326339,Human
3300025476,0,17.43859962,Human
3300025477,0,35.18564065,Human
3300025478,0,1.406553932,Human
3300025479,0,88.89595415,Human
3300025480,0.160888053,51.00655138,Human
3300025481,0,66.95238415,Human
3300025482,0,77.68748932,Human
3300025483,0,4.320745612,Human
3300025484,0,80.57995783,Human
3300025486,552.517252,738.3874345,Human
3300025487,0.025513568,3.269186078,Human
3300025488,0,2.648090378,Human
3300025489,0.255618304,80.13373171,Human
3300025490,85.26896666,178.4608773,Human
3300025491,40.18130158,119.1745568,Human
3300025492,60.87837536,257.9386975,Human
3300025493,34.5115996,104.4818251,Human
3300025495,0,58.59772489,Human
3300025496,0.05384022,36.00921188,Human
3300025497,3.495014989,66.85188712,Human
3300025498,0,34.09586783,Human
3300025499,0,43.90146022,Human
3300025500,0.169394619,58.77905567,Human
3300025501,0,37.45246185,Human
3300025502,0.033889577,3.669263706,Human
3300025504,0,102.9410109,Human
3300025505,0,69.21598865,Human
3300025506,0,48.80456625,Human
3300025507,0.35728894,67.73384063,Human
3300025508,0,2.110100289,Human
3300025510,35.03954114,191.9699129,Human
3300025511,0.161107922,60.08952285,Human
3300025512,53.05807247,204.9314159,Human
3300025513,0,13.85249582,Human
3300025514,100.524268,247.7843443,Human
3300025515,27.58359243,170.7204487,Human
3300025516,47.5064916,232.5976243,Human
3300025517,0.284204428,176.6066998,Human
3300025518,154.987582,337.335158,Human
3300025519,1.004586195,218.5281539,Human
3300025520,49.15301353,307.4742854,Human
3300025522,35.21300172,119.8534951,Human
3300025523,0.20198455,282.6089867,Human
3300025525,69.14274626,178.6096875,Human
3300025526,0.793374725,185.8473476,Human
3300025528,1.024589735,380.8928403,Human
3300025529,0.632001004,303.680732,Human
3300025530,4.297709364,587.993919,Human
3300025531,0,3.979362123,Human
3300025532,0.205343183,34.71126357,Human
3300025534,1.02574655,325.5147305,Human
3300025536,22.32796344,73.13587914,Human
3300025540,0.204768622,276.9149233,Human
3300025541,0.152454395,262.1271908,Human
3300025542,0.80009647,475.7316061,Human
3300025544,0,76.23950243,Human
3300025545,0,1.694123798,Human
3300025547,0,3.120402069,Human
3300025548,0,54.09153929,Human
3300025553,0,65.61980827,Human
3300025570,0.119815033,1.962120135,Human
3300025571,1.248728665,255.3017538,Human
3300025572,1.866163207,218.0788934,Human
3300025574,0,95.01346236,Human
3300025575,0.010627021,32.5025411,Human
3300025576,0.050158963,47.66401684,Human
3300025577,0,3.517544619,Human
3300025579,0,69.28717957,Human
3300025581,0,69.99261562,Human
3300025582,0,50.63888364,Human
3300025584,0,5.391587636,Human
3300025585,0.200479601,12.62382037,Human
3300025586,0,7.265770615,Human
3300025587,15.91306433,138.7980358,Human
3300025588,0.034917484,110.0109557,Human
3300025589,27.77027717,63.09840838,Human
3300025590,0.028514676,4.442312551,Human
3300025591,0,24.51558769,Human
3300025592,0,2.805837179,Human
3300025594,0.147062809,9.18277782,Human
3300025595,0,28.14069724,Human
3300025596,0,5.654577187,Human
3300025597,6.789516367,77.09587771,Human
3300025598,0.051398891,5.241367649,Human
3300025600,0.041040652,22.42511071,Human
3300025601,0,4.656296373,Human
3300025602,0,5.372804169,Human
3300025603,0.062278522,17.93459285,Human
3300025604,0,66.01576148,Human
3300025605,24.37828457,70.1163036,Human
3300025606,0,36.1370827,Human
3300025608,0.963691259,6.394200925,Human
3300025609,9.176019672,76.87390801,Human
3300025610,0,7.340837117,Human
3300025611,8.285415738,36.90680986,Human
3300025612,0,62.57983937,Human
3300025613,27.47425586,59.55958843,Human
3300025614,0,2.622262504,Human
3300025616,0.075789386,29.62595599,Human
3300025617,1.014491126,7.533506583,Human
3300025618,4.680408965,119.7094244,Human
3300025619,0,64.4828896,Human
3300025620,0,1.280214406,Human
3300025621,0.016247089,39.07006393,Human
3300025622,0,2.316675788,Human
3300025623,0,4.425027125,Human
3300025624,0.294075663,418.0847275,Human
3300025625,0,99.48177454,Human
3300025626,0.010163296,3.249094034,Human
3300025627,0.017365044,94.95221379,Human
3300025628,0,6.054473735,Human
3300025629,32.78072948,70.60183521,Human
3300025630,0,9.003794734,Human
3300025631,30.90758467,72.70140041,Human
3300025632,0.046354015,3.987682123,Human
3300025633,0,102.946261,Human
3300025634,0.033910022,101.0697811,Human
3300025636,0.235125481,4.178102196,Human
3300025637,0,3.954232792,Human
3300025638,27.45637933,67.09183463,Human
3300025639,0,3.508846809,Human
3300025640,0,0.968867461,Human
3300025641,0,2.013775007,Human
3300025642,0,8.620341506,Human
3300025643,0,2.069319307,Human
3300025644,0,5.232916244,Human
3300025648,0,17.0685768,Human
3300025649,0,8.28274838,Human
3300025650,0,77.0614479,Human
3300025651,0.278361705,297.7930912,Human
3300025654,0,1.479983329,Human
3300025656,0,1.449307256,Human
3300025657,5.72130055,105.2108195,Human
3300025658,0.014852233,3.298576157,Human
3300025659,0,3.552373103,Human
3300025660,0,4.373063922,Human
3300025661,0,4.92127749,Human
3300025662,0,2.578366211,Human
3300025663,0,2.456489625,Human
3300025664,0,79.07004972,Human
3300025665,0,4.14711309,Human
3300025666,0,2.787813745,Human
3300025667,0,2.856797658,Human
3300025668,0.01486582,2.662179188,Human
3300025669,0.051655643,2.023513938,Human
3300025671,0,76.98366448,Human
3300025672,0,2.879377935,Human
3300025673,0,1.692909567,Human
3300025676,0,3.030245906,Human
3300025677,24.15890702,79.745408,Human
3300025678,40.45229991,134.9443449,Human
3300025679,0,84.12123606,Human
3300025680,0.041695227,2.985679479,Human
3300025681,0,2.918553302,Human
3300025682,28.12265268,90.59642221,Human
3300025683,4.458400903,119.8449734,Human
3300025684,0.056699459,4.406913654,Human
3300025685,0.0308575,2.401001285,Human
3300025686,24.58052904,60.98823409,Human
3300025688,0.028606134,3.996799997,Human
3300025689,28.92712441,58.64265824,Human
3300025690,0,2.451120194,Human
3300025691,30.13838171,195.5024753,Human
3300025692,0.008250007,98.21345936,Human
3300025694,0.013128612,1.415095146,Human
3300025695,0.230931499,3.174407562,Human
3300025696,0.087798281,3.467049587,Human
3300025697,0,2.736988605,Human
3300025698,0,4.589955839,Human
3300025699,0,2.163930389,Human
3300025700,0,4.017193554,Human
3300025701,0.148673538,3.618963264,Human
3300025702,10.04497852,44.75202435,Human
3300025703,0,80.75384759,Human
3300025704,0.038548349,2.864253705,Human
3300025705,0.038568973,2.896660404,Human
3300025706,16.11506382,94.07858792,Human
3300025707,0.03165222,6.092696257,Human
3300025708,3.242441452,62.12996937,Human
3300025709,0.046948636,3.775745513,Human
3300025710,0.363761088,452.7314631,Human
3300025712,0,3.24304415,Human
3300025713,24.94792061,114.4111446,Human
3300025714,12.17675434,74.20193648,Human
3300025715,21.32344919,113.2960475,Human
3300025716,0.03405655,33.56653968,Human
3300025718,0,62.98799793,Human
3300025719,0.010293837,4.578445378,Human
3300025720,19.51736488,74.97930439,Human
3300025721,0.029245054,54.95682614,Human
3300025722,0.024749835,4.189140083,Human
3300025723,0,5.269049635,Human
3300025724,26.57120402,64.53221126,Human
3300025725,0.021365932,60.4554235,Human
3300025727,0,3.324698964,Human
3300025729,0,5.59416255,Human
3300025730,3.643507637,46.12941228,Human
3300025737,30.26824071,108.4870572,Human
3300025739,0,116.9730547,Human
3300025740,25.20399144,87.77374084,Human
3300025748,12.57160578,64.10212996,Human
3300025750,0.033662984,105.5740112,Human
3300025762,10.13595688,62.39831758,Human
3300025764,0.012390319,104.5116029,Human
3300025767,0.123062466,3.874650494,Human
3300025770,0.019023403,3.382059201,Human
3300025772,27.91418969,103.7798689,Human
3300025775,0.037443772,24.88924295,Human
3300025777,0,7.259720794,Human
3300025778,0,9.170835903,Human
3300025779,0.10806019,11.5882117,Human
3300025781,0,7.608279385,Human
3300025782,0,5.690893878,Human
3300025783,0,13.73561623,Human
3300025784,15.16450398,107.0654122,Human
3300025785,0,10.78945809,Human
3300025788,0,15.61943833,Human
3300025806,0,0.983591718,Human
3300025809,0.010787399,1.848564739,Human
3300025810,0,3.585256065,Human
3300025812,0,31.84798495,Human
3300025815,0,19.31871707,Human
3300025816,0.090786726,2.939500617,Human
3300025818,0.038170967,5.782559237,Human
3300025821,0.029967021,1.756030243,Human
3300025822,0,1.516657733,Human
3300025828,0,13.02919459,Human
3300025829,0,56.11957809,Human
3300025830,0.048529542,2.475592955,Human
3300025832,0,2.014948661,Human
3300025836,0,51.27914038,Human
3300025838,0.069832307,15.52040789,Human
3300025846,0.074295073,63.93609912,Human
3300025847,21.93810491,121.8372605,Human
3300025849,0.054431606,2.837441406,Human
3300025853,0.004804034,70.60865243,Human
3300025854,0.047126152,56.04139377,Human
3300025855,3.478191773,80.26921853,Human
3300025856,9.133661771,79.6176235,Human
3300025857,0,68.35037384,Human
3300025858,18.25216342,92.04849812,Human
3300025859,16.90879046,99.20933819,Human
3300025860,0.032369204,2.718729458,Human
3300025861,16.43712754,120.037469,Human
3300025862,0,84.78442832,Human
3300025864,0,56.85638481,Human
3300025865,0,42.54196987,Human
3300025866,35.47548063,115.839147,Human
3300025867,23.6431382,128.7541756,Human
3300025869,0.044003254,2.621266543,Human
3300025870,0.057255691,8.356089932,Human
3300025871,4.501101499,46.34889656,Human
3300025872,0.458195504,28.43557737,Human
3300025874,0.023765022,3.060591982,Human
3300025876,0.035362667,3.92628252,Human
3300025877,19.31242533,103.5558898,Human
3300025879,0.084419825,5.064280819,Human
3300025880,0,2.026952767,Human
3300025881,0,3.170417887,Human
3300025882,3.52396843,64.06087481,Human
3300025883,0,17.14102547,Human
3300025886,0.013528031,1.962490005,Human
3300025887,0,3.540101928,Human
3300025888,0.043849456,51.40128327,Human
3300025890,0.033667299,3.3852506,Human
3300025892,0.014016775,4.704752475,Human
3300025894,0.013390791,3.996991021,Human
3300025895,0,12.79721152,Human
3300025897,0.043180577,3.361849572,Human
3300025902,22.06140006,121.8904738,Human
3300026074,0.041120876,3.653557773,Human
3300026076,0,0.853285264,Human
3300026080,0.065340572,6.887796513,Human
3300026084,0,4.761092694,Human
3300026085,0,2.701364967,Human
3300026086,0,3.522235326,Human
3300026087,0.142113921,5.10644404,Human
3300026091,0,6.831441498,Human
3300026092,0,4.292703646,Human
3300026093,0,2.124272775,Human
3300026094,0.033657415,6.425368177,Human
3300026096,97.89481557,12444.91723,Human
3300026097,0,102.9178041,Human
3300026098,3.849992022,82.07960283,Human
3300026100,0.88766032,50.01763576,Human
3300026101,1.642875196,68.11474324,Human
3300026103,61.93964247,6995.477769,Human
3300026104,2.262715346,264.3400721,Human
3300026105,0,2.991854973,Human
3300026108,0.028849006,9.250939648,Human
3300026112,1.947511696,68.09916997,Human
3300026113,0.330729197,74.75356541,Human
3300026117,8.245750261,655.0182487,Human
3300026119,0.035519578,5.840234539,Human
3300026120,0,17.35091128,Human
3300026122,0,31.18546183,Human
3300026124,0,1.101936184,Human
3300026125,0.018168103,10.20586339,Human
3300026127,0,36.71180721,Human
3300026130,0.050254687,8.699926225,Human
3300026131,0.020164479,11.34273762,Human
3300026140,0,1.010746354,Human
3300026144,0,24.07947719,Human
3300026156,0,18.31166958,Human
3300026157,0.062366561,21.92705637,Human
3300026165,0.040975535,27.61837007,Human
3300026166,0.105659839,1.404537306,Human
3300026167,0.152141035,25.64590437,Human
3300026173,0.046360717,24.53178947,Human
3300026180,0.111187483,25.6295709,Human
3300026184,0,48.56908694,Human
3300026185,0.043235298,17.12911693,Human
3300026187,0,2.34351293,Human
3300026188,0,5.224071967,Human
3300026192,0.079537103,3.860227357,Human
3300026193,0.066581717,2.166803861,Human
3300026194,4.232644296,54.13885495,Human
3300026195,5.166434038,64.93058948,Human
3300026196,0,35.38152732,Human
3300026197,0.036677872,14.29462664,Human
3300026198,3.063002867,62.89273298,Human
3300026199,0,5.890167491,Human
3300026200,0.035351771,4.285188663,Human
3300026201,0,2.430215825,Human
3300026202,0.05528562,3.733137072,Human
3300026204,0,5.88000361,Human
3300026206,0,5.387066125,Human
3300026207,0.023336804,8.295018726,Human
3300026208,0,4.027570821,Human
3300026209,0,4.10949758,Human
3300026210,0,6.349391794,Human
3300026211,0,4.046603758,Human
3300026212,0,2.797643239,Human
3300026213,0,7.532536946,Human
3300026214,0.070742689,73.00268777,Human
3300026215,0,64.48365471,Human
3300026216,0,170.7932492,Human
3300026217,0.023771494,72.83702442,Human
3300026219,92.35006421,1013.059888,Human
3300026221,0.014389439,141.1136241,Human
3300026222,0,120.046888,Human
3300026223,0,66.87053569,Human
3300026224,4.116588285,3737.651786,Human
3300026227,15.32078108,1324.188995,Human
3300026228,8.17184838,1245.367133,Human
3300026229,15.52515448,1096.274452,Human
3300026230,5.778649854,1157.800501,Human
3300026232,10.70141228,1084.225656,Human
3300026233,8.460485322,1006.296975,Human
3300026236,26.89429665,929.1799115,Human
3300026237,0.013866432,6.43481585,Human
3300026250,4.225540523,60.15664552,Human
3300026251,0,21.28137811,Human
3300026252,4.735749846,58.38876021,Human
3300026253,0,7.666172615,Human
3300026254,0.207450806,6.172607694,Human
3300026255,3.420508762,63.70341582,Human
3300026256,0,4.734763357,Human
3300026258,0.069573484,2.187917499,Human
3300026259,0,4.435176714,Human
3300026260,0,2.283535064,Human
3300026262,0,6.280629655,Human
3300026263,0.064059387,1.094727067,Human
3300026264,0.217366007,12.8130125,Human
3300026265,0,3.951916369,Human
3300026266,0.109312763,0.895424311,Human
3300026267,0,3.791251081,Human
3300026268,0,4.35898581,Human
3300026269,0.043218535,1.437749383,Human
3300026270,0,1.23149846,Human
3300026271,0,66.5147276,Human
3300026272,0.056184491,241.0982289,Human
3300026274,0.032830667,151.080943,Human
3300026276,0,174.2185696,Human
3300026278,0.013984705,30.30239652,Human
3300026279,0,3.153878995,Human
3300026280,0,9.324785107,Human
3300026281,0.017559159,59.9062441,Human
3300026282,29.37354845,268.9966961,Human
3300026283,9.609336774,360.4829937,Human
3300026284,15.29934148,250.4691703,Human
3300026286,4.56976455,151.2819226,Human
3300026287,33.37790326,569.3001227,Human
3300026288,20.14366354,191.7349541,Human
3300026289,58.83156304,393.9345193,Human
3300026290,18.30030855,71.84849377,Human
3300026291,0,66.72560408,Human
3300026292,0.041178463,0.729359887,Human
3300026293,0.018686093,11.08260301,Human
3300026294,0,72.80600454,Human
3300026299,117.1697792,475.6051273,Human
3300026302,8.50078763,313.4248428,Human
3300026303,6.767857537,373.3366256,Human
3300026311,15.10557659,73.30612718,Human
3300026321,0.02330518,3.023833353,Human
3300026337,0,1681.121213,Human
3300026338,0.018906878,1542.936992,Human
3300026339,0,1610.578539,Human
3300026356,0,77.29989175,Human
3300026455,0.333682505,46.17407089,Human
3300026457,0.481318709,33.5612455,Human
3300026459,1.451215011,45.48667535,Human
3300026473,1.335935436,40.70628972,Human
3300026478,0.368180561,22.9098708,Human
3300026479,0.032469848,6.24784079,Human
3300026483,0.07511282,14.88652329,Human
3300026484,0.020335398,0.944228919,Human
3300026488,0,0.620896562,Human
3300026491,0.057330575,3.499964282,Human
3300026505,0.15117705,3.500299313,Human
3300026509,0.014128251,10.39471682,Human
3300026510,0.023313933,1.69760428,Human
3300026511,0.153555369,1.638131871,Human
3300026512,0,3.739633258,Human
3300026516,25.55985636,132.8577107,Human
3300026517,0.050183691,10.60982129,Human
3300026518,0.090439978,11.03214534,Human
3300026519,0,20.37293531,Human
3300026522,548.7526576,772.9611745,Human
3300026531,0.172702903,17.43438781,Human
3300026533,0,0.984211094,Human
3300026534,0,22.59481976,Human
3300026549,858.427738,1250.796638,Human
3300026620,0,1.303244442,Human
3300026622,0,303.5929147,Human
3300026626,0,0.325934787,Human
3300026628,0.033259845,0.527198064,Human
3300026638,0.014049587,0.030338962,Human
3300026642,0,0.017939594,Human
3300026647,0,145.0696715,Human
3300026660,0.023460869,1.505211812,Human
3300026682,0.48148671,18.72682954,Human
3300026703,0,63.1598267,Human
3300026736,71.6921461,324.9382603,Human
3300026776,0,0.860156443,Human
3300026778,0,0.016159707,Human
3300026781,0,0.35129336,Human
3300026797,0,52.88263078,Human
3300026817,0,69.95508369,Human
3300026823,0.0229554,73.11715711,Human
3300026825,0,63.05492393,Human
3300026831,0,54.64395361,Human
3300026840,0.0261505,3.177755733,Human
3300026843,0,159.0702742,Human
3300026845,0,55.5557125,Human
3300026847,0.044158453,73.04949646,Human
3300026848,0,57.7692792,Human
3300026851,0.120002213,779.3960343,Human
3300026852,0,56.44791161,Human
3300026859,0.059745085,72.85322885,Human
3300026863,0,98.85821276,Human
3300026874,0,46.05156801,Human
3300026875,0.047791445,2.001770905,Human
3300026881,0,77.74714662,Human
3300026886,0,161.0451677,Human
3300026889,0,69.69143042,Human
3300026893,0.151418578,56.01686684,Human
3300026895,0,67.91317342,Human
3300026897,0,12.47063148,Human
3300026902,0,42.69723747,Human
3300026907,2.63367723,1246.208149,Human
3300026909,0.025311743,57.8275558,Human
3300026932,0.074238254,107.8122525,Human
3300026934,0,80.0418173,Human
3300026947,0.029697439,101.8676445,Human
3300026953,0.07725088,100.4743778,Human
3300026957,0,16.33402863,Human
3300026959,0,55.00090337,Human
3300026961,0,2.446026564,Human
3300026962,0,0.722473471,Human
3300026963,0,2.573927597,Human
3300026964,0,5.971768807,Human
3300026965,0,2.389324437,Human
3300026966,0.039055398,8.416431084,Human
3300026967,0,78.22724859,Human
3300026968,0,15.05468548,Human
3300026969,0,30.45413171,Human
3300026971,0,83.5306519,Human
3300026972,0,155.6431371,Human
3300026975,0,25.3752916,Human
3300026977,0,15.92172169,Human
3300026978,0,16.41521196,Human
3300026980,0.105269885,54.97107177,Human
3300026982,0.022120077,95.53167713,Human
3300026983,0.025194254,79.39172696,Human
3300026985,0,12.17509492,Human
3300026986,0,1.846704149,Human
3300026987,0,40.27489853,Human
3300026988,0.043250496,69.40846082,Human
3300026989,0,11.9521693,Human
3300026991,0,5.657775596,Human
3300026992,0,2.43614474,Human
3300027007,0,7.118622488,Human
3300027009,0,0.412265706,Human
3300027010,0,67.80917973,Human
3300027015,0.092797161,55.20489066,Human
3300027019,0,80.71498864,Human
3300027021,0,27.50537406,Human
3300027022,0,199.651935,Human
3300027026,0.068462059,90.92745923,Human
3300027028,9.428883168,87.11893688,Human
3300027032,0,64.72192467,Human
3300027041,0.146822341,95.09283115,Human
3300027043,0.074229373,70.48756644,Human
3300027048,0.077671365,10.25517062,Human
3300027052,0.180135636,13.45590358,Human
3300027056,0,50.3231277,Human
3300027057,0.168571346,16.04016813,Human
3300027063,0,61.2129632,Human
3300027081,0,1.511668813,Human
3300027082,0.316826406,20.3694585,Human
3300027090,0,82.86596147,Human
3300027091,0,37.93958214,Human
3300027111,0,1437.006021,Human
3300027114,0,34.83185396,Human
3300027123,0.108889642,21.18544543,Human
3300027124,0,12.79238772,Human
3300027125,0,7.10766262,Human
3300027126,0.110600567,28.35629262,Human
3300027128,0,28.801055,Human
3300027130,0.102042931,36.68402247,Human
3300027132,0.082065088,8.71931616,Human
3300027134,0.133663019,14.78422813,Human
3300027136,0.18938041,11.90281977,Human
3300027137,0.094563307,33.60854072,Human
3300027141,0.092841106,15.98358645,Human
3300027143,0,12.16379765,Human
3300027144,0.167672761,7.076894403,Human
3300027145,0,7.938725325,Human
3300027146,0.077968001,8.776272273,Human
3300027147,0,9.695396354,Human
3300027148,0.088454856,12.45137908,Human
3300027149,0,14.15095873,Human
3300027150,0.07742057,11.77323214,Human
3300027152,0,31.39749749,Human
3300027153,0.127824678,18.62229918,Human
3300027154,0,12.80876258,Human
3300027155,0.073599411,17.03007189,Human
3300027158,0,140.7504482,Human
3300027159,0.125356864,8.827042114,Human
3300027160,0.466379149,33.30521678,Human
3300027162,1.799194772,80.20589014,Human
3300027169,0.723804702,105.134632,Human
3300027170,0,2.752512975,Human
3300027183,0,8.014314292,Human
3300027186,0,4.737927734,Human
3300027192,0,7.766485296,Human
3300027195,0,12.11310843,Human
3300027197,0.038026314,8.194747752,Human
3300027198,0.160210212,38.33584376,Human
3300027204,0.156072305,24.2317633,Human
3300027205,0.211846785,20.39156941,Human
3300027206,0,7.568116974,Human
3300027207,0,14.08222117,Human
3300027209,0.370240433,84.03012881,Human
3300027210,0.148211546,14.70786457,Human
3300027212,0.148056203,12.08783404,Human
3300027219,0,7.400454804,Human
3300027220,0,6.427010752,Human
3300027222,0,11.98779194,Human
3300027223,0.077910225,12.37236307,Human
3300027224,0.261629799,15.45050079,Human
3300027225,0,10.75199036,Human
3300027229,0.115676198,15.42542077,Human
3300027231,0.040149976,10.99698654,Human
3300027234,0,4.430792027,Human
3300027237,0.057591785,14.03901529,Human
3300027238,0.093017427,22.09824444,Human
3300027239,0,13.73645144,Human
3300027240,0.042822499,14.39200173,Human
3300027242,0,11.88971767,Human
3300027244,0,7.054221187,Human
3300027246,0,9.157437362,Human
3300027247,0,7.150215747,Human
3300027248,0.04315835,7.874415534,Human
3300027250,0.519192513,10.69274357,Human
3300027255,0.075446031,10.21225011,Human
3300027262,0,5.264129361,Human
3300027263,0.077321242,9.542550025,Human
3300027266,0.033572612,176.0216928,Human
3300027276,94.99434619,148.5959643,Human
3300027277,0.096843481,50.81671013,Human
3300027279,0,5.407627403,Human
3300027282,0.494452359,54.30477192,Human
3300027283,0.093998344,69.5266592,Human
3300027284,0.213052498,166.3006468,Human
3300027285,0.080003778,13.66802151,Human
3300027286,0,21.00884886,Human
3300027287,0,18.66549561,Human
3300027291,0.168971667,21.65594596,Human
3300027292,0.172723676,16.18812631,Human
3300027293,0,21.380776,Human
3300027294,0.04937003,10.37330154,Human
3300027295,0.070358672,35.57113486,Human
3300027296,1.721246747,176.5336022,Human
3300027297,0,111.5447403,Human
3300027299,0,23.84723503,Human
3300027300,0,29.47097481,Human
3300027301,0,44.29957822,Human
3300027302,0.072239877,31.68702305,Human
3300027304,0,15.77343312,Human
3300027305,0.039766448,9.0819156,Human
3300027306,0.961415183,44.99509861,Human
3300027309,0,650.5329536,Human
3300027312,0.582431532,1453.918673,Human
3300027316,0,39.36103771,Human
3300027317,0.036079287,295.243611,Human
3300027319,0.073078556,119.6196768,Human
3300027320,0,9.715874377,Human
3300027321,0,39.73153997,Human
3300027322,0,36.62514771,Human
3300027323,5.207854684,63.84450419,Human
3300027325,0,2.342551042,Human
3300027327,0.02932043,25.35999966,Human
3300027328,0,47.01850217,Human
3300027329,0,13.31355783,Human
3300027330,0.016361812,58.85084259,Human
3300027332,0,54.72209872,Human
3300027335,0,21.20080718,Human
3300027336,0,32.445518,Human
3300027337,0,34.13222147,Human
3300027339,1.404515255,52.86054542,Human
3300027340,0,51.88056202,Human
3300027342,0,59.29916634,Human
3300027343,0,45.9653189,Human
3300027344,0,94.27003162,Human
3300027345,0,110.0064184,Human
3300027346,0.116413233,91.21430424,Human
3300027348,0,35.0027089,Human
3300027349,0,65.67228553,Human
3300027350,0,65.62424413,Human
3300027351,0,115.3989716,Human
3300027352,0,25.37908404,Human
3300027353,0,93.96314686,Human
3300027354,0,61.72913891,Human
3300027355,0,67.76210018,Human
3300027356,0,42.95689654,Human
3300027357,0,142.60899,Human
3300027358,0,118.5340469,Human
3300027359,0,98.03516822,Human
3300027360,0.034491462,87.0665355,Human
3300027363,0,135.6482849,Human
3300027365,0.116413863,74.13306998,Human
3300027366,0.071468388,10.68002672,Human
3300027367,0.077164225,10.21624845,Human
3300027368,0.07814865,21.32114921,Human
3300027370,0,73.36730139,Human
3300027373,0.190515613,82.8189603,Human
3300027375,0.035548774,17.80958025,Human
3300027376,0.028234932,193.5883297,Human
3300027379,0,51.61867092,Human
3300027380,0.707654514,18.99954586,Human
3300027382,0,11.87925274,Human
3300027384,0.214400929,39.22742941,Human
3300027386,0,18.45329136,Human
3300027391,0,19.2004501,Human
3300027393,0,720.9652661,Human
3300027395,0,83.39319687,Human
3300027396,0.442485682,58.61564683,Human
3300027406,0.031085833,6.066780721,Human
3300027409,1.090368283,2907.013262,Human
3300027414,0.734804555,1522.168403,Human
3300027415,0.95438527,2938.640971,Human
3300027416,0.041056536,8.762120233,Human
3300027418,0.396124972,20.48378185,Human
3300027419,0.065774359,9.424896302,Human
3300027424,0.08737876,105.0251772,Human
3300027439,0.042685965,72.65274232,Human
3300027462,0.054360186,85.32315202,Human
3300027467,0.644616875,67.8228401,Human
3300027471,0.047737107,86.84513072,Human
3300027486,0,27.89669589,Human
3300027487,0.221908522,38.13308816,Human
3300027489,0,32.57407543,Human
3300027490,0.298062668,57.04444698,Human
3300027491,0.085064953,37.83729036,Human
3300027492,0.176266919,32.1050917,Human
3300027493,0,12.50700904,Human
3300027494,0.085716861,26.57478299,Human
3300027496,0,104.1478264,Human
3300027498,0.014702111,3.864110963,Human
3300027499,0.805324344,143.0186506,Human
3300027501,0,2.607501542,Human
3300027502,0,95.01536616,Human
3300027503,0.600392256,51.15792501,Human
3300027506,0.03335991,1.921833938,Human
3300027508,0.075268226,17.17687024,Human
3300027509,0,3.118024905,Human
3300027510,35.89445961,97.2878685,Human
3300027511,0,50.94440577,Human
3300027514,0,78.34989037,Human
3300027515,0,10.64576945,Human
3300027518,0.102691264,11.14783088,Human
3300027522,0.055402151,3.165782188,Human
3300027525,0.039304795,9.857086664,Human
3300027526,0.078251302,81.8110184,Human
3300027527,0.01875144,73.67374856,Human
3300027530,0.013736227,133.2444752,Human
3300027531,0.029784177,9.59774681,Human
3300027532,0,23.41712076,Human
3300027534,0,20.09278658,Human
3300027535,0,84.25321176,Human
3300027538,0.081231559,42.61577404,Human
3300027541,0.116991572,33.58686974,Human
3300027543,0.12193306,94.50549926,Human
3300027545,0.029049445,80.26950522,Human
3300027546,0,96.44995511,Human
3300027547,0.172549171,43.51236809,Human
3300027552,0.108328664,109.6860531,Human
3300027553,0.094961452,2.160354031,Human
3300027554,0,5.574261002,Human
3300027555,0,16.57515547,Human
3300027559,0.049741753,136.5460702,Human
3300027561,0.400225525,73.03770001,Human
3300027565,0,128.3770364,Human
3300027566,0.117066999,64.23409467,Human
3300027571,0.170261894,6.131956826,Human
3300027572,0.033248393,3.323026782,Human
3300027577,0,58.52446507,Human
3300027580,0.016841288,19.53259623,Human
3300027582,0,2.481776805,Human
3300027587,0,68.27580149,Human
3300027588,0.444710267,39.967467,Human
3300027589,0,19.85491075,Human
3300027593,0,7.821335439,Human
3300027594,0.165613072,11.88782914,Human
3300027595,0,7.82231665,Human
3300027596,0.162096196,13.52734576,Human
3300027597,0.198435133,24.81475704,Human
3300027598,0.145874372,9.97271069,Human
3300027600,0,11.30891842,Human
3300027606,0.46418798,1585.531101,Human
3300027607,1.162498354,26.72587158,Human
3300027608,0,4.140756108,Human
3300027609,0,72.8787143,Human
3300027610,0,150.7138819,Human
3300027614,0.144486025,67.82204734,Human
3300027617,0.134422386,98.39651028,Human
3300027618,0.349781746,115.8388417,Human
3300027622,0,9.311756946,Human
3300027623,0,5.544526961,Human
3300027627,0,10.77187247,Human
3300027628,0.384991264,275.0857086,Human
3300027629,0,77.0596775,Human
3300027631,0.249117201,5.164247365,Human
3300027638,0.246647876,134.7081054,Human
3300027639,0,126.9145658,Human
3300027640,0.395137027,79.07246571,Human
3300027645,0.035078057,122.1978098,Human
3300027646,0.055577903,75.35597034,Human
3300027649,0,11.23059269,Human
3300027651,0.021133931,76.00683456,Human
3300027652,0,102.791528,Human
3300027653,133.6298951,630.0504797,Human
3300027659,0,3.493423594,Human
3300027665,0.184538272,109.9918657,Human
3300027666,0.098079951,63.69352764,Human
3300027667,0,59.35017047,Human
3300027668,0.155679861,7.860854267,Human
3300027669,0,97.22183368,Human
3300027672,0.018121279,3.015805003,Human
3300027673,6.303099244,93.17224832,Human
3300027674,0.009533321,71.981067,Human
3300027675,0,35.46963789,Human
3300027676,0,173.008102,Human
3300027677,0.012439107,8.980309518,Human
3300027678,0,66.81920871,Human
3300027680,0.010503747,66.54768929,Human
3300027682,0.149156456,91.78410765,Human
3300027683,0,46.00909662,Human
3300027685,0.250661635,10.51486145,Human
3300027686,0.177762122,32.67161948,Human
3300027687,0.015992213,2.286961977,Human
3300027691,0.102080799,141.5679077,Human
3300027692,0.020279518,76.25294947,Human
3300027695,0.063432024,74.18275843,Human
3300027699,0,10.08057651,Human
3300027700,0.074943838,6.834715981,Human
3300027703,0,57.15926333,Human
3300027704,0,7.088457961,Human
3300027706,0,80.39886232,Human
3300027707,0,6.662486531,Human
3300027708,0.113264729,31.48406659,Human
3300027709,0,7.806853874,Human
3300027710,5.320390897,99.0160396,Human
3300027711,75.64836609,340.6546702,Human
3300027712,0.062320338,34.46812227,Human
3300027714,0.035345001,3.580754913,Human
3300027716,0.017198065,71.34426348,Human
3300027717,0.082835476,75.91056933,Human
3300027718,0.556602066,1107.89861,Human
3300027719,0.005007922,43.16303831,Human
3300027720,0.436348696,5.40923361,Human
3300027721,0,36.68417552,Human
3300027723,0.033929237,46.06481744,Human
3300027725,0.093977826,142.4934945,Human
3300027727,0,82.55355533,Human
3300027729,0.017620927,73.34488899,Human
3300027732,10.02625956,1011.304485,Human
3300027733,0.046544004,15.69668288,Human
3300027734,0.131770973,23.53137496,Human
3300027736,0.105786242,17.04945652,Human
3300027738,0,111.5721409,Human
3300027739,0.006080561,26.95665845,Human
3300027741,0.135734545,27.00705928,Human
3300027742,0.002889154,20.61766328,Human
3300027743,0.016933104,28.97546796,Human
3300027744,0.014625252,7.891041919,Human
3300027746,0.070984992,25.91088047,Human
3300027747,0.042619745,22.00935503,Human
3300027749,0,14.24700935,Human
3300027751,0.053788609,16.76491315,Human
3300027752,0.066579256,1.433913618,Human
3300027753,0.131872003,15.2308329,Human
3300027754,0.043390017,26.58611235,Human
3300027755,0.074665987,3.426394513,Human
3300027757,0.073336187,14.02942525,Human
3300027758,0.17558363,16.50755547,Human
3300027759,0.023459179,19.4315221,Human
3300027760,0.022268766,26.57411358,Human
3300027763,0,10.08076233,Human
3300027766,0.267778233,428.0551591,Human
3300027769,0,16.68697968,Human
3300027770,0.012056455,14.01898298,Human
3300027771,0.142007092,4.465012786,Human
3300027773,0,60.70307975,Human
3300027775,0,181.7178648,Human
3300027776,4.398199143,120.218602,Human
3300027777,0.044856623,28.53950815,Human
3300027778,0.049935853,62.44593954,Human
3300027779,0,0.607085987,Human
3300027780,0,2.41870077,Human
3300027781,2.829213875,82.24488218,Human
3300027782,0.08619642,23.94775282,Human
3300027784,0.008947686,29.32208534,Human
3300027786,5.452519265,62.78262448,Human
3300027788,0,1.498674463,Human
3300027789,2.274635309,73.73672717,Human
3300027790,0.47752933,16.13733965,Human
3300027791,0.113252839,1.358619502,Human
3300027792,0.017930418,29.9583581,Human
3300027793,0.013909695,15.07432184,Human
3300027794,3.068674282,89.24970755,Human
3300027796,0.016568508,52.92582811,Human
3300027797,0.026135246,5.371494704,Human
3300027798,0.241717378,6.44149031,Human
3300027800,0,53.68245136,Human
3300027801,0.019404298,1.203927051,Human
3300027804,0.014330885,14.55586029,Human
3300027805,0.019537381,20.9074287,Human
3300027806,0.013288168,22.59866934,Human
3300027807,0,27.98381994,Human
3300027810,0.007109227,1.279650564,Human
3300027812,0.010957539,64.37047812,Human
3300027813,0.005325819,0.83913585,Human
3300027814,0,11.56423762,Human
3300027815,0,28.63061788,Human
3300027816,0,10.79751619,Human
3300027817,0.01272112,117.3060064,Human
3300027818,0,51.43597431,Human
3300027819,0.019248073,33.57134176,Human
3300027820,0.481149668,20.30285901,Human
3300027821,0.009762388,79.88923648,Human
3300027822,0.017238345,7.979945613,Human
3300027823,0,27.88852157,Human
3300027824,0.017383973,71.39274034,Human
3300027825,0.007815235,53.0037474,Human
3300027826,0.016191126,82.0176807,Human
3300027827,0.050894939,4.140715246,Human
3300027828,0.101275934,12.54848396,Human
3300027831,0.017706526,61.83668017,Human
3300027832,0.185878574,3.944533219,Human
3300027833,0.006457593,0.647103881,Human
3300027834,0,19.47217291,Human
3300027835,0.020178688,23.03907501,Human
3300027836,0,3.860442639,Human
3300027838,0.029195531,5.58990774,Human
3300027839,0,1.597703945,Human
3300027840,0.074267539,68.1097013,Human
3300027841,0.052758148,52.66585034,Human
3300027842,0.021124054,76.71865035,Human
3300027843,0.03184972,64.6628695,Human
3300027844,0.121933026,5.699245509,Human
3300027845,0.07356733,10.33116989,Human
3300027847,0.211708844,6.303733922,Human
3300027848,0.362900842,7.015261744,Human
3300027849,0.03256042,2.103882481,Human
3300027850,0.004311828,29.71051841,Human
3300027851,1.650771278,119.9286654,Human
3300027852,0.018061279,12.86156839,Human
3300027853,0,81.2729609,Human
3300027855,0.020534248,101.9752623,Human
3300027857,0.058554275,88.44886789,Human
3300027858,0,19.073155,Human
3300027859,0.402156158,2.957885257,Human
3300027860,0,42.67521098,Human
3300027863,0.003360624,18.49915653,Human
3300027864,0.456370606,27.73239462,Human
3300027866,0.166544562,152.8916495,Human
3300027867,0,76.34106618,Human
3300027869,0.027732263,84.75119893,Human
3300027870,6.57859217,206.7286225,Human
3300027873,0,66.02138068,Human
3300027876,0.22979353,111.1403758,Human
3300027878,0.003843238,39.79467201,Human
3300027879,0,81.12172873,Human
3300027880,0.00832173,82.18929915,Human
3300027883,0.003607312,0.488294842,Human
3300027884,0.004919908,86.9141757,Human
3300027885,0.004953036,39.53212112,Human
3300027886,0.066848133,100.4810404,Human
3300027888,0,4.115963397,Human
3300027891,0.0365719,48.75651709,Human
3300027892,0.015876081,4.835909974,Human
3300027893,0.002659776,4.088467528,Human
3300027894,0.018074591,77.6149463,Human
3300027896,0.010445606,20.16025438,Human
3300027897,0,60.96002669,Human
3300027898,0,61.51758593,Human
3300027899,0.034203255,51.42289694,Human
3300027900,0.028536357,38.7491171,Human
3300027901,0,3.606798499,Human
3300027904,0.167814537,56.45879235,Human
3300027906,0.185719769,2.668204293,Human
3300027907,0.023581626,88.96938375,Human
3300027908,0,95.37604241,Human
3300027909,0.016094744,89.76123128,Human
3300027910,0.011754518,72.23837579,Human
3300027911,0.003220264,58.29808916,Human
3300027915,0.003335043,73.93973686,Human
3300027917,0,3.787049299,Human
3300027930,0,0.534750129,Human
3300027934,0.069936923,963.9092701,Human
3300027942,0.230103589,36.94379082,Human
3300027947,0,63.70959869,Human
3300027949,0.039667199,52.54645503,Human
3300027950,0.166477166,88.63397631,Human
3300027951,0,29.2106,Human
3300027956,0.01022544,43.31398746,Human
3300027957,0.096796863,45.71415046,Human
3300027958,0.025221187,27.53490909,Human
3300027961,0,48.81203395,Human
3300027962,0,21.52511845,Human
3300027963,0.030650199,5.889628077,Human
3300027965,0,75.51409923,Human
3300027966,0,17.94893816,Human
3300027967,0.056217007,14.37906983,Human
3300027968,0.022146328,75.54038567,Human
3300027971,0.024882524,1.952297213,Human
3300027972,0.010288203,33.13295266,Human
3300027973,1.090269774,220.4197742,Human
3300027974,0.100734212,23.37013562,Human
3300027975,0,66.00235105,Human
3300027976,0.150082552,14.66676803,Human
3300027978,0.058971773,10.72979023,Human
3300027979,0,48.8683755,Human
3300027980,0.103955238,13.08686057,Human
3300027983,0.168284189,13.28754114,Human
3300027986,0.049823199,71.47736215,Human
3300028005,0.026471845,99.55563455,Human
3300028007,0,124.1813688,Human
3300028008,0.038012965,33.92850208,Human
3300028017,0,60.36955018,Human
3300028026,0,8.893484921,Human
3300028027,0.021614074,2.284361947,Human
3300028028,0,19.35722402,Human
3300028029,0.011568118,2.253144072,Human
3300028030,0,2.811109247,Human
3300028032,0.016492661,60.59791626,Human
3300028033,0.237741045,4.439507338,Human
3300028034,0.045086496,0.413294912,Human
3300028042,0,1.340059189,Human
3300028047,0.008514363,90.3971901,Human
3300028048,385.4696601,649.4899376,Human
3300028071,1.057008662,37.75315542,Human
3300028073,0.631034332,50.19452941,Human
3300028086,0.868203335,26.33957902,Human
3300028091,2.451966789,52.89420533,Human
3300028103,1.019255556,47.52312218,Human
3300028111,0,2.304769208,Human
3300028115,0.140814665,7.64419009,Human
3300028129,0.020195388,10.75038815,Human
3300028130,0.10575972,1.740520169,Human
3300028131,0.053226599,4.865662874,Human
3300028133,0.143354542,4.706851584,Human
3300028135,0.070895113,1.461664265,Human
3300028136,0,6.144078351,Human
3300028146,0,74.45289229,Human
3300028156,0,4.745992327,Human
3300028161,0,3.223002695,Human
3300028162,0,4.903023357,Human
3300028167,0,3.851286877,Human
3300028168,0,3.57095547,Human
3300028169,0,3.506568301,Human
3300028173,0,1.083810746,Human
3300028174,0,1.38777819,Human
3300028175,0,3.550641506,Human
3300028176,0,10.96353539,Human
3300028177,0,5.135549521,Human
3300028178,0,11.91181005,Human
3300028188,0,3.413303711,Human
3300028189,0.01606862,3.744744074,Human
3300028191,0,3.959375857,Human
3300028193,0,3.651364962,Human
3300028194,0,0.852858686,Human
3300028195,0,1.489430076,Human
3300028196,0.024628846,1.414091425,Human
3300028198,0,2.331549476,Human
3300028265,0.413549913,28.20713534,Human
3300028272,0,3.561522689,Human
3300028274,0,1.171149198,Human
3300028275,1.151175578,33.50463874,Human
3300028276,0,4.601329586,Human
3300028277,0,2.287716637,Human
3300028283,0,13.47316667,Human
3300028284,0.086427633,3.892130466,Human
3300028287,0.014372841,2.010340732,Human
3300028297,0,2.285002453,Human
3300028298,0,6.741461899,Human
3300028299,0,3.824791332,Human
3300028327,0.424340403,14.42698067,Human
3300028396,0.352822462,6.841108729,Human
3300028397,0.019849517,2.197886674,Human
3300028398,0.021419744,6.322538611,Human
3300028399,0,17.03292413,Human
3300028400,0,32.39898122,Human
3300028414,0.020728154,6.034473475,Human
3300028416,0,2.25808409,Human
3300028417,0,24.7002388,Human
3300028418,0.074077671,9.957130798,Human
3300028419,0,11.66230545,Human
3300028478,0.678164957,647.8763282,Human
3300028479,0.375846923,1032.299751,Human
3300028480,2.375963539,401.3003275,Human
3300028482,2.978139258,617.84133,Human
3300028483,0.470264201,540.6138253,Human
3300028484,0,598.3267662,Human
3300028485,0.121338476,637.9330191,Human
3300028487,0,4.482453127,Human
3300028489,0,5.492494954,Human
3300028532,0.407049988,1127.04101,Human
3300028533,5.499649274,212.7835592,Human
3300028534,0.03040604,2.634823836,Human
3300028562,0.059550595,111.8856259,Human
3300028573,0.026835373,82.38677016,Human
3300028585,0.01634269,156.189259,Human
3300028586,0.008264929,173.2742441,Human
3300028588,0.020010372,175.3411486,Human
3300028590,0.158679608,238.540948,Human
3300028591,0.341773751,10.836086,Human
3300028592,0.026382906,155.3019044,Human
3300028598,0.039769921,9.782015666,Human
3300028601,27.90057602,181.9846905,Human
3300028602,34.89506809,128.1846497,Human
3300028603,99.81698767,223.7295154,Human
3300028622,4.444022191,31.30516726,Human
3300028624,11.77910533,47.402605,Human
3300028625,0.541281319,20.67928669,Human
3300028626,35.90386475,56.85651021,Human
3300028627,45.84737247,72.06766143,Human
3300028628,57.60804692,87.69557008,Human
3300028629,33.9059294,68.40604405,Human
3300028630,40.44250513,73.49871584,Human
3300028631,22.80313262,54.18565216,Human
3300028633,18.45576535,46.31161756,Human
3300028634,19.89520335,65.99121892,Human
3300028635,21.65778164,48.09825449,Human
3300028638,19.56420124,49.35773176,Human
3300028640,15.76550468,44.54942043,Human
3300028641,14.83360455,39.42828353,Human
3300028644,13.84261755,55.19475918,Human
3300028653,0.025970276,50.4245808,Human
3300028666,0.05368817,73.23142536,Human
3300028905,436.204426,2390.319205,Human
3300028911,3058.515867,4133.114018,Human
3300028912,475.399327,5061.649628,Human
3300028949,5.395678063,1165.714026,Human
3300028950,829.476823,852.1045502,Human
3300028952,1520.870589,7242.395052,Human
3300028953,676.0332952,2327.784297,Human
3300028954,429.3667404,3871.80639,Human
3300028955,211.8070005,4606.456965,Human
3300028956,201.2320842,1819.425773,Human
3300028957,39.39293637,5017.949682,Human
3300028958,322.2812668,4436.507412,Human
3300028959,234.4941513,2091.13592,Human
3300028961,332.3147912,865.2868172,Human
3300028962,1677.144631,12903.75511,Human
3300028963,202.5737183,1901.696722,Human
3300028964,116.8331758,1213.803101,Human
3300028965,73.18953236,6067.802534,Human
3300028966,169.4056745,933.9662388,Human
3300028967,470.657902,716.5527106,Human
3300028968,131.8242647,654.5256565,Human
3300028969,103.5918696,6091.264261,Human
3300028970,135.8632576,247.574889,Human
3300028971,126.9429684,917.0193435,Human
3300028972,919.1527637,8261.513722,Human
3300028973,676.036139,20936.97513,Human
3300028974,64.21145808,2338.023577,Human
3300028975,1030.083115,2066.204615,Human
3300028976,1182.629421,4431.017443,Human
3300028977,293.7461192,1510.563816,Human
3300028978,288.0824965,697.096047,Human
3300028979,749.3660754,2757.964409,Human
3300028980,196.8242436,8636.718841,Human
3300028981,185.1774832,4608.668214,Human
3300028982,564.1138409,8564.590318,Human
3300028983,207.3252169,258.9927212,Human
3300028984,154.290088,3134.531158,Human
3300028985,260.268159,674.9452826,Human
3300028986,94.23050784,5563.894244,Human
3300028987,620.3388889,829.7439728,Human
3300028988,40.93341573,9586.497796,Human
3300028989,587.7291622,3389.664836,Human
3300028990,90.34930528,221.8431608,Human
3300028991,814.2696813,2880.189458,Human
3300028992,423.2697912,2251.764248,Human
3300028994,311.6700491,992.9533326,Human
3300028995,148.3454516,4194.138071,Human
3300028996,322.9882435,898.0559516,Human
3300028997,431.8990512,1669.995986,Human
3300028998,128.1613835,1600.325676,Human
3300028999,256.2835232,1209.345024,Human
3300029000,105.6827191,617.865214,Human
3300029001,287.6042933,821.8454048,Human
3300029002,422.4138341,615.1382043,Human
3300029003,189.5668461,3324.164463,Human
3300029004,236.6355872,317.6189426,Human
3300029005,446.7369883,940.4382523,Human
3300029006,628.7877141,1418.341836,Human
3300029007,356.3382053,785.4068315,Human
3300029008,116.1392797,1095.048536,Human
3300029009,136.3218607,12556.7417,Human
3300029010,207.031431,376.138288,Human
3300029011,48.72757636,151.4536729,Human
3300029012,241.9493738,790.1464555,Human
3300029013,111.676404,311.2319081,Human
3300029014,370.6238545,612.2150521,Human
3300029015,295.7930275,418.0885227,Human
3300029016,150.8030974,258.9525585,Human
3300029017,227.8762261,790.5046974,Human
3300029018,357.0866229,554.7548809,Human
3300029019,106.6207576,239.9036239,Human
3300029020,271.7210077,480.132075,Human
3300029021,82.26565268,283.0686937,Human
3300029022,275.611017,842.9624888,Human
3300029023,268.6197593,415.4300286,Human
3300029024,208.9871621,610.5207671,Human
3300029025,265.6861791,689.7549146,Human
3300029026,550.5686404,1008.351881,Human
3300029027,199.3688923,326.2586732,Human
3300029028,248.5790086,646.2074184,Human
3300029029,330.3557381,748.6955814,Human
3300029030,339.4749299,647.0423247,Human
3300029031,140.7378642,260.6300894,Human
3300029032,1114.354242,3800.82698,Human
3300029033,301.9369084,4614.859186,Human
3300029034,114.1856266,395.2054792,Human
3300029035,475.6777097,968.5533603,Human
3300029036,310.2729905,395.3945943,Human
3300029037,348.0057072,604.6897184,Human
3300029038,421.0203629,797.1392371,Human
3300029039,287.1663333,483.0283507,Human
3300029040,215.0216174,542.3628307,Human
3300029042,272.7980706,1554.65145,Human
3300029043,78.86518189,416.61402,Human
3300029044,342.6154826,805.7763848,Human
3300029045,395.005323,750.6232122,Human
3300029046,151.5071842,2534.185452,Human
3300029047,274.4710334,440.8758042,Human
3300029048,282.87539,387.2469233,Human
3300029049,583.5271212,1042.996265,Human
3300029050,291.1392096,384.1905805,Human
3300029051,514.7229069,981.077613,Human
3300029052,507.3740958,661.4887443,Human
3300029053,519.2654571,738.56878,Human
3300029054,453.8463128,706.9024059,Human
3300029055,348.1892039,634.1322785,Human
3300029056,305.5724097,530.7221132,Human
3300029057,244.391361,366.9798007,Human
3300029058,311.7565486,2645.035416,Human
3300029059,397.8602378,669.6883698,Human
3300029060,305.9460562,564.0897622,Human
3300029064,0.857727628,18273.86982,Human
3300029065,310.2548033,1160.471749,Human
3300029066,57.77570298,7707.527522,Human
3300029067,78.49801904,2491.067293,Human
3300029068,206.1358892,11267.55096,Human
3300029069,55.35433546,5447.827918,Human
3300029070,345.2721183,2682.472837,Human
3300029071,59.96020521,8987.088355,Human
3300029072,322.2323948,492.8132134,Human
3300029073,952.7237687,4302.656876,Human
3300029074,310.5130129,1419.012108,Human
3300029075,588.5609025,1308.814503,Human
3300029076,190.1343336,2144.618825,Human
3300029077,14.00459756,272.4599893,Human
3300029078,604.0935726,1100.19566,Human
3300029079,234.3141948,3156.542749,Human
3300029080,191.4331196,2180.069027,Human
3300029081,251.8534203,572.9497101,Human
3300029082,181.5376658,297.1171509,Human
3300029083,262.9182551,635.6691664,Human
3300029084,565.9526962,2230.623384,Human
3300029085,144.9672631,1047.053257,Human
3300029086,177.7484607,2121.446234,Human
3300029087,344.6992064,541.3900418,Human
3300029088,589.4848376,1537.566789,Human
3300029089,609.5613359,818.9604115,Human
3300029090,405.6464311,768.5857111,Human
3300029091,302.2201525,2787.946615,Human
3300029092,253.9470487,3741.063306,Human
3300029093,385.139898,630.7649947,Human
3300029094,408.350292,1009.404601,Human
3300029095,430.7554288,3735.711372,Human
3300029096,382.0201242,651.7613277,Human
3300029097,282.4486365,480.6132976,Human
3300029098,133.5622128,420.9321157,Human
3300029099,249.6990916,488.8532431,Human
3300029100,88.01740206,199.2309095,Human
3300029101,354.4391874,674.8680534,Human
3300029102,383.7589343,4798.206666,Human
3300029103,307.3523455,610.8958033,Human
3300029104,282.4433841,819.18395,Human
3300029105,384.9431735,886.1325678,Human
3300029106,342.6441839,566.6436696,Human
3300029108,402.0189405,685.7098767,Human
3300029109,96.57102464,389.6189266,Human
3300029110,152.8239359,1727.566709,Human
3300029111,2421.00371,3154.838792,Human
3300029112,2081.892997,2663.765697,Human
3300029113,1137.674265,1561.708135,Human
3300029114,1599.835002,2489.903749,Human
3300029115,1249.224628,1805.346502,Human
3300029116,1433.570835,1924.975219,Human
3300029117,1367.221725,2135.804495,Human
3300029118,1116.329731,1430.061989,Human
3300029119,1165.585647,1585.159396,Human
3300029120,2829.759165,3301.54223,Human
3300029121,1008.083051,1861.595792,Human
3300029122,812.2378547,1276.564063,Human
3300029123,1225.683368,1571.696542,Human
3300029124,220.9973835,537.7021383,Human
3300029125,896.4584389,1248.44212,Human
3300029126,2442.121912,4534.510394,Human
3300029127,995.5030786,1857.395001,Human
3300029128,1277.571959,1636.243796,Human
3300029129,856.4289925,1315.48707,Human
3300029130,965.8210016,1185.840299,Human
3300029131,1348.255708,1708.845393,Human
3300029132,935.4298611,1832.554537,Human
3300029133,990.7826419,1640.879897,Human
3300029134,1336.157519,2016.972792,Human
3300029135,761.6950477,1126.910547,Human
3300029136,1519.468321,2266.216063,Human
3300029137,1360.142711,2049.780973,Human
3300029138,1725.8367,2028.384124,Human
3300029168,0,136.42079,Human
3300029176,1236.220096,2241.955005,Human
3300029177,234.4328658,431.6616574,Human
3300029178,2176.244646,3085.509662,Human
3300029180,55.74200415,523.638265,Human
3300029181,1147.229983,4935.04534,Human
3300029182,14.85929376,112.1196296,Human
3300029184,219.7481125,2157.59944,Human
3300029185,1349.335591,1643.713724,Human
3300029186,1347.290705,4646.239858,Human
3300029187,1542.965725,2975.000363,Human
3300029188,282.7932783,618.57362,Human
3300029189,0,200.6345641,Human
3300029190,1488.685377,3502.497146,Human
3300029191,1646.746903,2813.223236,Human
3300029192,943.2121536,2528.947426,Human
3300029193,1641.82731,3069.821891,Human
3300029194,1855.496855,2227.364159,Human
3300029195,1712.948992,2267.01369,Human
3300029196,1172.365645,1490.089017,Human
3300029197,846.9361101,2749.797251,Human
3300029198,894.1738781,1413.589008,Human
3300029199,0.0303896,342.3792083,Human
3300029201,22.75784812,226.702955,Human
3300029203,1539.874034,2385.997105,Human
3300029204,992.5442442,1437.623126,Human
3300029205,0,132.2284753,Human
3300029206,935.1012064,1440.637188,Human
3300029207,1135.304899,1914.03085,Human
3300029208,2013.361151,2367.261311,Human
3300029209,1195.123248,1785.985246,Human
3300029210,1141.058194,1605.773208,Human
3300029211,1582.599554,2116.480843,Human
3300029212,826.7616351,2018.647945,Human
3300029213,1621.664526,2106.462574,Human
3300029214,1268.477409,2143.03155,Human
3300029215,1571.18112,2167.819685,Human
3300029217,1522.5223,2334.042622,Human
3300029218,805.3758569,1016.55841,Human
3300029219,1113.107702,3747.194007,Human
3300029220,1019.075448,2077.101934,Human
3300029221,0.092618279,62.73150731,Human
3300029227,816.6599842,1133.327261,Human
3300029228,1342.432363,1798.72629,Human
3300029229,1511.63547,2542.688414,Human
3300029230,1627.109341,2033.997475,Human
3300029231,1281.77298,1747.912872,Human
3300029232,1036.209126,1523.854132,Human
3300029233,48.94550489,188.2222604,Human
3300029234,959.7657065,1804.224994,Human
3300029235,1555.241625,2050.33126,Human
3300029236,239.1701938,474.3359185,Human
3300029237,1398.059666,1963.473875,Human
3300029238,978.3637822,1465.736789,Human
3300029239,8.685230551,69.34722284,Human
3300029240,1618.110799,2796.075877,Human
3300029241,1235.828299,2306.472824,Human
3300029243,1212.682548,2050.02315,Human
3300029244,986.3656193,1826.712423,Human
3300029245,1106.663607,1488.712125,Human
3300029246,1282.056576,1683.96503,Human
3300029247,1483.301223,1914.036985,Human
3300029248,1227.322267,2018.58111,Human
3300029249,2358.524843,3423.482189,Human
3300029250,1819.343027,2679.654554,Human
3300029251,665.2886985,1104.233564,Human
3300029252,8.081057487,39.97975529,Human
3300029253,1688.97639,2355.721133,Human
3300029254,1243.346386,1865.757547,Human
3300029255,12.1457316,48.4375891,Human
3300029256,1263.390845,1541.826112,Human
3300029257,878.6349398,1710.455969,Human
3300029292,1392.651211,2041.023509,Human
3300029295,935.8654986,1254.658375,Human
3300029297,116.8693733,158.3217471,Human
3300029303,4380.390191,5419.840177,Human
3300029304,0.90445248,29.25644312,Human
3300029307,2636.077353,3177.001475,Human
3300029309,0.142473098,2.897812866,Human
3300029310,734.3650787,1860.613918,Human
3300029311,10.75884215,49.08341428,Human
3300029312,14.69224011,8318.070097,Human
3300029313,689.3872962,906.0842912,Human
3300029314,1.894848625,35.50330033,Human
3300029315,547.0942656,1067.153791,Human
3300029316,209.0273973,629.5857052,Human
3300029320,775.6105236,1000.078342,Human
3300029321,1307.044133,1677.273076,Human
3300029322,2181.698545,2880.438027,Human
3300029323,1169.90252,1862.994729,Human
3300029324,1178.649551,1907.244344,Human
3300029325,745.1909234,1064.52649,Human
3300029326,945.0818259,1853.087264,Human
3300029327,0,454.216311,Human
3300029328,460.6046335,905.6676789,Human
3300029329,477.2646378,1004.405553,Human
3300029330,487.5881826,897.5895862,Human
3300029331,461.4923025,1507.633172,Human
3300029332,379.2528557,642.8514938,Human
3300029333,209.0441782,624.7994504,Human
3300029334,710.2347547,1225.426432,Human
3300029335,221.4578438,576.9897026,Human
3300029336,435.219416,687.7381547,Human
3300029337,1023.204097,1717.475536,Human
3300029338,193.6338883,592.463896,Human
3300029339,286.9455457,563.1841916,Human
3300029340,202.5704414,415.2108838,Human
3300029341,270.2356932,660.0018102,Human
3300029342,194.3777411,408.3117032,Human
3300029343,24.60434496,40.4689729,Human
3300029346,328.2055887,938.6763485,Human
3300029348,296.3514972,607.7389137,Human
3300029349,0,4.084168664,Human
3300029350,348.2146321,673.265801,Human
3300029351,54.21568633,185.1296924,Human
3300029352,877.3912898,1080.32171,Human
3300029353,791.4478525,1098.016634,Human
3300029354,301.7186214,891.4906764,Human
3300029355,622.6950335,1101.59182,Human
3300029356,422.5448551,886.2060676,Human
3300029357,760.9385757,1014.413144,Human
3300029358,504.66369,798.051724,Human
3300029359,338.9652323,662.184412,Human
3300029360,653.1940751,978.7526441,Human
3300029361,524.012719,873.4984496,Human
3300029362,197.7645347,418.5818484,Human
3300029363,727.7009719,1548.078883,Human
3300029364,206.2899628,700.9315073,Human
3300029365,641.4438962,1418.738468,Human
3300029366,473.0352158,1013.907998,Human
3300029367,1490.856897,2109.906101,Human
3300029368,1316.339769,1965.338857,Human
3300029369,535.010199,910.7131964,Human
3300029370,472.6626454,854.8581782,Human
3300029371,481.4804646,839.1457024,Human
3300029372,433.2751819,747.7295937,Human
3300029373,360.9652108,693.524201,Human
3300029374,237.4363596,734.0344069,Human
3300029375,462.3162336,1114.456343,Human
3300029376,245.2803519,636.2466897,Human
3300029377,394.0890832,950.1152714,Human
3300029378,256.6744246,552.9759773,Human
3300029379,96.32447475,233.2368948,Human
3300029380,409.8046635,956.0147601,Human
3300029381,356.3898077,845.9332411,Human
3300029382,244.2905493,565.4280662,Human
3300029383,552.8583742,987.4391936,Human
3300029384,222.2876646,486.405632,Human
3300029385,200.2057209,413.8487463,Human
3300029386,232.0586212,536.1872719,Human
3300029387,490.3022477,892.9747569,Human
3300029388,1582.200657,2540.489178,Human
3300029389,341.959556,614.3333991,Human
3300029390,456.4314438,830.0040038,Human
3300029391,530.839292,1059.527051,Human
3300029392,464.1621177,927.986136,Human
3300029393,248.9619651,466.2266112,Human
3300029394,1355.252607,2049.987273,Human
3300029395,1633.707725,2347.44304,Human
3300029396,702.2772404,886.81684,Human
3300029397,0.887159965,193.5667382,Human
3300029398,531.2007317,1341.459004,Human
3300029399,602.1063637,1349.893455,Human
3300029400,284.7493952,1421.511596,Human
3300029401,657.2868765,1343.834098,Human
3300029402,511.1235155,908.6519211,Human
3300029403,848.4964743,1186.16912,Human
3300029404,318.9442222,949.5122903,Human
3300029405,510.642276,888.1271296,Human
3300029406,346.3215293,939.0812068,Human
3300029407,564.3180188,1269.658284,Human
3300029408,373.3416063,679.245653,Human
3300029409,382.4185024,787.1955456,Human
3300029410,734.4176569,985.9796815,Human
3300029411,362.6320164,699.8938267,Human
3300029412,352.7321232,698.5123707,Human
3300029413,1324.975992,1945.807788,Human
3300029414,385.549368,821.6847632,Human
3300029415,1358.026543,5256.247279,Human
3300029416,343.4174937,665.4290157,Human
3300029417,906.2328179,1601.426841,Human
3300029418,555.4248896,989.913711,Human
3300029419,188.767281,357.4007355,Human
3300029420,314.0536343,656.6878436,Human
3300029421,756.631381,1029.469277,Human
3300029422,453.2116733,847.7828211,Human
3300029423,304.8871856,621.5965094,Human
3300029424,1539.714065,2250.822971,Human
3300029425,473.8140308,1189.003836,Human
3300029426,729.2970146,963.0822823,Human
3300029427,217.0712287,646.9428541,Human
3300029428,855.6740171,1108.570615,Human
3300029430,752.3834184,1251.312797,Human
3300029431,219.0875513,613.6641719,Human
3300029432,72.78715501,113.1132364,Human
3300029433,226.962843,595.1813327,Human
3300029434,339.3328602,809.4922893,Human
3300029435,977.9293582,1546.616843,Human
3300029436,350.3400914,661.256211,Human
3300029437,255.6079871,592.0079019,Human
3300029438,340.0713398,767.7072543,Human
3300029439,369.2588168,887.546684,Human
3300029440,11.58019267,45.73298189,Human
3300029441,339.4850738,603.0864659,Human
3300029442,0.016998023,11.99226903,Human
3300029443,310.0170954,646.271063,Human
3300029444,56.23977546,131.1491404,Human
3300029445,648.8468891,1146.891623,Human
3300029446,25.82295402,88.90373274,Human
3300029447,362.3691538,841.8541508,Human
3300029449,37.12430815,147.3551415,Human
3300029450,1739.612569,3318.545123,Human
3300029451,694.6025004,1716.22425,Human
3300029452,644.5268137,1502.353559,Human
3300029453,1150.465619,1632.663811,Human
3300029454,1366.36738,2281.681461,Human
3300029455,1326.936198,2525.028608,Human
3300029456,826.5355719,2067.659628,Human
3300029457,821.6877293,1282.822602,Human
3300029458,1071.0756,2320.652497,Human
3300029459,1020.462432,2785.652736,Human
3300029460,1131.684588,1879.099321,Human
3300029461,1085.789987,6284.235165,Human
3300029462,1016.621195,2242.915781,Human
3300029463,1339.975504,2104.306759,Human
3300029464,921.8244674,1566.510586,Human
3300029465,1867.875028,2489.637011,Human
3300029466,1042.567616,3442.109557,Human
3300029467,947.836486,2504.741445,Human
3300029468,683.3029926,1115.736925,Human
3300029469,682.5115445,1582.561213,Human
3300029470,1306.952713,1512.682508,Human
3300029471,1555.231139,2545.920315,Human
3300029472,1549.050648,2436.451729,Human
3300029473,712.853376,2742.604097,Human
3300029474,1464.208755,2014.922105,Human
3300029475,659.7971856,1634.097835,Human
3300029476,1369.822608,2200.450181,Human
3300029477,1243.320708,1974.418792,Human
3300029478,909.8573205,1427.858655,Human
3300029479,1029.31724,1574.572731,Human
3300029480,831.688353,1814.944183,Human
3300029481,717.5796062,1247.911173,Human
3300029482,1095.12013,1579.354282,Human
3300029483,722.63991,1495.328429,Human
3300029484,890.1280187,1698.022527,Human
3300029485,1174.959051,1575.172194,Human
3300029486,1012.365763,1402.452182,Human
3300029487,1149.150806,1695.083115,Human
3300029488,678.2473751,1167.066017,Human
3300029489,375.799175,736.603332,Human
3300029490,1501.529314,2718.542048,Human
3300029491,1382.788508,2535.847484,Human
3300029492,2230.152279,2733.953645,Human
3300029493,654.1028928,1205.269196,Human
3300029494,508.030636,998.4055112,Human
3300029495,492.0494556,902.7561267,Human
3300029496,1054.086734,1871.626948,Human
3300029497,852.5368302,1517.899497,Human
3300029498,1153.852294,2376.359124,Human
3300029499,699.3801676,6331.259109,Human
3300029500,625.6940079,959.0974073,Human
3300029501,749.8566131,1291.964146,Human
3300029502,1064.189503,1534.880224,Human
3300029503,1012.672596,1894.986682,Human
3300029504,920.8397065,3658.219627,Human
3300029505,2520.859109,3692.370951,Human
3300029506,1471.404833,2701.24561,Human
3300029507,681.6192766,1306.04121,Human
3300029508,614.7848562,2518.197498,Human
3300029509,1755.824616,2600.207466,Human
3300029510,1180.551971,2018.525032,Human
3300029511,1023.53784,2707.577039,Human
3300029512,803.0143785,2077.529788,Human
3300029513,1404.761577,2053.607228,Human
3300029514,1024.911313,1368.065317,Human
3300029515,848.975565,1734.617663,Human
3300029516,897.6129337,2326.272543,Human
3300029517,1617.103515,3748.930034,Human
3300029518,1140.924432,1984.50693,Human
3300029519,1072.794426,1690.305549,Human
3300029520,1402.64108,1891.547523,Human
3300029521,1185.637062,2681.922287,Human
3300029522,1426.313535,2772.997113,Human
3300029523,1256.765507,1985.429583,Human
3300029524,920.1947352,1781.641201,Human
3300029525,598.0525994,1893.071335,Human
3300029526,678.8069132,2324.747538,Human
3300029527,831.0557528,1250.9672,Human
3300029528,1374.990127,3170.680684,Human
3300029529,952.2970176,2237.292404,Human
3300029530,472.0283854,1528.511341,Human
3300029531,1094.837524,1626.892191,Human
3300029532,1183.563727,2092.578957,Human
3300029533,899.2262575,1877.441052,Human
3300029534,613.3487074,1772.344915,Human
3300029535,1364.484613,2620.661421,Human
3300029536,765.0061065,1020.086818,Human
3300029537,1026.933212,1697.845512,Human
3300029538,925.6890636,1639.232325,Human
3300029539,638.680447,965.8908255,Human
3300029540,973.5141885,1466.662055,Human
3300029541,1123.143074,1991.25233,Human
3300029542,802.5156895,1247.792204,Human
3300029543,918.8502325,1400.225399,Human
3300029544,579.1762168,889.8277348,Human
3300029545,1178.765751,2055.248983,Human
3300029546,1164.718014,2010.111578,Human
3300029547,1180.406945,1752.684189,Human
3300029548,544.3317206,829.2228107,Human
3300029549,578.3037542,1131.334086,Human
3300029550,915.3877271,2198.329229,Human
3300029551,1438.921556,2241.083745,Human
3300029552,317.5715403,799.283863,Human
3300029553,628.9878216,921.9189179,Human
3300029554,484.8180036,1283.349343,Human
3300029555,1062.94646,1579.413084,Human
3300029556,691.5639314,1267.912473,Human
3300029557,371.446528,547.9998853,Human
3300029558,981.6778161,1719.928112,Human
3300029559,1031.28509,1441.17899,Human
3300029560,977.8427177,1716.444668,Human
3300029561,1214.171924,1636.161146,Human
3300029562,247.7629205,810.2967168,Human
3300029563,531.2820897,777.3964867,Human
3300029564,1215.881332,1763.727311,Human
3300029565,937.2446286,1445.664774,Human
3300029566,632.1695097,1939.109069,Human
3300029567,580.4977621,1033.347633,Human
3300029570,1356.0251,1914.191699,Human
3300029571,933.8153643,1389.683953,Human
3300029572,692.1397395,1250.640195,Human
3300029573,65.36974949,396.5616415,Human
3300029574,379.5630581,760.2661498,Human
3300029575,1032.56586,1306.981085,Human
3300029576,305.2976777,581.4785458,Human
3300029577,1052.745659,2252.142974,Human
3300029578,809.8664937,1391.362388,Human
3300029579,1459.37152,1921.897396,Human
3300029580,355.3968561,589.8962947,Human
3300029581,1307.400337,2100.399558,Human
3300029582,224.6100836,550.3280908,Human
3300029583,208.5945968,328.1843254,Human
3300029584,256.45567,462.719119,Human
3300029586,378.584858,756.3836831,Human
3300029587,258.5510311,403.8870013,Human
3300029588,369.6345046,795.5110103,Human
3300029589,321.2657176,815.9652691,Human
3300029590,553.4478652,986.5981388,Human
3300029592,435.7311192,953.3981798,Human
3300029593,265.6969937,512.6850314,Human
3300029594,386.1586598,1148.359357,Human
3300029595,246.1975158,629.0230293,Human
3300029603,160.3669115,557.6639038,Human
3300029604,443.4371404,805.9611352,Human
3300029605,248.6923174,541.8514275,Human
3300029606,514.6355878,795.8310608,Human
3300029607,1610.496497,1936.212444,Human
3300029608,283.8258779,408.1681535,Human
3300029609,1174.082736,1672.875154,Human
3300029610,965.2077647,1443.029273,Human
3300029611,139.7206687,516.7620959,Human
3300029612,1175.905114,1629.361683,Human
3300029613,356.4629852,699.7011715,Human
3300029614,251.5099013,457.284424,Human
3300029615,430.163064,703.3539322,Human
3300029616,260.5119548,617.4604468,Human
3300029617,157.2893493,267.0888922,Human
3300029618,294.3168156,390.6068727,Human
3300029619,448.4131962,1711.174984,Human
3300029620,321.5039477,562.5205658,Human
3300029621,166.2040359,401.4352528,Human
3300029622,541.0347323,850.1855196,Human
3300029623,580.1094693,857.5725127,Human
3300029631,0,3.43459203,Human
3300029633,978.1740222,3577.045984,Human
3300029634,852.6654955,1069.576203,Human
3300029641,428.5462952,10022.83875,Human
3300029643,966.4766003,2466.599753,Human
3300029647,441.7834253,13276.25106,Human
3300029650,288.7827951,671.0492101,Human
3300029653,1080.378896,2857.622713,Human
3300029656,564.7894367,1215.570911,Human
3300029660,664.6639141,1296.810164,Human
3300029661,126.1819503,2617.676097,Human
3300029664,690.8506482,999.5272149,Human
3300029665,574.0321157,1446.58785,Human
3300029668,978.7641865,1107.505314,Human
3300029669,584.9511944,1441.021818,Human
3300029671,467.8528777,3490.042255,Human
3300029672,920.3780745,1494.397281,Human
3300029675,202.6940858,936.3225381,Human
3300029676,252.9325357,734.977897,Human
3300029678,405.8645677,700.5435726,Human
3300029679,1062.296489,1783.821396,Human
3300029681,435.1925926,876.2382932,Human
3300029682,359.245139,843.9510592,Human
3300029684,556.5842013,1080.013029,Human
3300029686,370.2238844,1252.815776,Human
3300029688,796.9851503,1012.339585,Human
3300029690,164.8710637,304.7012355,Human
3300029692,605.3176162,778.0721761,Human
3300029694,1154.257058,1806.173089,Human
3300029696,427.6229182,745.2364715,Human
3300029698,356.519236,616.2943514,Human
3300029700,368.6914461,511.7859716,Human
3300029702,160.7884033,511.9933196,Human
3300029703,490.9152225,932.1695657,Human
3300029704,397.0856079,850.6552021,Human
3300029706,121.7653422,431.6146048,Human
3300029707,461.3421919,763.9494762,Human
3300029708,174.2756939,354.6655588,Human
3300029709,280.5735695,497.6468432,Human
3300029710,428.4541225,666.1521875,Human
3300029711,328.5838448,3535.308327,Human
3300029712,317.0882137,600.2449222,Human
3300029713,229.0177692,3142.463059,Human
3300029714,535.2172002,928.0666906,Human
3300029715,64.68052938,316.4181683,Human
3300029716,411.9657752,717.8903565,Human
3300029717,128.5373655,263.300489,Human
3300029718,70.95782526,150.4188422,Human
3300029719,396.0639966,885.2626333,Human
3300029720,275.9823525,451.356677,Human
3300029721,302.272021,6134.155141,Human
3300029722,142.1713978,9454.955286,Human
3300029723,3225.45285,4921.861219,Human
3300029724,263.2998888,673.8560596,Human
3300029725,626.2990817,780.5097111,Human
3300029726,775.8727195,7807.566435,Human
3300029727,274.0751231,643.7597551,Human
3300029728,333.6148397,709.0518042,Human
3300029729,1178.514778,1551.136168,Human
3300029730,379.2306301,549.6479475,Human
3300029731,1004.534492,1492.06318,Human
3300029732,281.8443037,506.4779794,Human
3300029733,319.8874335,4772.183702,Human
3300029734,845.7372163,1462.080815,Human
3300029735,150.561032,1899.714757,Human
3300029736,554.0085855,2673.302238,Human
3300029737,203.9508392,501.2541005,Human
3300029738,226.7179946,547.8785422,Human
3300029739,708.8020508,1183.941788,Human
3300029740,327.6135792,652.4248698,Human
3300029741,643.8252986,3366.115648,Human
3300029742,1565.864234,3173.361219,Human
3300029743,288.8287668,702.9483144,Human
3300029744,135.1879194,398.9602173,Human
3300029745,328.1746937,882.1520262,Human
3300029746,295.1334238,436.7707542,Human
3300029747,456.4508609,795.8354875,Human
3300029748,206.7633118,669.0792991,Human
3300029749,268.7946657,1649.975598,Human
3300029750,752.3728551,1137.538305,Human
3300029751,1239.692744,1838.215731,Human
3300029752,616.3717724,1379.884211,Human
3300029754,317.0804777,1283.726252,Human
3300029755,732.3250359,964.931275,Human
3300029756,731.2743173,1023.051415,Human
3300029757,710.9334976,1567.509985,Human
3300029758,1027.313241,1304.584507,Human
3300029759,726.5991989,992.826716,Human
3300029760,483.9203453,1046.497519,Human
3300029761,392.0315492,788.0791357,Human
3300029762,185.0039546,4243.729112,Human
3300029763,505.9708467,1123.11565,Human
3300029764,501.2867987,1041.153104,Human
3300029765,783.4713776,1006.008582,Human
3300029766,488.048308,878.1780047,Human
3300029767,304.4819016,581.7802563,Human
3300029768,374.6775341,698.2307247,Human
3300029769,258.2174116,465.5962593,Human
3300029770,1565.448576,2226.760533,Human
3300029771,358.848633,767.8628411,Human
3300029772,522.6164561,958.5188539,Human
3300029773,320.0140176,634.7211281,Human
3300029774,503.8255908,987.095966,Human
3300029775,1.026225606,37.27838323,Human
3300029776,216.6807896,620.9066941,Human
3300029777,608.2676344,1028.912689,Human
3300029778,187.7922238,572.0087798,Human
3300029779,347.0719813,689.3688831,Human
3300029780,909.4495354,1367.965034,Human
3300029781,12.09298956,46.48582327,Human
3300029782,292.7604027,1266.06621,Human
3300029783,1438.968805,2142.23375,Human
3300029784,1192.998425,1741.826343,Human
3300029785,198.1054251,490.298533,Human
3300029786,447.6407498,745.894606,Human
3300029787,0.320154139,3.731598684,Human
3300029788,702.9353126,1154.596609,Human
3300029789,297.1448848,741.2983507,Human
3300029791,273.6272274,545.968547,Human
3300029792,1.084421072,7.620242878,Human
3300029793,293.7762501,614.1807945,Human
3300029794,320.0931201,630.8680633,Human
3300029795,577.1768434,1022.797806,Human
3300029796,565.1801354,1482.530254,Human
3300029797,31.82476965,142.7948335,Human
3300029798,0.090684353,22.4081514,Human
3300029814,762.3388874,1824.097971,Human
3300029815,831.10275,1370.049184,Human
3300029816,1427.110866,1884.847027,Human
3300029817,5.195444982,32.69698421,Human
3300029818,0.059337751,722.2075038,Human
3300029819,749.270885,1286.251835,Human
3300029820,1038.84268,1634.214199,Human
3300029821,0.055889935,36.46559682,Human
3300029822,1.562347805,20.0115103,Human
3300029823,0.208608012,33.10004874,Human
3300029824,1.502908453,41.75478111,Human
3300029825,1.330182159,29.73203989,Human
3300029826,0,19.19974533,Human
3300029827,0,9.76493799,Human
3300029828,575.6619445,1183.104928,Human
3300029830,153.2161394,716.9766726,Human
3300029839,1049.956953,1498.906753,Human
3300029840,732.4652926,1237.77772,Human
3300029841,327.128733,1332.33899,Human
3300029842,185.6139091,393.1648267,Human
3300029843,286.4194685,2828.611879,Human
3300029844,856.6840201,1068.187951,Human
3300029845,196.4847839,424.1231736,Human
3300029846,294.9712443,2404.51444,Human
3300029847,362.9773298,672.2117291,Human
3300029848,304.0597955,539.6524634,Human
3300029849,369.9556614,783.7940237,Human
3300029850,344.1931887,497.3382044,Human
3300029851,198.8211844,727.9023963,Human
3300029852,426.2592546,612.9560064,Human
3300029853,347.6860476,622.3202346,Human
3300029854,792.9052761,1042.519293,Human
3300029855,437.0412064,991.5452269,Human
3300029856,387.8241209,797.0999543,Human
3300029857,325.0821841,671.176757,Human
3300029858,436.6608662,1553.094126,Human
3300029859,239.0210754,359.3789216,Human
3300029860,206.4330235,379.3914496,Human
3300029861,1067.152703,1699.511745,Human
3300029862,127.9791673,760.3050381,Human
3300029870,148.4389758,510.2572015,Human
3300029871,180.4276019,305.2761903,Human
3300029872,313.2075154,614.6981969,Human
3300029873,429.0959694,1649.665833,Human
3300029874,93.26098566,517.2217857,Human
3300029875,188.6628037,1458.362373,Human
3300029876,518.7947541,854.242415,Human
3300029877,461.5150087,11136.25297,Human
3300029878,983.4596276,2445.972114,Human
3300029880,485.2894173,809.4164356,Human
3300029881,282.1015807,539.1390984,Human
3300029884,510.1908627,627.0639436,Human
3300029885,234.003703,1275.772957,Human
3300029886,301.8116362,916.0099554,Human
3300029887,139.6309846,294.3575046,Human
3300029888,806.7204238,1959.6531,Human
3300029889,0.039935705,39.73446029,Human
3300029890,0.061436523,14.62405182,Human
3300029891,0.189300463,14.37274546,Human
3300029892,0.277958669,95.46987949,Human
3300029893,0,65.82238032,Human
3300029894,0,13.40324702,Human
3300029895,0,19.15698803,Human
3300029896,0.011074384,34.10837206,Human
3300029897,0,16.28209039,Human
3300029898,0.028219827,22.4582075,Human
3300029899,0.012106225,21.56855356,Human
3300029900,0,14.3684374,Human
3300029901,0,28.469191,Human
3300029902,0,73.68255221,Human
3300029904,2382.304534,3742.665536,Human
3300029905,2967.968705,4270.869137,Human
3300029906,2396.492044,3428.537613,Human
3300029912,0,20.70272152,Human
3300029928,4.023905915,124.7445989,Human
3300029929,0,27.66120689,Human
3300029931,0.159141084,9.604311049,Human
3300029934,395.9497909,882.2092828,Human
3300029941,0,27.6615423,Human
3300029942,10.58765751,43.26937409,Human
3300029947,0.78304157,165.3645045,Human
3300029948,9.517523308,65.74433887,Human
