topSNP.g.P	Homogentisic acid	Catechin	3-Methoxybenzenepropanoic acid	Acesulfame	Tartaric acid	Mannose	Tryptophol	Umbelliferone	Quinaldic acid	Isocitric acid	3,3-Dimethylglutaric acid	Oxindole-3-acetic acid	2,4'-Dihydroxyacetophenone	3,5-Diiodo-L-tyrosine	Ribulose	Arabinose	Arabinonic acid	Inosine	Syringic acid	Guanosine (G)	Heptacosanoic acid	Butyrylcarnitine(C4)	4-Hydroxycinnamic acid	Vanillymandelic Acid	3-Phenylbutyric acid	Ascorbic acid	Quinolinic acid	Indoleacetic acid	3,4-Dihydro-2H-1-benzopyran-2-one	Cysteic acid	1,2,3-Propanetricarboxylic acid	2,3-Diaminopropionic acid	Glutaric acid	Lactulose	Vanillic acid	Mandelic acid
A/A	0.003712009	0.0002132435	0.0012031555	0.000139483	0.000246207	0.025274714	0.0025244835	0.0006789815	0.001629344	0.000677343	0.003550732	0.028607714	3.471515e-05	0.005479434	0.0471676415	0.039020573	0.0613540705	0.5963664895	0.007208585	0.0069215845	0.0940924955	4.59445e-06	0.0011592285	0.0036569815	0.0001008385	0.000202836	0.001762537	0.020392333	0.025991063	0.00508937	0.038226621	0.001474727	0.044501226	0.009516371	0.0043565815	0.000385714
G/A	0.002778957	0.000150667	0.0010892215	6.886735e-05	0.0001849685	0.0212553215	0.001311804	0.000544784	0.001218457	0.0005601675	0.00252213	0.0068940285	2.81711e-05	0.004465889	0.039739771	0.0322887715	0.047143715	0.500939454	0.0049073	0.0049603165	0.072601798	3.6241e-06	0.000828841	0.0025947	9.037215e-05	0.0001512545	0.001512564	0.0159856095	0.0207127455	0.0043330395	0.0178724	0.001533805	0.0340793225	0.0079992715	0.0033994515	0.0003198115
G/G	0.004270119	0.0001663585	0.0011497485	8.866665e-05	0.0002121225	0.024366443	0.0019687075	0.000612631	0.001416857	0.0006004335	0.0030700855	0.0187558475	3.313075e-05	0.0052822975	0.045082042	0.0366269355	0.049531604	0.629990519	0.0059772135	0.008392363	0.086948074	4.509e-06	0.0010065095	0.003539873	0.0001031705	0.0001670775	0.0016153	0.020851148	0.0207371435	0.0048473665	0.0299715995	0.0013516275	0.049675806	0.0079815495	0.003798528	0.000361849
