ARG,Feces,Stomach,small_intestine,large_intestine
emrK,0.07859556722689076,0.04841332467532468,0.02059110460251046,0.12799354440789473
emrY,0.19003255042016806,0.07650872727272727,0.007274451882845188,0.041615942434210525
Streptomyces rimosus otr(A),0.01385755462184874,0.002082051948051948,0.0893604309623431,0.00940392269736842
tet(32),4.539317634453782,0.1597012987012987,0.10848973640167364,8.096378393092106
tet(33),0.3738145378151261,0.181481012987013,0.039779117154811715,0.018887814144736843
tet(36),0.4907202142857143,0.08697775324675325,0.07347512133891214,0.008879291118421053
tet(40),3.5724411722689076,0.06513946753246753,0.08709161087866109,4.110025263157895
tet(44),4.636331462184874,0.11150250649350649,0.13663378661087866,7.878302745065789
tet(45),44.025579222689075,3.8754585584415584,6.146955820083682,4.007691300986842
tet(59),0.014996546218487394,0.004484012987012987,0,7.300986842105263e-5
tet(A),1.883168168067227,0.6106296883116883,0.06743793305439331,2.506118719
tet(B),0.22733748319327732,3.0138733636363635,0.008802912133891214,0.17555534868421052
tet(C),0.028820878151260505,0.04848949350649351,0.005227661087866109,0.01844804605263158
tet(D),1.2582773109243698e-4,0,0,2.602927631578947e-4
tet(K),0.0808156050420168,0.01361931168831169,1.3023943179916317,0.1642447845394737
tet(M),24.322436075630254,1.7532342207792209,7.270063870292887,4.221235546052632
tet(O),59.27239660084034,3.8206867662337665,3.890062338912134,23.50025644243421
tet(O/32/O),0.5333235,0.017457857142857143,0.015971983263598326,1.0908886184210527
tet(O/W/32/O),19.368698663865548,1.1051492207792208,2.656438322175732,1.2796658174342106
tet(Q),38.97188394537815,4.263247298701299,2.129348669456067,118.79174765131579
tet(R),0.3199262857142857,5.210708350649351,0.013568380753138074,0.3101678338815789
tet(S),0.8203290336134453,0.1670307012987013,0.8375668661087866,0.17204785197368422
tet(T),0.10867463025210083,0.0014886233766233767,0.004935941422594142,0.001344455592105263
tet(W),45.77729013865546,0.9645802207792208,2.2192231548117154,78.52428653782894
tet(W/N/W),5.560994142857143,0.1622301168831169,0.42789342677824266,5.6381509177631575
tet(X1),0.0023274117647058825,0,0,0.0015999802631578948
tet(X5),0.13345075210084034,0.9822006883116883,0.0013516108786610877,0.0032397927631578945
tet(Z),1.0643503067226892,0.08155488311688311,0.04039992887029289,0.0633218042763158
tetB(P),19.8897256302521,1.6604665064935065,2.1143455020920503,0.8282886085526315
