ARG_type,Renamed_Drug_Class,Kingdom,Phylum,phylum_without_unknown,Class,Order,Family,Genus,genus_without_unknown,Species,orf_count
tet(Q),tetracycline,k_Bacteria,p_Bacteroidetes,p_Bacteroidetes,c_Bacteroidia,o_Bacteroidales,NA,NA,Other,NA,3127
tet(32),tetracycline,k_Bacteria,NA,Other,NA,NA,NA,NA,Other,NA,1920
tet(W),tetracycline,k_Bacteria,NA,Other,NA,NA,NA,NA,Other,NA,1372
tet(32),tetracycline,k_Bacteria,p_unknown,Other,c_unknown,o_unknown,f_unknown,g_unknown,Other,s_uncultured bacterium,1289
lnuC,lincosamide,k_Bacteria,p_Firmicutes,p_Firmicutes,NA,NA,NA,NA,Other,NA,1203
poxtA,multidrug,k_Bacteria,p_Firmicutes,p_Firmicutes,c_Bacilli,o_Lactobacillales,f_Lactobacillaceae,g_Lactobacillus,g_Lactobacillus,NA,962
cfrE,multidrug,k_Bacteria,p_Firmicutes,p_Firmicutes,c_Clostridia,o_Eubacteriales,NA,NA,Other,NA,922
vanYB,glycopeptide,k_Bacteria,p_Firmicutes,p_Firmicutes,c_Clostridia,o_Eubacteriales,NA,NA,Other,NA,884
tet(W/N/W),tetracycline,k_Bacteria,NA,Other,NA,NA,NA,NA,Other,NA,750
nimA,nitroimidazole,k_Bacteria,p_Bacteroidetes,p_Bacteroidetes,c_Bacteroidia,o_Bacteroidales,f_Bacteroidaceae,g_Bacteroides,g_Bacteroides,NA,676
vanYG,glycopeptide,k_Bacteria,p_Firmicutes,p_Firmicutes,c_Clostridia,o_Eubacteriales,f_Oscillospiraceae,g_unknown,Other,s_[Clostridium] leptum,673
fexA,phenicol,k_Bacteria,p_Firmicutes,p_Firmicutes,c_Bacilli,NA,NA,NA,Other,NA,662
tet(44),tetracycline,k_Bacteria,p_Firmicutes,p_Firmicutes,c_Clostridia,o_Eubacteriales,f_Clostridiaceae,g_Clostridium,g_Clostridium,NA,653
Erm(52),multidrug,k_Bacteria,p_Firmicutes,p_Firmicutes,c_Clostridia,o_Eubacteriales,NA,NA,Other,NA,615
tet(M),tetracycline,k_Bacteria,p_Firmicutes,p_Firmicutes,c_Bacilli,o_Lactobacillales,f_Lactobacillaceae,g_Ligilactobacillus,g_Ligilactobacillus,NA,598
tet(A),tetracycline,k_Bacteria,p_Proteobacteria,p_Proteobacteria,c_Gammaproteobacteria,o_Enterobacterales,f_Enterobacteriaceae,g_Escherichia,g_Escherichia,s_Escherichia coli,591
Campylobacter coli chloramphenicol acetyltransferase,phenicol,k_Bacteria,p_unknown,Other,c_unknown,o_unknown,f_unknown,g_unknown,Other,s_uncultured bacterium,560
AAC(6')-Ie-APH(2'')-Ia bifunctional protein,aminoglycoside,k_unknown,p_unknown,Other,c_unknown,o_unknown,f_unknown,g_unknown,Other,s_synthetic Mycoplasma genitalium JCVI-1.0,558
ANT(6)-Ib,aminoglycoside,k_Bacteria,NA,Other,NA,NA,NA,NA,Other,NA,533
vanYG,glycopeptide,k_Bacteria,p_Firmicutes,p_Firmicutes,c_Bacilli,o_Lactobacillales,f_Streptococcaceae,g_Streptococcus,g_Streptococcus,NA,533
vanG,glycopeptide,k_Bacteria,p_Firmicutes,p_Firmicutes,c_Clostridia,o_Eubacteriales,NA,NA,Other,NA,515
EreD,macrolide,k_Bacteria,p_Bacteroidetes,p_Bacteroidetes,NA,NA,NA,NA,Other,NA,495
qacEdelta1,disinfecting agents and antiseptics,k_Bacteria,p_Proteobacteria,p_Proteobacteria,c_Gammaproteobacteria,NA,NA,NA,Other,NA,493
Vibrio anguillarum chloramphenicol acetyltransferase,phenicol,k_Bacteria,p_Firmicutes,p_Firmicutes,NA,NA,NA,NA,Other,NA,482
tet(X),multidrug,k_Bacteria,p_Bacteroidetes,p_Bacteroidetes,NA,NA,NA,NA,Other,NA,481
tet(45),tetracycline,k_Bacteria,p_Proteobacteria,p_Proteobacteria,c_Epsilonproteobacteria,o_Campylobacterales,f_Campylobacteraceae,g_Campylobacter,g_Campylobacter,NA,479
FosXCC,phosphonic acid,k_Bacteria,NA,Other,NA,NA,NA,NA,Other,NA,476
lsaE,multidrug,k_Bacteria,NA,Other,NA,NA,NA,NA,Other,NA,472
OXA-347,penam,k_Bacteria,p_Bacteroidetes,p_Bacteroidetes,c_Bacteroidia,o_Bacteroidales,f_Bacteroidaceae,NA,Other,NA,462
cfrA,multidrug,k_Bacteria,NA,Other,NA,NA,NA,NA,Other,NA,462
tet(O),tetracycline,k_Bacteria,NA,Other,NA,NA,NA,NA,Other,NA,450
nimJ,nitroimidazole,k_Bacteria,p_Firmicutes,p_Firmicutes,c_Clostridia,o_Eubacteriales,NA,NA,Other,NA,445
sul1,sulfonamide,k_Bacteria,p_Proteobacteria,p_Proteobacteria,c_Gammaproteobacteria,NA,NA,NA,Other,NA,439
tet(Q),tetracycline,k_Bacteria,p_Bacteroidetes,p_Bacteroidetes,c_Bacteroidia,o_Bacteroidales,f_Prevotellaceae,g_Prevotella,g_Prevotella,s_Prevotella copri,424
lnuB,lincosamide,k_Bacteria,NA,Other,NA,NA,NA,NA,Other,NA,422
ErmG,multidrug,k_Bacteria,NA,Other,NA,NA,NA,NA,Other,NA,413
sul2,sulfonamide,k_Bacteria,p_Proteobacteria,p_Proteobacteria,c_Gammaproteobacteria,o_Moraxellales,f_Moraxellaceae,g_Acinetobacter,g_Acinetobacter,s_Acinetobacter baumannii,387
tet(32),tetracycline,k_Bacteria,p_Firmicutes,p_Firmicutes,c_Bacilli,o_Lactobacillales,f_Streptococcaceae,g_Streptococcus,g_Streptococcus,s_Streptococcus suis,384
tet(W/N/W),tetracycline,k_Bacteria,p_Actinobacteria,p_Actinobacteria,c_Actinomycetia,o_Bifidobacteriales,f_Bifidobacteriaceae,g_Bifidobacterium,g_Bifidobacterium,s_Bifidobacterium pseudocatenulatum,352
tetB(P),tetracycline,k_Bacteria,p_Firmicutes,p_Firmicutes,NA,NA,NA,NA,Other,NA,342
AAC(6')-Im,aminoglycoside,k_Bacteria,p_Actinobacteria,p_Actinobacteria,c_Actinomycetia,o_Bifidobacteriales,f_Bifidobacteriaceae,g_unknown,Other,s_Bifidobacteriaceae bacterium MCC01971,341
APH(3')-IIIa,aminoglycoside,k_Bacteria,p_Firmicutes,p_Firmicutes,c_Bacilli,o_Lactobacillales,f_Streptococcaceae,g_Streptococcus,g_Streptococcus,s_Streptococcus suis,331
ErmA,multidrug,k_Bacteria,NA,Other,NA,NA,NA,NA,Other,NA,325
APH(6)-Id,aminoglycoside,k_Bacteria,p_Proteobacteria,p_Proteobacteria,NA,NA,NA,NA,Other,NA,324
tet(M),tetracycline,k_Bacteria,p_Firmicutes,p_Firmicutes,c_Bacilli,o_Lactobacillales,f_Enterococcaceae,g_Enterococcus,g_Enterococcus,s_Enterococcus faecium,321
APH(3'')-Ib,aminoglycoside,k_Bacteria,p_Proteobacteria,p_Proteobacteria,NA,NA,NA,NA,Other,NA,318
Mef(En2),multidrug,k_Bacteria,p_Bacteroidetes,p_Bacteroidetes,c_Bacteroidia,o_Bacteroidales,f_Bacteroidaceae,g_Bacteroides,g_Bacteroides,s_Bacteroides fragilis,316
APH(2'')-If,aminoglycoside,k_Bacteria,NA,Other,NA,NA,NA,NA,Other,NA,314
aadS,aminoglycoside,k_Bacteria,NA,Other,NA,NA,NA,NA,Other,NA,310
sul2,sulfonamide,k_Bacteria,p_Bacteroidetes,p_Bacteroidetes,c_Flavobacteriia,o_Flavobacteriales,f_Weeksellaceae,NA,Other,NA,308
Erm(35),multidrug,k_Bacteria,p_Bacteroidetes,p_Bacteroidetes,c_Bacteroidia,o_Bacteroidales,NA,NA,Other,NA,302
nimA,nitroimidazole,k_Bacteria,p_Firmicutes,p_Firmicutes,c_Clostridia,o_Eubacteriales,f_unknown,g_Flintibacter,g_Flintibacter,s_Flintibacter sp. KGMB00164,292
LnuP,lincosamide,k_Bacteria,NA,Other,NA,NA,NA,NA,Other,NA,281
Escherichia coli soxR with mutation conferring antibiotic resistance,multidrug,k_Bacteria,p_Proteobacteria,p_Proteobacteria,c_Gammaproteobacteria,o_Enterobacterales,f_Enterobacteriaceae,g_Escherichia,g_Escherichia,s_Escherichia coli,277
ErmF,multidrug,k_Bacteria,p_Bacteroidetes,p_Bacteroidetes,c_Bacteroidia,o_Bacteroidales,NA,NA,Other,NA,275
tet(32),tetracycline,k_Bacteria,p_Firmicutes,p_Firmicutes,c_Clostridia,o_Eubacteriales,f_Lachnospiraceae,g_unknown,Other,s_Lachnospiraceae bacterium 6_1_63FAA,274
Escherichia coli EF-Tu mutants conferring resistance to Pulvomycin,elfamycin,k_Bacteria,NA,Other,NA,NA,NA,NA,Other,NA,265
APH(3'')-Ib,aminoglycoside,k_Bacteria,p_Proteobacteria,p_Proteobacteria,c_Gammaproteobacteria,o_Enterobacterales,f_Enterobacteriaceae,g_Escherichia,g_Escherichia,s_Escherichia coli,263
FosB3,phosphonic acid,k_Bacteria,p_Firmicutes,p_Firmicutes,c_Bacilli,o_Lactobacillales,f_Enterococcaceae,g_Enterococcus,g_Enterococcus,NA,256
Escherichia coli soxS with mutation conferring antibiotic resistance,multidrug,k_Bacteria,p_Proteobacteria,p_Proteobacteria,c_Gammaproteobacteria,o_Enterobacterales,f_Enterobacteriaceae,g_Escherichia,g_Escherichia,s_Escherichia coli,255
gadX,multidrug,k_Bacteria,p_Proteobacteria,p_Proteobacteria,c_Gammaproteobacteria,o_Enterobacterales,f_Enterobacteriaceae,g_Escherichia,g_Escherichia,s_Escherichia coli,254
lnuA,lincosamide,k_Bacteria,NA,Other,NA,NA,NA,NA,Other,NA,252
APH(6)-Id,aminoglycoside,k_Bacteria,p_Proteobacteria,p_Proteobacteria,c_Gammaproteobacteria,o_Enterobacterales,f_Enterobacteriaceae,g_Escherichia,g_Escherichia,s_Escherichia coli,251
SAT-4,nucleoside,k_Bacteria,p_Firmicutes,p_Firmicutes,c_Bacilli,o_Lactobacillales,NA,NA,Other,NA,244
ErmA,multidrug,k_Bacteria,p_Firmicutes,p_Firmicutes,c_Bacilli,o_Lactobacillales,f_Enterococcaceae,g_Enterococcus,g_Enterococcus,s_Enterococcus faecium,242
tet(44),tetracycline,k_Bacteria,p_Firmicutes,p_Firmicutes,c_Erysipelotrichia,o_Erysipelotrichales,f_Turicibacteraceae,g_Turicibacter,g_Turicibacter,s_Turicibacter sanguinis,232
APH(3'')-Ib,aminoglycoside,k_Bacteria,p_Bacteroidetes,p_Bacteroidetes,c_Bacteroidia,o_Bacteroidales,f_Bacteroidaceae,g_Bacteroides,g_Bacteroides,s_Bacteroides fragilis,229
vanF,glycopeptide,k_Bacteria,p_Firmicutes,p_Firmicutes,c_Clostridia,o_Eubacteriales,f_Lachnospiraceae,g_Anaerotignum,g_Anaerotignum,s_Anaerotignum lactatifermentans,224
APH(3')-IIIa,aminoglycoside,k_Bacteria,p_Firmicutes,p_Firmicutes,c_Clostridia,o_Eubacteriales,NA,NA,Other,NA,222
tet(40),tetracycline,k_Bacteria,p_Firmicutes,p_Firmicutes,c_Clostridia,o_Eubacteriales,f_Oscillospiraceae,NA,Other,NA,221
AAC(6')-IIa,aminoglycoside,k_Bacteria,p_Proteobacteria,p_Proteobacteria,c_Gammaproteobacteria,o_Pseudomonadales,f_Pseudomonadaceae,g_Pseudomonas,g_Pseudomonas,NA,219
Vibrio anguillarum chloramphenicol acetyltransferase,phenicol,k_Bacteria,p_Firmicutes,p_Firmicutes,c_Clostridia,o_Eubacteriales,f_Clostridiaceae,g_Clostridium,g_Clostridium,s_Clostridium sp. AM29-11AC,213
arr-3,rifamycin,k_Bacteria,NA,Other,NA,NA,NA,NA,Other,NA,209
ANT(2'')-Ia,aminoglycoside,k_Bacteria,p_Proteobacteria,p_Proteobacteria,c_Gammaproteobacteria,NA,NA,NA,Other,NA,208
ArnT,peptide,k_Bacteria,p_Proteobacteria,p_Proteobacteria,c_Gammaproteobacteria,o_Enterobacterales,f_Enterobacteriaceae,g_Escherichia,g_Escherichia,s_Escherichia coli,203
dfrA27,diaminopyrimidine,k_Bacteria,p_Proteobacteria,p_Proteobacteria,c_Gammaproteobacteria,NA,NA,NA,Other,NA,203
aad(6),aminoglycoside,k_Bacteria,p_Firmicutes,p_Firmicutes,c_Clostridia,o_Eubacteriales,f_Lachnospiraceae,g_unknown,Other,s_Lachnospiraceae bacterium KGMB03038,202
bacA,peptide,k_Bacteria,p_Proteobacteria,p_Proteobacteria,c_Gammaproteobacteria,o_Enterobacterales,f_Enterobacteriaceae,g_Escherichia,g_Escherichia,s_Escherichia coli,202
vanXF,glycopeptide,k_Bacteria,p_Firmicutes,p_Firmicutes,c_Clostridia,o_Eubacteriales,f_Lachnospiraceae,g_Anaerotignum,g_Anaerotignum,s_Anaerotignum lactatifermentans,202
aadA5,aminoglycoside,k_Bacteria,p_Proteobacteria,p_Proteobacteria,c_Gammaproteobacteria,NA,NA,NA,Other,NA,201
dfrA14,diaminopyrimidine,k_Bacteria,p_Proteobacteria,p_Proteobacteria,c_Gammaproteobacteria,o_Enterobacterales,f_Enterobacteriaceae,g_Klebsiella,g_Klebsiella,NA,199
mdtP,multidrug,k_Bacteria,p_Proteobacteria,p_Proteobacteria,c_Gammaproteobacteria,o_Enterobacterales,f_Enterobacteriaceae,g_Escherichia,g_Escherichia,s_Escherichia coli,196
aadA2,aminoglycoside,k_Bacteria,NA,Other,NA,NA,NA,NA,Other,NA,194
mdtN,multidrug,k_Bacteria,p_Proteobacteria,p_Proteobacteria,c_Gammaproteobacteria,o_Enterobacterales,f_Enterobacteriaceae,g_Escherichia,g_Escherichia,s_Escherichia coli,194
ANT(6)-Ia,aminoglycoside,k_Bacteria,p_Firmicutes,p_Firmicutes,c_Bacilli,o_Lactobacillales,f_Streptococcaceae,g_Streptococcus,g_Streptococcus,s_Streptococcus suis,193
ErmB,multidrug,k_Bacteria,p_Firmicutes,p_Firmicutes,c_Clostridia,o_Eubacteriales,f_Oscillospiraceae,NA,Other,NA,192
mefH,macrolide,k_Bacteria,p_Firmicutes,p_Firmicutes,c_Clostridia,o_Eubacteriales,NA,NA,Other,NA,192
fexB,phenicol,k_Bacteria,p_Firmicutes,p_Firmicutes,c_Bacilli,o_Lactobacillales,NA,NA,Other,NA,190
tet(W),tetracycline,k_Bacteria,p_unknown,Other,c_unknown,o_unknown,f_unknown,g_unknown,Other,s_uncultured bacterium,189
vanYG,glycopeptide,k_Bacteria,p_Firmicutes,p_Firmicutes,c_Clostridia,o_Eubacteriales,f_Oscillospiraceae,g_Neglectibacter,g_Neglectibacter,s_Neglectibacter timonensis,188
Escherichia coli emrE,macrolide,k_Bacteria,p_Proteobacteria,p_Proteobacteria,c_Gammaproteobacteria,o_Enterobacterales,f_Enterobacteriaceae,g_Escherichia,g_Escherichia,s_Escherichia coli,185
AcrS,multidrug,k_Bacteria,p_Proteobacteria,p_Proteobacteria,c_Gammaproteobacteria,o_Enterobacterales,f_Enterobacteriaceae,g_Escherichia,g_Escherichia,s_Escherichia coli,183
leuO,multidrug,k_Bacteria,NA,Other,NA,NA,NA,NA,Other,NA,183
"Escherichia coli AcrAB-TolC with AcrR mutation conferring resistance to ciprofloxacin, tetracycline, and ceftazidime",multidrug,k_Bacteria,p_Proteobacteria,p_Proteobacteria,c_Gammaproteobacteria,o_Enterobacterales,f_Enterobacteriaceae,g_Escherichia,g_Escherichia,s_Escherichia coli,182
dfrG,diaminopyrimidine,k_Bacteria,p_Firmicutes,p_Firmicutes,c_Bacilli,o_Bacillales,f_Staphylococcaceae,g_Staphylococcus,g_Staphylococcus,NA,182
evgA,multidrug,k_Bacteria,p_Proteobacteria,p_Proteobacteria,c_Gammaproteobacteria,o_Enterobacterales,f_Enterobacteriaceae,g_Escherichia,g_Escherichia,s_Escherichia coli,180
eptA,peptide,k_Bacteria,p_Proteobacteria,p_Proteobacteria,c_Gammaproteobacteria,o_Enterobacterales,f_Enterobacteriaceae,g_Escherichia,g_Escherichia,s_Escherichia coli,179
mdtE,multidrug,k_Bacteria,p_Proteobacteria,p_Proteobacteria,c_Gammaproteobacteria,o_Enterobacterales,f_Enterobacteriaceae,g_Escherichia,g_Escherichia,s_Escherichia coli,178
mdtO,multidrug,k_Bacteria,p_Proteobacteria,p_Proteobacteria,c_Gammaproteobacteria,o_Enterobacterales,f_Enterobacteriaceae,g_Escherichia,g_Escherichia,s_Escherichia coli,178
catA8,phenicol,k_Bacteria,p_Firmicutes,p_Firmicutes,c_Bacilli,o_Lactobacillales,f_Enterococcaceae,g_Enterococcus,g_Enterococcus,NA,174
dfrA17,diaminopyrimidine,k_Bacteria,NA,Other,NA,NA,NA,NA,Other,NA,174
Escherichia coli mdfA,multidrug,k_Bacteria,p_Proteobacteria,p_Proteobacteria,c_Gammaproteobacteria,o_Enterobacterales,f_Enterobacteriaceae,g_Escherichia,g_Escherichia,s_Escherichia coli,172
tet(40),tetracycline,k_Bacteria,p_Firmicutes,p_Firmicutes,c_Clostridia,o_Eubacteriales,f_Oscillospiraceae,g_Flavonifractor,g_Flavonifractor,s_uncultured Flavonifractor sp.,171
ErmX,multidrug,k_Bacteria,p_Actinobacteria,p_Actinobacteria,c_Actinomycetia,o_Bifidobacteriales,f_Bifidobacteriaceae,g_Bifidobacterium,g_Bifidobacterium,NA,169
baeR,multidrug,k_Bacteria,p_Proteobacteria,p_Proteobacteria,c_Gammaproteobacteria,o_Enterobacterales,f_Enterobacteriaceae,g_Escherichia,g_Escherichia,s_Escherichia coli,169
kdpE,aminoglycoside,k_Bacteria,p_Proteobacteria,p_Proteobacteria,c_Gammaproteobacteria,o_Enterobacterales,f_Enterobacteriaceae,g_Escherichia,g_Escherichia,s_Escherichia coli,168
catP,phenicol,k_Bacteria,p_Firmicutes,p_Firmicutes,NA,NA,NA,NA,Other,NA,167
mdtF,multidrug,k_Bacteria,p_Proteobacteria,p_Proteobacteria,c_Gammaproteobacteria,o_Enterobacterales,f_Enterobacteriaceae,g_Escherichia,g_Escherichia,s_Escherichia coli,166
PmrF,peptide,k_Bacteria,p_Proteobacteria,p_Proteobacteria,c_Gammaproteobacteria,o_Enterobacterales,f_Enterobacteriaceae,g_Escherichia,g_Escherichia,s_Escherichia coli,164
emrK,tetracycline,k_Bacteria,p_Proteobacteria,p_Proteobacteria,c_Gammaproteobacteria,o_Enterobacterales,f_Enterobacteriaceae,g_Escherichia,g_Escherichia,s_Escherichia coli,163
Escherichia coli AcrAB-TolC with MarR mutations conferring resistance to ciprofloxacin and tetracycline,multidrug,k_Bacteria,p_Proteobacteria,p_Proteobacteria,c_Gammaproteobacteria,o_Enterobacterales,f_Enterobacteriaceae,g_Escherichia,g_Escherichia,s_Escherichia coli,162
cmlA5,phenicol,k_Bacteria,NA,Other,NA,NA,NA,NA,Other,NA,162
tet(45),tetracycline,k_Bacteria,p_Proteobacteria,p_Proteobacteria,c_Epsilonproteobacteria,o_Campylobacterales,f_Campylobacteraceae,g_Campylobacter,g_Campylobacter,s_Campylobacter jejuni,162
tet(33),tetracycline,k_Bacteria,NA,Other,NA,NA,NA,NA,Other,NA,161
tet(M),tetracycline,k_Bacteria,p_Firmicutes,p_Firmicutes,c_Bacilli,o_Lactobacillales,f_Enterococcaceae,g_Enterococcus,g_Enterococcus,s_Enterococcus faecalis,160
cfrE,multidrug,k_Bacteria,p_Firmicutes,p_Firmicutes,c_Clostridia,o_Eubacteriales,f_Oscillospiraceae,g_Faecalibacterium,g_Faecalibacterium,s_Faecalibacterium prausnitzii,159
emrY,tetracycline,k_Bacteria,p_Proteobacteria,p_Proteobacteria,c_Gammaproteobacteria,o_Enterobacterales,f_Enterobacteriaceae,g_Escherichia,g_Escherichia,s_Escherichia coli,157
cpxA,multidrug,k_Bacteria,p_Proteobacteria,p_Proteobacteria,c_Gammaproteobacteria,o_Enterobacterales,f_Enterobacteriaceae,NA,Other,NA,156
mdtA,aminocoumarin,k_Bacteria,p_Proteobacteria,p_Proteobacteria,c_Gammaproteobacteria,o_Enterobacterales,f_Enterobacteriaceae,g_Escherichia,g_Escherichia,s_Escherichia coli,155
tet(Q),tetracycline,k_Bacteria,p_unknown,Other,c_unknown,o_unknown,f_unknown,g_unknown,Other,s_uncultured bacterium,154
AcrE,multidrug,k_Bacteria,p_Proteobacteria,p_Proteobacteria,c_Gammaproteobacteria,o_Enterobacterales,f_Enterobacteriaceae,g_Escherichia,g_Escherichia,s_Escherichia coli,153
Klebsiella pneumoniae KpnE,multidrug,k_Bacteria,p_Proteobacteria,p_Proteobacteria,c_Gammaproteobacteria,o_Enterobacterales,f_Enterobacteriaceae,g_Escherichia,g_Escherichia,s_Escherichia coli,153
arr-2,rifamycin,k_Bacteria,NA,Other,NA,NA,NA,NA,Other,NA,153
ANT(4')-Ia,aminoglycoside,k_Bacteria,p_Firmicutes,p_Firmicutes,c_Bacilli,o_Bacillales,f_Staphylococcaceae,g_Staphylococcus,g_Staphylococcus,s_Staphylococcus aureus,151
tet(Q),tetracycline,k_Bacteria,p_Bacteroidetes,p_Bacteroidetes,c_Bacteroidia,o_Bacteroidales,f_Bacteroidaceae,g_Bacteroides,g_Bacteroides,s_Bacteroides uniformis,151
tet(44),tetracycline,k_Bacteria,p_unknown,Other,c_unknown,o_unknown,f_unknown,g_unknown,Other,s_uncultured bacterium,149
tet(O),tetracycline,k_Bacteria,p_Firmicutes,p_Firmicutes,c_Bacilli,o_Lactobacillales,f_Streptococcaceae,g_Streptococcus,g_Streptococcus,s_Streptococcus suis,148
tet(Z),tetracycline,k_Bacteria,p_Actinobacteria,p_Actinobacteria,c_Actinomycetia,NA,NA,NA,Other,NA,146
Mef(En2),multidrug,k_Bacteria,p_Bacteroidetes,p_Bacteroidetes,c_Bacteroidia,o_Bacteroidales,f_Bacteroidaceae,g_Bacteroides,g_Bacteroides,s_Bacteroides ovatus,145
Campylobacter coli chloramphenicol acetyltransferase,phenicol,k_Bacteria,p_Firmicutes,p_Firmicutes,c_Clostridia,o_Eubacteriales,NA,NA,Other,NA,143
H-NS,multidrug,k_Bacteria,p_Proteobacteria,p_Proteobacteria,c_Gammaproteobacteria,o_Enterobacterales,f_Enterobacteriaceae,g_Escherichia,g_Escherichia,s_Escherichia coli,141
tet(A),tetracycline,k_Bacteria,p_Proteobacteria,p_Proteobacteria,c_Gammaproteobacteria,o_Enterobacterales,f_Enterobacteriaceae,NA,Other,NA,141
Mef(En2),multidrug,k_Bacteria,p_Bacteroidetes,p_Bacteroidetes,c_Bacteroidia,o_Bacteroidales,f_Rikenellaceae,NA,Other,NA,140
rsmA,multidrug,k_Bacteria,p_Proteobacteria,p_Proteobacteria,c_Gammaproteobacteria,o_Pseudomonadales,f_Pseudomonadaceae,g_Pseudomonas,g_Pseudomonas,NA,139
Klebsiella pneumoniae KpnF,multidrug,k_Bacteria,p_Proteobacteria,p_Proteobacteria,c_Gammaproteobacteria,o_Enterobacterales,f_Enterobacteriaceae,g_Escherichia,g_Escherichia,s_Escherichia coli,138
SAT-4,nucleoside,k_Bacteria,p_Firmicutes,p_Firmicutes,c_Clostridia,o_Eubacteriales,f_Lachnospiraceae,g_unknown,Other,s_Lachnospiraceae bacterium KGMB03038,137
Escherichia coli acrA,multidrug,k_Bacteria,p_Proteobacteria,p_Proteobacteria,c_Gammaproteobacteria,o_Enterobacterales,f_Enterobacteriaceae,g_Escherichia,g_Escherichia,s_Escherichia coli,136
OXA-10,multidrug,k_Bacteria,NA,Other,NA,NA,NA,NA,Other,NA,136
AAC(6')-Im,aminoglycoside,k_Bacteria,NA,Other,NA,NA,NA,NA,Other,NA,134
mefH,macrolide,k_Bacteria,p_Firmicutes,p_Firmicutes,c_Clostridia,o_Eubacteriales,f_Oscillospiraceae,g_Pseudoflavonifractor,g_Pseudoflavonifractor,s_Pseudoflavonifractor phocaeensis,131
YojI,peptide,k_Bacteria,p_Proteobacteria,p_Proteobacteria,c_Gammaproteobacteria,o_Enterobacterales,f_Enterobacteriaceae,g_Escherichia,g_Escherichia,s_Escherichia coli,130
rsmA,multidrug,k_Bacteria,p_Proteobacteria,p_Proteobacteria,c_Gammaproteobacteria,o_Enterobacterales,f_Enterobacteriaceae,g_Escherichia,g_Escherichia,s_Escherichia coli,129
evgS,multidrug,k_Bacteria,p_Proteobacteria,p_Proteobacteria,c_Gammaproteobacteria,o_Enterobacterales,f_Enterobacteriaceae,g_Escherichia,g_Escherichia,s_Escherichia coli,128
CTX-M-55,cephalosporin,k_Bacteria,p_Proteobacteria,p_Proteobacteria,c_Gammaproteobacteria,o_Enterobacterales,NA,NA,Other,NA,127
emrR,fluoroquinolone,k_Bacteria,p_Proteobacteria,p_Proteobacteria,c_Gammaproteobacteria,NA,NA,NA,Other,NA,127
TolC,multidrug,k_Bacteria,p_Proteobacteria,p_Proteobacteria,c_Gammaproteobacteria,o_Enterobacterales,f_Enterobacteriaceae,g_Escherichia,g_Escherichia,s_Escherichia coli,126
marA,multidrug,k_Bacteria,p_Proteobacteria,p_Proteobacteria,c_Gammaproteobacteria,o_Enterobacterales,f_Enterobacteriaceae,g_Escherichia,g_Escherichia,s_Escherichia coli,126
npmA,aminoglycoside,k_Bacteria,p_Firmicutes,p_Firmicutes,c_Clostridia,o_Eubacteriales,f_Peptostreptococcaceae,g_Clostridioides,g_Clostridioides,s_Clostridioides difficile,122
acrB,multidrug,k_Bacteria,p_Proteobacteria,p_Proteobacteria,c_Gammaproteobacteria,o_Enterobacterales,f_Enterobacteriaceae,g_Escherichia,g_Escherichia,s_Escherichia coli,117
dfrA1,diaminopyrimidine,k_Bacteria,p_Proteobacteria,p_Proteobacteria,c_Gammaproteobacteria,NA,NA,NA,Other,NA,117
poxtA,multidrug,k_Bacteria,p_Firmicutes,p_Firmicutes,c_Bacilli,o_Lactobacillales,f_Enterococcaceae,g_Enterococcus,g_Enterococcus,s_Enterococcus faecium,117
tet(B),tetracycline,k_Bacteria,NA,Other,NA,NA,NA,NA,Other,NA,117
QnrS1,fluoroquinolone,k_Bacteria,p_Proteobacteria,p_Proteobacteria,c_Gammaproteobacteria,o_Enterobacterales,f_Enterobacteriaceae,g_Escherichia,g_Escherichia,s_Escherichia coli,115
vanG,glycopeptide,k_Bacteria,p_Firmicutes,p_Firmicutes,c_Clostridia,o_Eubacteriales,f_Oscillospiraceae,g_unknown,Other,s_Ruminococcaceae bacterium D16,115
msbA,nitroimidazole,k_Bacteria,p_Proteobacteria,p_Proteobacteria,c_Gammaproteobacteria,o_Enterobacterales,f_Enterobacteriaceae,g_Escherichia,g_Escherichia,s_Escherichia coli,111
ErmB,multidrug,k_Bacteria,p_Firmicutes,p_Firmicutes,c_Bacilli,o_Bacillales,f_Staphylococcaceae,g_Staphylococcus,g_Staphylococcus,s_Staphylococcus aureus,108
nimG,nitroimidazole,k_Bacteria,p_Firmicutes,p_Firmicutes,c_Clostridia,o_Eubacteriales,NA,NA,Other,NA,108
vanUG,glycopeptide,k_Bacteria,p_Firmicutes,p_Firmicutes,c_Bacilli,o_Lactobacillales,f_Streptococcaceae,g_Streptococcus,g_Streptococcus,NA,108
nimA,nitroimidazole,k_Bacteria,p_Bacteroidetes,p_Bacteroidetes,c_Bacteroidia,o_Bacteroidales,f_Bacteroidaceae,g_Bacteroides,g_Bacteroides,s_Bacteroides fragilis,104
tetB(P),tetracycline,k_Bacteria,p_Firmicutes,p_Firmicutes,c_Clostridia,o_Eubacteriales,f_Clostridiaceae,g_Clostridium,g_Clostridium,s_Clostridium perfringens,104
vanWG,glycopeptide,k_Bacteria,p_Firmicutes,p_Firmicutes,c_Clostridia,o_Eubacteriales,f_Clostridiaceae,g_Clostridium,g_Clostridium,NA,104
ErmQ,multidrug,k_Bacteria,p_Firmicutes,p_Firmicutes,c_Clostridia,o_Eubacteriales,f_Lachnospiraceae,NA,Other,NA,103
emrA,fluoroquinolone,k_Bacteria,p_Proteobacteria,p_Proteobacteria,c_Gammaproteobacteria,o_Enterobacterales,f_Enterobacteriaceae,NA,Other,NA,103
mdtM,multidrug,k_Bacteria,p_Proteobacteria,p_Proteobacteria,c_Gammaproteobacteria,o_Enterobacterales,f_Enterobacteriaceae,g_Escherichia,g_Escherichia,s_Escherichia coli,103
tet(Q),tetracycline,k_Bacteria,p_Bacteroidetes,p_Bacteroidetes,c_Bacteroidia,o_Bacteroidales,f_Bacteroidaceae,g_Bacteroides,g_Bacteroides,s_Bacteroides fragilis,103
emrR,fluoroquinolone,k_Bacteria,p_Proteobacteria,p_Proteobacteria,c_Gammaproteobacteria,o_Enterobacterales,f_Enterobacteriaceae,g_Escherichia,g_Escherichia,s_Escherichia coli,102
catP,phenicol,k_Bacteria,p_Firmicutes,p_Firmicutes,c_Clostridia,o_Eubacteriales,f_Clostridiaceae,g_Clostridium,g_Clostridium,s_Clostridium sp. ATCC BAA-442,101
tet(36),tetracycline,k_Bacteria,p_Bacteroidetes,p_Bacteroidetes,c_Flavobacteriia,o_Flavobacteriales,f_Weeksellaceae,NA,Other,NA,101
tet(X),multidrug,k_Bacteria,p_Bacteroidetes,p_Bacteroidetes,c_Bacteroidia,o_Bacteroidales,f_Prevotellaceae,g_Prevotella,g_Prevotella,s_Prevotella copri,101
vanTG,glycopeptide,k_Bacteria,p_Firmicutes,p_Firmicutes,c_Clostridia,o_Eubacteriales,NA,NA,Other,NA,101
catA8,phenicol,k_Bacteria,p_Firmicutes,p_Firmicutes,c_Bacilli,o_Lactobacillales,f_Enterococcaceae,g_Enterococcus,g_Enterococcus,s_Enterococcus lactis,100
AAC(6')-Ie-APH(2'')-Ia bifunctional protein,aminoglycoside,k_Bacteria,p_Firmicutes,p_Firmicutes,c_Bacilli,o_Lactobacillales,f_Enterococcaceae,g_Enterococcus,g_Enterococcus,s_Enterococcus faecium,99
leuO,multidrug,k_Bacteria,p_Proteobacteria,p_Proteobacteria,c_Gammaproteobacteria,o_Enterobacterales,f_Enterobacteriaceae,g_Escherichia,g_Escherichia,s_Escherichia coli,98
mdtC,aminocoumarin,k_Bacteria,p_Proteobacteria,p_Proteobacteria,c_Gammaproteobacteria,o_Enterobacterales,f_Enterobacteriaceae,g_Escherichia,g_Escherichia,s_Escherichia coli,98
APH(3')-IIIa,aminoglycoside,k_Bacteria,p_Actinobacteria,p_Actinobacteria,c_Coriobacteriia,o_Coriobacteriales,f_Coriobacteriaceae,g_Enorma,g_Enorma,s_Enorma shizhengliae,97
mdtG,phosphonic acid,k_Bacteria,p_Proteobacteria,p_Proteobacteria,c_Gammaproteobacteria,o_Enterobacterales,f_Enterobacteriaceae,NA,Other,NA,97
acrD,aminoglycoside,k_Bacteria,p_Proteobacteria,p_Proteobacteria,c_Gammaproteobacteria,o_Enterobacterales,f_Enterobacteriaceae,NA,Other,NA,96
APH(3')-IIIa,aminoglycoside,k_Bacteria,p_Firmicutes,p_Firmicutes,c_Clostridia,o_Eubacteriales,f_Oscillospiraceae,g_Faecalibacterium,g_Faecalibacterium,s_Faecalibacterium prausnitzii,95
catQ,phenicol,k_Bacteria,p_Firmicutes,p_Firmicutes,c_Bacilli,o_Lactobacillales,f_Streptococcaceae,g_Streptococcus,g_Streptococcus,s_Streptococcus agalactiae,92
tetB(P),tetracycline,k_Bacteria,p_Firmicutes,p_Firmicutes,c_Clostridia,o_Eubacteriales,f_Peptostreptococcaceae,g_Clostridioides,g_Clostridioides,s_Clostridioides difficile,91
vanYB,glycopeptide,k_Bacteria,p_Firmicutes,p_Firmicutes,c_Clostridia,o_Eubacteriales,f_Oscillospiraceae,g_Anaeromassilibacillus,g_Anaeromassilibacillus,s_Anaeromassilibacillus sp. An172,91
npmA,aminoglycoside,k_Bacteria,NA,Other,NA,NA,NA,NA,Other,NA,90
tet(O),tetracycline,k_Bacteria,p_Firmicutes,p_Firmicutes,c_Clostridia,o_Eubacteriales,f_Lachnospiraceae,g_Blautia,g_Blautia,s_Blautia obeum,90
tet(M),tetracycline,k_Bacteria,p_Firmicutes,p_Firmicutes,c_Bacilli,o_Lactobacillales,f_Streptococcaceae,g_Streptococcus,g_Streptococcus,s_Streptococcus pneumoniae,89
ANT(9)-Ia,aminoglycoside,k_Bacteria,p_Firmicutes,p_Firmicutes,c_Bacilli,o_Bacillales,f_Staphylococcaceae,g_Staphylococcus,g_Staphylococcus,s_Staphylococcus aureus,88
vanXYG,glycopeptide,k_Bacteria,p_Firmicutes,p_Firmicutes,c_Bacilli,o_Lactobacillales,NA,NA,Other,NA,88
dfrA12,diaminopyrimidine,k_Bacteria,NA,Other,NA,NA,NA,NA,Other,NA,87
cfrE,multidrug,k_Bacteria,p_Firmicutes,p_Firmicutes,c_Clostridia,o_Eubacteriales,f_Peptostreptococcaceae,g_Clostridioides,g_Clostridioides,s_Clostridioides difficile,86
tet(Q),tetracycline,k_Bacteria,p_Bacteroidetes,p_Bacteroidetes,c_Bacteroidia,o_Bacteroidales,f_Bacteroidaceae,g_Bacteroides,g_Bacteroides,s_Bacteroides sp. OM08-17BH,85
Escherichia coli EF-Tu mutants conferring resistance to Pulvomycin,elfamycin,k_Bacteria,p_Proteobacteria,p_Proteobacteria,c_Gammaproteobacteria,o_Enterobacterales,f_Enterobacteriaceae,g_Escherichia,g_Escherichia,s_Escherichia coli,84
tet(O),tetracycline,k_Bacteria,p_Proteobacteria,p_Proteobacteria,c_Epsilonproteobacteria,o_Campylobacterales,f_Campylobacteraceae,g_Campylobacter,g_Campylobacter,s_Campylobacter jejuni,84
OXA-136,penam,k_Bacteria,p_Spirochaetes,p_Spirochaetes,c_Spirochaetia,o_Brachyspirales,f_Brachyspiraceae,g_Brachyspira,g_Brachyspira,s_Brachyspira pilosicoli,83
SAT-4,nucleoside,k_Bacteria,p_Firmicutes,p_Firmicutes,c_Bacilli,o_Lactobacillales,f_Streptococcaceae,g_Streptococcus,g_Streptococcus,s_Streptococcus suis,83
marA,multidrug,k_Bacteria,p_Proteobacteria,p_Proteobacteria,c_Gammaproteobacteria,o_Enterobacterales,f_Enterobacteriaceae,NA,Other,NA,82
tet(W/N/W),tetracycline,k_Bacteria,p_unknown,Other,c_unknown,o_unknown,f_unknown,g_unknown,Other,s_uncultured bacterium,82
AAC(6')-Ii,aminoglycoside,k_Bacteria,p_Firmicutes,p_Firmicutes,c_Bacilli,o_Lactobacillales,f_Enterococcaceae,g_Enterococcus,g_Enterococcus,s_Enterococcus faecium,81
aadA16,aminoglycoside,k_Bacteria,p_Proteobacteria,p_Proteobacteria,c_Gammaproteobacteria,NA,NA,NA,Other,NA,81
Clostridium perfringens mprF,peptide,k_Bacteria,p_Firmicutes,p_Firmicutes,c_Clostridia,o_Eubacteriales,f_Clostridiaceae,g_Clostridium,g_Clostridium,s_Clostridium perfringens,77
Klebsiella pneumoniae KpnE,multidrug,k_Bacteria,p_Proteobacteria,p_Proteobacteria,c_Gammaproteobacteria,o_Enterobacterales,f_Enterobacteriaceae,g_Salmonella,g_Salmonella,s_Salmonella enterica,76
Klebsiella pneumoniae KpnF,multidrug,k_Bacteria,p_Proteobacteria,p_Proteobacteria,c_Gammaproteobacteria,o_Enterobacterales,f_Enterobacteriaceae,g_Salmonella,g_Salmonella,s_Salmonella enterica,76
mdtG,phosphonic acid,k_Bacteria,p_Proteobacteria,p_Proteobacteria,c_Gammaproteobacteria,o_Enterobacterales,f_Enterobacteriaceae,g_Escherichia,g_Escherichia,s_Escherichia coli,76
mdtB,aminocoumarin,k_Bacteria,p_Proteobacteria,p_Proteobacteria,c_Gammaproteobacteria,o_Enterobacterales,f_Enterobacteriaceae,g_Escherichia,g_Escherichia,s_Escherichia coli,75
Haemophilus influenzae PBP3 conferring resistance to beta-lactam antibiotics,multidrug,k_Bacteria,p_Proteobacteria,p_Proteobacteria,c_Gammaproteobacteria,o_Pasteurellales,f_Pasteurellaceae,g_Gallibacterium,g_Gallibacterium,NA,74
TolC,multidrug,k_Bacteria,p_Proteobacteria,p_Proteobacteria,c_Gammaproteobacteria,o_Enterobacterales,f_Enterobacteriaceae,NA,Other,NA,73
mdtH,fluoroquinolone,k_Bacteria,p_Proteobacteria,p_Proteobacteria,c_Gammaproteobacteria,o_Enterobacterales,f_Enterobacteriaceae,g_Escherichia,g_Escherichia,s_Escherichia coli,73
nimG,nitroimidazole,k_Bacteria,p_Firmicutes,p_Firmicutes,c_Clostridia,o_Eubacteriales,f_Lachnospiraceae,g_Lachnoclostridium,g_Lachnoclostridium,s_Lachnoclostridium sp. An14,73
APH(2'')-Ig,aminoglycoside,k_Bacteria,NA,Other,NA,NA,NA,NA,Other,NA,72
LnuH,lincosamide,k_Bacteria,p_Bacteroidetes,p_Bacteroidetes,c_Flavobacteriia,o_Flavobacteriales,f_Weeksellaceae,NA,Other,NA,72
vanXF,glycopeptide,k_Bacteria,p_Firmicutes,p_Firmicutes,NA,NA,NA,NA,Other,NA,72
dfrF,diaminopyrimidine,k_Bacteria,NA,Other,NA,NA,NA,NA,Other,NA,71
mdtH,fluoroquinolone,k_Bacteria,p_Proteobacteria,p_Proteobacteria,c_Gammaproteobacteria,o_Enterobacterales,f_Enterobacteriaceae,NA,Other,NA,71
tet(W/N/W),tetracycline,k_Bacteria,p_Firmicutes,p_Firmicutes,c_Bacilli,o_Lactobacillales,f_Lactobacillaceae,g_Lactobacillus,g_Lactobacillus,s_uncultured Lactobacillus sp.,70
tetB(P),tetracycline,k_Bacteria,p_unknown,Other,c_unknown,o_unknown,f_unknown,g_unknown,Other,s_uncultured bacterium,70
ErmT,multidrug,k_Bacteria,p_Firmicutes,p_Firmicutes,c_Bacilli,o_Lactobacillales,f_Lactobacillaceae,g_Lactobacillus,g_Lactobacillus,NA,69
catB3,phenicol,k_Bacteria,p_Proteobacteria,p_Proteobacteria,c_Gammaproteobacteria,o_Enterobacterales,f_Enterobacteriaceae,g_Shigella,g_Shigella,NA,69
sul2,sulfonamide,k_Bacteria,p_Proteobacteria,p_Proteobacteria,c_Gammaproteobacteria,o_Enterobacterales,f_Enterobacteriaceae,g_Escherichia,g_Escherichia,s_Escherichia coli,69
AAC(3)-IVa,aminoglycoside,k_Bacteria,p_Proteobacteria,p_Proteobacteria,c_Gammaproteobacteria,o_Enterobacterales,f_Enterobacteriaceae,NA,Other,NA,68
fexA,phenicol,k_Bacteria,p_Proteobacteria,p_Proteobacteria,c_Epsilonproteobacteria,o_Campylobacterales,f_Campylobacteraceae,g_Campylobacter,g_Campylobacter,s_Campylobacter jejuni,67
nimA,nitroimidazole,k_Bacteria,p_Firmicutes,p_Firmicutes,c_Clostridia,o_Eubacteriales,f_Oscillospiraceae,g_unknown,Other,s_Ruminococcaceae bacterium D16,67
"Escherichia coli AcrAB-TolC with AcrR mutation conferring resistance to ciprofloxacin, tetracycline, and ceftazidime",multidrug,k_Bacteria,p_Proteobacteria,p_Proteobacteria,c_Gammaproteobacteria,o_Enterobacterales,f_Enterobacteriaceae,NA,Other,NA,66
H-NS,multidrug,k_Bacteria,p_Proteobacteria,p_Proteobacteria,c_Gammaproteobacteria,o_Enterobacterales,f_Enterobacteriaceae,NA,Other,NA,66
aad(6),aminoglycoside,k_Bacteria,p_Firmicutes,p_Firmicutes,NA,NA,NA,NA,Other,NA,66
emrA,fluoroquinolone,k_Bacteria,p_Proteobacteria,p_Proteobacteria,c_Gammaproteobacteria,o_Enterobacterales,f_Enterobacteriaceae,g_Escherichia,g_Escherichia,s_Escherichia coli,66
Escherichia coli acrA,multidrug,k_Bacteria,p_Proteobacteria,p_Proteobacteria,c_Gammaproteobacteria,o_Enterobacterales,f_Enterobacteriaceae,NA,Other,NA,65
catA8,phenicol,k_Bacteria,p_Firmicutes,p_Firmicutes,c_Bacilli,o_Lactobacillales,f_Lactobacillaceae,g_Ligilactobacillus,g_Ligilactobacillus,s_Ligilactobacillus salivarius,64
lnuB,lincosamide,k_Bacteria,p_Firmicutes,p_Firmicutes,c_Bacilli,o_Lactobacillales,f_Enterococcaceae,g_Enterococcus,g_Enterococcus,s_Enterococcus cecorum,64
ErmF,multidrug,k_Bacteria,p_Bacteroidetes,p_Bacteroidetes,c_Bacteroidia,o_Bacteroidales,f_Bacteroidaceae,g_Bacteroides,g_Bacteroides,s_Bacteroides fragilis,63
Escherichia coli AcrAB-TolC with MarR mutations conferring resistance to ciprofloxacin and tetracycline,multidrug,k_Bacteria,p_Proteobacteria,p_Proteobacteria,c_Gammaproteobacteria,o_Enterobacterales,f_Enterobacteriaceae,NA,Other,NA,63
rsmA,multidrug,k_Bacteria,p_Proteobacteria,p_Proteobacteria,c_Gammaproteobacteria,o_Enterobacterales,f_Enterobacteriaceae,g_Klebsiella,g_Klebsiella,s_Klebsiella pneumoniae,63
tet(32),tetracycline,k_Bacteria,p_Firmicutes,p_Firmicutes,c_Clostridia,o_Eubacteriales,f_Lachnospiraceae,g_unknown,Other,s_Lachnospiraceae bacterium 1_1_57FAA,63
vanYM,glycopeptide,k_Bacteria,p_Firmicutes,p_Firmicutes,c_Clostridia,o_Eubacteriales,f_Oscillospiraceae,g_Fournierella,g_Fournierella,s_Fournierella massiliensis,63
OXA-1,multidrug,k_Bacteria,NA,Other,NA,NA,NA,NA,Other,NA,62
tet(32),tetracycline,k_Bacteria,p_Firmicutes,p_Firmicutes,c_Clostridia,o_Eubacteriales,f_Lachnospiraceae,g_Lachnospira,g_Lachnospira,s_Lachnospira eligens,62
APH(4)-Ia,aminoglycoside,k_unknown,p_unknown,Other,c_unknown,o_unknown,f_unknown,g_unknown,Other,s_Cloning vector GAPTrapT2AIresMygro,60
AcrE,multidrug,k_Bacteria,p_Proteobacteria,p_Proteobacteria,c_Gammaproteobacteria,o_Enterobacterales,f_Enterobacteriaceae,NA,Other,NA,60
AcrS,multidrug,k_Bacteria,p_Proteobacteria,p_Proteobacteria,c_Gammaproteobacteria,o_Enterobacterales,f_Enterobacteriaceae,NA,Other,NA,60
mefH,macrolide,k_Bacteria,p_Firmicutes,p_Firmicutes,c_Clostridia,o_Eubacteriales,f_Lachnospiraceae,g_Blautia,g_Blautia,s_Blautia sp. An249,60
mphA,macrolide,k_Bacteria,p_Proteobacteria,p_Proteobacteria,c_Gammaproteobacteria,o_Enterobacterales,f_Enterobacteriaceae,g_Escherichia,g_Escherichia,s_Escherichia coli,60
tet(W/N/W),tetracycline,k_unknown,p_unknown,Other,c_unknown,o_unknown,f_unknown,g_unknown,Other,s_uncultured organism,60
EstT,multidrug,k_Bacteria,p_Bacteroidetes,p_Bacteroidetes,c_Flavobacteriia,o_Flavobacteriales,f_Weeksellaceae,NA,Other,NA,59
acrD,aminoglycoside,k_Bacteria,p_Proteobacteria,p_Proteobacteria,c_Gammaproteobacteria,o_Enterobacterales,f_Enterobacteriaceae,g_Escherichia,g_Escherichia,s_Escherichia coli,59
tet(44),tetracycline,k_Bacteria,p_Firmicutes,p_Firmicutes,c_Clostridia,o_Eubacteriales,f_Clostridiaceae,g_Clostridium,g_Clostridium,s_Clostridium perfringens,59
tet(45),tetracycline,k_Bacteria,p_Firmicutes,p_Firmicutes,c_Bacilli,o_Bacillales,f_Staphylococcaceae,g_Staphylococcus,g_Staphylococcus,s_Staphylococcus aureus,59
ErmB,multidrug,k_Bacteria,p_Firmicutes,p_Firmicutes,c_Bacilli,o_Lactobacillales,f_Enterococcaceae,g_Enterococcus,g_Enterococcus,s_Enterococcus faecalis,58
fexA,phenicol,k_Bacteria,p_Firmicutes,p_Firmicutes,c_Bacilli,o_Bacillales,f_Staphylococcaceae,g_Staphylococcus,g_Staphylococcus,s_Staphylococcus aureus,58
AAC(6')-Ib-cr6,multidrug,k_Bacteria,p_Proteobacteria,p_Proteobacteria,c_Gammaproteobacteria,o_Enterobacterales,f_Enterobacteriaceae,g_Shigella,g_Shigella,NA,57
APH(4)-Ia,aminoglycoside,k_Bacteria,p_Proteobacteria,p_Proteobacteria,c_Gammaproteobacteria,o_Enterobacterales,NA,NA,Other,NA,57
cfrC,multidrug,k_Bacteria,p_Firmicutes,p_Firmicutes,c_Clostridia,o_Eubacteriales,NA,NA,Other,NA,57
emrR,fluoroquinolone,k_Bacteria,p_Proteobacteria,p_Proteobacteria,c_Gammaproteobacteria,o_Enterobacterales,f_Enterobacteriaceae,g_Klebsiella,g_Klebsiella,s_Klebsiella pneumoniae,57
fexB,phenicol,k_Bacteria,p_Firmicutes,p_Firmicutes,c_Bacilli,o_Lactobacillales,f_Lactobacillaceae,g_Pediococcus,g_Pediococcus,s_Pediococcus pentosaceus,57
tet(Q),tetracycline,k_Bacteria,p_Bacteroidetes,p_Bacteroidetes,c_Bacteroidia,o_Bacteroidales,f_Bacteroidaceae,g_Bacteroides,g_Bacteroides,s_Bacteroides stercoris,57
tet(W/N/W),tetracycline,k_Bacteria,p_Bacteroidetes,p_Bacteroidetes,c_Bacteroidia,o_Bacteroidales,f_Bacteroidaceae,g_Bacteroides,g_Bacteroides,s_Bacteroides thetaiotaomicron,56
AAC(6')-Ie-APH(2'')-Ia bifunctional protein,aminoglycoside,k_Bacteria,p_Firmicutes,p_Firmicutes,c_Bacilli,o_Bacillales,f_Staphylococcaceae,NA,Other,NA,55
APH(3')-Ia,aminoglycoside,k_Bacteria,p_Proteobacteria,p_Proteobacteria,c_Gammaproteobacteria,o_Enterobacterales,f_Enterobacteriaceae,NA,Other,NA,55
Haemophilus influenzae PBP3 conferring resistance to beta-lactam antibiotics,multidrug,k_Bacteria,p_Proteobacteria,p_Proteobacteria,c_Gammaproteobacteria,o_Pasteurellales,f_Pasteurellaceae,g_Gallibacterium,g_Gallibacterium,s_Gallibacterium anatis,55
catQ,phenicol,k_Bacteria,p_Firmicutes,p_Firmicutes,c_Clostridia,o_Eubacteriales,f_Lachnospiraceae,NA,Other,NA,55
mdtM,multidrug,k_Bacteria,p_Proteobacteria,p_Proteobacteria,c_Gammaproteobacteria,o_Enterobacterales,f_Enterobacteriaceae,NA,Other,NA,55
Escherichia coli soxS with mutation conferring antibiotic resistance,multidrug,k_Bacteria,p_Proteobacteria,p_Proteobacteria,c_Gammaproteobacteria,o_Enterobacterales,f_Enterobacteriaceae,g_Escherichia,g_Escherichia,NA,53
RanB,aminoglycoside,k_Bacteria,p_Bacteroidetes,p_Bacteroidetes,c_Flavobacteriia,o_Flavobacteriales,f_Weeksellaceae,g_Riemerella,g_Riemerella,s_Riemerella anatipestifer,53
qacL,disinfecting agents and antiseptics,k_Bacteria,p_Proteobacteria,p_Proteobacteria,c_Gammaproteobacteria,NA,NA,NA,Other,NA,52
vanYG,glycopeptide,k_Bacteria,p_Firmicutes,p_Firmicutes,c_Clostridia,o_Eubacteriales,f_unknown,g_Colidextribacter,g_Colidextribacter,s_Colidextribacter sp. OB.20,52
APH(3')-VIa,aminoglycoside,k_Bacteria,p_Proteobacteria,p_Proteobacteria,c_Gammaproteobacteria,NA,NA,NA,Other,NA,51
lnuC,lincosamide,k_Bacteria,p_Firmicutes,p_Firmicutes,c_Clostridia,o_Eubacteriales,f_Clostridiaceae,g_Clostridium,g_Clostridium,s_Clostridium sp. CAG:678,51
vanG,glycopeptide,k_Bacteria,p_Firmicutes,p_Firmicutes,c_Clostridia,o_Eubacteriales,f_unknown,g_Intestinimonas,g_Intestinimonas,s_Intestinimonas massiliensis,51
EC-15,cephalosporin,k_Bacteria,p_Proteobacteria,p_Proteobacteria,c_Gammaproteobacteria,o_Enterobacterales,f_Enterobacteriaceae,g_Escherichia,g_Escherichia,s_Escherichia coli,50
Mrx,macrolide,k_Bacteria,p_Proteobacteria,p_Proteobacteria,c_Gammaproteobacteria,o_Enterobacterales,f_Enterobacteriaceae,g_Escherichia,g_Escherichia,s_Escherichia coli,50
aadA9,aminoglycoside,k_Bacteria,NA,Other,NA,NA,NA,NA,Other,NA,50
acrB,multidrug,k_Bacteria,p_Proteobacteria,p_Proteobacteria,c_Gammaproteobacteria,o_Enterobacterales,f_Enterobacteriaceae,NA,Other,NA,50
adeF,multidrug,k_Bacteria,p_Proteobacteria,p_Proteobacteria,c_Betaproteobacteria,o_Burkholderiales,NA,NA,Other,NA,50
nimG,nitroimidazole,k_Bacteria,p_Firmicutes,p_Firmicutes,c_Clostridia,o_Eubacteriales,f_unknown,g_Flintibacter,g_Flintibacter,s_Flintibacter sp. KGMB00164,50
vanG,glycopeptide,k_Bacteria,p_Firmicutes,p_Firmicutes,c_Clostridia,o_Eubacteriales,f_Oscillospiraceae,g_Pseudoflavonifractor,g_Pseudoflavonifractor,s_Pseudoflavonifractor capillosus,50
ErmC,multidrug,k_Bacteria,p_Firmicutes,p_Firmicutes,c_Bacilli,o_Bacillales,f_Staphylococcaceae,NA,Other,NA,49
tet(W),tetracycline,k_Bacteria,p_Firmicutes,p_Firmicutes,c_Clostridia,o_Eubacteriales,f_Oscillospiraceae,g_Flavonifractor,g_Flavonifractor,s_Flavonifractor plautii,49
cpxA,multidrug,k_Bacteria,p_Proteobacteria,p_Proteobacteria,c_Gammaproteobacteria,o_Enterobacterales,f_Enterobacteriaceae,g_Escherichia,g_Escherichia,s_Escherichia coli,48
dfrA17,diaminopyrimidine,k_Bacteria,p_Proteobacteria,p_Proteobacteria,c_Gammaproteobacteria,o_Enterobacterales,f_Enterobacteriaceae,g_Escherichia,g_Escherichia,s_Escherichia coli,48
tet(K),tetracycline,k_Bacteria,p_Firmicutes,p_Firmicutes,c_Bacilli,o_Bacillales,f_Staphylococcaceae,g_Staphylococcus,g_Staphylococcus,s_Staphylococcus aureus,48
ugd,peptide,k_Bacteria,p_Proteobacteria,p_Proteobacteria,c_Gammaproteobacteria,o_Enterobacterales,f_Enterobacteriaceae,g_Escherichia,g_Escherichia,s_Escherichia coli,48
vanYB,glycopeptide,k_Bacteria,p_Firmicutes,p_Firmicutes,c_Clostridia,o_Eubacteriales,f_Lachnospiraceae,g_Coprococcus,g_Coprococcus,s_Coprococcus catus,48
vanYB,glycopeptide,k_Bacteria,p_Firmicutes,p_Firmicutes,c_Clostridia,o_Eubacteriales,f_unknown,g_Gemmiger,g_Gemmiger,s_Gemmiger sp. An194,48
vatE,multidrug,k_Bacteria,p_Firmicutes,p_Firmicutes,c_Bacilli,o_Lactobacillales,f_Lactobacillaceae,NA,Other,NA,48
RanA,aminoglycoside,k_Bacteria,p_Bacteroidetes,p_Bacteroidetes,c_Flavobacteriia,o_Flavobacteriales,f_Weeksellaceae,g_Riemerella,g_Riemerella,s_Riemerella anatipestifer,47
dfrA16,diaminopyrimidine,k_Bacteria,p_Proteobacteria,p_Proteobacteria,c_Gammaproteobacteria,NA,NA,NA,Other,NA,47
tet(44),tetracycline,k_Bacteria,p_Firmicutes,p_Firmicutes,c_Clostridia,o_Eubacteriales,f_Peptostreptococcaceae,g_Peptacetobacter,g_Peptacetobacter,s_Peptacetobacter hominis,47
vanUG,glycopeptide,k_Bacteria,p_Firmicutes,p_Firmicutes,c_Clostridia,o_Eubacteriales,f_Lachnospiraceae,g_Blautia,g_Blautia,s_Blautia sp. An81,47
vanYM,glycopeptide,k_Bacteria,p_Firmicutes,p_Firmicutes,c_Clostridia,o_Eubacteriales,f_unknown,g_Gemmiger,g_Gemmiger,s_Gemmiger sp. An194,47
vanYM,glycopeptide,k_Bacteria,p_Firmicutes,p_Firmicutes,c_Clostridia,o_Eubacteriales,f_unknown,g_Gemmiger,g_Gemmiger,NA,47
AAC(6')-Ib9,aminoglycoside,k_Bacteria,p_Proteobacteria,p_Proteobacteria,c_Gammaproteobacteria,o_Pseudomonadales,f_Pseudomonadaceae,g_Pseudomonas,g_Pseudomonas,NA,46
Escherichia coli soxR with mutation conferring antibiotic resistance,multidrug,k_Bacteria,p_Proteobacteria,p_Proteobacteria,c_Gammaproteobacteria,o_Enterobacterales,f_Enterobacteriaceae,g_Escherichia,g_Escherichia,NA,46
fexA,phenicol,k_Bacteria,p_Firmicutes,p_Firmicutes,c_Bacilli,o_Lactobacillales,f_Streptococcaceae,g_Streptococcus,g_Streptococcus,s_Streptococcus suis,46
tet(Q),tetracycline,k_Bacteria,p_Bacteroidetes,p_Bacteroidetes,c_Bacteroidia,o_Bacteroidales,f_Bacteroidaceae,g_Bacteroides,g_Bacteroides,s_Bacteroides thetaiotaomicron,46
vanYB,glycopeptide,k_Bacteria,p_Firmicutes,p_Firmicutes,c_Clostridia,o_Eubacteriales,f_Oscillospiraceae,g_Pseudoflavonifractor,g_Pseudoflavonifractor,s_Pseudoflavonifractor sp. An85,46
AAC(3)-IVa,aminoglycoside,k_unknown,p_unknown,Other,c_unknown,o_unknown,f_unknown,g_unknown,Other,s_Cloning vector GAPTrapT2AIresMygro,45
Erm(36),multidrug,k_Bacteria,p_Actinobacteria,p_Actinobacteria,c_Actinomycetia,NA,NA,NA,Other,NA,45
efmA,multidrug,k_Bacteria,p_Firmicutes,p_Firmicutes,c_Bacilli,o_Lactobacillales,f_Enterococcaceae,g_Enterococcus,g_Enterococcus,s_Enterococcus faecium,45
eptA,peptide,k_Bacteria,p_Proteobacteria,p_Proteobacteria,c_Gammaproteobacteria,o_Enterobacterales,f_Enterobacteriaceae,NA,Other,NA,45
EC-15,cephalosporin,k_Bacteria,p_unknown,Other,c_unknown,o_unknown,f_unknown,g_unknown,Other,s_uncultured bacterium,44
bacA,peptide,k_Bacteria,p_Proteobacteria,p_Proteobacteria,c_Gammaproteobacteria,o_Enterobacterales,f_Enterobacteriaceae,NA,Other,NA,44
dfrF,diaminopyrimidine,k_Bacteria,p_Firmicutes,p_Firmicutes,c_Bacilli,o_Lactobacillales,f_Enterococcaceae,g_Enterococcus,g_Enterococcus,s_Enterococcus faecium,44
nimA,nitroimidazole,k_Bacteria,p_Firmicutes,p_Firmicutes,c_Clostridia,o_Eubacteriales,f_Oscillospiraceae,g_Flavonifractor,g_Flavonifractor,s_Flavonifractor sp. An100,43
Escherichia coli EF-Tu mutants conferring resistance to Pulvomycin,elfamycin,k_Bacteria,p_Proteobacteria,p_Proteobacteria,c_Gammaproteobacteria,o_Pasteurellales,f_Pasteurellaceae,g_Gallibacterium,g_Gallibacterium,s_Gallibacterium anatis,42
FosA3,phosphonic acid,k_Bacteria,p_Proteobacteria,p_Proteobacteria,c_Gammaproteobacteria,o_Enterobacterales,f_Enterobacteriaceae,g_Escherichia,g_Escherichia,s_Escherichia coli,42
catS,phenicol,k_Bacteria,p_Firmicutes,p_Firmicutes,NA,NA,NA,NA,Other,NA,42
vanYB,glycopeptide,k_Bacteria,p_Firmicutes,p_Firmicutes,c_Clostridia,o_Eubacteriales,f_Oscillospiraceae,g_Pseudoflavonifractor,g_Pseudoflavonifractor,s_Pseudoflavonifractor sp. An187,42
APH(3')-IIIa,aminoglycoside,k_Bacteria,p_Firmicutes,p_Firmicutes,c_Clostridia,o_Eubacteriales,f_Lachnospiraceae,g_unknown,Other,s_Lachnospiraceae bacterium KGMB03038,41
Streptococcus suis chloramphenicol acetyltransferase,phenicol,k_Bacteria,p_Firmicutes,p_Firmicutes,c_Bacilli,o_Lactobacillales,f_Lactobacillaceae,NA,Other,NA,41
tet(45),tetracycline,k_Bacteria,p_Firmicutes,p_Firmicutes,c_Bacilli,o_Lactobacillales,f_Enterococcaceae,g_Enterococcus,g_Enterococcus,s_Enterococcus faecium,41
vanYF,glycopeptide,k_Bacteria,p_Firmicutes,p_Firmicutes,c_Clostridia,o_Eubacteriales,NA,NA,Other,NA,41
AAC(3)-IVa,aminoglycoside,k_Bacteria,p_Proteobacteria,p_Proteobacteria,c_Gammaproteobacteria,o_Enterobacterales,f_Enterobacteriaceae,g_Salmonella,g_Salmonella,s_Salmonella enterica,40
Bifidobacterium adolescentis rpoB mutants conferring resistance to rifampicin,rifamycin,k_Bacteria,p_Actinobacteria,p_Actinobacteria,c_Actinomycetia,o_Bifidobacteriales,f_Bifidobacteriaceae,g_Bifidobacterium,g_Bifidobacterium,s_Bifidobacterium pullorum,40
Vibrio anguillarum chloramphenicol acetyltransferase,phenicol,k_Bacteria,p_Firmicutes,p_Firmicutes,c_Clostridia,o_Eubacteriales,f_Clostridiaceae,g_Butyricicoccus,g_Butyricicoccus,s_Butyricicoccus pullicaecorum,40
nimJ,nitroimidazole,k_Bacteria,p_Firmicutes,p_Firmicutes,c_Clostridia,o_Eubacteriales,f_Peptostreptococcaceae,g_Clostridioides,g_Clostridioides,s_Clostridioides difficile,40
tet(Q),tetracycline,k_Bacteria,p_Bacteroidetes,p_Bacteroidetes,c_Bacteroidia,o_Bacteroidales,f_Bacteroidaceae,g_Bacteroides,g_Bacteroides,s_Bacteroides xylanisolvens,40
SAT-4,nucleoside,k_Bacteria,p_Firmicutes,p_Firmicutes,c_Bacilli,o_Bacillales,f_Staphylococcaceae,g_Staphylococcus,g_Staphylococcus,s_Staphylococcus aureus,39
lnuA,lincosamide,k_Bacteria,p_Firmicutes,p_Firmicutes,c_Bacilli,o_Bacillales,f_Staphylococcaceae,g_Salinicoccus,g_Salinicoccus,s_Salinicoccus luteus,39
tet(M),tetracycline,k_Bacteria,p_unknown,Other,c_unknown,o_unknown,f_unknown,g_unknown,Other,s_uncultured bacterium,39
tet(O/W/32/O),tetracycline,k_Bacteria,NA,Other,NA,NA,NA,NA,Other,NA,39
tet(Q),tetracycline,k_Bacteria,p_Bacteroidetes,p_Bacteroidetes,c_Bacteroidia,o_Bacteroidales,f_Bacteroidaceae,g_Phocaeicola,g_Phocaeicola,s_Phocaeicola vulgatus,39
CTX-M-65,cephalosporin,k_Bacteria,p_Proteobacteria,p_Proteobacteria,c_Gammaproteobacteria,o_Enterobacterales,f_Enterobacteriaceae,g_Escherichia,g_Escherichia,s_Escherichia coli,38
ErmT,multidrug,k_Bacteria,p_Firmicutes,p_Firmicutes,c_Bacilli,o_Bacillales,f_Staphylococcaceae,g_Staphylococcus,g_Staphylococcus,s_Staphylococcus aureus,38
Klebsiella pneumoniae KpnF,multidrug,k_Bacteria,p_Proteobacteria,p_Proteobacteria,c_Gammaproteobacteria,o_Enterobacterales,f_Enterobacteriaceae,NA,Other,NA,38
kdpE,aminoglycoside,k_Bacteria,p_Proteobacteria,p_Proteobacteria,c_Gammaproteobacteria,o_Enterobacterales,f_Enterobacteriaceae,NA,Other,NA,38
APH(3')-IIIa,aminoglycoside,k_Bacteria,p_Firmicutes,p_Firmicutes,c_Clostridia,o_Eubacteriales,f_Peptostreptococcaceae,g_Peptoclostridium,g_Peptoclostridium,s_Peptoclostridium sp. AF21-18,37
clcD,multidrug,k_Bacteria,p_Firmicutes,p_Firmicutes,NA,NA,NA,NA,Other,NA,37
lnuG,lincosamide,k_Bacteria,p_Firmicutes,p_Firmicutes,NA,NA,NA,NA,Other,NA,37
tet(32),tetracycline,k_Bacteria,p_Firmicutes,p_Firmicutes,c_Erysipelotrichia,o_Erysipelotrichales,f_Coprobacillaceae,g_Coprobacillus,g_Coprobacillus,s_Coprobacillus sp. AF33-1AC,37
tet(45),tetracycline,k_Bacteria,p_Firmicutes,p_Firmicutes,c_Bacilli,o_Lactobacillales,f_Lactobacillaceae,g_Ligilactobacillus,g_Ligilactobacillus,s_Ligilactobacillus salivarius,37
vanG,glycopeptide,k_Bacteria,p_Firmicutes,p_Firmicutes,c_Clostridia,o_Eubacteriales,f_unknown,g_Gemmiger,g_Gemmiger,s_Gemmiger sp. An50,37
Campylobacter jejuni gyrA conferring resistance to fluoroquinolones,fluoroquinolone,k_Bacteria,p_Proteobacteria,p_Proteobacteria,c_Epsilonproteobacteria,o_Campylobacterales,f_Campylobacteraceae,g_Campylobacter,g_Campylobacter,s_Campylobacter sp. 2018MI01,36
TEM-1,multidrug,k_Bacteria,p_Proteobacteria,p_Proteobacteria,c_Gammaproteobacteria,NA,NA,NA,Other,NA,36
VEB-17,multidrug,k_Bacteria,NA,Other,NA,NA,NA,NA,Other,NA,36
lnuC,lincosamide,k_Bacteria,p_Deferribacteres,p_Deferribacteres,c_Deferribacteres,o_Deferribacterales,f_Deferribacteraceae,g_Mucispirillum,g_Mucispirillum,s_Mucispirillum schaedleri,36
mdtE,multidrug,k_Bacteria,NA,Other,NA,NA,NA,NA,Other,NA,36
vanYG,glycopeptide,k_Bacteria,p_Firmicutes,p_Firmicutes,c_Erysipelotrichia,o_Erysipelotrichales,f_Erysipelotrichaceae,g_Faecalitalea,g_Faecalitalea,s_Faecalitalea cylindroides,36
ANT(6)-Ia,aminoglycoside,k_Bacteria,p_Firmicutes,p_Firmicutes,c_Bacilli,o_Lactobacillales,f_Streptococcaceae,g_Streptococcus,g_Streptococcus,NA,35
LnuP,lincosamide,k_Bacteria,p_Firmicutes,p_Firmicutes,c_Clostridia,o_Eubacteriales,f_Clostridiaceae,g_Clostridium,g_Clostridium,s_Clostridium perfringens,35
Mycobacterium tuberculosis rpsL mutations conferring resistance to Streptomycin,aminoglycoside,k_Bacteria,p_Actinobacteria,p_Actinobacteria,c_Actinomycetia,NA,NA,NA,Other,NA,35
baeR,multidrug,k_Bacteria,p_Proteobacteria,p_Proteobacteria,c_Gammaproteobacteria,o_Enterobacterales,f_Enterobacteriaceae,g_Escherichia,g_Escherichia,NA,35
catB3,phenicol,k_Bacteria,p_Proteobacteria,p_Proteobacteria,c_Gammaproteobacteria,o_Aeromonadales,f_Aeromonadaceae,g_Aeromonas,g_Aeromonas,s_Aeromonas hydrophila,35
emrA,fluoroquinolone,k_Bacteria,p_Proteobacteria,p_Proteobacteria,c_Gammaproteobacteria,o_Enterobacterales,f_Enterobacteriaceae,g_Klebsiella,g_Klebsiella,s_Klebsiella pneumoniae,35
tet(O),tetracycline,k_Bacteria,p_Firmicutes,p_Firmicutes,c_Clostridia,o_Eubacteriales,f_Lachnospiraceae,g_Coprococcus,g_Coprococcus,s_Coprococcus comes,35
AAC(6')-Ib8,aminoglycoside,k_Bacteria,NA,Other,NA,NA,NA,NA,Other,NA,34
Erm(49),multidrug,k_Bacteria,NA,Other,NA,NA,NA,NA,Other,NA,34
Haemophilus influenzae PBP3 conferring resistance to beta-lactam antibiotics,multidrug,k_Bacteria,p_Proteobacteria,p_Proteobacteria,c_Gammaproteobacteria,o_Enterobacterales,f_Enterobacteriaceae,g_Escherichia,g_Escherichia,s_Escherichia coli,34
LnuP,lincosamide,k_Bacteria,p_Firmicutes,p_Firmicutes,c_Clostridia,o_Eubacteriales,f_Clostridiaceae,g_Clostridium,g_Clostridium,s_Clostridium sp. SM-530-WT-3G,34
PmrF,peptide,k_Bacteria,p_Proteobacteria,p_Proteobacteria,c_Gammaproteobacteria,NA,NA,NA,Other,NA,34
tet(O),tetracycline,k_Bacteria,p_Firmicutes,p_Firmicutes,c_Bacilli,o_Lactobacillales,f_Streptococcaceae,g_Streptococcus,g_Streptococcus,s_Streptococcus pyogenes,34
tet(Q),tetracycline,k_Bacteria,p_Bacteroidetes,p_Bacteroidetes,c_Bacteroidia,o_Bacteroidales,f_Bacteroidaceae,g_Bacteroides,g_Bacteroides,s_Bacteroides ovatus,34
tet(Q),tetracycline,k_Bacteria,p_Bacteroidetes,p_Bacteroidetes,c_Bacteroidia,o_Bacteroidales,f_Tannerellaceae,g_Parabacteroides,g_Parabacteroides,s_Parabacteroides merdae,34
vanG,glycopeptide,k_Bacteria,p_Firmicutes,p_Firmicutes,c_Clostridia,o_Eubacteriales,f_Oscillospiraceae,g_Flavonifractor,g_Flavonifractor,s_Flavonifractor sp. AGMB03687,34
APH(3')-IIa,aminoglycoside,k_Bacteria,p_Proteobacteria,p_Proteobacteria,c_Gammaproteobacteria,o_Enterobacterales,f_Enterobacteriaceae,g_Escherichia,g_Escherichia,s_Escherichia coli,33
ErmQ,multidrug,k_Bacteria,p_Firmicutes,p_Firmicutes,c_Clostridia,o_Eubacteriales,f_Clostridiaceae,g_Clostridium,g_Clostridium,s_Clostridium perfringens,33
TEM-1,multidrug,k_Bacteria,p_Proteobacteria,p_Proteobacteria,c_Gammaproteobacteria,o_Enterobacterales,f_Enterobacteriaceae,g_Escherichia,g_Escherichia,s_Escherichia coli,33
catIII,phenicol,k_Bacteria,p_Proteobacteria,p_Proteobacteria,c_Gammaproteobacteria,NA,NA,NA,Other,NA,33
msbA,nitroimidazole,k_Bacteria,p_Proteobacteria,p_Proteobacteria,c_Gammaproteobacteria,o_Enterobacterales,f_Enterobacteriaceae,g_Citrobacter,g_Citrobacter,NA,33
tet(M),tetracycline,k_Bacteria,p_Firmicutes,p_Firmicutes,c_Bacilli,o_Lactobacillales,f_Lactobacillaceae,g_Ligilactobacillus,g_Ligilactobacillus,s_Ligilactobacillus salivarius,33
ErmA,multidrug,k_Bacteria,p_Firmicutes,p_Firmicutes,c_Bacilli,o_Lactobacillales,f_Streptococcaceae,g_Streptococcus,g_Streptococcus,s_Streptococcus suis,32
H-NS,multidrug,k_Bacteria,p_Proteobacteria,p_Proteobacteria,c_Gammaproteobacteria,o_Enterobacterales,f_Enterobacteriaceae,g_Klebsiella,g_Klebsiella,s_Klebsiella pneumoniae,32
aad(6),aminoglycoside,k_Bacteria,p_Firmicutes,p_Firmicutes,c_Bacilli,o_Bacillales,f_Staphylococcaceae,g_Staphylococcus,g_Staphylococcus,s_Staphylococcus aureus,32
tet(C),tetracycline,k_Bacteria,NA,Other,NA,NA,NA,NA,Other,NA,32
vanYG,glycopeptide,k_Bacteria,p_Firmicutes,p_Firmicutes,c_Clostridia,o_Eubacteriales,f_unknown,g_Gemmiger,g_Gemmiger,s_Gemmiger formicilis,32
vanYG,glycopeptide,k_Bacteria,p_Firmicutes,p_Firmicutes,c_Clostridia,o_Eubacteriales,f_Oscillospiraceae,g_unknown,Other,s_Ruminococcaceae bacterium AM07-15,32
ArnT,peptide,k_Bacteria,p_Proteobacteria,p_Proteobacteria,c_Gammaproteobacteria,o_Enterobacterales,f_Enterobacteriaceae,g_Klebsiella,g_Klebsiella,s_Klebsiella pneumoniae,31
Escherichia coli emrE,macrolide,k_Bacteria,p_Proteobacteria,p_Proteobacteria,c_Gammaproteobacteria,o_Enterobacterales,f_Enterobacteriaceae,NA,Other,NA,31
OXA-21,multidrug,k_Bacteria,p_Proteobacteria,p_Proteobacteria,c_Gammaproteobacteria,o_Pseudomonadales,f_Pseudomonadaceae,g_Pseudomonas,g_Pseudomonas,s_Pseudomonas aeruginosa,31
emrK,tetracycline,k_Bacteria,p_Proteobacteria,p_Proteobacteria,c_Gammaproteobacteria,o_Enterobacterales,f_Enterobacteriaceae,NA,Other,NA,31
mefF,macrolide,k_Bacteria,p_Firmicutes,p_Firmicutes,c_Bacilli,o_Bacillales,NA,NA,Other,NA,31
vanYB,glycopeptide,k_Bacteria,p_Firmicutes,p_Firmicutes,c_Clostridia,o_Eubacteriales,f_unknown,g_unknown,Other,s_Clostridiales bacterium,31
vanYB,glycopeptide,k_Bacteria,p_Firmicutes,p_Firmicutes,c_Clostridia,o_Eubacteriales,f_Oscillospiraceae,g_Flavonifractor,g_Flavonifractor,s_Flavonifractor sp. An112,31
vanYB,glycopeptide,k_Bacteria,p_Firmicutes,p_Firmicutes,c_Clostridia,o_Eubacteriales,f_Lachnospiraceae,g_Lachnoclostridium,g_Lachnoclostridium,s_Lachnoclostridium sp. An169,31
ErmX,multidrug,k_Bacteria,p_Actinobacteria,p_Actinobacteria,c_Actinomycetia,o_Bifidobacteriales,f_Bifidobacteriaceae,g_Bifidobacterium,g_Bifidobacterium,s_Bifidobacterium longum,30
QnrS1,fluoroquinolone,k_Bacteria,p_Proteobacteria,p_Proteobacteria,c_Gammaproteobacteria,o_Enterobacterales,f_Enterobacteriaceae,g_Klebsiella,g_Klebsiella,s_Klebsiella pneumoniae,30
Vibrio anguillarum chloramphenicol acetyltransferase,phenicol,k_Bacteria,p_unknown,Other,c_unknown,o_unknown,f_unknown,g_unknown,Other,s_uncultured bacterium,30
tet(M),tetracycline,k_Bacteria,p_Proteobacteria,p_Proteobacteria,c_Epsilonproteobacteria,o_Campylobacterales,f_Campylobacteraceae,g_Campylobacter,g_Campylobacter,s_Campylobacter jejuni,30
vanTC,glycopeptide,k_Bacteria,p_Firmicutes,p_Firmicutes,c_Bacilli,o_Lactobacillales,f_Enterococcaceae,g_Enterococcus,g_Enterococcus,s_Enterococcus casseliflavus,30
vanYA,glycopeptide,k_Bacteria,p_Tenericutes,p_Tenericutes,c_Mollicutes,o_Mycoplasmatales,f_Mycoplasmataceae,g_Mycoplasma,g_Mycoplasma,NA,30
AAC(3)-IIc,aminoglycoside,k_Bacteria,p_Proteobacteria,p_Proteobacteria,c_Gammaproteobacteria,o_Enterobacterales,f_Enterobacteriaceae,g_Klebsiella,g_Klebsiella,NA,29
AAC(6')-Ia,aminoglycoside,k_Bacteria,p_Proteobacteria,p_Proteobacteria,c_Gammaproteobacteria,NA,NA,NA,Other,NA,29
ACI-1,multidrug,k_Bacteria,p_Firmicutes,p_Firmicutes,c_Negativicutes,NA,NA,NA,Other,NA,29
catA8,phenicol,k_Bacteria,p_Proteobacteria,p_Proteobacteria,c_Gammaproteobacteria,o_Pasteurellales,f_Pasteurellaceae,g_Glaesserella,g_Glaesserella,s_Glaesserella parasuis,29
dfrA14,diaminopyrimidine,k_Bacteria,p_Proteobacteria,p_Proteobacteria,c_Gammaproteobacteria,o_Enterobacterales,f_Enterobacteriaceae,g_Klebsiella,g_Klebsiella,s_Klebsiella pneumoniae,29
lnuC,lincosamide,k_Bacteria,p_Firmicutes,p_Firmicutes,c_Bacilli,o_Lactobacillales,f_Lactobacillaceae,g_Ligilactobacillus,g_Ligilactobacillus,s_Ligilactobacillus animalis,29
msr(G),multidrug,k_Bacteria,p_Firmicutes,p_Firmicutes,c_Bacilli,o_Bacillales,f_Bacillaceae,NA,Other,NA,29
tet(32),tetracycline,k_Bacteria,p_Firmicutes,p_Firmicutes,c_Clostridia,o_Eubacteriales,f_Lachnospiraceae,g_unknown,Other,s_Lachnospiraceae bacterium OM04-12BH,29
tet(44),tetracycline,k_Bacteria,p_Proteobacteria,p_Proteobacteria,c_Epsilonproteobacteria,o_Campylobacterales,f_Campylobacteraceae,g_Campylobacter,g_Campylobacter,s_Campylobacter fetus,29
tet(S),tetracycline,k_Bacteria,p_Firmicutes,p_Firmicutes,c_Bacilli,o_Lactobacillales,f_Enterococcaceae,g_Enterococcus,g_Enterococcus,NA,29
APH(2'')-Ig,aminoglycoside,k_Bacteria,p_Firmicutes,p_Firmicutes,c_Clostridia,o_Eubacteriales,f_Oscillospiraceae,g_Ruthenibacterium,g_Ruthenibacterium,s_Ruthenibacterium lactatiformans,28
Helicobacter pylori rpoB mutation conferring resistance to rifampicin,multidrug,k_Bacteria,p_Proteobacteria,p_Proteobacteria,c_Epsilonproteobacteria,o_Campylobacterales,f_Helicobacteraceae,g_Helicobacter,g_Helicobacter,NA,28
Klebsiella pneumoniae KpnE,multidrug,k_Bacteria,p_Proteobacteria,p_Proteobacteria,c_Gammaproteobacteria,o_Enterobacterales,f_Enterobacteriaceae,NA,Other,NA,28
catII from Escherichia coli K-12,phenicol,k_Bacteria,p_Proteobacteria,p_Proteobacteria,c_Gammaproteobacteria,NA,NA,NA,Other,NA,28
npmA,aminoglycoside,k_Bacteria,p_Firmicutes,p_Firmicutes,c_Clostridia,o_Eubacteriales,f_Clostridiaceae,g_Clostridium,g_Clostridium,s_Clostridium sp. AM22-11AC,28
tet(45),tetracycline,k_Bacteria,p_Firmicutes,p_Firmicutes,c_Bacilli,o_Lactobacillales,f_Enterococcaceae,g_Enterococcus,g_Enterococcus,s_Enterococcus faecalis,28
tet(O),tetracycline,k_Bacteria,p_unknown,Other,c_unknown,o_unknown,f_unknown,g_unknown,Other,s_uncultured bacterium,28
vanG,glycopeptide,k_Bacteria,p_Firmicutes,p_Firmicutes,c_Clostridia,o_Eubacteriales,f_unknown,g_Gemmiger,g_Gemmiger,s_Gemmiger sp. An194,28
Vibrio anguillarum chloramphenicol acetyltransferase,phenicol,k_Bacteria,p_Firmicutes,p_Firmicutes,c_Bacilli,o_Lactobacillales,f_Streptococcaceae,g_Streptococcus,g_Streptococcus,s_Streptococcus suis,27
tet(32),tetracycline,k_Bacteria,p_Firmicutes,p_Firmicutes,c_Erysipelotrichia,o_Erysipelotrichales,f_Erysipelotrichaceae,g_Holdemania,g_Holdemania,s_uncultured Holdemania sp.,27
tet(W/N/W),tetracycline,k_Bacteria,p_unknown,Other,c_unknown,o_unknown,f_unknown,g_unknown,Other,s_uncultured bacterium Contig1625,27
APH(6)-Id,aminoglycoside,k_Bacteria,p_Bacteroidetes,p_Bacteroidetes,c_Bacteroidia,o_Bacteroidales,f_Bacteroidaceae,g_Bacteroides,g_Bacteroides,s_Bacteroides fragilis,26
CTX-M-55,cephalosporin,k_Bacteria,p_Proteobacteria,p_Proteobacteria,c_Gammaproteobacteria,o_Enterobacterales,f_Enterobacteriaceae,g_Escherichia,g_Escherichia,s_Escherichia coli,26
Vibrio anguillarum chloramphenicol acetyltransferase,phenicol,k_Bacteria,p_Firmicutes,p_Firmicutes,c_Clostridia,o_Eubacteriales,f_Eubacteriaceae,g_Eubacterium,g_Eubacterium,s_Eubacterium callanderi,26
tetB(P),tetracycline,k_Bacteria,p_Firmicutes,p_Firmicutes,c_Clostridia,o_Eubacteriales,f_Peptostreptococcaceae,g_Paeniclostridium,g_Paeniclostridium,s_Paeniclostridium sordellii,26
vanYG,glycopeptide,k_Bacteria,p_Firmicutes,p_Firmicutes,c_Clostridia,o_Eubacteriales,f_Eubacteriaceae,g_Eubacterium,g_Eubacterium,s_Eubacterium sp. 14-2,26
ErmG,multidrug,k_Bacteria,p_Bacteroidetes,p_Bacteroidetes,c_Bacteroidia,o_Bacteroidales,f_Bacteroidaceae,g_Bacteroides,g_Bacteroides,s_Bacteroides caccae,25
Escherichia coli AcrAB-TolC with MarR mutations conferring resistance to ciprofloxacin and tetracycline,multidrug,k_Bacteria,p_Proteobacteria,p_Proteobacteria,c_Gammaproteobacteria,o_Enterobacterales,f_Enterobacteriaceae,g_Klebsiella,g_Klebsiella,s_Klebsiella pneumoniae,25
catB8,phenicol,k_Bacteria,p_Proteobacteria,p_Proteobacteria,c_Gammaproteobacteria,NA,NA,NA,Other,NA,25
eptB,peptide,k_Bacteria,p_Proteobacteria,p_Proteobacteria,c_Gammaproteobacteria,o_Enterobacterales,f_Enterobacteriaceae,g_Klebsiella,g_Klebsiella,s_Klebsiella pneumoniae,25
marA,multidrug,k_Bacteria,p_Proteobacteria,p_Proteobacteria,c_Gammaproteobacteria,o_Enterobacterales,f_Enterobacteriaceae,g_Klebsiella,g_Klebsiella,s_Klebsiella pneumoniae,25
msbA,nitroimidazole,k_Bacteria,p_Proteobacteria,p_Proteobacteria,c_Gammaproteobacteria,o_Enterobacterales,f_Pectobacteriaceae,g_Dickeya,g_Dickeya,s_Dickeya aquatica,25
salC,multidrug,k_Bacteria,p_Firmicutes,p_Firmicutes,c_Bacilli,o_Bacillales,f_Staphylococcaceae,g_Mammaliicoccus,g_Mammaliicoccus,s_Mammaliicoccus sciuri,25
tet(W),tetracycline,k_unknown,p_unknown,Other,c_unknown,o_unknown,f_unknown,g_unknown,Other,s_uncultured organism,25
ArnT,peptide,k_Bacteria,p_Proteobacteria,p_Proteobacteria,c_Gammaproteobacteria,o_Enterobacterales,f_Enterobacteriaceae,NA,Other,NA,24
Haemophilus influenzae PBP3 conferring resistance to beta-lactam antibiotics,multidrug,k_Bacteria,p_Proteobacteria,p_Proteobacteria,c_Gammaproteobacteria,o_Pasteurellales,f_Pasteurellaceae,g_Gallibacterium,g_Gallibacterium,s_Gallibacterium salpingitidis,24
Klebsiella pneumoniae KpnH,multidrug,k_Bacteria,p_Proteobacteria,p_Proteobacteria,c_Gammaproteobacteria,o_Enterobacterales,f_Enterobacteriaceae,g_Escherichia,g_Escherichia,s_Escherichia coli,24
Klebsiella pneumoniae KpnH,multidrug,k_Bacteria,p_Proteobacteria,p_Proteobacteria,c_Gammaproteobacteria,o_Enterobacterales,f_Enterobacteriaceae,g_Klebsiella,g_Klebsiella,s_Klebsiella pneumoniae,24
Mef(En2),multidrug,k_Bacteria,p_Bacteroidetes,p_Bacteroidetes,c_Bacteroidia,o_Bacteroidales,f_Bacteroidaceae,g_Bacteroides,g_Bacteroides,s_Bacteroides caecigallinarum,24
cepA,cephalosporin,k_Bacteria,p_Bacteroidetes,p_Bacteroidetes,c_Bacteroidia,o_Bacteroidales,f_Bacteroidaceae,g_Bacteroides,g_Bacteroides,s_Bacteroides fragilis,24
oqxA,multidrug,k_Bacteria,NA,Other,NA,NA,NA,NA,Other,NA,24
tet(O),tetracycline,k_Bacteria,p_Proteobacteria,p_Proteobacteria,c_Epsilonproteobacteria,o_Campylobacterales,f_Campylobacteraceae,g_Campylobacter,g_Campylobacter,s_Campylobacter coli,24
vanYG,glycopeptide,k_Bacteria,p_Firmicutes,p_Firmicutes,c_Clostridia,o_Eubacteriales,f_Lachnospiraceae,g_Mediterraneibacter,g_Mediterraneibacter,s_Mediterraneibacter glycyrrhizinilyticus,24
ANT(2'')-Ia,aminoglycoside,k_Bacteria,p_Proteobacteria,p_Proteobacteria,c_Gammaproteobacteria,o_Enterobacterales,f_Enterobacteriaceae,g_Klebsiella,g_Klebsiella,s_Klebsiella pneumoniae,23
ANT(4')-Ia,aminoglycoside,k_Bacteria,p_Firmicutes,p_Firmicutes,c_Bacilli,o_Lactobacillales,NA,NA,Other,NA,23
EreD,macrolide,k_Bacteria,p_Bacteroidetes,p_Bacteroidetes,c_Bacteroidia,o_Bacteroidales,f_Bacteroidaceae,g_Phocaeicola,g_Phocaeicola,s_Phocaeicola dorei,23
ErmG,multidrug,k_Bacteria,p_Firmicutes,p_Firmicutes,c_Bacilli,o_Lactobacillales,f_Streptococcaceae,g_Streptococcus,g_Streptococcus,s_Streptococcus macedonicus,23
FosBx1,phosphonic acid,k_Bacteria,p_Firmicutes,p_Firmicutes,c_Bacilli,o_Bacillales,f_Bacillaceae,g_Bacillus,g_Bacillus,NA,23
Klebsiella pneumoniae KpnF,multidrug,k_Bacteria,p_Proteobacteria,p_Proteobacteria,c_Gammaproteobacteria,o_Enterobacterales,f_Enterobacteriaceae,g_Klebsiella,g_Klebsiella,s_Klebsiella pneumoniae,23
LnuP,lincosamide,k_Bacteria,p_Firmicutes,p_Firmicutes,c_Clostridia,o_Eubacteriales,f_Clostridiaceae,g_Candidatus Arthromitus,g_Candidatus Arthromitus,s_Candidatus Arthromitus sp. SFB-turkey,23
Mef(En2),multidrug,k_Bacteria,p_Bacteroidetes,p_Bacteroidetes,c_Bacteroidia,o_Bacteroidales,f_Bacteroidaceae,g_Phocaeicola,g_Phocaeicola,s_Phocaeicola plebeius,23
apmA,aminoglycoside,k_Bacteria,p_Firmicutes,p_Firmicutes,c_Bacilli,o_Bacillales,f_Staphylococcaceae,g_Staphylococcus,g_Staphylococcus,s_Staphylococcus aureus,23
linG,lincosamide,k_Bacteria,p_Proteobacteria,p_Proteobacteria,c_Gammaproteobacteria,o_Enterobacterales,f_Enterobacteriaceae,NA,Other,NA,23
msbA,nitroimidazole,k_Bacteria,p_Proteobacteria,p_Proteobacteria,c_Gammaproteobacteria,o_Enterobacterales,f_Enterobacteriaceae,g_Klebsiella,g_Klebsiella,s_Klebsiella pneumoniae,23
tet(M),tetracycline,k_Bacteria,p_Firmicutes,p_Firmicutes,c_Clostridia,o_Eubacteriales,f_Peptostreptococcaceae,g_Clostridioides,g_Clostridioides,s_Clostridioides difficile,23
vanWB,glycopeptide,k_Bacteria,p_Firmicutes,p_Firmicutes,c_Clostridia,o_Eubacteriales,f_Oscillospiraceae,NA,Other,NA,23
AAC(6')-Im,aminoglycoside,k_Bacteria,p_Firmicutes,p_Firmicutes,c_Clostridia,o_Eubacteriales,f_Clostridiaceae,g_Falcatimonas,g_Falcatimonas,s_Falcatimonas sp. MSJ-15,22
ANT(6)-Ib,aminoglycoside,k_Bacteria,p_Firmicutes,p_Firmicutes,c_Erysipelotrichia,o_Erysipelotrichales,f_Turicibacteraceae,g_Turicibacter,g_Turicibacter,s_Turicibacter sanguinis,22
APH(3')-Ia,aminoglycoside,k_Bacteria,p_Proteobacteria,p_Proteobacteria,c_Gammaproteobacteria,o_Enterobacterales,f_Enterobacteriaceae,g_Klebsiella,g_Klebsiella,s_Klebsiella pneumoniae,22
ErmY,multidrug,k_Bacteria,p_Firmicutes,p_Firmicutes,c_Bacilli,o_Bacillales,f_Staphylococcaceae,NA,Other,NA,22
Klebsiella pneumoniae KpnE,multidrug,k_Bacteria,p_Proteobacteria,p_Proteobacteria,c_Gammaproteobacteria,o_Enterobacterales,f_Enterobacteriaceae,g_Klebsiella,g_Klebsiella,s_Klebsiella pneumoniae,22
OmpA,peptide,k_Bacteria,p_Proteobacteria,p_Proteobacteria,c_Gammaproteobacteria,o_Enterobacterales,f_Enterobacteriaceae,g_Klebsiella,g_Klebsiella,s_Klebsiella pneumoniae,22
QnrS1,fluoroquinolone,k_Bacteria,p_Proteobacteria,p_Proteobacteria,NA,NA,NA,NA,Other,NA,22
aadA2,aminoglycoside,k_Bacteria,p_Proteobacteria,p_Proteobacteria,c_Gammaproteobacteria,o_Enterobacterales,f_Enterobacteriaceae,g_Klebsiella,g_Klebsiella,s_Klebsiella pneumoniae,22
cfrA,multidrug,k_Bacteria,p_Verrucomicrobia,p_Verrucomicrobia,c_Verrucomicrobiae,o_Verrucomicrobiales,f_Akkermansiaceae,g_Akkermansia,g_Akkermansia,s_Akkermansia sp. BIOML-A32,22
dfrA12,diaminopyrimidine,k_Bacteria,p_Proteobacteria,p_Proteobacteria,c_Gammaproteobacteria,o_Enterobacterales,f_Enterobacteriaceae,g_Citrobacter,g_Citrobacter,s_Citrobacter werkmanii,22
fexA,phenicol,k_Bacteria,p_Firmicutes,p_Firmicutes,c_Bacilli,o_Lactobacillales,f_Enterococcaceae,g_Enterococcus,g_Enterococcus,s_Enterococcus faecalis,22
lnuB,lincosamide,k_Bacteria,p_Firmicutes,p_Firmicutes,c_Clostridia,o_Eubacteriales,f_Lachnospiraceae,g_Mediterraneibacter,g_Mediterraneibacter,s_[Ruminococcus] gnavus,22
lsaE,multidrug,k_Bacteria,p_Firmicutes,p_Firmicutes,c_Clostridia,o_Eubacteriales,f_Lachnospiraceae,g_Mediterraneibacter,g_Mediterraneibacter,s_[Ruminococcus] gnavus,22
vanC,glycopeptide,k_Bacteria,p_Firmicutes,p_Firmicutes,c_Bacilli,o_Lactobacillales,f_Enterococcaceae,g_Enterococcus,g_Enterococcus,s_Enterococcus gallinarum,22
vanG,glycopeptide,k_Bacteria,p_Firmicutes,p_Firmicutes,c_Clostridia,o_Eubacteriales,f_Lachnospiraceae,g_Lacrimispora,g_Lacrimispora,s_Lacrimispora saccharolytica,22
vanXYC,glycopeptide,k_Bacteria,p_Firmicutes,p_Firmicutes,c_Bacilli,o_Lactobacillales,f_Enterococcaceae,g_Enterococcus,g_Enterococcus,s_Enterococcus casseliflavus,22
vanYB,glycopeptide,k_Bacteria,p_Firmicutes,p_Firmicutes,c_Clostridia,o_Eubacteriales,f_Oscillospiraceae,g_Oscillibacter,g_Oscillibacter,s_Oscillibacter valericigenes,22
CARB-3,penam,k_Bacteria,p_Proteobacteria,p_Proteobacteria,c_Gammaproteobacteria,o_Enterobacterales,f_Enterobacteriaceae,NA,Other,NA,21
Campylobacter coli chloramphenicol acetyltransferase,phenicol,k_Bacteria,p_Firmicutes,p_Firmicutes,c_Clostridia,o_Eubacteriales,f_Lachnospiraceae,g_Eisenbergiella,g_Eisenbergiella,s_Eisenbergiella massiliensis,21
EC-14,cephalosporin,k_Bacteria,p_Proteobacteria,p_Proteobacteria,c_Gammaproteobacteria,o_Enterobacterales,f_Enterobacteriaceae,g_Escherichia,g_Escherichia,s_Escherichia coli,21
EC-15,cephalosporin,k_Bacteria,p_Proteobacteria,p_Proteobacteria,c_Gammaproteobacteria,o_Enterobacterales,f_Enterobacteriaceae,NA,Other,NA,21
Streptococcus suis chloramphenicol acetyltransferase,phenicol,k_unknown,p_unknown,Other,c_unknown,o_unknown,f_unknown,g_unknown,Other,s_synthetic Mycoplasma genitalium JCVI-1.0,21
dfrA15,diaminopyrimidine,k_Bacteria,NA,Other,NA,NA,NA,NA,Other,NA,21
lnuC,lincosamide,k_Bacteria,p_Firmicutes,p_Firmicutes,c_Bacilli,o_Lactobacillales,f_Streptococcaceae,g_Streptococcus,g_Streptococcus,s_Streptococcus alactolyticus,21
sul3,sulfonamide,k_Bacteria,NA,Other,NA,NA,NA,NA,Other,NA,21
tet(M),tetracycline,k_Bacteria,p_Firmicutes,p_Firmicutes,c_Bacilli,o_Lactobacillales,f_Streptococcaceae,g_Streptococcus,g_Streptococcus,s_Streptococcus agalactiae,21
vanYB,glycopeptide,k_Bacteria,p_Firmicutes,p_Firmicutes,c_Clostridia,o_Eubacteriales,f_Oscillospiraceae,g_unknown,Other,s_Ruminococcaceae bacterium D16,21
CrcB,aminoglycoside,k_Bacteria,p_Proteobacteria,p_Proteobacteria,c_Gammaproteobacteria,o_Enterobacterales,f_Enterobacteriaceae,g_Klebsiella,g_Klebsiella,s_Klebsiella pneumoniae,20
Haemophilus influenzae PBP3 conferring resistance to beta-lactam antibiotics,multidrug,k_Bacteria,p_Proteobacteria,p_Proteobacteria,c_Gammaproteobacteria,o_Pasteurellales,f_Pasteurellaceae,g_Mannheimia,g_Mannheimia,s_Mannheimia granulomatis,20
Vibrio anguillarum chloramphenicol acetyltransferase,phenicol,k_Bacteria,p_Firmicutes,p_Firmicutes,c_Clostridia,o_Eubacteriales,f_Oscillospiraceae,g_Flavonifractor,g_Flavonifractor,s_Flavonifractor sp. AGMB03687,20
catA4,phenicol,k_Bacteria,p_Proteobacteria,p_Proteobacteria,c_Gammaproteobacteria,o_Enterobacterales,f_Morganellaceae,g_Proteus,g_Proteus,s_Proteus mirabilis,20
catB3,phenicol,k_Bacteria,p_Proteobacteria,p_Proteobacteria,c_Gammaproteobacteria,o_Pseudomonadales,f_Pseudomonadaceae,g_Pseudomonas,g_Pseudomonas,s_Pseudomonas aeruginosa,20
cfr(D),multidrug,k_Bacteria,p_Firmicutes,p_Firmicutes,c_Bacilli,o_Lactobacillales,f_Enterococcaceae,g_Enterococcus,g_Enterococcus,NA,20
dfrA27,diaminopyrimidine,k_Bacteria,p_Proteobacteria,p_Proteobacteria,c_Gammaproteobacteria,o_Enterobacterales,f_Enterobacteriaceae,g_Escherichia,g_Escherichia,s_Escherichia coli,20
gadX,multidrug,k_Bacteria,p_Proteobacteria,p_Proteobacteria,c_Gammaproteobacteria,o_Enterobacterales,f_Enterobacteriaceae,NA,Other,NA,20
nimB,nitroimidazole,k_Bacteria,p_Firmicutes,p_Firmicutes,c_Tissierellia,o_Tissierellales,f_Peptoniphilaceae,NA,Other,NA,20
poxtA,multidrug,k_Bacteria,p_Firmicutes,p_Firmicutes,c_Clostridia,o_Eubacteriales,f_Lachnospiraceae,g_Mediterraneibacter,g_Mediterraneibacter,s_[Ruminococcus] lactaris,20
rsmA,multidrug,k_Bacteria,p_Proteobacteria,p_Proteobacteria,c_Gammaproteobacteria,o_Enterobacterales,f_Morganellaceae,g_Proteus,g_Proteus,s_Proteus mirabilis,20
sul2,sulfonamide,k_Bacteria,p_Bacteroidetes,p_Bacteroidetes,c_Bacteroidia,o_Bacteroidales,f_Bacteroidaceae,g_Bacteroides,g_Bacteroides,s_Bacteroides fragilis,20
tet(36),tetracycline,k_Bacteria,p_Bacteroidetes,p_Bacteroidetes,c_Bacteroidia,o_Bacteroidales,f_unknown,g_unknown,Other,s_Bacteroidales bacterium 45-6,20
tet(45),tetracycline,k_Bacteria,p_Firmicutes,p_Firmicutes,c_Bacilli,o_Bacillales,f_Staphylococcaceae,g_Jeotgalicoccus,g_Jeotgalicoccus,s_Jeotgalicoccus aerolatus,20
tet(Q),tetracycline,k_Bacteria,p_Bacteroidetes,p_Bacteroidetes,c_Bacteroidia,o_Bacteroidales,f_Tannerellaceae,g_Parabacteroides,g_Parabacteroides,s_Parabacteroides distasonis,20
vanG,glycopeptide,k_Bacteria,p_Firmicutes,p_Firmicutes,c_Clostridia,o_Eubacteriales,f_unknown,g_Gemmiger,g_Gemmiger,s_Gemmiger gallinarum,20
vanTC,glycopeptide,k_Bacteria,p_Firmicutes,p_Firmicutes,c_Bacilli,o_Lactobacillales,f_Enterococcaceae,g_Enterococcus,g_Enterococcus,s_Enterococcus gallinarum,20
vanYB,glycopeptide,k_Bacteria,p_Firmicutes,p_Firmicutes,c_Clostridia,o_Eubacteriales,f_Clostridiaceae,g_Clostridium,g_Clostridium,s_Clostridium phoceensis,20
AAC(6')-IIa,aminoglycoside,k_Bacteria,p_Proteobacteria,p_Proteobacteria,c_Gammaproteobacteria,o_Pseudomonadales,f_Pseudomonadaceae,g_Pseudomonas,g_Pseudomonas,s_Pseudomonas aeruginosa,19
APH(3')-Ia,aminoglycoside,k_Bacteria,p_Proteobacteria,p_Proteobacteria,c_Gammaproteobacteria,o_Enterobacterales,f_Enterobacteriaceae,g_Escherichia,g_Escherichia,s_Escherichia coli,19
Erm(51),multidrug,k_Bacteria,p_Actinobacteria,p_Actinobacteria,c_Actinomycetia,NA,NA,NA,Other,NA,19
Klebsiella pneumoniae KpnG,multidrug,k_Bacteria,p_Proteobacteria,p_Proteobacteria,c_Gammaproteobacteria,o_Enterobacterales,f_Enterobacteriaceae,g_Klebsiella,g_Klebsiella,s_Klebsiella pneumoniae,19
Klebsiella pneumoniae KpnH,multidrug,k_Bacteria,p_Proteobacteria,p_Proteobacteria,c_Gammaproteobacteria,o_Enterobacterales,f_Enterobacteriaceae,NA,Other,NA,19
dfrA17,diaminopyrimidine,k_Bacteria,p_Proteobacteria,p_Proteobacteria,c_Gammaproteobacteria,o_Enterobacterales,f_Enterobacteriaceae,g_Klebsiella,g_Klebsiella,s_Klebsiella pneumoniae,19
lnuG,lincosamide,k_Bacteria,p_Proteobacteria,p_Proteobacteria,c_Gammaproteobacteria,o_Enterobacterales,f_Enterobacteriaceae,g_Escherichia,g_Escherichia,s_Escherichia coli,19
nimA,nitroimidazole,k_Bacteria,p_Bacteroidetes,p_Bacteroidetes,c_Bacteroidia,o_Bacteroidales,f_Bacteroidaceae,g_Phocaeicola,g_Phocaeicola,s_Phocaeicola barnesiae,19
patB,fluoroquinolone,k_Bacteria,p_Firmicutes,p_Firmicutes,c_Bacilli,o_Lactobacillales,f_Enterococcaceae,g_Enterococcus,g_Enterococcus,s_Enterococcus faecalis,19
poxtA,multidrug,k_Bacteria,p_Firmicutes,p_Firmicutes,c_Bacilli,o_Lactobacillales,f_Lactobacillaceae,g_Ligilactobacillus,g_Ligilactobacillus,s_Ligilactobacillus salivarius,19
spd,aminoglycoside,k_Bacteria,p_Firmicutes,p_Firmicutes,c_Bacilli,o_Bacillales,f_Staphylococcaceae,g_Staphylococcus,g_Staphylococcus,s_Staphylococcus arlettae,19
tet(32),tetracycline,k_Bacteria,p_Firmicutes,p_Firmicutes,c_Erysipelotrichia,o_Erysipelotrichales,f_Erysipelotrichaceae,g_Erysipelatoclostridium,g_Erysipelatoclostridium,s_[Clostridium] spiroforme,19
vanC,glycopeptide,k_Bacteria,p_Firmicutes,p_Firmicutes,c_Bacilli,o_Lactobacillales,f_Enterococcaceae,g_Enterococcus,g_Enterococcus,s_Enterococcus casseliflavus,19
vanRC,glycopeptide,k_Bacteria,p_Firmicutes,p_Firmicutes,c_Bacilli,o_Lactobacillales,f_Enterococcaceae,g_Enterococcus,g_Enterococcus,s_Enterococcus gallinarum,19
vanXYC,glycopeptide,k_Bacteria,p_Firmicutes,p_Firmicutes,c_Bacilli,o_Lactobacillales,f_Enterococcaceae,g_Enterococcus,g_Enterococcus,s_Enterococcus gallinarum,19
DfrA37,diaminopyrimidine,k_Bacteria,p_Proteobacteria,p_Proteobacteria,c_Gammaproteobacteria,o_Chromatiales,f_Chromatiaceae,g_Rheinheimera,g_Rheinheimera,s_Rheinheimera sp. D18,18
ErmB,multidrug,k_Bacteria,p_Firmicutes,p_Firmicutes,c_Erysipelotrichia,o_Erysipelotrichales,f_Erysipelotrichaceae,g_Absiella,g_Absiella,s_Absiella sp. AM29-15,18
ErmF,multidrug,k_Bacteria,p_Verrucomicrobia,p_Verrucomicrobia,c_Verrucomicrobiae,o_Verrucomicrobiales,f_Akkermansiaceae,g_Akkermansia,g_Akkermansia,s_Akkermansia sp. BIOML-A32,18
FosXCC,phosphonic acid,k_Bacteria,p_Proteobacteria,p_Proteobacteria,c_Epsilonproteobacteria,o_Campylobacterales,f_Campylobacteraceae,g_Campylobacter,g_Campylobacter,s_Campylobacter coli,18
Klebsiella pneumoniae OmpK37,multidrug,k_Bacteria,p_Proteobacteria,p_Proteobacteria,c_Gammaproteobacteria,o_Enterobacterales,f_Enterobacteriaceae,g_Klebsiella,g_Klebsiella,s_Klebsiella pneumoniae,18
OXA-347,penam,k_Bacteria,p_Bacteroidetes,p_Bacteroidetes,c_Flavobacteriia,o_Flavobacteriales,f_Weeksellaceae,g_Ornithobacterium,g_Ornithobacterium,s_Ornithobacterium rhinotracheale,18
QnrD1,fluoroquinolone,k_Bacteria,NA,Other,NA,NA,NA,NA,Other,NA,18
Rhodobacter sphaeroides ampC beta-lactamase,multidrug,k_Bacteria,p_Proteobacteria,p_Proteobacteria,c_Alphaproteobacteria,o_Rhodobacterales,f_Rhodobacteraceae,g_Paracoccus,g_Paracoccus,NA,18
Vibrio anguillarum chloramphenicol acetyltransferase,phenicol,k_Bacteria,p_Firmicutes,p_Firmicutes,c_Clostridia,o_Eubacteriales,f_Oscillospiraceae,g_Anaeromassilibacillus,g_Anaeromassilibacillus,s_Anaeromassilibacillus sp. An172,18
efmA,multidrug,k_Bacteria,p_Firmicutes,p_Firmicutes,c_Bacilli,o_Lactobacillales,f_Enterococcaceae,g_Enterococcus,g_Enterococcus,NA,18
patB,fluoroquinolone,k_Bacteria,p_Firmicutes,p_Firmicutes,c_Bacilli,o_Lactobacillales,NA,NA,Other,NA,18
tet(44),tetracycline,k_Bacteria,p_Firmicutes,p_Firmicutes,c_Erysipelotrichia,o_Erysipelotrichales,f_Erysipelotrichaceae,g_Massilimicrobiota,g_Massilimicrobiota,s_Massilimicrobiota timonensis,18
tet(44),tetracycline,k_Bacteria,p_Firmicutes,p_Firmicutes,c_Clostridia,o_Eubacteriales,f_Peptostreptococcaceae,g_Peptoclostridium,g_Peptoclostridium,s_Peptoclostridium sp. AF21-18,18
tet(M),tetracycline,k_Bacteria,p_Firmicutes,p_Firmicutes,c_Bacilli,o_Lactobacillales,f_Enterococcaceae,g_Enterococcus,g_Enterococcus,s_Enterococcus cecorum,18
vanG,glycopeptide,k_Bacteria,p_Firmicutes,p_Firmicutes,c_Clostridia,o_Eubacteriales,f_unknown,g_Gemmiger,g_Gemmiger,s_Gemmiger formicilis,18
vanYG,glycopeptide,k_Bacteria,p_Firmicutes,p_Firmicutes,c_Clostridia,o_Eubacteriales,f_Clostridiaceae,g_Clostridium,g_Clostridium,s_Clostridium sp. CAG:1013,18
APH(3')-IIa,aminoglycoside,k_Bacteria,p_Proteobacteria,p_Proteobacteria,NA,NA,NA,NA,Other,NA,17
ErmQ,multidrug,k_Bacteria,p_Firmicutes,p_Firmicutes,c_Clostridia,o_Eubacteriales,f_Peptostreptococcaceae,g_Peptacetobacter,g_Peptacetobacter,s_Peptacetobacter hominis,17
ErmX,multidrug,k_Bacteria,p_Actinobacteria,p_Actinobacteria,c_Actinomycetia,o_Corynebacteriales,f_Corynebacteriaceae,g_Corynebacterium,g_Corynebacterium,s_Corynebacterium diphtheriae,17
FosD,phosphonic acid,k_Bacteria,p_Firmicutes,p_Firmicutes,c_Bacilli,o_Bacillales,f_Staphylococcaceae,NA,Other,NA,17
LnuH,lincosamide,k_Bacteria,p_Bacteroidetes,p_Bacteroidetes,c_Flavobacteriia,o_Flavobacteriales,f_Weeksellaceae,g_Elizabethkingia,g_Elizabethkingia,s_Elizabethkingia anophelis,17
Mef(En2),multidrug,k_Bacteria,p_Bacteroidetes,p_Bacteroidetes,c_Bacteroidia,o_Bacteroidales,f_Bacteroidaceae,g_Phocaeicola,g_Phocaeicola,s_Phocaeicola barnesiae,17
VEB-17,multidrug,k_Eukaryota,p_Nematoda,p_Nematoda,c_Enoplea,o_Trichinellida,f_Trichuridae,g_Trichuris,g_Trichuris,s_Trichuris suis,17
Vibrio anguillarum chloramphenicol acetyltransferase,phenicol,k_Bacteria,p_Firmicutes,p_Firmicutes,c_Clostridia,o_Eubacteriales,f_Oscillospiraceae,g_Angelakisella,g_Angelakisella,s_Angelakisella massiliensis,17
catP,phenicol,k_Bacteria,p_Firmicutes,p_Firmicutes,c_Bacilli,o_Lactobacillales,f_Streptococcaceae,g_Streptococcus,g_Streptococcus,s_Streptococcus agalactiae,17
cmeR,multidrug,k_Bacteria,p_Proteobacteria,p_Proteobacteria,c_Epsilonproteobacteria,o_Campylobacterales,f_Campylobacteraceae,g_Campylobacter,g_Campylobacter,s_Campylobacter jejuni,17
lnuC,lincosamide,k_Bacteria,p_Firmicutes,p_Firmicutes,c_Bacilli,o_Lactobacillales,f_Enterococcaceae,g_Enterococcus,g_Enterococcus,s_Enterococcus cecorum,17
mefH,macrolide,k_Bacteria,p_Firmicutes,p_Firmicutes,c_Clostridia,o_Eubacteriales,f_Lachnospiraceae,g_Lachnoclostridium,g_Lachnoclostridium,s_Lachnoclostridium sp. An14,17
oqxA,multidrug,k_Bacteria,p_Proteobacteria,p_Proteobacteria,c_Gammaproteobacteria,o_Enterobacterales,f_Enterobacteriaceae,g_Klebsiella,g_Klebsiella,s_Klebsiella pneumoniae,17
tet(W),tetracycline,k_Bacteria,p_Firmicutes,p_Firmicutes,c_Bacilli,o_Lactobacillales,f_Lactobacillaceae,g_Lactobacillus,g_Lactobacillus,s_Lactobacillus sp. A27,17
vanRC,glycopeptide,k_Bacteria,p_Firmicutes,p_Firmicutes,c_Bacilli,o_Lactobacillales,f_Enterococcaceae,g_Enterococcus,g_Enterococcus,s_Enterococcus casseliflavus,17
vanUG,glycopeptide,k_Bacteria,p_Firmicutes,p_Firmicutes,c_Bacilli,o_Lactobacillales,f_Streptococcaceae,g_Streptococcus,g_Streptococcus,s_Streptococcus agalactiae,17
vanUG,glycopeptide,k_Bacteria,p_Firmicutes,p_Firmicutes,c_Bacilli,o_Lactobacillales,f_Streptococcaceae,g_Streptococcus,g_Streptococcus,s_Streptococcus suis,17
vanYB,glycopeptide,k_Bacteria,p_Firmicutes,p_Firmicutes,c_Clostridia,o_Eubacteriales,f_Clostridiaceae,g_Clostridium,g_Clostridium,s_Clostridium ihumii,17
APH(2'')-IIa,aminoglycoside,k_Bacteria,p_Proteobacteria,p_Proteobacteria,c_Gammaproteobacteria,o_Enterobacterales,f_Enterobacteriaceae,NA,Other,NA,16
Klebsiella pneumoniae KpnF,multidrug,k_Bacteria,p_Proteobacteria,p_Proteobacteria,c_Gammaproteobacteria,o_Enterobacterales,f_Morganellaceae,g_Proteus,g_Proteus,s_Proteus mirabilis,16
SHV-11,multidrug,k_Bacteria,p_Proteobacteria,p_Proteobacteria,c_Gammaproteobacteria,o_Enterobacterales,f_Enterobacteriaceae,g_Klebsiella,g_Klebsiella,s_Klebsiella pneumoniae,16
clcD,multidrug,k_Bacteria,p_Firmicutes,p_Firmicutes,c_Clostridia,o_Eubacteriales,f_Peptostreptococcaceae,g_Clostridioides,g_Clostridioides,s_Clostridioides difficile,16
leuO,multidrug,k_Bacteria,p_Proteobacteria,p_Proteobacteria,c_Gammaproteobacteria,o_Enterobacterales,f_Enterobacteriaceae,g_Klebsiella,g_Klebsiella,s_Klebsiella pneumoniae,16
lnuA,lincosamide,k_Bacteria,p_Firmicutes,p_Firmicutes,c_Bacilli,o_Bacillales,f_Staphylococcaceae,g_Staphylococcus,g_Staphylococcus,s_Staphylococcus epidermidis,16
lnuC,lincosamide,k_Bacteria,p_Spirochaetes,p_Spirochaetes,c_Spirochaetia,o_Brachyspirales,f_Brachyspiraceae,g_Brachyspira,g_Brachyspira,s_Brachyspira pilosicoli,16
lnuC,lincosamide,k_Bacteria,p_Firmicutes,p_Firmicutes,c_Clostridia,o_Eubacteriales,f_Clostridiaceae,g_unknown,Other,s_Clostridiaceae bacterium Marseille-Q4149,16
nimF,nitroimidazole,k_Bacteria,p_Firmicutes,p_Firmicutes,c_Clostridia,o_Eubacteriales,f_unknown,g_Flintibacter,g_Flintibacter,s_Flintibacter sp. KGMB00164,16
qacEdelta1,disinfecting agents and antiseptics,k_Bacteria,p_Proteobacteria,p_Proteobacteria,c_Gammaproteobacteria,o_Enterobacterales,f_Enterobacteriaceae,g_Klebsiella,g_Klebsiella,s_Klebsiella pneumoniae,16
qacL,disinfecting agents and antiseptics,k_Bacteria,p_Proteobacteria,p_Proteobacteria,c_Gammaproteobacteria,o_Enterobacterales,f_Enterobacteriaceae,g_Salmonella,g_Salmonella,s_Salmonella enterica,16
tet(W/N/W),tetracycline,k_Bacteria,p_Synergistetes,p_Synergistetes,c_Synergistia,o_Synergistales,f_Synergistaceae,g_Cloacibacillus,g_Cloacibacillus,s_Cloacibacillus porcorum,16
tet(W/N/W),tetracycline,k_Bacteria,p_Actinobacteria,p_Actinobacteria,c_Coriobacteriia,o_Coriobacteriales,f_Coriobacteriaceae,g_Collinsella,g_Collinsella,s_Collinsella aerofaciens,16
tet(W/N/W),tetracycline,k_Bacteria,p_Proteobacteria,p_Proteobacteria,c_Deltaproteobacteria,o_Desulfovibrionales,f_Desulfovibrionaceae,g_Desulfovibrio,g_Desulfovibrio,s_Desulfovibrio piger,16
vanWI,glycopeptide,k_Bacteria,p_Firmicutes,p_Firmicutes,c_Clostridia,o_Eubacteriales,f_Oscillospiraceae,g_Agathobaculum,g_Agathobaculum,s_Agathobaculum sp. Marseille-P7918,16
vanYB,glycopeptide,k_Bacteria,p_Firmicutes,p_Firmicutes,c_Clostridia,o_Eubacteriales,f_Oscillospiraceae,g_Pseudoflavonifractor,g_Pseudoflavonifractor,s_Pseudoflavonifractor capillosus,16
ANT(9)-Ib,aminoglycoside,k_Bacteria,p_Firmicutes,p_Firmicutes,c_Bacilli,o_Lactobacillales,NA,NA,Other,NA,15
APH(3')-IIIa,aminoglycoside,k_Bacteria,p_Deferribacteres,p_Deferribacteres,c_Deferribacteres,o_Deferribacterales,f_Deferribacteraceae,g_Mucispirillum,g_Mucispirillum,s_Mucispirillum schaedleri,15
ArnT,peptide,k_Bacteria,p_Proteobacteria,p_Proteobacteria,c_Gammaproteobacteria,o_Enterobacterales,f_Enterobacteriaceae,g_Salmonella,g_Salmonella,s_Salmonella enterica,15
ErmA,multidrug,k_Bacteria,p_Firmicutes,p_Firmicutes,c_Bacilli,o_Lactobacillales,f_Enterococcaceae,g_Enterococcus,g_Enterococcus,s_Enterococcus faecalis,15
Haemophilus influenzae PBP3 conferring resistance to beta-lactam antibiotics,multidrug,k_Bacteria,p_Proteobacteria,p_Proteobacteria,c_Gammaproteobacteria,o_Pasteurellales,f_Pasteurellaceae,g_Avibacterium,g_Avibacterium,s_Avibacterium gallinarum,15
arr-3,rifamycin,k_Bacteria,p_Proteobacteria,p_Proteobacteria,c_Gammaproteobacteria,o_Enterobacterales,f_Enterobacteriaceae,g_Klebsiella,g_Klebsiella,s_Klebsiella pneumoniae,15
evgA,multidrug,k_Bacteria,p_Proteobacteria,p_Proteobacteria,c_Gammaproteobacteria,o_Enterobacterales,f_Enterobacteriaceae,NA,Other,NA,15
golS,multidrug,k_Bacteria,p_Proteobacteria,p_Proteobacteria,c_Gammaproteobacteria,o_Enterobacterales,f_Enterobacteriaceae,g_Salmonella,g_Salmonella,s_Salmonella enterica,15
mdtE,multidrug,k_Bacteria,p_unknown,Other,c_unknown,o_unknown,f_unknown,g_unknown,Other,s_uncultured bacterium,15
npmA,aminoglycoside,k_Bacteria,p_Firmicutes,p_Firmicutes,c_Clostridia,o_Eubacteriales,f_Eubacteriaceae,g_Eubacterium,g_Eubacterium,s_Eubacterium callanderi,15
tet(M),tetracycline,k_Bacteria,p_Firmicutes,p_Firmicutes,c_Bacilli,o_Lactobacillales,f_Streptococcaceae,g_Streptococcus,g_Streptococcus,s_Streptococcus pyogenes,15
tet(T),tetracycline,k_Bacteria,p_Firmicutes,p_Firmicutes,c_Tissierellia,o_Tissierellales,f_Peptoniphilaceae,NA,Other,NA,15
tet(W),tetracycline,k_Bacteria,p_Firmicutes,p_Firmicutes,c_Clostridia,o_Eubacteriales,f_Lachnospiraceae,g_Enterocloster,g_Enterocloster,s_Enterocloster bolteae,15
vanYB,glycopeptide,k_Bacteria,p_Firmicutes,p_Firmicutes,c_Clostridia,o_Eubacteriales,f_unknown,g_Gemmiger,g_Gemmiger,s_Gemmiger sp. An120,15
vanYB,glycopeptide,k_Bacteria,p_Firmicutes,p_Firmicutes,c_Clostridia,o_Eubacteriales,f_Oscillospiraceae,g_Pseudoflavonifractor,g_Pseudoflavonifractor,s_Pseudoflavonifractor sp. An176,15
vanYG,glycopeptide,k_Bacteria,p_Firmicutes,p_Firmicutes,c_Clostridia,o_Eubacteriales,f_Lachnospiraceae,g_Enterocloster,g_Enterocloster,s_Enterocloster clostridioformis,15
APH(3')-IIIa,aminoglycoside,k_Bacteria,p_Spirochaetes,p_Spirochaetes,c_Spirochaetia,o_Brachyspirales,f_Brachyspiraceae,g_Brachyspira,g_Brachyspira,s_Brachyspira pilosicoli,14
Campylobacter jejuni gyrA conferring resistance to fluoroquinolones,fluoroquinolone,k_Bacteria,p_Proteobacteria,p_Proteobacteria,c_Epsilonproteobacteria,o_Campylobacterales,f_Campylobacteraceae,g_Campylobacter,g_Campylobacter,NA,14
EstT,multidrug,k_Bacteria,p_Bacteroidetes,p_Bacteroidetes,c_Flavobacteriia,o_Flavobacteriales,f_Weeksellaceae,g_Ornithobacterium,g_Ornithobacterium,s_Ornithobacterium rhinotracheale,14
FosA3,phosphonic acid,k_Bacteria,p_Proteobacteria,p_Proteobacteria,c_Gammaproteobacteria,o_Enterobacterales,f_Enterobacteriaceae,g_Klebsiella,g_Klebsiella,s_Klebsiella pneumoniae,14
FosXCC,phosphonic acid,k_Bacteria,p_Verrucomicrobia,p_Verrucomicrobia,c_Verrucomicrobiae,o_Verrucomicrobiales,f_Akkermansiaceae,g_Akkermansia,g_Akkermansia,s_Akkermansia muciniphila,14
Morganella morganii gyrB conferring resistance to fluoroquinolones,fluoroquinolone,k_Bacteria,p_Proteobacteria,p_Proteobacteria,c_Gammaproteobacteria,o_Enterobacterales,f_Morganellaceae,g_Proteus,g_Proteus,s_Proteus mirabilis,14
Streptococcus suis chloramphenicol acetyltransferase,phenicol,k_Bacteria,p_Firmicutes,p_Firmicutes,c_Bacilli,o_Lactobacillales,f_Enterococcaceae,g_Enterococcus,g_Enterococcus,s_Enterococcus faecium,14
Vibrio anguillarum chloramphenicol acetyltransferase,phenicol,k_Bacteria,p_Firmicutes,p_Firmicutes,c_Clostridia,o_Eubacteriales,f_Oscillospiraceae,g_Ruthenibacterium,g_Ruthenibacterium,s_Ruthenibacterium lactatiformans,14
adeF,multidrug,k_Bacteria,p_Proteobacteria,p_Proteobacteria,c_Gammaproteobacteria,o_Enterobacterales,f_Enterobacteriaceae,g_Klebsiella,g_Klebsiella,s_Klebsiella pneumoniae,14
dfrE,diaminopyrimidine,k_Bacteria,p_Firmicutes,p_Firmicutes,c_Bacilli,o_Lactobacillales,f_Enterococcaceae,g_Enterococcus,g_Enterococcus,s_Enterococcus faecalis,14
fosA5,multidrug,k_Bacteria,p_Proteobacteria,p_Proteobacteria,c_Gammaproteobacteria,o_Enterobacterales,f_Enterobacteriaceae,g_Klebsiella,g_Klebsiella,s_Klebsiella pneumoniae,14
lnuD,lincosamide,k_Bacteria,p_Firmicutes,p_Firmicutes,c_Bacilli,o_Lactobacillales,f_Streptococcaceae,g_Streptococcus,g_Streptococcus,s_Streptococcus uberis,14
nimJ,nitroimidazole,k_Bacteria,p_Proteobacteria,p_Proteobacteria,c_Epsilonproteobacteria,o_Campylobacterales,f_Campylobacteraceae,g_Campylobacter,g_Campylobacter,s_Campylobacter coli,14
rsmA,multidrug,k_Bacteria,p_Proteobacteria,p_Proteobacteria,c_Gammaproteobacteria,o_Enterobacterales,f_Enterobacteriaceae,g_Salmonella,g_Salmonella,s_Salmonella enterica,14
tet(32),tetracycline,k_Bacteria,p_Firmicutes,p_Firmicutes,c_Clostridia,o_Eubacteriales,f_Lachnospiraceae,g_Enterocloster,g_Enterocloster,s_Enterocloster clostridioformis,14
tet(44),tetracycline,k_Bacteria,p_Firmicutes,p_Firmicutes,c_Clostridia,o_Eubacteriales,f_Peptostreptococcaceae,g_Clostridioides,g_Clostridioides,s_Clostridioides difficile,14
tet(Z),tetracycline,k_Bacteria,p_Actinobacteria,p_Actinobacteria,c_Actinomycetia,o_Micrococcales,f_Micrococcaceae,g_Micrococcus,g_Micrococcus,s_Micrococcus luteus,14
vanWB,glycopeptide,k_Bacteria,p_Firmicutes,p_Firmicutes,c_Clostridia,o_Eubacteriales,f_unknown,g_unknown,Other,s_Clostridiales bacterium,14
vanYB,glycopeptide,k_Bacteria,p_Firmicutes,p_Firmicutes,c_Clostridia,o_Eubacteriales,f_Eubacteriaceae,g_Eubacterium,g_Eubacterium,s_Eubacterium sp. An3,14
vanYB,glycopeptide,k_Bacteria,p_Firmicutes,p_Firmicutes,c_Clostridia,o_Eubacteriales,f_Lachnospiraceae,g_Mediterraneibacter,g_Mediterraneibacter,s_Mediterraneibacter glycyrrhizinilyticus,14
vanYG,glycopeptide,k_Bacteria,p_Firmicutes,p_Firmicutes,c_Clostridia,o_Eubacteriales,f_Lachnospiraceae,g_Lachnoclostridium,g_Lachnoclostridium,s_Lachnoclostridium sp. An169,14
EreD,macrolide,k_Bacteria,p_Bacteroidetes,p_Bacteroidetes,c_Flavobacteriia,o_Flavobacteriales,f_Weeksellaceae,g_Riemerella,g_Riemerella,s_Riemerella anatipestifer,13
Erm(49),multidrug,k_Bacteria,p_Actinobacteria,p_Actinobacteria,c_Actinomycetia,o_Bifidobacteriales,f_Bifidobacteriaceae,g_Bifidobacterium,g_Bifidobacterium,s_Bifidobacterium longum,13
ErmB,multidrug,k_Bacteria,p_Firmicutes,p_Firmicutes,c_Clostridia,o_Eubacteriales,f_Oscillospiraceae,g_Faecalibacterium,g_Faecalibacterium,s_Faecalibacterium prausnitzii,13
EstT,multidrug,k_Bacteria,p_Verrucomicrobia,p_Verrucomicrobia,c_Verrucomicrobiae,o_Verrucomicrobiales,f_Akkermansiaceae,g_Akkermansia,g_Akkermansia,s_Akkermansia sp. BIOML-A32,13
FosA7.5,phosphonic acid,k_Bacteria,p_Proteobacteria,p_Proteobacteria,c_Gammaproteobacteria,o_Enterobacterales,f_Enterobacteriaceae,NA,Other,NA,13
H-NS,multidrug,k_Bacteria,p_Proteobacteria,p_Proteobacteria,c_Gammaproteobacteria,o_Enterobacterales,f_Enterobacteriaceae,g_Salmonella,g_Salmonella,s_Salmonella enterica,13
LptD,multidrug,k_Bacteria,p_Proteobacteria,p_Proteobacteria,c_Gammaproteobacteria,o_Enterobacterales,f_Enterobacteriaceae,g_Klebsiella,g_Klebsiella,s_Klebsiella pneumoniae,13
QnrB6,fluoroquinolone,k_Bacteria,p_Proteobacteria,p_Proteobacteria,c_Gammaproteobacteria,NA,NA,NA,Other,NA,13
Staphylococcus intermedius chloramphenicol acetyltransferase,phenicol,k_Bacteria,p_Firmicutes,p_Firmicutes,c_Bacilli,o_Bacillales,f_Staphylococcaceae,g_Staphylococcus,g_Staphylococcus,NA,13
arr-3,rifamycin,k_Bacteria,p_Proteobacteria,p_Proteobacteria,c_Gammaproteobacteria,o_Pasteurellales,f_Pasteurellaceae,g_Pasteurella,g_Pasteurella,s_Pasteurella multocida,13
baeR,multidrug,k_Bacteria,p_Proteobacteria,p_Proteobacteria,c_Gammaproteobacteria,o_Enterobacterales,f_Enterobacteriaceae,g_Shigella,g_Shigella,s_Shigella sonnei,13
cfrA,multidrug,k_Bacteria,p_Bacteroidetes,p_Bacteroidetes,c_Bacteroidia,o_Bacteroidales,f_Prevotellaceae,g_Prevotella,g_Prevotella,s_Prevotella copri,13
dfrF,diaminopyrimidine,k_Bacteria,p_Firmicutes,p_Firmicutes,c_Clostridia,o_Eubacteriales,f_Peptostreptococcaceae,g_Clostridioides,g_Clostridioides,s_Clostridioides difficile,13
dfrG,diaminopyrimidine,k_Bacteria,p_Firmicutes,p_Firmicutes,c_Bacilli,o_Lactobacillales,f_Enterococcaceae,g_Enterococcus,g_Enterococcus,s_Enterococcus cecorum,13
efrA,multidrug,k_Bacteria,p_Firmicutes,p_Firmicutes,c_Bacilli,o_Lactobacillales,f_Enterococcaceae,g_Enterococcus,g_Enterococcus,s_Enterococcus faecalis,13
emrR,fluoroquinolone,k_Bacteria,p_Proteobacteria,p_Proteobacteria,c_Gammaproteobacteria,o_Enterobacterales,f_Enterobacteriaceae,g_Salmonella,g_Salmonella,s_Salmonella enterica,13
lnuA,lincosamide,k_Bacteria,p_Firmicutes,p_Firmicutes,c_Bacilli,o_Lactobacillales,f_Lactobacillaceae,g_Limosilactobacillus,g_Limosilactobacillus,s_Limosilactobacillus reuteri,13
lnuC,lincosamide,k_Bacteria,p_Firmicutes,p_Firmicutes,c_Erysipelotrichia,o_Erysipelotrichales,f_Erysipelotrichaceae,g_Holdemanella,g_Holdemanella,s_Holdemanella porci,13
mefH,macrolide,k_Bacteria,p_Firmicutes,p_Firmicutes,c_Clostridia,o_Eubacteriales,f_Lachnospiraceae,g_Mediterraneibacter,g_Mediterraneibacter,s_[Ruminococcus] gnavus,13
mphG,macrolide,k_Bacteria,p_Bacteroidetes,p_Bacteroidetes,c_Flavobacteriia,o_Flavobacteriales,NA,NA,Other,NA,13
msbA,nitroimidazole,k_Bacteria,p_Proteobacteria,p_Proteobacteria,c_Gammaproteobacteria,o_Enterobacterales,f_Enterobacteriaceae,g_Shigella,g_Shigella,s_Shigella sonnei,13
nimF,nitroimidazole,k_Bacteria,p_Firmicutes,p_Firmicutes,c_Clostridia,o_Eubacteriales,NA,NA,Other,NA,13
nimH,nitroimidazole,k_Bacteria,p_Firmicutes,p_Firmicutes,c_Clostridia,o_Eubacteriales,NA,NA,Other,NA,13
rmtB,aminoglycoside,k_Bacteria,NA,Other,NA,NA,NA,NA,Other,NA,13
sul1,sulfonamide,k_Bacteria,p_Proteobacteria,p_Proteobacteria,c_Gammaproteobacteria,o_Enterobacterales,f_Enterobacteriaceae,g_Klebsiella,g_Klebsiella,s_Klebsiella pneumoniae,13
tet(44),tetracycline,k_Bacteria,p_Firmicutes,p_Firmicutes,c_Erysipelotrichia,o_Erysipelotrichales,f_Coprobacillaceae,g_Coprobacillus,g_Coprobacillus,s_Coprobacillus sp. CAG:698,13
tet(44),tetracycline,k_Bacteria,p_Firmicutes,p_Firmicutes,c_Bacilli,o_Lactobacillales,f_Streptococcaceae,g_Streptococcus,g_Streptococcus,s_Streptococcus suis,13
tet(O),tetracycline,k_Bacteria,p_Fusobacteria,p_Fusobacteria,c_Fusobacteriia,o_Fusobacteriales,f_Fusobacteriaceae,g_Fusobacterium,g_Fusobacterium,s_Fusobacterium mortiferum,13
tet(O/32/O),tetracycline,k_Bacteria,NA,Other,NA,NA,NA,NA,Other,NA,13
tet(Q),tetracycline,k_Bacteria,p_Bacteroidetes,p_Bacteroidetes,c_Bacteroidia,o_Bacteroidales,f_Bacteroidaceae,g_Phocaeicola,g_Phocaeicola,s_Phocaeicola dorei,13
tet(W/N/W),tetracycline,k_Bacteria,p_Firmicutes,p_Firmicutes,c_Bacilli,o_Lactobacillales,f_Streptococcaceae,g_Streptococcus,g_Streptococcus,s_Streptococcus suis,13
vanG,glycopeptide,k_Bacteria,p_Firmicutes,p_Firmicutes,c_Clostridia,o_Eubacteriales,f_Oscillospiraceae,g_Pseudoflavonifractor,g_Pseudoflavonifractor,s_Pseudoflavonifractor phocaeensis,13
vanXYG,glycopeptide,k_Bacteria,p_Firmicutes,p_Firmicutes,c_Bacilli,o_Lactobacillales,f_Streptococcaceae,g_Streptococcus,g_Streptococcus,s_Streptococcus agalactiae,13
vanYB,glycopeptide,k_Bacteria,p_Firmicutes,p_Firmicutes,c_Clostridia,o_Eubacteriales,f_Oscillospiraceae,g_Ruthenibacterium,g_Ruthenibacterium,s_Ruthenibacterium lactatiformans,13
vanYG,glycopeptide,k_Bacteria,p_Firmicutes,p_Firmicutes,c_Clostridia,o_Eubacteriales,f_Clostridiaceae,g_Clostridium,g_Clostridium,s_Clostridium sp. C1,13
AAC(6')-IIa,aminoglycoside,k_Bacteria,p_Proteobacteria,p_Proteobacteria,c_Gammaproteobacteria,o_Pasteurellales,f_Pasteurellaceae,g_Pasteurella,g_Pasteurella,s_Pasteurella multocida,12
ANT(2'')-Ia,aminoglycoside,k_Eukaryota,p_Nematoda,p_Nematoda,c_Enoplea,o_Trichinellida,f_Trichuridae,g_Trichuris,g_Trichuris,s_Trichuris suis,12
CTX-M-65,cephalosporin,k_Bacteria,p_Proteobacteria,p_Proteobacteria,c_Gammaproteobacteria,o_Enterobacterales,f_Enterobacteriaceae,NA,Other,NA,12
Erm(35),multidrug,k_Bacteria,p_Bacteroidetes,p_Bacteroidetes,c_Bacteroidia,o_Bacteroidales,f_Tannerellaceae,g_Parabacteroides,g_Parabacteroides,s_Parabacteroides distasonis,12
Erm(42),multidrug,k_Bacteria,p_Proteobacteria,p_Proteobacteria,c_Gammaproteobacteria,NA,NA,NA,Other,NA,12
ErmB,multidrug,k_Bacteria,p_Firmicutes,p_Firmicutes,c_Bacilli,o_Lactobacillales,f_Enterococcaceae,g_Enterococcus,g_Enterococcus,s_Enterococcus faecium,12
ErmB,multidrug,k_Bacteria,p_Firmicutes,p_Firmicutes,c_Bacilli,o_Lactobacillales,f_Streptococcaceae,g_Streptococcus,g_Streptococcus,s_Streptococcus suis,12
Escherichia coli AcrAB-TolC with MarR mutations conferring resistance to ciprofloxacin and tetracycline,multidrug,k_Bacteria,p_Proteobacteria,p_Proteobacteria,c_Gammaproteobacteria,o_Enterobacterales,f_Enterobacteriaceae,g_Salmonella,g_Salmonella,s_Salmonella enterica,12
LnuH,lincosamide,k_Bacteria,p_Bacteroidetes,p_Bacteroidetes,c_Flavobacteriia,o_Flavobacteriales,f_Weeksellaceae,g_Chryseobacterium,g_Chryseobacterium,s_Chryseobacterium sp. MFBS3-17,12
MCR-1.1,peptide,k_Bacteria,p_Proteobacteria,p_Proteobacteria,c_Gammaproteobacteria,o_Enterobacterales,f_Enterobacteriaceae,NA,Other,NA,12
Mef(En2),multidrug,k_Bacteria,p_Bacteroidetes,p_Bacteroidetes,c_Bacteroidia,o_Bacteroidales,f_Bacteroidaceae,g_Bacteroides,g_Bacteroides,s_Bacteroides sp. AGMB03916,12
Mef(En2),multidrug,k_Bacteria,p_Bacteroidetes,p_Bacteroidetes,c_Bacteroidia,o_Bacteroidales,f_Prevotellaceae,g_Prevotella,g_Prevotella,s_Prevotella sp. CAG:617,12
arr-2,rifamycin,k_Bacteria,p_Proteobacteria,p_Proteobacteria,c_Gammaproteobacteria,o_Enterobacterales,f_Enterobacteriaceae,g_Klebsiella,g_Klebsiella,s_Klebsiella pneumoniae,12
dfrA14,diaminopyrimidine,k_Bacteria,p_Proteobacteria,p_Proteobacteria,c_Gammaproteobacteria,o_Enterobacterales,f_Enterobacteriaceae,g_Escherichia,g_Escherichia,s_Escherichia coli,12
emrY,tetracycline,k_Bacteria,p_Proteobacteria,p_Proteobacteria,c_Gammaproteobacteria,o_Enterobacterales,f_Enterobacteriaceae,g_Escherichia,g_Escherichia,NA,12
gadX,multidrug,k_Bacteria,p_Proteobacteria,p_Proteobacteria,c_Gammaproteobacteria,o_Enterobacterales,f_Enterobacteriaceae,g_Shigella,g_Shigella,s_Shigella sonnei,12
lnuC,lincosamide,k_Bacteria,p_Proteobacteria,p_Proteobacteria,c_Epsilonproteobacteria,o_Campylobacterales,f_Campylobacteraceae,g_Campylobacter,g_Campylobacter,s_Campylobacter jejuni,12
lnuC,lincosamide,k_Bacteria,p_Fusobacteria,p_Fusobacteria,c_Fusobacteriia,o_Fusobacteriales,f_Fusobacteriaceae,g_Fusobacterium,g_Fusobacterium,s_Fusobacterium mortiferum,12
mdtE,multidrug,k_Bacteria,p_Proteobacteria,p_Proteobacteria,c_Gammaproteobacteria,o_Enterobacterales,f_Enterobacteriaceae,g_Shigella,g_Shigella,s_Shigella sonnei,12
mdtF,multidrug,k_Bacteria,p_Proteobacteria,p_Proteobacteria,c_Gammaproteobacteria,o_Enterobacterales,f_Enterobacteriaceae,g_Shigella,g_Shigella,s_Shigella sonnei,12
nimE,nitroimidazole,k_Bacteria,p_Firmicutes,p_Firmicutes,c_Clostridia,o_Eubacteriales,NA,NA,Other,NA,12
oqxA,multidrug,k_Bacteria,p_Proteobacteria,p_Proteobacteria,c_Gammaproteobacteria,o_Enterobacterales,f_Enterobacteriaceae,g_Escherichia,g_Escherichia,s_Escherichia coli,12
poxtA,multidrug,k_Bacteria,p_Firmicutes,p_Firmicutes,c_Clostridia,o_Eubacteriales,f_Lachnospiraceae,g_Anaerotignum,g_Anaerotignum,s_Anaerotignum sp. MSJ-24,12
poxtA,multidrug,k_Bacteria,p_Firmicutes,p_Firmicutes,c_Clostridia,o_Eubacteriales,f_Oscillospiraceae,g_Oscillibacter,g_Oscillibacter,s_Oscillibacter sp. PC13,12
qacL,disinfecting agents and antiseptics,k_Bacteria,p_Proteobacteria,p_Proteobacteria,c_Gammaproteobacteria,o_Enterobacterales,f_Enterobacteriaceae,g_Citrobacter,g_Citrobacter,s_Citrobacter werkmanii,12
sdiA,multidrug,k_Bacteria,p_Proteobacteria,p_Proteobacteria,c_Gammaproteobacteria,o_Enterobacterales,f_Enterobacteriaceae,g_Salmonella,g_Salmonella,s_Salmonella enterica,12
vanG,glycopeptide,k_Bacteria,p_Firmicutes,p_Firmicutes,c_Clostridia,o_Eubacteriales,f_Oscillospiraceae,g_Oscillibacter,g_Oscillibacter,s_Oscillibacter sp. 1-3,12
vanTC,glycopeptide,k_Bacteria,p_Firmicutes,p_Firmicutes,c_Bacilli,o_Lactobacillales,f_Enterococcaceae,g_Enterococcus,g_Enterococcus,NA,12
vanXF,glycopeptide,k_Bacteria,p_Firmicutes,p_Firmicutes,c_unknown,o_unknown,f_unknown,g_unknown,Other,s_Firmicutes bacterium CAG:466,12
vanYB,glycopeptide,k_Bacteria,p_Firmicutes,p_Firmicutes,c_unknown,o_unknown,f_unknown,g_unknown,Other,s_Firmicutes bacterium CAG:94,12
vanYG,glycopeptide,k_Bacteria,p_Firmicutes,p_Firmicutes,c_Clostridia,o_Eubacteriales,f_Peptostreptococcaceae,g_Clostridioides,g_Clostridioides,s_Clostridioides difficile,12
vanYG,glycopeptide,k_Bacteria,p_Firmicutes,p_Firmicutes,c_Bacilli,o_Lactobacillales,f_Streptococcaceae,g_Streptococcus,g_Streptococcus,s_Streptococcus agalactiae,12
23S rRNA (adenine(2058)-N(6))-methyltransferase Erm(A),multidrug,k_Bacteria,p_Firmicutes,p_Firmicutes,c_Bacilli,o_Lactobacillales,f_Streptococcaceae,g_Streptococcus,g_Streptococcus,s_Streptococcus suis,11
AAC(6')-Iy,aminoglycoside,k_Bacteria,p_Proteobacteria,p_Proteobacteria,c_Gammaproteobacteria,o_Enterobacterales,f_Enterobacteriaceae,g_Salmonella,g_Salmonella,s_Salmonella enterica,11
CfxA6,cephamycin,k_Bacteria,p_Bacteroidetes,p_Bacteroidetes,c_Bacteroidia,o_Bacteroidales,f_Prevotellaceae,g_Prevotella,g_Prevotella,NA,11
Erm(35),multidrug,k_Bacteria,p_Bacteroidetes,p_Bacteroidetes,c_Bacteroidia,o_Bacteroidales,f_Bacteroidaceae,g_Bacteroides,g_Bacteroides,s_Bacteroides xylanisolvens,11
ErmA,multidrug,k_Bacteria,p_Firmicutes,p_Firmicutes,c_Bacilli,o_Bacillales,f_Staphylococcaceae,g_Staphylococcus,g_Staphylococcus,s_Staphylococcus aureus,11
ErmB,multidrug,k_Bacteria,p_Firmicutes,p_Firmicutes,c_Clostridia,o_Eubacteriales,f_Oscillospiraceae,g_Faecalibacterium,g_Faecalibacterium,s_Faecalibacterium sp. CLA-AA-H254,11
Escherichia coli EF-Tu mutants conferring resistance to Pulvomycin,elfamycin,k_Bacteria,p_Proteobacteria,p_Proteobacteria,c_Gammaproteobacteria,o_Pasteurellales,f_Pasteurellaceae,g_Lonepinella,g_Lonepinella,s_Lonepinella koalarum,11
Escherichia coli acrA,multidrug,k_Bacteria,p_Proteobacteria,p_Proteobacteria,c_Gammaproteobacteria,o_Enterobacterales,f_Enterobacteriaceae,g_Salmonella,g_Salmonella,s_Salmonella enterica,11
FosBx1,phosphonic acid,k_Bacteria,p_Firmicutes,p_Firmicutes,c_Bacilli,o_Bacillales,f_Bacillaceae,g_Bacillus,g_Bacillus,s_Bacillus subtilis,11
QnrS1,fluoroquinolone,k_Bacteria,p_Proteobacteria,p_Proteobacteria,c_Gammaproteobacteria,o_Enterobacterales,f_Enterobacteriaceae,g_Enterobacter,g_Enterobacter,s_Enterobacter hormaechei,11
TEM-1,multidrug,k_Bacteria,p_Proteobacteria,p_Proteobacteria,c_Gammaproteobacteria,o_Enterobacterales,f_Enterobacteriaceae,g_Salmonella,g_Salmonella,s_Salmonella enterica,11
Vibrio anguillarum chloramphenicol acetyltransferase,phenicol,k_Bacteria,p_Firmicutes,p_Firmicutes,c_Clostridia,o_Eubacteriales,f_Oscillospiraceae,g_Pseudoflavonifractor,g_Pseudoflavonifractor,s_Pseudoflavonifractor phocaeensis,11
aadA5,aminoglycoside,k_Bacteria,p_Proteobacteria,p_Proteobacteria,c_Gammaproteobacteria,o_Enterobacterales,f_Enterobacteriaceae,g_Klebsiella,g_Klebsiella,s_Klebsiella pneumoniae,11
adeF,multidrug,k_Bacteria,p_Proteobacteria,p_Proteobacteria,c_Gammaproteobacteria,o_Enterobacterales,f_Enterobacteriaceae,g_Escherichia,g_Escherichia,s_Escherichia coli,11
arr-2,rifamycin,k_Bacteria,p_Proteobacteria,p_Proteobacteria,c_Gammaproteobacteria,o_Vibrionales,f_Vibrionaceae,g_Vibrio,g_Vibrio,s_Vibrio vulnificus,11
dfrF,diaminopyrimidine,k_Bacteria,p_Firmicutes,p_Firmicutes,c_Clostridia,o_Eubacteriales,f_Lachnospiraceae,g_Blautia,g_Blautia,s_Blautia luti,11
leuO,multidrug,k_Bacteria,p_Proteobacteria,p_Proteobacteria,c_Gammaproteobacteria,o_Enterobacterales,f_Enterobacteriaceae,g_Escherichia,g_Escherichia,s_Escherichia fergusonii,11
lnuC,lincosamide,k_Bacteria,p_Firmicutes,p_Firmicutes,c_Clostridia,o_Eubacteriales,f_Clostridiaceae,g_Butyricicoccus,g_Butyricicoccus,s_Butyricicoccus pullicaecorum,11
mdtN,multidrug,k_Bacteria,p_Proteobacteria,p_Proteobacteria,c_Gammaproteobacteria,o_Enterobacterales,f_Enterobacteriaceae,NA,Other,NA,11
mefH,macrolide,k_Bacteria,p_Firmicutes,p_Firmicutes,c_Clostridia,o_Eubacteriales,f_Clostridiaceae,g_Clostridium,g_Clostridium,s_Clostridium sp. NSJ-27,11
norC,multidrug,k_Bacteria,p_Firmicutes,p_Firmicutes,c_Bacilli,o_Bacillales,f_Staphylococcaceae,g_Macrococcus,g_Macrococcus,NA,11
tet(32),tetracycline,k_Bacteria,p_Firmicutes,p_Firmicutes,c_Erysipelotrichia,o_Erysipelotrichales,f_Coprobacillaceae,g_Coprobacillus,g_Coprobacillus,s_Coprobacillus cateniformis,11
tet(45),tetracycline,k_Bacteria,p_Firmicutes,p_Firmicutes,c_Bacilli,o_Lactobacillales,f_Enterococcaceae,g_Enterococcus,g_Enterococcus,s_Enterococcus cecorum,11
tet(M),tetracycline,k_Bacteria,p_Proteobacteria,p_Proteobacteria,c_Gammaproteobacteria,o_Enterobacterales,f_Enterobacteriaceae,g_Escherichia,g_Escherichia,s_Escherichia coli,11
tet(Q),tetracycline,k_Bacteria,p_Bacteroidetes,p_Bacteroidetes,c_Bacteroidia,o_Bacteroidales,f_Bacteroidaceae,g_Bacteroides,g_Bacteroides,s_Bacteroides pyogenes,11
tet(W),tetracycline,k_Bacteria,p_Firmicutes,p_Firmicutes,c_Clostridia,o_Eubacteriales,f_Eubacteriaceae,g_Eubacterium,g_Eubacterium,s_Eubacterium callanderi,11
tet(W),tetracycline,k_Bacteria,p_Proteobacteria,p_Proteobacteria,c_Gammaproteobacteria,o_Pasteurellales,f_Pasteurellaceae,g_Haemophilus,g_Haemophilus,s_Haemophilus parainfluenzae,11
vanG,glycopeptide,k_Bacteria,p_Firmicutes,p_Firmicutes,c_Clostridia,o_Eubacteriales,f_Oscillospiraceae,g_Flavonifractor,g_Flavonifractor,s_Flavonifractor sp. An92,11
vanYB,glycopeptide,k_Bacteria,p_Firmicutes,p_Firmicutes,c_Clostridia,o_Eubacteriales,f_Oscillospiraceae,g_Anaerofilum,g_Anaerofilum,s_Anaerofilum sp. BX8,11
vanYB,glycopeptide,k_Bacteria,p_Firmicutes,p_Firmicutes,c_Clostridia,o_Eubacteriales,f_Clostridiaceae,g_Clostridium,g_Clostridium,s_Clostridium sp. CAG:678,11
vanYB,glycopeptide,k_Bacteria,p_Firmicutes,p_Firmicutes,c_Bacilli,o_Lactobacillales,f_Enterococcaceae,g_Enterococcus,g_Enterococcus,s_Enterococcus faecium,11
vanYG,glycopeptide,k_Bacteria,p_Firmicutes,p_Firmicutes,c_Clostridia,o_Eubacteriales,f_Clostridiaceae,g_Clostridium,g_Clostridium,s_Clostridium sp. CAG:269,11
vanYG,glycopeptide,k_Bacteria,p_Firmicutes,p_Firmicutes,c_Clostridia,o_Eubacteriales,f_Clostridiaceae,g_Clostridium,g_Clostridium,s_Clostridium sp. CAG:678,11
vanYG,glycopeptide,k_Bacteria,p_Firmicutes,p_Firmicutes,c_Bacilli,o_Bacillales,f_Paenibacillaceae,g_Paenibacillus,g_Paenibacillus,s_Paenibacillus sonchi,11
vanYG,glycopeptide,k_Bacteria,p_Firmicutes,p_Firmicutes,c_Clostridia,o_Eubacteriales,f_Oscillospiraceae,g_Pusillimonas (ex Kitahara et al. 2021),g_Pusillimonas (ex Kitahara et al. 2021),s_Pusillimonas faecalis,11
ANT(3'')-IIa,aminoglycoside,k_Bacteria,p_Proteobacteria,p_Proteobacteria,c_Gammaproteobacteria,o_Moraxellales,f_Moraxellaceae,g_Acinetobacter,g_Acinetobacter,s_Acinetobacter pittii,10
ANT(4')-Ia,aminoglycoside,k_Bacteria,p_Firmicutes,p_Firmicutes,c_Bacilli,o_Bacillales,f_Staphylococcaceae,g_Mammaliicoccus,g_Mammaliicoccus,s_Mammaliicoccus sciuri,10
APH(2'')-If,aminoglycoside,k_Bacteria,p_Proteobacteria,p_Proteobacteria,c_Epsilonproteobacteria,o_Campylobacterales,f_Campylobacteraceae,g_Campylobacter,g_Campylobacter,s_Campylobacter coli,10
APH(3')-IIIa,aminoglycoside,k_Bacteria,p_Firmicutes,p_Firmicutes,c_Bacilli,o_Bacillales,f_Staphylococcaceae,g_Staphylococcus,g_Staphylococcus,s_Staphylococcus aureus,10
APH(3')-VIIa,aminoglycoside,k_Bacteria,p_Proteobacteria,p_Proteobacteria,c_Epsilonproteobacteria,o_Campylobacterales,f_Campylobacteraceae,g_Campylobacter,g_Campylobacter,s_Campylobacter coli,10
ArnT,peptide,k_Bacteria,p_Proteobacteria,p_Proteobacteria,c_Gammaproteobacteria,o_Enterobacterales,f_Enterobacteriaceae,g_Escherichia,g_Escherichia,s_Escherichia fergusonii,10
Campylobacter coli chloramphenicol acetyltransferase,phenicol,k_Bacteria,p_Actinobacteria,p_Actinobacteria,c_Coriobacteriia,o_Coriobacteriales,f_Coriobacteriaceae,g_Enorma,g_Enorma,s_Enorma shizhengliae,10
EC-14,cephalosporin,k_Bacteria,p_unknown,Other,c_unknown,o_unknown,f_unknown,g_unknown,Other,s_uncultured bacterium,10
EreA,macrolide,k_Bacteria,p_Proteobacteria,p_Proteobacteria,c_Gammaproteobacteria,o_Enterobacterales,f_Enterobacteriaceae,g_Escherichia,g_Escherichia,s_Escherichia coli,10
ErmB,multidrug,k_Bacteria,p_Firmicutes,p_Firmicutes,c_Negativicutes,o_Acidaminococcales,f_Acidaminococcaceae,g_Phascolarctobacterium,g_Phascolarctobacterium,s_Phascolarctobacterium succinatutens,10
ErmG,multidrug,k_Bacteria,p_Bacteroidetes,p_Bacteroidetes,c_Bacteroidia,o_Bacteroidales,f_Bacteroidaceae,g_Bacteroides,g_Bacteroides,s_Bacteroides thetaiotaomicron,10
ErmQ,multidrug,k_Bacteria,p_Firmicutes,p_Firmicutes,c_Erysipelotrichia,o_Erysipelotrichales,f_Turicibacteraceae,g_Turicibacter,g_Turicibacter,s_Turicibacter sp. TJ11,10
"Escherichia coli AcrAB-TolC with AcrR mutation conferring resistance to ciprofloxacin, tetracycline, and ceftazidime",multidrug,k_Bacteria,p_Proteobacteria,p_Proteobacteria,c_Gammaproteobacteria,o_Enterobacterales,f_Enterobacteriaceae,g_Escherichia,g_Escherichia,s_Escherichia fergusonii,10
Escherichia coli AcrAB-TolC with MarR mutations conferring resistance to ciprofloxacin and tetracycline,multidrug,k_Bacteria,p_Proteobacteria,p_Proteobacteria,c_Gammaproteobacteria,o_Enterobacterales,f_Enterobacteriaceae,g_Escherichia,g_Escherichia,s_Escherichia fergusonii,10
FosB3,phosphonic acid,k_Bacteria,p_Firmicutes,p_Firmicutes,c_Bacilli,o_Lactobacillales,f_Enterococcaceae,g_Enterococcus,g_Enterococcus,s_Enterococcus faecium,10
FosB3,phosphonic acid,k_Bacteria,p_Firmicutes,p_Firmicutes,c_Negativicutes,o_Selenomonadales,f_Selenomonadaceae,g_Megamonas,g_Megamonas,s_Megamonas funiformis,10
FosXCC,phosphonic acid,k_Bacteria,p_Firmicutes,p_Firmicutes,c_Bacilli,o_Lactobacillales,f_Enterococcaceae,g_Enterococcus,g_Enterococcus,s_Enterococcus saigonensis,10
Klebsiella pneumoniae KpnH,multidrug,k_Bacteria,p_Proteobacteria,p_Proteobacteria,c_Gammaproteobacteria,o_Enterobacterales,f_Morganellaceae,g_Proteus,g_Proteus,s_Proteus mirabilis,10
SAT-4,nucleoside,k_Bacteria,p_Deferribacteres,p_Deferribacteres,c_Deferribacteres,o_Deferribacterales,f_Deferribacteraceae,g_Mucispirillum,g_Mucispirillum,s_Mucispirillum schaedleri,10
acrB,multidrug,k_Bacteria,p_Proteobacteria,p_Proteobacteria,c_Gammaproteobacteria,o_Enterobacterales,f_Enterobacteriaceae,g_Salmonella,g_Salmonella,s_Salmonella enterica,10
catP,phenicol,k_Bacteria,p_Firmicutes,p_Firmicutes,c_Clostridia,o_Eubacteriales,f_Christensenellaceae,g_unknown,Other,s_Christensenellaceae bacterium,10
dfrA12,diaminopyrimidine,k_Bacteria,p_Proteobacteria,p_Proteobacteria,c_Gammaproteobacteria,o_Enterobacterales,f_Enterobacteriaceae,g_Klebsiella,g_Klebsiella,s_Klebsiella pneumoniae,10
lnuA,lincosamide,k_Bacteria,p_Firmicutes,p_Firmicutes,c_Bacilli,o_Bacillales,f_Staphylococcaceae,g_Mammaliicoccus,g_Mammaliicoccus,s_Mammaliicoccus sciuri,10
lnuC,lincosamide,k_Bacteria,p_Firmicutes,p_Firmicutes,c_Clostridia,o_Eubacteriales,f_Lachnospiraceae,g_Mediterraneibacter,g_Mediterraneibacter,s_[Ruminococcus] torques,10
nimJ,nitroimidazole,k_Bacteria,p_Bacteroidetes,p_Bacteroidetes,c_Bacteroidia,o_Bacteroidales,f_Bacteroidaceae,g_Bacteroides,g_Bacteroides,s_Bacteroides faecichinchillae,10
qacG,disinfecting agents and antiseptics,k_Bacteria,p_Firmicutes,p_Firmicutes,c_Bacilli,o_Bacillales,f_Staphylococcaceae,g_Staphylococcus,g_Staphylococcus,s_Staphylococcus equorum,10
qacJ,disinfecting agents and antiseptics,k_Bacteria,p_Firmicutes,p_Firmicutes,c_Bacilli,o_Bacillales,f_Staphylococcaceae,g_Staphylococcus,g_Staphylococcus,NA,10
sul1,sulfonamide,k_Bacteria,p_Proteobacteria,p_Proteobacteria,c_Gammaproteobacteria,o_Enterobacterales,f_Enterobacteriaceae,g_Escherichia,g_Escherichia,s_Escherichia coli,10
tet(B),tetracycline,k_Bacteria,p_Proteobacteria,p_Proteobacteria,c_Gammaproteobacteria,o_Enterobacterales,f_Enterobacteriaceae,g_Escherichia,g_Escherichia,s_Escherichia coli,10
tet(M),tetracycline,k_Bacteria,p_Firmicutes,p_Firmicutes,c_Bacilli,o_Lactobacillales,f_Lactobacillaceae,g_Lactobacillus,g_Lactobacillus,s_Lactobacillus iners,10
tet(M),tetracycline,k_Bacteria,p_Firmicutes,p_Firmicutes,c_Bacilli,o_Bacillales,f_Staphylococcaceae,g_Staphylococcus,g_Staphylococcus,s_Staphylococcus aureus,10
tet(M),tetracycline,k_Bacteria,p_Firmicutes,p_Firmicutes,c_Bacilli,o_Lactobacillales,f_Streptococcaceae,g_Streptococcus,g_Streptococcus,s_Streptococcus suis,10
vanTG,glycopeptide,k_Bacteria,p_Firmicutes,p_Firmicutes,c_Clostridia,o_Eubacteriales,f_Peptostreptococcaceae,g_Clostridioides,g_Clostridioides,s_Clostridioides difficile,10
vanYB,glycopeptide,k_Bacteria,p_Firmicutes,p_Firmicutes,c_Clostridia,o_Eubacteriales,f_Oscillospiraceae,g_Dysosmobacter,g_Dysosmobacter,s_Dysosmobacter sp. Marseille-Q4140,10
vanYB,glycopeptide,k_Bacteria,p_Firmicutes,p_Firmicutes,c_Clostridia,o_Eubacteriales,f_Lachnospiraceae,g_Lachnoclostridium,g_Lachnoclostridium,s_Lachnoclostridium sp. An131,10
vanYG,glycopeptide,k_Bacteria,p_Firmicutes,p_Firmicutes,c_Clostridia,o_Eubacteriales,f_Oscillospiraceae,g_Anaeromassilibacillus,g_Anaeromassilibacillus,s_Anaeromassilibacillus sp. An172,10
AAC(6')-IIa,aminoglycoside,k_Bacteria,p_Proteobacteria,p_Proteobacteria,c_Gammaproteobacteria,o_Alteromonadales,f_Shewanellaceae,g_Shewanella,g_Shewanella,s_Shewanella xiamenensis,9
ANT(3'')-IIb,aminoglycoside,k_Bacteria,p_Proteobacteria,p_Proteobacteria,c_Gammaproteobacteria,o_Moraxellales,f_Moraxellaceae,g_Acinetobacter,g_Acinetobacter,NA,9
CblA-1,cephalosporin,k_Bacteria,p_Bacteroidetes,p_Bacteroidetes,c_Bacteroidia,o_Bacteroidales,f_Bacteroidaceae,g_Bacteroides,g_Bacteroides,s_Bacteroides uniformis,9
Erm(35),multidrug,k_Bacteria,p_Bacteroidetes,p_Bacteroidetes,c_Bacteroidia,o_Bacteroidales,f_Bacteroidaceae,g_Bacteroides,g_Bacteroides,s_Bacteroides fragilis,9
Erm(35),multidrug,k_Bacteria,p_Bacteroidetes,p_Bacteroidetes,c_Bacteroidia,o_Bacteroidales,f_Bacteroidaceae,g_Phocaeicola,g_Phocaeicola,s_Phocaeicola vulgatus,9
Erm(52),multidrug,k_Bacteria,p_unknown,Other,c_unknown,o_unknown,f_unknown,g_unknown,Other,s_uncultured bacterium,9
Escherichia coli soxR with mutation conferring antibiotic resistance,multidrug,k_Bacteria,p_Proteobacteria,p_Proteobacteria,c_Gammaproteobacteria,o_Enterobacterales,f_Enterobacteriaceae,g_Salmonella,g_Salmonella,s_Salmonella enterica,9
FosXCC,phosphonic acid,k_Bacteria,p_Firmicutes,p_Firmicutes,c_Clostridia,o_Eubacteriales,f_Peptostreptococcaceae,g_Peptoclostridium,g_Peptoclostridium,s_Peptoclostridium sp. AF21-18,9
LlmA 23S ribosomal RNA methyltransferase,lincosamide,k_Bacteria,p_Firmicutes,p_Firmicutes,c_Bacilli,o_Bacillales,f_Paenibacillaceae,g_Paenibacillus,g_Paenibacillus,s_Paenibacillus macerans,9
LnuH,lincosamide,k_Bacteria,p_Bacteroidetes,p_Bacteroidetes,c_Flavobacteriia,o_Flavobacteriales,f_Weeksellaceae,g_Riemerella,g_Riemerella,s_Riemerella anatipestifer,9
LnuP,lincosamide,k_Bacteria,p_Firmicutes,p_Firmicutes,c_Clostridia,o_Eubacteriales,f_Peptostreptococcaceae,g_Romboutsia,g_Romboutsia,s_Romboutsia sp. CE17,9
OXA-136,penam,k_Bacteria,p_Spirochaetes,p_Spirochaetes,c_Spirochaetia,o_Brachyspirales,f_Brachyspiraceae,g_Brachyspira,g_Brachyspira,NA,9
OXA-347,penam,k_Bacteria,p_Verrucomicrobia,p_Verrucomicrobia,c_Verrucomicrobiae,o_Verrucomicrobiales,f_Akkermansiaceae,g_Akkermansia,g_Akkermansia,s_Akkermansia sp. BIOML-A32,9
PmrF,peptide,k_Bacteria,p_Proteobacteria,p_Proteobacteria,c_Gammaproteobacteria,o_Enterobacterales,f_Enterobacteriaceae,g_Salmonella,g_Salmonella,s_Salmonella enterica,9
QnrS1,fluoroquinolone,k_Bacteria,p_Proteobacteria,p_Proteobacteria,c_Gammaproteobacteria,o_Enterobacterales,f_Enterobacteriaceae,g_Salmonella,g_Salmonella,s_Salmonella sp.,9
SAT-4,nucleoside,k_Bacteria,p_Actinobacteria,p_Actinobacteria,c_Coriobacteriia,o_Coriobacteriales,f_Coriobacteriaceae,g_Enorma,g_Enorma,s_Enorma shizhengliae,9
Vibrio anguillarum chloramphenicol acetyltransferase,phenicol,k_Bacteria,p_Firmicutes,p_Firmicutes,c_Clostridia,o_Eubacteriales,f_Oscillospiraceae,g_Faecalibacterium,g_Faecalibacterium,s_Faecalibacterium prausnitzii,9
adeF,multidrug,k_Bacteria,p_Proteobacteria,p_Proteobacteria,c_Gammaproteobacteria,o_Enterobacterales,f_Enterobacteriaceae,g_Salmonella,g_Salmonella,s_Salmonella enterica,9
arr-3,rifamycin,k_Bacteria,p_Proteobacteria,p_Proteobacteria,c_Gammaproteobacteria,o_Vibrionales,f_Vibrionaceae,g_Vibrio,g_Vibrio,s_Vibrio vulnificus,9
erm(45),multidrug,k_Bacteria,p_Firmicutes,p_Firmicutes,c_Bacilli,o_Bacillales,f_Staphylococcaceae,NA,Other,NA,9
lnuC,lincosamide,k_Bacteria,p_Firmicutes,p_Firmicutes,c_Negativicutes,o_Selenomonadales,f_Selenomonadaceae,g_Megamonas,g_Megamonas,s_Megamonas funiformis,9
marA,multidrug,k_Bacteria,p_Proteobacteria,p_Proteobacteria,c_Gammaproteobacteria,o_Enterobacterales,f_Enterobacteriaceae,g_Salmonella,g_Salmonella,s_Salmonella enterica,9
mdtH,fluoroquinolone,k_Bacteria,p_Proteobacteria,p_Proteobacteria,c_Gammaproteobacteria,o_Enterobacterales,f_Enterobacteriaceae,g_Shigella,g_Shigella,s_Shigella flexneri,9
mefH,macrolide,k_Bacteria,p_Firmicutes,p_Firmicutes,c_Bacilli,o_Lactobacillales,f_Enterococcaceae,g_Enterococcus,g_Enterococcus,s_Enterococcus gallinarum,9
mphF,macrolide,k_Bacteria,p_Proteobacteria,p_Proteobacteria,NA,NA,NA,NA,Other,NA,9
nimF,nitroimidazole,k_Bacteria,p_Firmicutes,p_Firmicutes,c_Clostridia,o_Eubacteriales,f_unknown,g_Intestinimonas,g_Intestinimonas,s_Intestinimonas timonensis,9
npmA,aminoglycoside,k_Bacteria,p_Firmicutes,p_Firmicutes,c_Clostridia,o_Eubacteriales,f_Oscillospiraceae,g_Pseudoflavonifractor,g_Pseudoflavonifractor,s_Pseudoflavonifractor sp. An85,9
poxtA,multidrug,k_Bacteria,p_Firmicutes,p_Firmicutes,c_Bacilli,o_Bacillales,f_Paenibacillaceae,g_Fontibacillus,g_Fontibacillus,s_Fontibacillus solani,9
qacL,disinfecting agents and antiseptics,k_Bacteria,p_Proteobacteria,p_Proteobacteria,c_Gammaproteobacteria,o_Enterobacterales,f_Enterobacteriaceae,g_Klebsiella,g_Klebsiella,s_Klebsiella pneumoniae,9
sdrM,multidrug,k_Bacteria,p_Firmicutes,p_Firmicutes,c_Bacilli,o_Bacillales,f_Staphylococcaceae,g_Staphylococcus,g_Staphylococcus,NA,9
spd,aminoglycoside,k_Bacteria,p_Firmicutes,p_Firmicutes,c_Bacilli,o_Bacillales,f_Staphylococcaceae,g_Staphylococcus,g_Staphylococcus,NA,9
sul2,sulfonamide,k_Bacteria,p_Proteobacteria,p_Proteobacteria,c_Gammaproteobacteria,o_Pasteurellales,f_Pasteurellaceae,g_Actinobacillus,g_Actinobacillus,s_Actinobacillus pleuropneumoniae,9
tet(40),tetracycline,k_Bacteria,p_Firmicutes,p_Firmicutes,c_Clostridia,o_Eubacteriales,f_Oscillospiraceae,g_Agathobaculum,g_Agathobaculum,s_Agathobaculum sp. Marseille-P7918,9
tet(44),tetracycline,k_Bacteria,p_Firmicutes,p_Firmicutes,c_Clostridia,o_Eubacteriales,f_Clostridiaceae,g_Clostridium,g_Clostridium,s_Clostridium sp. NSJ-145,9
tet(45),tetracycline,k_Bacteria,p_Fusobacteria,p_Fusobacteria,c_Fusobacteriia,o_Fusobacteriales,f_Fusobacteriaceae,g_Fusobacterium,g_Fusobacterium,s_Fusobacterium mortiferum,9
tet(M),tetracycline,k_Bacteria,p_Proteobacteria,p_Proteobacteria,c_Epsilonproteobacteria,o_Campylobacterales,f_Campylobacteraceae,g_Campylobacter,g_Campylobacter,s_Campylobacter coli,9
tet(O),tetracycline,k_Bacteria,p_Firmicutes,p_Firmicutes,c_Bacilli,o_Lactobacillales,f_Enterococcaceae,g_Enterococcus,g_Enterococcus,s_Enterococcus faecalis,9
tet(Q),tetracycline,k_Bacteria,p_Bacteroidetes,p_Bacteroidetes,c_Bacteroidia,o_Bacteroidales,f_Bacteroidaceae,g_Bacteroides,g_Bacteroides,s_Bacteroides caccae,9
tet(Q),tetracycline,k_Bacteria,p_Bacteroidetes,p_Bacteroidetes,c_Bacteroidia,o_Bacteroidales,f_Bacteroidaceae,g_Bacteroides,g_Bacteroides,s_Bacteroides sp. OF04-15BH,9
tet(W/N/W),tetracycline,k_Bacteria,p_Actinobacteria,p_Actinobacteria,c_Coriobacteriia,o_Coriobacteriales,f_unknown,g_unknown,Other,s_Coriobacteriales bacterium DNF00809,9
tet(X),multidrug,k_Bacteria,p_Bacteroidetes,p_Bacteroidetes,c_Flavobacteriia,o_Flavobacteriales,f_Weeksellaceae,g_Riemerella,g_Riemerella,s_Riemerella anatipestifer,9
ugd,peptide,k_Bacteria,p_Proteobacteria,p_Proteobacteria,c_Gammaproteobacteria,o_Enterobacterales,f_Enterobacteriaceae,NA,Other,NA,9
vanHF,glycopeptide,k_Bacteria,p_Firmicutes,p_Firmicutes,c_Bacilli,o_Bacillales,f_Paenibacillaceae,g_Paenibacillus,g_Paenibacillus,s_Paenibacillus macerans,9
vanXF,glycopeptide,k_Bacteria,p_Firmicutes,p_Firmicutes,c_Bacilli,o_Bacillales,f_Paenibacillaceae,g_Paenibacillus,g_Paenibacillus,s_Paenibacillus macerans,9
vanYB,glycopeptide,k_Bacteria,p_Firmicutes,p_Firmicutes,c_Clostridia,o_Eubacteriales,f_unknown,g_Flintibacter,g_Flintibacter,s_Flintibacter sp. KGMB00164,9
vanYF,glycopeptide,k_Bacteria,p_Firmicutes,p_Firmicutes,c_Clostridia,o_Eubacteriales,f_Oscillospiraceae,g_unknown,Other,s_Ruminococcaceae bacterium D16,9
vanYG,glycopeptide,k_Bacteria,p_Firmicutes,p_Firmicutes,c_Clostridia,o_Eubacteriales,f_Eubacteriaceae,g_Intestinibacillus,g_Intestinibacillus,s_Intestinibacillus sp. Marseille-P6563,9
AAC(3)-VIIa,aminoglycoside,k_Bacteria,p_Actinobacteria,p_Actinobacteria,c_Actinomycetia,NA,NA,NA,Other,NA,8
AAC(6')-Ib7,aminoglycoside,k_Bacteria,NA,Other,NA,NA,NA,NA,Other,NA,8
AAC(6')-Ib8,aminoglycoside,k_Bacteria,p_Proteobacteria,p_Proteobacteria,c_Gammaproteobacteria,o_Enterobacterales,f_Enterobacteriaceae,g_Klebsiella,g_Klebsiella,s_Klebsiella pneumoniae,8
AAC(6')-Ib9,aminoglycoside,k_Bacteria,p_Proteobacteria,p_Proteobacteria,c_Gammaproteobacteria,o_Enterobacterales,f_Enterobacteriaceae,g_Klebsiella,g_Klebsiella,s_Klebsiella pneumoniae,8
AAC(6')-Ib9,aminoglycoside,k_Bacteria,p_Proteobacteria,p_Proteobacteria,c_Gammaproteobacteria,o_Pseudomonadales,f_Pseudomonadaceae,g_Pseudomonas,g_Pseudomonas,s_Pseudomonas aeruginosa,8
AAC(6')-Iid,aminoglycoside,k_Bacteria,p_Firmicutes,p_Firmicutes,c_Bacilli,o_Lactobacillales,f_Enterococcaceae,g_Enterococcus,g_Enterococcus,s_Enterococcus hirae,8
ANT(6)-Ia,aminoglycoside,k_Bacteria,p_Firmicutes,p_Firmicutes,c_Clostridia,o_Eubacteriales,f_Lachnospiraceae,g_Anaerosporobacter,g_Anaerosporobacter,s_Anaerosporobacter mobilis,8
ANT(6)-Ia,aminoglycoside,k_Bacteria,p_Firmicutes,p_Firmicutes,c_Bacilli,o_Lactobacillales,f_Streptococcaceae,g_Streptococcus,g_Streptococcus,s_Streptococcus agalactiae,8
ANT(6)-Ib,aminoglycoside,k_Bacteria,p_Firmicutes,p_Firmicutes,c_Erysipelotrichia,o_Erysipelotrichales,f_Erysipelotrichaceae,g_Amedibacterium,g_Amedibacterium,s_Amedibacterium intestinale,8
APH(2'')-If,aminoglycoside,k_Bacteria,p_Firmicutes,p_Firmicutes,c_Clostridia,o_Eubacteriales,f_Peptostreptococcaceae,g_Peptoclostridium,g_Peptoclostridium,s_Peptoclostridium sp. AF21-18,8
APH(2'')-Ig,aminoglycoside,k_Bacteria,p_Actinobacteria,p_Actinobacteria,c_Coriobacteriia,o_Coriobacteriales,f_Coriobacteriaceae,g_Collinsella,g_Collinsella,s_Collinsella sp. AM17-1,8
APH(3')-IIIa,aminoglycoside,k_Bacteria,p_Firmicutes,p_Firmicutes,c_Clostridia,o_Eubacteriales,f_Peptostreptococcaceae,g_Clostridioides,g_Clostridioides,s_Clostridioides difficile,8
APH(3')-IIIa,aminoglycoside,k_Bacteria,p_Firmicutes,p_Firmicutes,c_Bacilli,o_Lactobacillales,f_Enterococcaceae,g_Enterococcus,g_Enterococcus,s_Enterococcus faecalis,8
Acinetobacter baumannii AbaQ,fluoroquinolone,k_Bacteria,p_Proteobacteria,p_Proteobacteria,c_Gammaproteobacteria,o_Moraxellales,f_Moraxellaceae,g_Acinetobacter,g_Acinetobacter,NA,8
Bifidobacterium adolescentis rpoB mutants conferring resistance to rifampicin,rifamycin,k_Bacteria,p_Actinobacteria,p_Actinobacteria,c_Actinomycetia,o_Bifidobacteriales,f_Bifidobacteriaceae,g_Bifidobacterium,g_Bifidobacterium,NA,8
Campylobacter coli chloramphenicol acetyltransferase,phenicol,k_Bacteria,p_Firmicutes,p_Firmicutes,c_Clostridia,o_Eubacteriales,f_Oscillospiraceae,g_Faecalibacterium,g_Faecalibacterium,s_Faecalibacterium prausnitzii,8
Clostridioides difficile gyrB conferring resistance to fluoroquinolones,fluoroquinolone,k_Bacteria,p_Firmicutes,p_Firmicutes,c_Clostridia,o_Eubacteriales,f_Clostridiaceae,g_Clostridium,g_Clostridium,s_Clostridium culturomicium,8
Clostridioides difficile gyrB conferring resistance to fluoroquinolones,fluoroquinolone,k_Bacteria,p_Firmicutes,p_Firmicutes,c_Clostridia,o_Eubacteriales,f_Clostridiaceae,g_Clostridium,g_Clostridium,NA,8
ErmF,multidrug,k_Bacteria,p_Bacteroidetes,p_Bacteroidetes,c_Bacteroidia,o_Bacteroidales,f_Prevotellaceae,g_Prevotella,g_Prevotella,s_Prevotella copri,8
ErmQ,multidrug,k_Bacteria,p_Firmicutes,p_Firmicutes,c_Erysipelotrichia,o_Erysipelotrichales,f_Turicibacteraceae,g_Turicibacter,g_Turicibacter,s_Turicibacter sp. H121,8
Escherichia coli soxS with mutation conferring antibiotic resistance,multidrug,k_Bacteria,p_Proteobacteria,p_Proteobacteria,c_Gammaproteobacteria,o_Enterobacterales,f_Enterobacteriaceae,g_Salmonella,g_Salmonella,s_Salmonella enterica,8
FosA8,phosphonic acid,k_Bacteria,p_Proteobacteria,p_Proteobacteria,c_Gammaproteobacteria,o_Enterobacterales,f_Enterobacteriaceae,g_Klebsiella,g_Klebsiella,s_Klebsiella pneumoniae,8
RbpA,rifamycin,k_Bacteria,p_Actinobacteria,p_Actinobacteria,c_Actinomycetia,o_Corynebacteriales,f_Mycobacteriaceae,NA,Other,NA,8
SAT-2,nucleoside,k_Bacteria,p_Proteobacteria,p_Proteobacteria,c_Gammaproteobacteria,o_Enterobacterales,NA,NA,Other,NA,8
Streptococcus suis chloramphenicol acetyltransferase,phenicol,k_Bacteria,p_Firmicutes,p_Firmicutes,c_Bacilli,o_Lactobacillales,f_Streptococcaceae,g_Streptococcus,g_Streptococcus,s_Streptococcus macedonicus,8
aadA5,aminoglycoside,k_Bacteria,p_Proteobacteria,p_Proteobacteria,c_Gammaproteobacteria,o_Enterobacterales,f_Enterobacteriaceae,g_Escherichia,g_Escherichia,s_Escherichia coli,8
aadA7,aminoglycoside,k_Bacteria,p_Proteobacteria,p_Proteobacteria,c_Gammaproteobacteria,NA,NA,NA,Other,NA,8
aadS,aminoglycoside,k_Bacteria,p_Bacteroidetes,p_Bacteroidetes,c_Flavobacteriia,o_Flavobacteriales,f_Weeksellaceae,g_Ornithobacterium,g_Ornithobacterium,s_Ornithobacterium rhinotracheale,8
apmA,aminoglycoside,k_Bacteria,p_Firmicutes,p_Firmicutes,c_Bacilli,o_Bacillales,f_Staphylococcaceae,g_Staphylococcus,g_Staphylococcus,s_Staphylococcus sp. GDQ20D75A,8
emrR,fluoroquinolone,k_Bacteria,p_Proteobacteria,p_Proteobacteria,c_Gammaproteobacteria,o_Enterobacterales,f_Enterobacteriaceae,g_Shigella,g_Shigella,s_Shigella sonnei,8
fexA,phenicol,k_Bacteria,p_Firmicutes,p_Firmicutes,c_Bacilli,o_Lactobacillales,f_Streptococcaceae,g_Streptococcus,g_Streptococcus,s_Streptococcus gallolyticus,8
lnuC,lincosamide,k_Bacteria,p_Lentisphaerae,p_Lentisphaerae,c_Lentisphaeria,o_Victivallales,f_Victivallaceae,g_Victivallis,g_Victivallis,s_Victivallis vadensis,8
lnuG,lincosamide,k_Bacteria,p_Firmicutes,p_Firmicutes,c_Bacilli,o_Bacillales,f_Staphylococcaceae,g_Staphylococcus,g_Staphylococcus,s_Staphylococcus aureus,8
nimG,nitroimidazole,k_Bacteria,p_Firmicutes,p_Firmicutes,c_Clostridia,o_Eubacteriales,f_unknown,g_Intestinimonas,g_Intestinimonas,s_Intestinimonas butyriciproducens,8
nimG,nitroimidazole,k_Bacteria,p_Bacteroidetes,p_Bacteroidetes,c_Bacteroidia,o_Bacteroidales,f_Odoribacteraceae,g_Odoribacter,g_Odoribacter,s_Odoribacter sp. AF15-53,8
nimJ,nitroimidazole,k_Bacteria,p_Bacteroidetes,p_Bacteroidetes,c_Bacteroidia,o_Bacteroidales,f_Tannerellaceae,g_Parabacteroides,g_Parabacteroides,s_Parabacteroides distasonis,8
nimJ,nitroimidazole,k_Bacteria,p_Bacteroidetes,p_Bacteroidetes,c_Bacteroidia,o_Bacteroidales,f_Tannerellaceae,g_Parabacteroides,g_Parabacteroides,s_Parabacteroides goldsteinii,8
qacEdelta1,disinfecting agents and antiseptics,k_Bacteria,p_Proteobacteria,p_Proteobacteria,c_Gammaproteobacteria,o_Enterobacterales,f_Enterobacteriaceae,g_Escherichia,g_Escherichia,s_Escherichia coli,8
sdrM,multidrug,k_Bacteria,p_Firmicutes,p_Firmicutes,c_Bacilli,o_Bacillales,f_Staphylococcaceae,g_Staphylococcus,g_Staphylococcus,s_Staphylococcus equorum,8
tet(44),tetracycline,k_Bacteria,p_Proteobacteria,p_Proteobacteria,c_Epsilonproteobacteria,o_Campylobacterales,f_Campylobacteraceae,g_Campylobacter,g_Campylobacter,s_Campylobacter hyointestinalis,8
tet(O),tetracycline,k_Bacteria,p_Firmicutes,p_Firmicutes,c_Clostridia,o_Eubacteriales,f_Lachnospiraceae,g_Blautia,g_Blautia,s_Blautia sp. MCC283,8
tet(O),tetracycline,k_Bacteria,p_Proteobacteria,p_Proteobacteria,c_Epsilonproteobacteria,o_Campylobacterales,f_Campylobacteraceae,g_Campylobacter,g_Campylobacter,s_Campylobacter sp. P157,8
tet(Q),tetracycline,k_Bacteria,p_Bacteroidetes,p_Bacteroidetes,c_Bacteroidia,o_Bacteroidales,f_Rikenellaceae,g_Alistipes,g_Alistipes,s_Alistipes communis,8
tet(Q),tetracycline,k_Bacteria,p_Bacteroidetes,p_Bacteroidetes,c_Bacteroidia,o_Bacteroidales,f_Tannerellaceae,g_Parabacteroides,g_Parabacteroides,s_Parabacteroides sp. AF21-43,8
tet(Q),tetracycline,k_Bacteria,p_Bacteroidetes,p_Bacteroidetes,c_Bacteroidia,o_Bacteroidales,f_Bacteroidaceae,g_Phocaeicola,g_Phocaeicola,s_Phocaeicola plebeius,8
tet(W),tetracycline,k_Bacteria,p_Firmicutes,p_Firmicutes,c_Clostridia,o_Eubacteriales,f_Oscillospiraceae,g_Vescimonas,g_Vescimonas,s_Vescimonas fastidiosa,8
tet(W/N/W),tetracycline,k_Bacteria,p_Actinobacteria,p_Actinobacteria,c_Coriobacteriia,o_Coriobacteriales,f_Coriobacteriaceae,g_Collinsella,g_Collinsella,s_Collinsella intestinalis,8
tet(W/N/W),tetracycline,k_Bacteria,p_Actinobacteria,p_Actinobacteria,c_Actinomycetia,o_Bifidobacteriales,f_Bifidobacteriaceae,g_Bifidobacterium,g_Bifidobacterium,s_uncultured Bifidobacterium sp.,8
vanG,glycopeptide,k_Bacteria,p_Firmicutes,p_Firmicutes,c_Clostridia,o_Eubacteriales,f_Lachnospiraceae,g_Lachnoclostridium,g_Lachnoclostridium,s_Lachnoclostridium sp. An131,8
vanG,glycopeptide,k_Bacteria,p_Firmicutes,p_Firmicutes,c_Bacilli,o_Lactobacillales,f_Streptococcaceae,g_Streptococcus,g_Streptococcus,s_Streptococcus suis,8
vanXYG,glycopeptide,k_Bacteria,p_Firmicutes,p_Firmicutes,c_Clostridia,o_Eubacteriales,f_Oscillospiraceae,g_Pseudoflavonifractor,g_Pseudoflavonifractor,s_Pseudoflavonifractor phocaeensis,8
vanYB,glycopeptide,k_Bacteria,p_Firmicutes,p_Firmicutes,c_Clostridia,o_Eubacteriales,f_Lachnospiraceae,g_Blautia,g_Blautia,s_Blautia producta,8
vanYB,glycopeptide,k_Bacteria,p_Firmicutes,p_Firmicutes,c_Clostridia,o_Eubacteriales,f_Oscillospiraceae,g_Drancourtella,g_Drancourtella,s_Drancourtella massiliensis,8
vanYB,glycopeptide,k_Bacteria,p_Firmicutes,p_Firmicutes,c_Clostridia,o_Eubacteriales,f_Oscillospiraceae,g_Flavonifractor,g_Flavonifractor,s_Flavonifractor sp. An306,8
vanYB,glycopeptide,k_Bacteria,p_Firmicutes,p_Firmicutes,c_Clostridia,o_Eubacteriales,f_Oscillospiraceae,g_Fournierella,g_Fournierella,s_Fournierella massiliensis,8
vanYB,glycopeptide,k_Bacteria,p_Firmicutes,p_Firmicutes,c_Clostridia,o_Eubacteriales,f_unknown,g_Massilistercora,g_Massilistercora,s_Massilistercora timonensis,8
vanYG,glycopeptide,k_Bacteria,p_Firmicutes,p_Firmicutes,c_Clostridia,o_Eubacteriales,f_Lachnospiraceae,g_Anaerotignum,g_Anaerotignum,s_Anaerotignum lactatifermentans,8
vanYG,glycopeptide,k_Bacteria,p_Firmicutes,p_Firmicutes,c_Clostridia,o_Eubacteriales,f_Oscillospiraceae,g_Flavonifractor,g_Flavonifractor,s_Flavonifractor plautii,8
vanYG,glycopeptide,k_Bacteria,p_Firmicutes,p_Firmicutes,c_Clostridia,o_Eubacteriales,f_unknown,g_Gemmiger,g_Gemmiger,s_Gemmiger sp. An120,8
AAC(6')-Ib-cr6,multidrug,k_Bacteria,p_Proteobacteria,p_Proteobacteria,c_Gammaproteobacteria,o_Enterobacterales,f_Enterobacteriaceae,g_Klebsiella,g_Klebsiella,s_Klebsiella pneumoniae,7
AAC(6')-Ii,aminoglycoside,k_Bacteria,p_Firmicutes,p_Firmicutes,c_Bacilli,o_Lactobacillales,f_Enterococcaceae,g_Enterococcus,g_Enterococcus,NA,7
AAC(6')-Im,aminoglycoside,k_Bacteria,p_Firmicutes,p_Firmicutes,c_Clostridia,o_Eubacteriales,f_Peptostreptococcaceae,g_Clostridioides,g_Clostridioides,s_Clostridioides difficile,7
ANT(3'')-IIa,aminoglycoside,k_Bacteria,p_Proteobacteria,p_Proteobacteria,c_Gammaproteobacteria,o_Moraxellales,f_Moraxellaceae,g_Acinetobacter,g_Acinetobacter,NA,7
ANT(6)-Ia,aminoglycoside,k_Bacteria,p_Firmicutes,p_Firmicutes,c_Bacilli,o_Lactobacillales,f_Enterococcaceae,g_Enterococcus,g_Enterococcus,s_Enterococcus faecalis,7
APH(2'')-IIa,aminoglycoside,k_Bacteria,p_Firmicutes,p_Firmicutes,c_Clostridia,o_Eubacteriales,f_Peptostreptococcaceae,g_Clostridioides,g_Clostridioides,s_Clostridioides difficile,7
APH(2'')-If,aminoglycoside,k_Bacteria,p_Firmicutes,p_Firmicutes,c_Clostridia,o_Eubacteriales,f_Peptostreptococcaceae,g_Clostridioides,g_Clostridioides,s_Clostridioides difficile,7
APH(3'')-Ib,aminoglycoside,k_Bacteria,p_unknown,Other,c_unknown,o_unknown,f_unknown,g_unknown,Other,s_uncultured bacterium,7
APH(6)-Id,aminoglycoside,k_Bacteria,p_Proteobacteria,p_Proteobacteria,c_Gammaproteobacteria,o_Enterobacterales,f_Enterobacteriaceae,g_Klebsiella,g_Klebsiella,s_Klebsiella pneumoniae,7
CcrA,carbapenem,k_Bacteria,p_Bacteroidetes,p_Bacteroidetes,c_Bacteroidia,o_Bacteroidales,f_Bacteroidaceae,g_Bacteroides,g_Bacteroides,NA,7
Erm(36),multidrug,k_Bacteria,p_Actinobacteria,p_Actinobacteria,c_Actinomycetia,o_Micrococcales,f_Micrococcaceae,g_Micrococcus,g_Micrococcus,s_Micrococcus luteus,7
Erm(51),multidrug,k_Bacteria,p_Actinobacteria,p_Actinobacteria,c_Actinomycetia,o_Corynebacteriales,f_Corynebacteriaceae,g_Corynebacterium,g_Corynebacterium,s_Corynebacterium glutamicum,7
Erm(52),multidrug,k_Bacteria,p_Firmicutes,p_Firmicutes,c_Clostridia,o_Eubacteriales,f_Oscillospiraceae,g_Flavonifractor,g_Flavonifractor,s_Flavonifractor plautii,7
ErmC,multidrug,k_Bacteria,p_Firmicutes,p_Firmicutes,c_Bacilli,o_Bacillales,f_Staphylococcaceae,g_Staphylococcus,g_Staphylococcus,s_Staphylococcus aureus,7
ErmG,multidrug,k_Bacteria,p_Bacteroidetes,p_Bacteroidetes,c_Bacteroidia,o_Bacteroidales,f_Bacteroidaceae,g_Bacteroides,g_Bacteroides,s_Bacteroides uniformis,7
FosA2,phosphonic acid,k_Bacteria,p_Proteobacteria,p_Proteobacteria,c_Gammaproteobacteria,o_Enterobacterales,f_Enterobacteriaceae,g_Enterobacter,g_Enterobacter,NA,7
FosB3,phosphonic acid,k_Bacteria,p_Firmicutes,p_Firmicutes,c_Bacilli,o_Lactobacillales,f_Enterococcaceae,g_Enterococcus,g_Enterococcus,s_Enterococcus cecorum,7
FosXCC,phosphonic acid,k_Bacteria,p_Proteobacteria,p_Proteobacteria,c_Epsilonproteobacteria,o_Campylobacterales,f_Campylobacteraceae,g_Campylobacter,g_Campylobacter,s_Campylobacter sp. P159,7
LptD,multidrug,k_Bacteria,p_Proteobacteria,p_Proteobacteria,c_Gammaproteobacteria,o_Enterobacterales,f_Enterobacteriaceae,NA,Other,NA,7
Morganella morganii gyrB conferring resistance to fluoroquinolones,fluoroquinolone,k_Bacteria,p_Proteobacteria,p_Proteobacteria,c_Gammaproteobacteria,NA,NA,NA,Other,NA,7
PmrF,peptide,k_Bacteria,p_Proteobacteria,p_Proteobacteria,c_Gammaproteobacteria,o_Enterobacterales,f_Enterobacteriaceae,g_Escherichia,g_Escherichia,s_Escherichia fergusonii,7
Streptococcus suis chloramphenicol acetyltransferase,phenicol,k_Bacteria,p_Proteobacteria,p_Proteobacteria,c_Deltaproteobacteria,o_Desulfovibrionales,f_Desulfovibrionaceae,g_Bilophila,g_Bilophila,s_Bilophila wadsworthia,7
Streptococcus suis chloramphenicol acetyltransferase,phenicol,k_unknown,p_Uroviricota,p_Uroviricota,c_Caudoviricetes,o_Caudovirales,f_Siphoviridae,g_unknown,Other,s_Streptococcus phage phiJH1301-2,7
Streptomyces venezuelae rox,rifamycin,k_Bacteria,p_Actinobacteria,p_Actinobacteria,c_Actinomycetia,o_Micrococcales,f_Dermabacteraceae,g_Brachybacterium,g_Brachybacterium,NA,7
aadS,aminoglycoside,k_Bacteria,p_Bacteroidetes,p_Bacteroidetes,c_Bacteroidia,o_Bacteroidales,f_Bacteroidaceae,g_Bacteroides,g_Bacteroides,s_Bacteroides ovatus,7
catB3,phenicol,k_Bacteria,p_Proteobacteria,p_Proteobacteria,c_Gammaproteobacteria,o_Enterobacterales,f_Enterobacteriaceae,g_Shigella,g_Shigella,s_Shigella sonnei,7
dfrD,diaminopyrimidine,k_Bacteria,p_Firmicutes,p_Firmicutes,c_Bacilli,o_Bacillales,NA,NA,Other,NA,7
lnuC,lincosamide,k_Bacteria,p_Actinobacteria,p_Actinobacteria,c_Actinomycetia,o_Bifidobacteriales,f_Bifidobacteriaceae,g_Bifidobacterium,g_Bifidobacterium,s_Bifidobacterium longum,7
lnuC,lincosamide,k_Bacteria,p_Firmicutes,p_Firmicutes,c_Clostridia,o_Eubacteriales,f_Lachnospiraceae,g_Enterocloster,g_Enterocloster,s_Enterocloster clostridioformis,7
lnuE,lincosamide,k_Bacteria,p_Firmicutes,p_Firmicutes,c_Bacilli,o_Lactobacillales,f_Carnobacteriaceae,NA,Other,NA,7
lnuF,lincosamide,k_Bacteria,p_Proteobacteria,p_Proteobacteria,c_Gammaproteobacteria,o_Enterobacterales,NA,NA,Other,NA,7
lsaE,multidrug,k_Bacteria,p_Firmicutes,p_Firmicutes,c_Bacilli,o_Lactobacillales,f_Enterococcaceae,g_Enterococcus,g_Enterococcus,s_Enterococcus cecorum,7
marA,multidrug,k_Bacteria,p_Proteobacteria,p_Proteobacteria,c_Gammaproteobacteria,o_Enterobacterales,f_Enterobacteriaceae,g_Escherichia,g_Escherichia,s_Escherichia fergusonii,7
mdtF,multidrug,k_Bacteria,p_Proteobacteria,p_Proteobacteria,c_Gammaproteobacteria,o_Enterobacterales,f_Enterobacteriaceae,NA,Other,NA,7
mefF,macrolide,k_Bacteria,p_Firmicutes,p_Firmicutes,c_Bacilli,o_Bacillales,f_Staphylococcaceae,g_Macrococcus,g_Macrococcus,s_Macrococcus canis,7
mphO,macrolide,k_Bacteria,p_Actinobacteria,p_Actinobacteria,c_Actinomycetia,o_Micrococcales,f_Dermabacteraceae,g_Brachybacterium,g_Brachybacterium,NA,7
msbA,nitroimidazole,k_Bacteria,p_Proteobacteria,p_Proteobacteria,c_Gammaproteobacteria,o_Enterobacterales,f_Enterobacteriaceae,g_Salmonella,g_Salmonella,s_Salmonella enterica,7
msrA,multidrug,k_Bacteria,p_Firmicutes,p_Firmicutes,c_Bacilli,o_Bacillales,f_Staphylococcaceae,g_Staphylococcus,g_Staphylococcus,NA,7
nimF,nitroimidazole,k_Bacteria,p_Firmicutes,p_Firmicutes,c_Clostridia,o_Eubacteriales,f_Oscillospiraceae,g_Pseudoflavonifractor,g_Pseudoflavonifractor,s_Pseudoflavonifractor capillosus,7
nimG,nitroimidazole,k_Bacteria,p_Firmicutes,p_Firmicutes,c_Clostridia,o_Eubacteriales,f_Oscillospiraceae,g_unknown,Other,s_Ruminococcaceae bacterium D16,7
npmA,aminoglycoside,k_Bacteria,p_Proteobacteria,p_Proteobacteria,c_Gammaproteobacteria,o_Enterobacterales,f_Enterobacteriaceae,g_Escherichia,g_Escherichia,s_Escherichia coli,7
patB,fluoroquinolone,k_Bacteria,p_Firmicutes,p_Firmicutes,c_Bacilli,o_Lactobacillales,f_Streptococcaceae,g_Streptococcus,g_Streptococcus,s_Streptococcus suis,7
poxtA,multidrug,k_Bacteria,p_Actinobacteria,p_Actinobacteria,c_Coriobacteriia,o_Coriobacteriales,f_Coriobacteriaceae,g_Enorma,g_Enorma,s_Enorma shizhengliae,7
qacJ,disinfecting agents and antiseptics,k_Bacteria,p_Firmicutes,p_Firmicutes,c_Bacilli,o_Bacillales,f_Staphylococcaceae,g_Staphylococcus,g_Staphylococcus,s_Staphylococcus equorum,7
tet(40),tetracycline,k_Bacteria,p_Firmicutes,p_Firmicutes,c_Bacilli,o_Lactobacillales,f_Streptococcaceae,g_Streptococcus,g_Streptococcus,s_Streptococcus suis,7
tet(59),tetracycline,k_Bacteria,p_Proteobacteria,p_Proteobacteria,c_Gammaproteobacteria,o_Vibrionales,f_Vibrionaceae,g_Vibrio,g_Vibrio,s_Vibrio cholerae,7
tet(M),tetracycline,k_Bacteria,p_Firmicutes,p_Firmicutes,c_Bacilli,o_Bacillales,f_Staphylococcaceae,g_Staphylococcus,g_Staphylococcus,s_Staphylococcus pseudintermedius,7
tet(Q),tetracycline,k_Bacteria,p_Bacteroidetes,p_Bacteroidetes,c_Bacteroidia,o_Bacteroidales,f_Bacteroidaceae,g_Bacteroides,g_Bacteroides,s_Bacteroides eggerthii,7
tet(W),tetracycline,k_Bacteria,p_Actinobacteria,p_Actinobacteria,c_Actinomycetia,o_Bifidobacteriales,f_Bifidobacteriaceae,g_Bifidobacterium,g_Bifidobacterium,s_Bifidobacterium longum,7
tet(W),tetracycline,k_Bacteria,p_Actinobacteria,p_Actinobacteria,c_Actinomycetia,o_Bifidobacteriales,f_Bifidobacteriaceae,g_Bifidobacterium,g_Bifidobacterium,s_Bifidobacterium thermophilum,7
tet(W),tetracycline,k_Bacteria,p_Firmicutes,p_Firmicutes,c_Negativicutes,o_Selenomonadales,f_Selenomonadaceae,g_Megamonas,g_Megamonas,s_Megamonas funiformis,7
tet(W/N/W),tetracycline,k_Bacteria,p_Firmicutes,p_Firmicutes,c_Clostridia,o_Eubacteriales,f_Oscillospiraceae,g_Flavonifractor,g_Flavonifractor,s_Flavonifractor plautii,7
vanG,glycopeptide,k_Bacteria,p_Firmicutes,p_Firmicutes,c_Clostridia,o_Eubacteriales,f_Peptostreptococcaceae,g_Clostridioides,g_Clostridioides,s_Clostridioides difficile,7
vanG,glycopeptide,k_Bacteria,p_Firmicutes,p_Firmicutes,c_Clostridia,o_Eubacteriales,f_Oscillospiraceae,g_Flavonifractor,g_Flavonifractor,s_Flavonifractor sp. An10,7
vanYB,glycopeptide,k_Bacteria,p_Firmicutes,p_Firmicutes,c_Erysipelotrichia,o_Erysipelotrichales,f_Erysipelotrichaceae,g_Faecalitalea,g_Faecalitalea,s_Faecalitalea cylindroides,7
vanYB,glycopeptide,k_Bacteria,p_Firmicutes,p_Firmicutes,c_Clostridia,o_Eubacteriales,f_Lachnospiraceae,g_Fusicatenibacter,g_Fusicatenibacter,s_Fusicatenibacter sp. CLA-AA-H277,7
vanYB,glycopeptide,k_Bacteria,p_Firmicutes,p_Firmicutes,c_Clostridia,o_Eubacteriales,f_Oscillospiraceae,g_Phocea,g_Phocea,s_Phocea massiliensis,7
vanYB,glycopeptide,k_Bacteria,p_Firmicutes,p_Firmicutes,c_Clostridia,o_Eubacteriales,f_Oscillospiraceae,g_Pseudoflavonifractor,g_Pseudoflavonifractor,s_Pseudoflavonifractor sp. AF19-9AC,7
vanYF,glycopeptide,k_Bacteria,p_Firmicutes,p_Firmicutes,c_Clostridia,o_Eubacteriales,f_Oscillospiraceae,g_Oscillibacter,g_Oscillibacter,s_Oscillibacter valericigenes,7
vanYG,glycopeptide,k_Bacteria,p_Firmicutes,p_Firmicutes,c_Clostridia,o_Eubacteriales,f_unknown,g_Intestinimonas,g_Intestinimonas,s_Intestinimonas butyriciproducens,7
vanYG,glycopeptide,k_Bacteria,p_Tenericutes,p_Tenericutes,c_Mollicutes,o_Mycoplasmatales,f_Mycoplasmataceae,g_Mycoplasma,g_Mycoplasma,s_Mycoplasma sp. CAG:956,7
AAC(6')-IIa,aminoglycoside,k_Bacteria,p_Proteobacteria,p_Proteobacteria,c_Gammaproteobacteria,o_Vibrionales,f_Vibrionaceae,g_Vibrio,g_Vibrio,s_Vibrio alginolyticus,6
AAC(6')-Ie-APH(2'')-Ia bifunctional protein,aminoglycoside,k_Bacteria,p_Firmicutes,p_Firmicutes,c_Bacilli,o_Lactobacillales,f_Enterococcaceae,g_Enterococcus,g_Enterococcus,s_Enterococcus cecorum,6
AAC(6')-Il,aminoglycoside,k_Bacteria,p_Proteobacteria,p_Proteobacteria,c_Gammaproteobacteria,o_Pseudomonadales,f_Pseudomonadaceae,g_Pseudomonas,g_Pseudomonas,NA,6
ACI-1,multidrug,k_Bacteria,p_Proteobacteria,p_Proteobacteria,c_Epsilonproteobacteria,o_Campylobacterales,f_Campylobacteraceae,g_Campylobacter,g_Campylobacter,s_Campylobacter coli,6
APH(2'')-Ie,aminoglycoside,k_Bacteria,p_Firmicutes,p_Firmicutes,c_Bacilli,o_Lactobacillales,f_Enterococcaceae,g_Enterococcus,g_Enterococcus,s_Enterococcus faecium,6
APH(2'')-If,aminoglycoside,k_Bacteria,p_Deferribacteres,p_Deferribacteres,c_Deferribacteres,o_Deferribacterales,f_Deferribacteraceae,g_Mucispirillum,g_Mucispirillum,s_Mucispirillum schaedleri,6
Acinetobacter baumannii AmvA,multidrug,k_Bacteria,p_Proteobacteria,p_Proteobacteria,c_Gammaproteobacteria,o_Moraxellales,f_Moraxellaceae,g_Acinetobacter,g_Acinetobacter,NA,6
CARB-3,penam,k_Bacteria,p_Proteobacteria,p_Proteobacteria,c_Gammaproteobacteria,o_Enterobacterales,f_Enterobacteriaceae,g_Salmonella,g_Salmonella,s_Salmonella enterica,6
CTX-M-65,cephalosporin,k_Bacteria,p_Proteobacteria,p_Proteobacteria,c_Gammaproteobacteria,o_Enterobacterales,f_Enterobacteriaceae,g_Klebsiella,g_Klebsiella,s_Klebsiella pneumoniae,6
CblA-1,cephalosporin,k_Bacteria,p_Bacteroidetes,p_Bacteroidetes,c_Bacteroidia,o_Bacteroidales,f_Bacteroidaceae,g_Bacteroides,g_Bacteroides,NA,6
CfxA6,cephamycin,k_Bacteria,p_Bacteroidetes,p_Bacteroidetes,c_Bacteroidia,o_Bacteroidales,f_Prevotellaceae,g_Prevotella,g_Prevotella,s_Prevotella copri,6
DfrB9,diaminopyrimidine,k_Bacteria,p_Proteobacteria,p_Proteobacteria,c_Gammaproteobacteria,o_Pseudomonadales,f_Pseudomonadaceae,g_Pseudomonas,g_Pseudomonas,NA,6
EreD,macrolide,k_Bacteria,p_Bacteroidetes,p_Bacteroidetes,c_Bacteroidia,o_Bacteroidales,f_Prevotellaceae,g_Prevotella,g_Prevotella,s_Prevotella copri,6
ErmB,multidrug,k_Bacteria,p_Firmicutes,p_Firmicutes,c_Bacilli,o_Lactobacillales,f_Enterococcaceae,g_Enterococcus,g_Enterococcus,s_Enterococcus cecorum,6
ErmX,multidrug,k_Bacteria,p_Actinobacteria,p_Actinobacteria,c_Actinomycetia,o_Bifidobacteriales,f_Bifidobacteriaceae,g_Bifidobacterium,g_Bifidobacterium,s_Bifidobacterium pullorum,6
Escherichia coli EF-Tu mutants conferring resistance to Pulvomycin,elfamycin,k_Bacteria,p_Proteobacteria,p_Proteobacteria,c_Gammaproteobacteria,o_Enterobacterales,f_Morganellaceae,g_Proteus,g_Proteus,s_Proteus mirabilis,6
Escherichia coli ampC beta-lactamase,multidrug,k_Bacteria,p_Proteobacteria,p_Proteobacteria,c_Gammaproteobacteria,o_Enterobacterales,f_Enterobacteriaceae,g_Escherichia,g_Escherichia,s_Escherichia coli,6
Escherichia coli mdfA,multidrug,k_Bacteria,p_Proteobacteria,p_Proteobacteria,c_Gammaproteobacteria,o_Enterobacterales,f_Enterobacteriaceae,g_Citrobacter,g_Citrobacter,NA,6
FosXCC,phosphonic acid,k_Bacteria,p_Firmicutes,p_Firmicutes,c_Clostridia,o_Eubacteriales,f_Oscillospiraceae,g_Faecalibacterium,g_Faecalibacterium,s_Faecalibacterium prausnitzii,6
H-NS,multidrug,k_Bacteria,p_Proteobacteria,p_Proteobacteria,c_Gammaproteobacteria,o_Enterobacterales,f_Enterobacteriaceae,g_Escherichia,g_Escherichia,s_Escherichia fergusonii,6
Haemophilus influenzae PBP3 conferring resistance to beta-lactam antibiotics,multidrug,k_Bacteria,p_Proteobacteria,p_Proteobacteria,c_Gammaproteobacteria,o_Pasteurellales,f_Pasteurellaceae,g_Gallibacterium,g_Gallibacterium,s_Gallibacterium genomosp. 3,6
Limosilactobacillus reuteri cat-TC,phenicol,k_unknown,p_Uroviricota,p_Uroviricota,c_Caudoviricetes,o_Caudovirales,f_Siphoviridae,g_unknown,Other,s_Streptococcus phage phiJH1301-2,6
SAT-4,nucleoside,k_Bacteria,p_Firmicutes,p_Firmicutes,c_Clostridia,o_Eubacteriales,f_Oscillospiraceae,g_Faecalibacterium,g_Faecalibacterium,s_Faecalibacterium prausnitzii,6
Vibrio anguillarum chloramphenicol acetyltransferase,phenicol,k_Bacteria,p_Firmicutes,p_Firmicutes,c_Clostridia,o_Eubacteriales,f_unknown,g_Gemmiger,g_Gemmiger,s_Gemmiger formicilis,6
aadK,aminoglycoside,k_Bacteria,p_Firmicutes,p_Firmicutes,c_Bacilli,o_Bacillales,f_Bacillaceae,g_Bacillus,g_Bacillus,s_Bacillus subtilis,6
arr-3,rifamycin,k_Bacteria,p_Proteobacteria,p_Proteobacteria,c_Gammaproteobacteria,o_Enterobacterales,f_Enterobacteriaceae,g_Escherichia,g_Escherichia,s_Escherichia coli,6
cpxA,multidrug,k_Bacteria,p_Proteobacteria,p_Proteobacteria,c_Gammaproteobacteria,o_Enterobacterales,f_Enterobacteriaceae,g_Salmonella,g_Salmonella,s_Salmonella enterica,6
dfrA27,diaminopyrimidine,k_Bacteria,p_Proteobacteria,p_Proteobacteria,c_Gammaproteobacteria,o_Enterobacterales,f_Enterobacteriaceae,g_Klebsiella,g_Klebsiella,s_Klebsiella pneumoniae,6
emrA,fluoroquinolone,k_Bacteria,p_Proteobacteria,p_Proteobacteria,c_Gammaproteobacteria,o_Enterobacterales,f_Enterobacteriaceae,g_Salmonella,g_Salmonella,s_Salmonella enterica,6
lnuA,lincosamide,k_Bacteria,p_Firmicutes,p_Firmicutes,c_Bacilli,o_Bacillales,f_Staphylococcaceae,g_Staphylococcus,g_Staphylococcus,s_Staphylococcus aureus,6
lnuG,lincosamide,k_Bacteria,p_Firmicutes,p_Firmicutes,c_Bacilli,o_Lactobacillales,f_Enterococcaceae,g_Enterococcus,g_Enterococcus,s_Enterococcus faecium,6
mdtA,aminocoumarin,k_Bacteria,p_Proteobacteria,p_Proteobacteria,c_Gammaproteobacteria,o_Enterobacterales,f_Enterobacteriaceae,g_Escherichia,g_Escherichia,NA,6
mdtG,phosphonic acid,k_Bacteria,p_Proteobacteria,p_Proteobacteria,c_Gammaproteobacteria,o_Enterobacterales,f_Enterobacteriaceae,g_Escherichia,g_Escherichia,s_Escherichia fergusonii,6
mefH,macrolide,k_Bacteria,p_Firmicutes,p_Firmicutes,c_Clostridia,o_Eubacteriales,f_Oscillospiraceae,g_Oscillibacter,g_Oscillibacter,s_Oscillibacter valericigenes,6
mphC,macrolide,k_Bacteria,p_Firmicutes,p_Firmicutes,c_Bacilli,o_Bacillales,f_Staphylococcaceae,g_Staphylococcus,g_Staphylococcus,NA,6
norC,multidrug,k_Bacteria,p_Firmicutes,p_Firmicutes,c_Bacilli,o_Bacillales,f_Staphylococcaceae,g_Staphylococcus,g_Staphylococcus,s_Staphylococcus xylosus,6
sepA,disinfecting agents and antiseptics,k_Bacteria,p_Firmicutes,p_Firmicutes,c_Bacilli,o_Bacillales,f_Staphylococcaceae,g_Staphylococcus,g_Staphylococcus,NA,6
sul2,sulfonamide,k_Bacteria,p_Bacteroidetes,p_Bacteroidetes,c_Bacteroidia,o_Bacteroidales,f_Bacteroidaceae,g_Phocaeicola,g_Phocaeicola,s_Phocaeicola vulgatus,6
tet(A),tetracycline,k_Bacteria,p_Proteobacteria,p_Proteobacteria,c_Gammaproteobacteria,o_Enterobacterales,f_Enterobacteriaceae,g_Klebsiella,g_Klebsiella,s_Klebsiella pneumoniae,6
tet(S),tetracycline,k_Bacteria,p_Firmicutes,p_Firmicutes,c_Bacilli,o_Lactobacillales,f_Enterococcaceae,g_Enterococcus,g_Enterococcus,s_Enterococcus faecalis,6
tet(W),tetracycline,k_Bacteria,p_Firmicutes,p_Firmicutes,c_Clostridia,o_Eubacteriales,f_Oscillospiraceae,g_Pseudoflavonifractor,g_Pseudoflavonifractor,s_Pseudoflavonifractor sp. An85,6
tet(W),tetracycline,k_Bacteria,p_Firmicutes,p_Firmicutes,c_Bacilli,o_Lactobacillales,f_Lactobacillaceae,g_Lactobacillus,g_Lactobacillus,s_uncultured Lactobacillus sp.,6
tetB(P),tetracycline,k_Bacteria,p_Firmicutes,p_Firmicutes,c_Clostridia,o_Eubacteriales,f_Peptostreptococcaceae,g_Romboutsia,g_Romboutsia,s_Romboutsia sp. CE17,6
vanG,glycopeptide,k_Bacteria,p_Firmicutes,p_Firmicutes,c_Clostridia,o_Eubacteriales,f_unknown,g_Colidextribacter,g_Colidextribacter,s_Colidextribacter sp. OB.20,6
vanG,glycopeptide,k_Bacteria,p_Firmicutes,p_Firmicutes,c_Clostridia,o_Eubacteriales,f_Oscillospiraceae,g_Subdoligranulum,g_Subdoligranulum,s_Subdoligranulum variabile,6
vanRG,glycopeptide,k_Bacteria,p_Firmicutes,p_Firmicutes,c_Clostridia,o_Eubacteriales,f_Peptostreptococcaceae,g_Clostridioides,g_Clostridioides,s_Clostridioides difficile,6
vanRG,glycopeptide,k_Bacteria,p_Firmicutes,p_Firmicutes,c_Clostridia,o_Eubacteriales,NA,NA,Other,NA,6
vanXYG,glycopeptide,k_Bacteria,p_Firmicutes,p_Firmicutes,c_Clostridia,o_Eubacteriales,f_Peptostreptococcaceae,g_Clostridioides,g_Clostridioides,s_Clostridioides difficile,6
vanYB,glycopeptide,k_Bacteria,p_Firmicutes,p_Firmicutes,c_Clostridia,o_Eubacteriales,f_Oscillospiraceae,g_Flavonifractor,g_Flavonifractor,s_Flavonifractor sp. An10,6
vanYB,glycopeptide,k_Bacteria,p_Firmicutes,p_Firmicutes,c_Clostridia,o_Eubacteriales,f_Oscillospiraceae,g_Pseudoflavonifractor,g_Pseudoflavonifractor,s_Pseudoflavonifractor phocaeensis,6
vanYB,glycopeptide,k_Bacteria,p_Firmicutes,p_Firmicutes,c_Clostridia,o_Eubacteriales,f_Lachnospiraceae,g_Lachnoclostridium,g_Lachnoclostridium,s_[Clostridium] scindens,6
ykkD,multidrug,k_Bacteria,p_Firmicutes,p_Firmicutes,c_Bacilli,o_Bacillales,f_Bacillaceae,g_Bacillus,g_Bacillus,s_Bacillus subtilis,6
AAC(3)-IIc,aminoglycoside,k_Bacteria,p_Proteobacteria,p_Proteobacteria,c_Gammaproteobacteria,o_Enterobacterales,f_Enterobacteriaceae,g_Escherichia,g_Escherichia,s_Escherichia coli,5
AAC(6')-Ib-cr3,multidrug,k_Bacteria,p_Proteobacteria,p_Proteobacteria,c_Gammaproteobacteria,o_Enterobacterales,f_Enterobacteriaceae,NA,Other,NA,5
ANT(2'')-Ia,aminoglycoside,k_Bacteria,p_Proteobacteria,p_Proteobacteria,c_Gammaproteobacteria,o_Enterobacterales,f_Enterobacteriaceae,g_Escherichia,g_Escherichia,s_Escherichia coli,5
APH(2'')-If,aminoglycoside,k_Bacteria,p_Proteobacteria,p_Proteobacteria,c_Epsilonproteobacteria,o_Campylobacterales,f_Campylobacteraceae,g_Campylobacter,g_Campylobacter,s_Campylobacter jejuni,5
APH(2'')-If,aminoglycoside,k_Bacteria,p_Fusobacteria,p_Fusobacteria,c_Fusobacteriia,o_Fusobacteriales,f_Fusobacteriaceae,g_Fusobacterium,g_Fusobacterium,s_Fusobacterium mortiferum,5
APH(3')-IIIa,aminoglycoside,k_Bacteria,p_Bacteroidetes,p_Bacteroidetes,c_Bacteroidia,o_Bacteroidales,f_Bacteroidaceae,g_Phocaeicola,g_Phocaeicola,s_Phocaeicola dorei,5
APH(6)-Id,aminoglycoside,k_Bacteria,p_Actinobacteria,p_Actinobacteria,c_Actinomycetia,o_Bifidobacteriales,f_Bifidobacteriaceae,g_Bifidobacterium,g_Bifidobacterium,s_Bifidobacterium choerinum,5
CTX-M-55,cephalosporin,k_Bacteria,p_Proteobacteria,p_Proteobacteria,c_Gammaproteobacteria,o_Enterobacterales,f_Enterobacteriaceae,g_Klebsiella,g_Klebsiella,s_Klebsiella pneumoniae,5
Erm(35),multidrug,k_Bacteria,p_Bacteroidetes,p_Bacteroidetes,c_Bacteroidia,o_Bacteroidales,f_Prevotellaceae,g_Prevotella,g_Prevotella,s_Prevotella copri,5
ErmB,multidrug,k_unknown,p_Uroviricota,p_Uroviricota,c_Caudoviricetes,o_Caudovirales,f_Siphoviridae,g_unknown,Other,s_Siphoviridae sp.,5
ErmC,multidrug,k_Bacteria,p_Firmicutes,p_Firmicutes,c_Bacilli,o_Bacillales,f_Staphylococcaceae,g_Mammaliicoccus,g_Mammaliicoccus,s_Mammaliicoccus sciuri,5
ErmF,multidrug,k_Bacteria,p_Bacteroidetes,p_Bacteroidetes,c_Bacteroidia,o_Bacteroidales,f_Bacteroidaceae,g_Bacteroides,g_Bacteroides,s_Bacteroides sp. OF04-15BH,5
ErmF,multidrug,k_Bacteria,p_Bacteroidetes,p_Bacteroidetes,c_Flavobacteriia,o_Flavobacteriales,f_Weeksellaceae,g_Ornithobacterium,g_Ornithobacterium,s_Ornithobacterium rhinotracheale,5
ErmF,multidrug,k_Bacteria,p_Bacteroidetes,p_Bacteroidetes,c_Bacteroidia,o_Bacteroidales,f_Bacteroidaceae,g_Phocaeicola,g_Phocaeicola,s_Phocaeicola vulgatus,5
Escherichia coli ampC beta-lactamase,multidrug,k_Bacteria,p_unknown,Other,c_unknown,o_unknown,f_unknown,g_unknown,Other,s_uncultured bacterium,5
Escherichia coli mdfA,multidrug,k_Bacteria,p_Proteobacteria,p_Proteobacteria,c_Gammaproteobacteria,o_Enterobacterales,f_Enterobacteriaceae,g_Escherichia,g_Escherichia,s_Escherichia fergusonii,5
Escherichia coli mdfA,multidrug,k_Bacteria,p_Proteobacteria,p_Proteobacteria,c_Gammaproteobacteria,o_Enterobacterales,f_Enterobacteriaceae,g_Salmonella,g_Salmonella,s_Salmonella enterica,5
Escherichia coli soxS with mutation conferring antibiotic resistance,multidrug,k_Bacteria,p_unknown,Other,c_unknown,o_unknown,f_unknown,g_unknown,Other,s_uncultured bacterium,5
EstT,multidrug,k_Bacteria,p_Bacteroidetes,p_Bacteroidetes,c_Bacteroidia,o_Bacteroidales,f_Bacteroidaceae,g_Bacteroides,g_Bacteroides,s_Bacteroides salyersiae,5
EstT,multidrug,k_Bacteria,p_Proteobacteria,p_Proteobacteria,c_Gammaproteobacteria,o_Pasteurellales,f_Pasteurellaceae,g_Glaesserella,g_Glaesserella,s_Glaesserella parasuis,5
FosA3,phosphonic acid,k_Bacteria,p_Proteobacteria,p_Proteobacteria,c_Gammaproteobacteria,o_Enterobacterales,f_Enterobacteriaceae,g_Escherichia,g_Escherichia,NA,5
FosBx1,phosphonic acid,k_Bacteria,p_Firmicutes,p_Firmicutes,c_Bacilli,o_Bacillales,f_Paenibacillaceae,g_Paenibacillus,g_Paenibacillus,s_Paenibacillus macerans,5
FosD,phosphonic acid,k_Bacteria,p_Firmicutes,p_Firmicutes,c_Bacilli,o_Bacillales,f_Staphylococcaceae,g_Staphylococcus,g_Staphylococcus,s_Staphylococcus aureus,5
Mef(En2),multidrug,k_Bacteria,p_Bacteroidetes,p_Bacteroidetes,c_Bacteroidia,o_Bacteroidales,f_Bacteroidaceae,g_Bacteroides,g_Bacteroides,s_Bacteroides eggerthii,5
Mef(En2),multidrug,k_Bacteria,p_Bacteroidetes,p_Bacteroidetes,c_Bacteroidia,o_Bacteroidales,f_Bacteroidaceae,g_Bacteroides,g_Bacteroides,s_Bacteroides sp. OF04-15BH,5
OXA-140,penam,k_Bacteria,p_Proteobacteria,p_Proteobacteria,c_Gammaproteobacteria,o_Enterobacterales,f_Enterobacteriaceae,NA,Other,NA,5
SAT-4,nucleoside,k_Bacteria,p_Firmicutes,p_Firmicutes,c_Bacilli,o_Lactobacillales,f_Enterococcaceae,g_Enterococcus,g_Enterococcus,s_Enterococcus faecium,5
Vibrio anguillarum chloramphenicol acetyltransferase,phenicol,k_Bacteria,p_Firmicutes,p_Firmicutes,c_Clostridia,o_Eubacteriales,f_Lachnospiraceae,g_Mediterraneibacter,g_Mediterraneibacter,s_[Ruminococcus] gnavus,5
aad(6),aminoglycoside,k_Bacteria,p_Firmicutes,p_Firmicutes,c_Bacilli,o_Lactobacillales,f_Enterococcaceae,g_Enterococcus,g_Enterococcus,s_Enterococcus faecium,5
aadA15,aminoglycoside,k_Bacteria,NA,Other,NA,NA,NA,NA,Other,NA,5
abeS,multidrug,k_Bacteria,p_Proteobacteria,p_Proteobacteria,c_Gammaproteobacteria,o_Moraxellales,f_Moraxellaceae,g_Acinetobacter,g_Acinetobacter,NA,5
arr-3,rifamycin,k_Bacteria,p_Proteobacteria,p_Proteobacteria,c_Gammaproteobacteria,o_Vibrionales,f_Vibrionaceae,g_Vibrio,g_Vibrio,s_Vibrio alginolyticus,5
baeR,multidrug,k_Bacteria,p_Proteobacteria,p_Proteobacteria,c_Gammaproteobacteria,o_Enterobacterales,f_Enterobacteriaceae,g_Salmonella,g_Salmonella,s_Salmonella enterica,5
catA8,phenicol,k_Bacteria,p_Firmicutes,p_Firmicutes,c_Negativicutes,o_Selenomonadales,f_Selenomonadaceae,g_Megamonas,g_Megamonas,s_Megamonas funiformis,5
catIII,phenicol,k_Bacteria,p_Proteobacteria,p_Proteobacteria,c_Gammaproteobacteria,o_Moraxellales,f_Moraxellaceae,g_Acinetobacter,g_Acinetobacter,s_Acinetobacter baumannii,5
cmlA5,phenicol,k_Bacteria,p_Proteobacteria,p_Proteobacteria,c_Gammaproteobacteria,o_Enterobacterales,f_Enterobacteriaceae,g_Escherichia,g_Escherichia,s_Escherichia coli,5
cpxA,multidrug,k_Bacteria,p_Proteobacteria,p_Proteobacteria,c_Gammaproteobacteria,o_Enterobacterales,f_Enterobacteriaceae,g_Klebsiella,g_Klebsiella,s_Klebsiella pneumoniae,5
dfrG,diaminopyrimidine,k_Bacteria,p_Firmicutes,p_Firmicutes,c_Bacilli,o_Lactobacillales,f_Streptococcaceae,g_Streptococcus,g_Streptococcus,s_Streptococcus suis,5
evgS,multidrug,k_Bacteria,p_Proteobacteria,p_Proteobacteria,c_Gammaproteobacteria,o_Enterobacterales,f_Enterobacteriaceae,NA,Other,NA,5
fexA,phenicol,k_Bacteria,p_Firmicutes,p_Firmicutes,c_Bacilli,o_Bacillales,f_Paenibacillaceae,g_Paenibacillus,g_Paenibacillus,s_Paenibacillus macerans,5
lnuB,lincosamide,k_Bacteria,p_Firmicutes,p_Firmicutes,c_Bacilli,o_Lactobacillales,f_Enterococcaceae,g_Enterococcus,g_Enterococcus,s_Enterococcus faecium,5
lnuB,lincosamide,k_Bacteria,p_Firmicutes,p_Firmicutes,c_Erysipelotrichia,o_Erysipelotrichales,f_Turicibacteraceae,g_Turicibacter,g_Turicibacter,s_Turicibacter sp. TJ11,5
lnuC,lincosamide,k_Bacteria,p_Firmicutes,p_Firmicutes,c_Clostridia,o_Eubacteriales,f_Oscillospiraceae,g_Faecalibacterium,g_Faecalibacterium,s_Faecalibacterium prausnitzii,5
lnuC,lincosamide,k_Bacteria,p_Firmicutes,p_Firmicutes,c_Clostridia,o_Eubacteriales,f_Oscillospiraceae,g_Pseudoflavonifractor,g_Pseudoflavonifractor,s_Pseudoflavonifractor capillosus,5
lsaE,multidrug,k_Bacteria,p_Firmicutes,p_Firmicutes,c_Erysipelotrichia,o_Erysipelotrichales,f_Turicibacteraceae,g_Turicibacter,g_Turicibacter,s_Turicibacter sp. TJ11,5
mdtP,multidrug,k_Bacteria,p_Proteobacteria,p_Proteobacteria,c_Gammaproteobacteria,o_Enterobacterales,f_Enterobacteriaceae,NA,Other,NA,5
mphE,macrolide,k_Bacteria,p_Proteobacteria,p_Proteobacteria,c_Gammaproteobacteria,NA,NA,NA,Other,NA,5
nimA,nitroimidazole,k_Bacteria,p_Firmicutes,p_Firmicutes,c_Clostridia,o_Eubacteriales,f_unknown,g_Intestinimonas,g_Intestinimonas,s_Intestinimonas butyriciproducens,5
nimC,nitroimidazole,k_Bacteria,p_Bacteroidetes,p_Bacteroidetes,c_Bacteroidia,o_Bacteroidales,f_Bacteroidaceae,NA,Other,NA,5
nimJ,nitroimidazole,k_Bacteria,p_Bacteroidetes,p_Bacteroidetes,c_Bacteroidia,o_Bacteroidales,f_Rikenellaceae,g_Alistipes,g_Alistipes,s_Alistipes sp. An66,5
poxtA,multidrug,k_Bacteria,p_Firmicutes,p_Firmicutes,c_Clostridia,o_Eubacteriales,f_Lachnospiraceae,g_Anaerotignum,g_Anaerotignum,s_Anaerotignum lactatifermentans,5
rsmA,multidrug,k_Bacteria,p_Proteobacteria,p_Proteobacteria,c_Gammaproteobacteria,o_Enterobacterales,f_Enterobacteriaceae,g_Enterobacter,g_Enterobacter,s_Enterobacter hormaechei,5
sdrM,multidrug,k_Bacteria,p_Firmicutes,p_Firmicutes,c_Bacilli,o_Bacillales,f_Staphylococcaceae,g_Staphylococcus,g_Staphylococcus,s_Staphylococcus xylosus,5
sepA,disinfecting agents and antiseptics,k_Bacteria,p_Firmicutes,p_Firmicutes,c_Bacilli,o_Bacillales,f_Staphylococcaceae,g_Staphylococcus,g_Staphylococcus,s_Staphylococcus equorum,5
sepA,disinfecting agents and antiseptics,k_Bacteria,p_Firmicutes,p_Firmicutes,c_Bacilli,o_Bacillales,f_Staphylococcaceae,g_Staphylococcus,g_Staphylococcus,s_Staphylococcus xylosus,5
tet(32),tetracycline,k_Bacteria,p_Firmicutes,p_Firmicutes,c_Clostridia,o_Eubacteriales,f_Clostridiaceae,g_Hungatella,g_Hungatella,s_Hungatella hathewayi,5
tet(44),tetracycline,k_Bacteria,p_Firmicutes,p_Firmicutes,c_Clostridia,o_Eubacteriales,f_Lachnospiraceae,g_Anaerotignum,g_Anaerotignum,s_Anaerotignum lactatifermentans,5
tet(45),tetracycline,k_Bacteria,p_Firmicutes,p_Firmicutes,c_Negativicutes,o_Selenomonadales,f_Selenomonadaceae,g_Megamonas,g_Megamonas,s_Megamonas funiformis,5
tet(D),tetracycline,k_Bacteria,p_Proteobacteria,p_Proteobacteria,c_Gammaproteobacteria,o_Enterobacterales,f_Enterobacteriaceae,g_Klebsiella,g_Klebsiella,s_Klebsiella pneumoniae,5
tet(M),tetracycline,k_Bacteria,p_Firmicutes,p_Firmicutes,c_Clostridia,o_Eubacteriales,f_Clostridiaceae,g_Clostridium,g_Clostridium,s_Clostridium perfringens,5
tet(Q),tetracycline,k_Bacteria,p_Bacteroidetes,p_Bacteroidetes,c_Bacteroidia,o_Bacteroidales,f_Bacteroidaceae,g_Bacteroides,g_Bacteroides,s_Bacteroides salyersiae,5
tet(Q),tetracycline,k_Bacteria,p_Bacteroidetes,p_Bacteroidetes,c_Bacteroidia,o_Bacteroidales,f_Odoribacteraceae,g_Odoribacter,g_Odoribacter,s_Odoribacter splanchnicus,5
tet(Q),tetracycline,k_Bacteria,p_Bacteroidetes,p_Bacteroidetes,c_Bacteroidia,o_Bacteroidales,f_Prevotellaceae,g_Prevotella,g_Prevotella,s_Prevotella pectinovora,5
tet(W),tetracycline,k_Bacteria,p_Bacteroidetes,p_Bacteroidetes,c_Bacteroidia,o_Bacteroidales,f_Bacteroidaceae,g_Bacteroides,g_Bacteroides,s_Bacteroides thetaiotaomicron,5
tet(W/N/W),tetracycline,k_Bacteria,p_Firmicutes,p_Firmicutes,c_Clostridia,o_Eubacteriales,f_Eubacteriaceae,g_Eubacterium,g_Eubacterium,s_Eubacterium callanderi,5
tet(W/N/W),tetracycline,k_unknown,p_Uroviricota,p_Uroviricota,c_Caudoviricetes,o_Caudovirales,f_Siphoviridae,g_unknown,Other,s_Siphoviridae sp.,5
tet(Z),tetracycline,k_Bacteria,p_Actinobacteria,p_Actinobacteria,c_Actinomycetia,o_Corynebacteriales,f_Corynebacteriaceae,g_Corynebacterium,g_Corynebacterium,s_Corynebacterium glutamicum,5
vanG,glycopeptide,k_Bacteria,p_Firmicutes,p_Firmicutes,c_Clostridia,o_Eubacteriales,f_Lachnospiraceae,g_unknown,Other,s_Lachnospiraceae bacterium,5
vanG,glycopeptide,k_Bacteria,p_Firmicutes,p_Firmicutes,c_Clostridia,o_Eubacteriales,f_Oscillospiraceae,g_Pseudoflavonifractor,g_Pseudoflavonifractor,s_Pseudoflavonifractor sp. An184,5
vanWG,glycopeptide,k_Bacteria,p_Firmicutes,p_Firmicutes,c_Clostridia,o_Eubacteriales,f_Peptostreptococcaceae,g_Clostridioides,g_Clostridioides,s_Clostridioides difficile,5
vanYB,glycopeptide,k_Bacteria,p_Firmicutes,p_Firmicutes,c_Clostridia,o_Eubacteriales,f_Oscillospiraceae,g_Anaerotruncus,g_Anaerotruncus,s_Anaerotruncus colihominis,5
vanYB,glycopeptide,k_Bacteria,p_Firmicutes,p_Firmicutes,c_Clostridia,o_Eubacteriales,f_Lachnospiraceae,g_Catenibacillus,g_Catenibacillus,s_Catenibacillus scindens,5
vanYB,glycopeptide,k_Bacteria,p_Firmicutes,p_Firmicutes,c_Clostridia,o_Eubacteriales,f_unknown,g_Intestinimonas,g_Intestinimonas,s_Intestinimonas butyriciproducens,5
vanYG,glycopeptide,k_Bacteria,p_Firmicutes,p_Firmicutes,c_Clostridia,o_Eubacteriales,f_Oscillospiraceae,g_Anaerotruncus,g_Anaerotruncus,s_Anaerotruncus colihominis,5
vanYG,glycopeptide,k_Bacteria,p_Firmicutes,p_Firmicutes,c_Clostridia,o_Eubacteriales,f_Lachnospiraceae,g_Lacrimispora,g_Lacrimispora,s_Lacrimispora saccharolytica,5
vanYG,glycopeptide,k_Bacteria,p_Firmicutes,p_Firmicutes,c_Clostridia,o_Eubacteriales,f_Oscillospiraceae,g_Pseudoflavonifractor,g_Pseudoflavonifractor,s_Pseudoflavonifractor capillosus,5
vanYG,glycopeptide,k_Bacteria,p_Firmicutes,p_Firmicutes,c_Clostridia,o_Eubacteriales,f_Lachnospiraceae,g_Blautia,g_Blautia,s_uncultured Blautia sp.,5
ykkC,multidrug,k_Bacteria,p_Firmicutes,p_Firmicutes,c_Bacilli,o_Bacillales,f_Bacillaceae,g_Bacillus,g_Bacillus,s_Bacillus subtilis,5
AAC(6')-Im,aminoglycoside,k_Bacteria,p_Proteobacteria,p_Proteobacteria,c_Epsilonproteobacteria,o_Campylobacterales,f_Campylobacteraceae,g_Campylobacter,g_Campylobacter,s_Campylobacter jejuni,4
ADC-43,cephalosporin,k_Bacteria,p_Proteobacteria,p_Proteobacteria,c_Gammaproteobacteria,o_Moraxellales,f_Moraxellaceae,g_Acinetobacter,g_Acinetobacter,NA,4
ANT(6)-Ib,aminoglycoside,k_Bacteria,p_Firmicutes,p_Firmicutes,c_Clostridia,o_Eubacteriales,f_Clostridiaceae,g_Clostridium,g_Clostridium,s_Clostridium sp. C1,4
APH(2'')-If,aminoglycoside,k_Bacteria,p_Firmicutes,p_Firmicutes,c_Clostridia,o_Eubacteriales,f_Oscillospiraceae,g_Faecalibacterium,g_Faecalibacterium,s_Faecalibacterium prausnitzii,4
Campylobacter jejuni gyrA conferring resistance to fluoroquinolones,fluoroquinolone,k_Bacteria,p_Proteobacteria,p_Proteobacteria,c_Epsilonproteobacteria,o_Campylobacterales,f_Campylobacteraceae,g_Campylobacter,g_Campylobacter,s_Campylobacter jejuni,4
DHA-1,multidrug,k_Bacteria,p_Proteobacteria,p_Proteobacteria,c_Gammaproteobacteria,o_Enterobacterales,f_Morganellaceae,g_Morganella,g_Morganella,s_Morganella morganii,4
Erm(35),multidrug,k_Bacteria,p_Bacteroidetes,p_Bacteroidetes,c_Bacteroidia,o_Bacteroidales,f_Bacteroidaceae,g_Bacteroides,g_Bacteroides,s_Bacteroides eggerthii,4
Erm(35),multidrug,k_Bacteria,p_Bacteroidetes,p_Bacteroidetes,c_Bacteroidia,o_Bacteroidales,f_Bacteroidaceae,g_Bacteroides,g_Bacteroides,s_Bacteroides thetaiotaomicron,4
Erm(42),multidrug,k_Bacteria,p_Proteobacteria,p_Proteobacteria,c_Gammaproteobacteria,o_Moraxellales,f_Moraxellaceae,g_Acinetobacter,g_Acinetobacter,s_Acinetobacter baumannii,4
ErmF,multidrug,k_Bacteria,p_Bacteroidetes,p_Bacteroidetes,c_Bacteroidia,o_Bacteroidales,f_Bacteroidaceae,g_Bacteroides,g_Bacteroides,s_Bacteroides sp. AF20-13LB,4
ErmF,multidrug,k_Bacteria,p_Bacteroidetes,p_Bacteroidetes,c_Bacteroidia,o_Bacteroidales,f_Bacteroidaceae,g_Bacteroides,g_Bacteroides,s_Bacteroides uniformis,4
ErmG,multidrug,k_Bacteria,p_Fusobacteria,p_Fusobacteria,c_Fusobacteriia,o_Fusobacteriales,f_Fusobacteriaceae,g_Fusobacterium,g_Fusobacterium,s_Fusobacterium mortiferum,4
ErmX,multidrug,k_unknown,p_unknown,Other,c_unknown,o_unknown,f_unknown,g_unknown,Other,s_synthetic construct,4
Escherichia coli EF-Tu mutants conferring resistance to Pulvomycin,elfamycin,k_Bacteria,p_Proteobacteria,p_Proteobacteria,c_Gammaproteobacteria,o_Pasteurellales,f_Pasteurellaceae,g_Gallibacterium,g_Gallibacterium,s_Gallibacterium salpingitidis,4
Escherichia coli soxR with mutation conferring antibiotic resistance,multidrug,k_Bacteria,p_Proteobacteria,p_Proteobacteria,c_Gammaproteobacteria,o_Enterobacterales,f_Enterobacteriaceae,g_Escherichia,g_Escherichia,s_Escherichia fergusonii,4
Escherichia coli soxS with mutation conferring antibiotic resistance,multidrug,k_Bacteria,p_Proteobacteria,p_Proteobacteria,c_Gammaproteobacteria,o_Enterobacterales,f_Enterobacteriaceae,g_Escherichia,g_Escherichia,s_Escherichia fergusonii,4
EstT,multidrug,k_Bacteria,p_Bacteroidetes,p_Bacteroidetes,c_Flavobacteriia,o_Flavobacteriales,f_Weeksellaceae,g_Riemerella,g_Riemerella,s_Riemerella anatipestifer,4
FosXCC,phosphonic acid,k_Bacteria,p_Firmicutes,p_Firmicutes,c_Clostridia,o_Eubacteriales,f_Peptostreptococcaceae,g_Clostridioides,g_Clostridioides,s_Clostridioides difficile,4
MCR-1.1,peptide,k_Bacteria,p_Proteobacteria,p_Proteobacteria,c_Gammaproteobacteria,o_Enterobacterales,f_Enterobacteriaceae,g_Escherichia,g_Escherichia,s_Escherichia coli,4
Mef(En2),multidrug,k_Bacteria,p_Bacteroidetes,p_Bacteroidetes,c_Bacteroidia,o_Bacteroidales,f_Bacteroidaceae,g_Phocaeicola,g_Phocaeicola,s_Phocaeicola coprophilus,4
OXA-184,penam,k_Bacteria,p_Proteobacteria,p_Proteobacteria,c_Epsilonproteobacteria,o_Campylobacterales,f_Campylobacteraceae,g_Campylobacter,g_Campylobacter,s_Campylobacter jejuni,4
OXA-347,penam,k_Bacteria,p_Bacteroidetes,p_Bacteroidetes,c_Bacteroidia,o_Bacteroidales,f_Bacteroidaceae,g_Bacteroides,g_Bacteroides,s_Bacteroides sp. AF20-13LB,4
SAT-4,nucleoside,k_Bacteria,p_Spirochaetes,p_Spirochaetes,c_Spirochaetia,o_Brachyspirales,f_Brachyspiraceae,g_Brachyspira,g_Brachyspira,s_Brachyspira pilosicoli,4
SAT-4,nucleoside,k_Bacteria,p_Firmicutes,p_Firmicutes,c_Bacilli,o_Lactobacillales,f_Enterococcaceae,g_Enterococcus,g_Enterococcus,s_Enterococcus faecalis,4
SAT-4,nucleoside,k_Bacteria,p_Bacteroidetes,p_Bacteroidetes,c_Bacteroidia,o_Bacteroidales,f_Bacteroidaceae,g_Phocaeicola,g_Phocaeicola,s_Phocaeicola dorei,4
aad(6),aminoglycoside,k_Bacteria,p_Bacteroidetes,p_Bacteroidetes,c_Bacteroidia,o_Bacteroidales,f_Bacteroidaceae,g_Phocaeicola,g_Phocaeicola,s_Phocaeicola dorei,4
aadA2,aminoglycoside,k_Bacteria,p_Proteobacteria,p_Proteobacteria,c_Gammaproteobacteria,o_Enterobacterales,f_Enterobacteriaceae,g_Escherichia,g_Escherichia,s_Escherichia coli,4
aadA2,aminoglycoside,k_Bacteria,p_Proteobacteria,p_Proteobacteria,c_Gammaproteobacteria,o_Enterobacterales,f_Morganellaceae,g_Proteus,g_Proteus,s_Proteus mirabilis,4
aadS,aminoglycoside,k_Bacteria,p_unknown,Other,c_unknown,o_unknown,f_unknown,g_unknown,Other,s_uncultured bacterium,4
almF,peptide,k_Bacteria,p_Proteobacteria,p_Proteobacteria,c_Gammaproteobacteria,o_Vibrionales,f_Vibrionaceae,g_Vibrio,g_Vibrio,s_Vibrio cholerae,4
aphA15,aminoglycoside,k_Bacteria,p_Proteobacteria,p_Proteobacteria,c_Gammaproteobacteria,o_Pseudomonadales,f_Pseudomonadaceae,g_Pseudomonas,g_Pseudomonas,NA,4
arr-3,rifamycin,k_Bacteria,p_Proteobacteria,p_Proteobacteria,c_Gammaproteobacteria,o_Aeromonadales,f_Aeromonadaceae,g_Aeromonas,g_Aeromonas,s_Aeromonas hydrophila,4
bacA,peptide,k_Bacteria,p_Proteobacteria,p_Proteobacteria,c_Gammaproteobacteria,o_Enterobacterales,f_Enterobacteriaceae,g_Salmonella,g_Salmonella,s_Salmonella enterica,4
catA8,phenicol,k_Bacteria,p_Firmicutes,p_Firmicutes,c_Bacilli,o_Lactobacillales,f_Lactobacillaceae,g_Limosilactobacillus,g_Limosilactobacillus,s_Limosilactobacillus reuteri,4
catB2,phenicol,k_Bacteria,p_Proteobacteria,p_Proteobacteria,c_Gammaproteobacteria,o_Pasteurellales,f_Pasteurellaceae,g_Pasteurella,g_Pasteurella,s_Pasteurella multocida,4
catP,phenicol,k_Bacteria,p_Firmicutes,p_Firmicutes,c_Clostridia,o_Eubacteriales,f_Peptostreptococcaceae,g_Peptoclostridium,g_Peptoclostridium,s_Peptoclostridium sp. AF21-18,4
catQ,phenicol,k_Bacteria,p_Firmicutes,p_Firmicutes,c_Bacilli,o_Lactobacillales,f_Streptococcaceae,g_Streptococcus,g_Streptococcus,s_Streptococcus pneumoniae,4
cfrA,multidrug,k_Bacteria,p_unknown,Other,c_unknown,o_unknown,f_unknown,g_unknown,Other,s_uncultured bacterium,4
cmeR,multidrug,k_Bacteria,p_Proteobacteria,p_Proteobacteria,c_Epsilonproteobacteria,o_Campylobacterales,f_Campylobacteraceae,g_Campylobacter,g_Campylobacter,NA,4
dfrA1,diaminopyrimidine,k_Bacteria,p_Proteobacteria,p_Proteobacteria,c_Gammaproteobacteria,o_Enterobacterales,f_Enterobacteriaceae,g_Klebsiella,g_Klebsiella,s_Klebsiella pneumoniae,4
dfrA12,diaminopyrimidine,k_Bacteria,p_Proteobacteria,p_Proteobacteria,c_Gammaproteobacteria,o_Enterobacterales,f_Morganellaceae,g_Proteus,g_Proteus,s_Proteus mirabilis,4
dfrA19,diaminopyrimidine,k_Bacteria,p_Proteobacteria,p_Proteobacteria,c_Gammaproteobacteria,o_Enterobacterales,f_Enterobacteriaceae,g_Enterobacter,g_Enterobacter,s_Enterobacter hormaechei,4
dfrG,diaminopyrimidine,k_Bacteria,p_Firmicutes,p_Firmicutes,c_Bacilli,o_Lactobacillales,f_Enterococcaceae,g_Enterococcus,g_Enterococcus,s_Enterococcus gallinarum,4
fexA,phenicol,k_Bacteria,p_Firmicutes,p_Firmicutes,c_Negativicutes,o_Selenomonadales,f_Selenomonadaceae,g_Megamonas,g_Megamonas,s_Megamonas funiformis,4
lnuA,lincosamide,k_Bacteria,p_Firmicutes,p_Firmicutes,c_Bacilli,o_Bacillales,f_Staphylococcaceae,g_Staphylococcus,g_Staphylococcus,s_Staphylococcus saprophyticus,4
lnuC,lincosamide,k_Bacteria,p_Firmicutes,p_Firmicutes,c_Clostridia,o_Eubacteriales,f_Oscillospiraceae,g_Anaeromassilibacillus,g_Anaeromassilibacillus,s_Anaeromassilibacillus sp. An172,4
lnuC,lincosamide,k_Bacteria,p_Firmicutes,p_Firmicutes,c_Clostridia,o_Eubacteriales,f_Peptostreptococcaceae,g_Clostridioides,g_Clostridioides,s_Clostridioides difficile,4
lnuC,lincosamide,k_Bacteria,p_Firmicutes,p_Firmicutes,c_Clostridia,o_Eubacteriales,f_unknown,g_Gemmiger,g_Gemmiger,s_Gemmiger sp. An120,4
lnuC,lincosamide,k_Bacteria,p_Firmicutes,p_Firmicutes,c_Bacilli,o_Lactobacillales,f_Lactobacillaceae,g_Ligilactobacillus,g_Ligilactobacillus,s_Ligilactobacillus salivarius,4
lnuC,lincosamide,k_unknown,p_unknown,Other,c_unknown,o_unknown,f_unknown,g_unknown,Other,s_uncultured prokaryote,4
mecI,penam,k_Bacteria,p_Firmicutes,p_Firmicutes,c_Bacilli,o_Bacillales,f_Staphylococcaceae,NA,Other,NA,4
mefH,macrolide,k_Bacteria,p_Firmicutes,p_Firmicutes,c_Clostridia,o_Eubacteriales,f_Oscillospiraceae,g_Anaerotruncus,g_Anaerotruncus,s_Anaerotruncus colihominis,4
mphC,macrolide,k_Bacteria,p_Firmicutes,p_Firmicutes,c_Bacilli,o_Bacillales,f_Staphylococcaceae,g_Staphylococcus,g_Staphylococcus,s_Staphylococcus aureus,4
msbA,nitroimidazole,k_Bacteria,p_Proteobacteria,p_Proteobacteria,c_Gammaproteobacteria,o_Enterobacterales,f_Enterobacteriaceae,g_Enterobacter,g_Enterobacter,s_Enterobacter hormaechei,4
msbA,nitroimidazole,k_Bacteria,p_Proteobacteria,p_Proteobacteria,c_Gammaproteobacteria,o_Enterobacterales,f_Enterobacteriaceae,g_Escherichia,g_Escherichia,s_Escherichia fergusonii,4
nimA,nitroimidazole,k_Bacteria,p_Bacteroidetes,p_Bacteroidetes,c_Bacteroidia,o_Bacteroidales,f_Bacteroidaceae,g_Bacteroides,g_Bacteroides,s_Bacteroides sp. OF04-15BH,4
nimB,nitroimidazole,k_Bacteria,p_Firmicutes,p_Firmicutes,c_Clostridia,o_Eubacteriales,f_unknown,g_Intestinimonas,g_Intestinimonas,s_Intestinimonas butyriciproducens,4
nimB,nitroimidazole,k_Bacteria,p_Firmicutes,p_Firmicutes,c_Clostridia,o_Eubacteriales,f_Lachnospiraceae,g_Lachnoclostridium,g_Lachnoclostridium,s_Lachnoclostridium sp. An14,4
nimF,nitroimidazole,k_Bacteria,p_Firmicutes,p_Firmicutes,c_Clostridia,o_Eubacteriales,f_Lachnospiraceae,g_Mediterraneibacter,g_Mediterraneibacter,s_Mediterraneibacter glycyrrhizinilyticus,4
nimI,nitroimidazole,k_Bacteria,p_Firmicutes,p_Firmicutes,c_Clostridia,o_Eubacteriales,f_Oscillospiraceae,g_Flavonifractor,g_Flavonifractor,s_Flavonifractor sp. An10,4
nimJ,nitroimidazole,k_Bacteria,p_Firmicutes,p_Firmicutes,c_Clostridia,o_Eubacteriales,f_Lachnospiraceae,g_Lachnoclostridium,g_Lachnoclostridium,s_[Clostridium] scindens,4
norC,multidrug,k_Bacteria,p_Firmicutes,p_Firmicutes,c_Bacilli,o_Bacillales,f_Staphylococcaceae,g_Staphylococcus,g_Staphylococcus,s_Staphylococcus equorum,4
qacG,disinfecting agents and antiseptics,k_Bacteria,p_Firmicutes,p_Firmicutes,c_Bacilli,o_Bacillales,f_Staphylococcaceae,g_Staphylococcus,g_Staphylococcus,s_Staphylococcus aureus,4
tet(40),tetracycline,k_Bacteria,p_Firmicutes,p_Firmicutes,c_Clostridia,o_Eubacteriales,f_Oscillospiraceae,g_Fournierella,g_Fournierella,s_Fournierella massiliensis,4
tet(B),tetracycline,k_Bacteria,p_Proteobacteria,p_Proteobacteria,c_Gammaproteobacteria,o_Pasteurellales,f_Pasteurellaceae,g_Pasteurella,g_Pasteurella,s_Pasteurella multocida,4
tet(Q),tetracycline,k_Bacteria,p_Bacteroidetes,p_Bacteroidetes,c_Bacteroidia,o_Bacteroidales,f_Bacteroidaceae,g_Bacteroides,g_Bacteroides,s_Bacteroides caecigallinarum,4
tet(Q),tetracycline,k_Bacteria,p_Bacteroidetes,p_Bacteroidetes,c_Bacteroidia,o_Bacteroidales,f_Prevotellaceae,g_Prevotella,g_Prevotella,s_Prevotella rara,4
tet(W),tetracycline,k_Bacteria,p_Firmicutes,p_Firmicutes,c_Clostridia,o_Eubacteriales,f_Oscillospiraceae,g_Flavonifractor,g_Flavonifractor,s_uncultured Flavonifractor sp.,4
tet(W),tetracycline,k_Bacteria,p_unknown,Other,c_unknown,o_unknown,f_unknown,g_unknown,Other,s_uncultured bacterium Contig1625,4
tet(W/N/W),tetracycline,k_Bacteria,p_Firmicutes,p_Firmicutes,c_Clostridia,o_Eubacteriales,f_Oscillospiraceae,g_unknown,Other,s_Oscillospiraceae bacterium,4
tet(W/N/W),tetracycline,k_Bacteria,p_Firmicutes,p_Firmicutes,c_Clostridia,o_Eubacteriales,f_Oscillospiraceae,g_Pseudoflavonifractor,g_Pseudoflavonifractor,s_Pseudoflavonifractor sp. An85,4
vanHF,glycopeptide,k_Bacteria,NA,Other,NA,NA,NA,NA,Other,NA,4
vanWG,glycopeptide,k_Bacteria,p_Firmicutes,p_Firmicutes,c_Clostridia,o_Eubacteriales,f_Clostridiaceae,g_Clostridium,g_Clostridium,s_Clostridium sp. CAG:762,4
vanWG,glycopeptide,k_Bacteria,p_Firmicutes,p_Firmicutes,c_Bacilli,o_Lactobacillales,f_Enterococcaceae,g_Enterococcus,g_Enterococcus,s_Enterococcus faecalis,4
vanWG,glycopeptide,k_Bacteria,p_Firmicutes,p_Firmicutes,c_Clostridia,o_Eubacteriales,f_Lachnospiraceae,g_unknown,Other,s_Lachnospiraceae bacterium,4
vanXYC,glycopeptide,k_Bacteria,p_Firmicutes,p_Firmicutes,c_Bacilli,o_Lactobacillales,f_Enterococcaceae,g_Enterococcus,g_Enterococcus,NA,4
vanXYG,glycopeptide,k_Bacteria,p_Firmicutes,p_Firmicutes,c_Clostridia,o_Eubacteriales,f_Oscillospiraceae,g_Flavonifractor,g_Flavonifractor,s_Flavonifractor sp. An92,4
vanXYG,glycopeptide,k_Bacteria,p_Firmicutes,p_Firmicutes,c_Clostridia,o_Eubacteriales,f_Lachnospiraceae,g_unknown,Other,s_Lachnospiraceae bacterium,4
vanYB,glycopeptide,k_Bacteria,p_Firmicutes,p_Firmicutes,c_Clostridia,o_Eubacteriales,f_Oscillospiraceae,g_Anaerofilum,g_Anaerofilum,s_Anaerofilum sp. An201,4
vanYB,glycopeptide,k_Bacteria,p_Firmicutes,p_Firmicutes,c_Clostridia,o_Eubacteriales,f_Lachnospiraceae,g_Blautia,g_Blautia,s_Blautia sp. An249,4
vanYB,glycopeptide,k_Bacteria,p_Firmicutes,p_Firmicutes,c_Clostridia,o_Eubacteriales,f_Eubacteriaceae,g_Eubacterium,g_Eubacterium,s_Eubacterium sp. An11,4
vanYB,glycopeptide,k_Bacteria,p_Firmicutes,p_Firmicutes,c_Clostridia,o_Eubacteriales,f_Lachnospiraceae,g_Lachnoclostridium,g_Lachnoclostridium,s_Lachnoclostridium sp. An76,4
vanYG,glycopeptide,k_Bacteria,p_Firmicutes,p_Firmicutes,c_unknown,o_unknown,f_unknown,g_unknown,Other,s_Firmicutes bacterium CAG:94,4
vanYG,glycopeptide,k_Bacteria,p_Firmicutes,p_Firmicutes,c_Clostridia,o_Eubacteriales,f_Oscillospiraceae,g_Flavonifractor,g_Flavonifractor,s_Flavonifractor sp. An306,4
vanYG,glycopeptide,k_Bacteria,p_Firmicutes,p_Firmicutes,c_Clostridia,o_Eubacteriales,f_Oscillospiraceae,g_Pseudoflavonifractor,g_Pseudoflavonifractor,s_Pseudoflavonifractor phocaeensis,4
vanYG,glycopeptide,k_Bacteria,p_Firmicutes,p_Firmicutes,c_Clostridia,o_Eubacteriales,f_Oscillospiraceae,g_Pseudoflavonifractor,g_Pseudoflavonifractor,s_Pseudoflavonifractor sp. AF19-9AC,4
vanYG,glycopeptide,k_Bacteria,p_Firmicutes,p_Firmicutes,c_Bacilli,o_Lactobacillales,f_Streptococcaceae,g_Streptococcus,g_Streptococcus,s_Streptococcus suis,4
vanYG,glycopeptide,k_Bacteria,p_Firmicutes,p_Firmicutes,c_Clostridia,o_Eubacteriales,f_Lachnospiraceae,g_Lachnoclostridium,g_Lachnoclostridium,s_[Clostridium] scindens,4
vanYM,glycopeptide,k_Bacteria,p_Firmicutes,p_Firmicutes,c_Clostridia,o_Eubacteriales,f_Lachnospiraceae,g_Mediterraneibacter,g_Mediterraneibacter,s_Mediterraneibacter glycyrrhizinilyticus,4
23S rRNA (adenine(2058)-N(6))-methyltransferase Erm(A),multidrug,k_Bacteria,p_Firmicutes,p_Firmicutes,c_Bacilli,o_Lactobacillales,f_Streptococcaceae,g_Streptococcus,g_Streptococcus,NA,3
AAC(3)-IIc,aminoglycoside,k_Bacteria,p_Proteobacteria,p_Proteobacteria,c_Gammaproteobacteria,o_Enterobacterales,f_Enterobacteriaceae,g_Klebsiella,g_Klebsiella,s_Klebsiella pneumoniae,3
AAC(6')-Ib8,aminoglycoside,k_Bacteria,p_Proteobacteria,p_Proteobacteria,c_Gammaproteobacteria,o_Enterobacterales,f_Enterobacteriaceae,g_Escherichia,g_Escherichia,s_Escherichia coli,3
AAC(6')-Ie-APH(2'')-Ia bifunctional protein,aminoglycoside,k_Bacteria,p_Firmicutes,p_Firmicutes,c_Bacilli,o_Bacillales,f_Staphylococcaceae,g_Staphylococcus,g_Staphylococcus,s_Staphylococcus aureus,3
ACI-1,multidrug,k_Bacteria,p_unknown,Other,c_unknown,o_unknown,f_unknown,g_unknown,Other,s_uncultured bacterium,3
ANT(6)-Ib,aminoglycoside,k_Bacteria,p_Firmicutes,p_Firmicutes,c_Clostridia,o_Eubacteriales,f_Clostridiaceae,g_Clostridium,g_Clostridium,s_Clostridium perfringens,3
ANT(6)-Ib,aminoglycoside,k_Bacteria,p_Firmicutes,p_Firmicutes,c_Clostridia,o_Eubacteriales,f_Clostridiaceae,g_Clostridium,g_Clostridium,s_Clostridium sp. NSJ-145,3
ANT(9)-Ia,aminoglycoside,k_Bacteria,p_Firmicutes,p_Firmicutes,c_Bacilli,o_Lactobacillales,NA,NA,Other,NA,3
APH(2'')-If,aminoglycoside,k_Bacteria,p_Proteobacteria,p_Proteobacteria,c_Deltaproteobacteria,o_Desulfovibrionales,f_Desulfovibrionaceae,g_Desulfovibrio,g_Desulfovibrio,s_Desulfovibrio piger,3
APH(2'')-Ig,aminoglycoside,k_Bacteria,p_unknown,Other,c_unknown,o_unknown,f_unknown,g_unknown,Other,s_uncultured bacterium,3
APH(3'')-Ib,aminoglycoside,k_unknown,p_unknown,Other,c_unknown,o_unknown,f_unknown,g_unknown,Other,s_uncultured prokaryote,3
APH(3')-IIIa,aminoglycoside,k_Bacteria,p_Firmicutes,p_Firmicutes,c_Bacilli,o_Lactobacillales,f_Enterococcaceae,g_Enterococcus,g_Enterococcus,s_Enterococcus faecium,3
APH(3')-Ia,aminoglycoside,k_Bacteria,p_Bacteroidetes,p_Bacteroidetes,c_Bacteroidia,o_Bacteroidales,f_Bacteroidaceae,g_Bacteroides,g_Bacteroides,s_Bacteroides fragilis,3
APH(3')-Ia,aminoglycoside,k_Bacteria,p_Proteobacteria,p_Proteobacteria,c_Gammaproteobacteria,o_Enterobacterales,f_Enterobacteriaceae,g_Citrobacter,g_Citrobacter,s_Citrobacter freundii,3
APH(3')-Ia,aminoglycoside,k_Bacteria,p_Proteobacteria,p_Proteobacteria,c_Gammaproteobacteria,o_Enterobacterales,f_Enterobacteriaceae,g_Salmonella,g_Salmonella,s_Salmonella enterica,3
APH(3')-VIa,aminoglycoside,k_Bacteria,p_Proteobacteria,p_Proteobacteria,c_Gammaproteobacteria,o_Moraxellales,f_Moraxellaceae,g_Acinetobacter,g_Acinetobacter,s_Acinetobacter baumannii,3
APH(3')-VIa,aminoglycoside,k_Bacteria,p_Proteobacteria,p_Proteobacteria,c_Gammaproteobacteria,o_Enterobacterales,f_Enterobacteriaceae,g_Escherichia,g_Escherichia,s_Escherichia coli,3
Acinetobacter baumannii AbaQ,fluoroquinolone,k_Bacteria,p_Proteobacteria,p_Proteobacteria,c_Gammaproteobacteria,o_Moraxellales,f_Moraxellaceae,g_Acinetobacter,g_Acinetobacter,s_Acinetobacter pittii,3
ArnT,peptide,k_Bacteria,p_Proteobacteria,p_Proteobacteria,c_Gammaproteobacteria,o_Enterobacterales,f_Enterobacteriaceae,g_Enterobacter,g_Enterobacter,s_Enterobacter cloacae,3
ArnT,peptide,k_Bacteria,p_Proteobacteria,p_Proteobacteria,c_Gammaproteobacteria,o_Enterobacterales,f_Enterobacteriaceae,g_Enterobacter,g_Enterobacter,s_Enterobacter hormaechei,3
BRP(MBL),glycopeptide,k_Bacteria,p_Proteobacteria,p_Proteobacteria,c_Gammaproteobacteria,NA,NA,NA,Other,NA,3
Corynebacterium striatum tetA,multidrug,k_Bacteria,p_Actinobacteria,p_Actinobacteria,c_Actinomycetia,o_Corynebacteriales,f_Corynebacteriaceae,g_Corynebacterium,g_Corynebacterium,NA,3
DfrA37,diaminopyrimidine,k_Bacteria,p_Proteobacteria,p_Proteobacteria,c_Gammaproteobacteria,o_Enterobacterales,f_Enterobacteriaceae,g_Salmonella,g_Salmonella,s_Salmonella enterica,3
DfrA37,diaminopyrimidine,k_Bacteria,p_Proteobacteria,p_Proteobacteria,c_Betaproteobacteria,o_Burkholderiales,NA,NA,Other,NA,3
EreA,macrolide,k_Bacteria,p_Proteobacteria,p_Proteobacteria,NA,NA,NA,NA,Other,NA,3
EreD,macrolide,k_Bacteria,p_Bacteroidetes,p_Bacteroidetes,c_Bacteroidia,o_Bacteroidales,f_Bacteroidaceae,g_Phocaeicola,g_Phocaeicola,s_Phocaeicola vulgatus,3
Erm(35),multidrug,k_Bacteria,p_Bacteroidetes,p_Bacteroidetes,c_Bacteroidia,o_Bacteroidales,f_Prevotellaceae,g_Prevotella,g_Prevotella,s_Prevotella pectinovora,3
Erm(52),multidrug,k_Bacteria,p_Firmicutes,p_Firmicutes,c_Clostridia,o_Eubacteriales,f_Oscillospiraceae,g_Pseudoflavonifractor,g_Pseudoflavonifractor,s_Pseudoflavonifractor phocaeensis,3
ErmA,multidrug,k_Bacteria,p_Firmicutes,p_Firmicutes,c_Bacilli,o_Lactobacillales,f_Lactobacillaceae,g_Ligilactobacillus,g_Ligilactobacillus,s_Ligilactobacillus salivarius,3
ErmF,multidrug,k_Bacteria,p_Proteobacteria,p_Proteobacteria,c_Gammaproteobacteria,o_Enterobacterales,f_Enterobacteriaceae,g_Escherichia,g_Escherichia,s_Escherichia coli,3
ErmG,multidrug,k_Bacteria,p_Bacteroidetes,p_Bacteroidetes,c_Bacteroidia,o_Bacteroidales,f_Bacteroidaceae,g_Bacteroides,g_Bacteroides,s_Bacteroides fragilis,3
ErmT,multidrug,k_Bacteria,p_Firmicutes,p_Firmicutes,c_Bacilli,o_Lactobacillales,f_Lactobacillaceae,g_Ligilactobacillus,g_Ligilactobacillus,s_Ligilactobacillus salivarius,3
Escherichia coli EF-Tu mutants conferring resistance to Pulvomycin,elfamycin,k_Bacteria,p_Proteobacteria,p_Proteobacteria,c_Gammaproteobacteria,o_Pasteurellales,f_Pasteurellaceae,g_Avibacterium,g_Avibacterium,s_Avibacterium paragallinarum,3
Escherichia coli EF-Tu mutants conferring resistance to Pulvomycin,elfamycin,k_Bacteria,p_Proteobacteria,p_Proteobacteria,c_Gammaproteobacteria,o_Pasteurellales,f_Pasteurellaceae,g_Gallibacterium,g_Gallibacterium,s_Gallibacterium genomosp. 3,3
EstT,multidrug,k_Bacteria,p_Bacteroidetes,p_Bacteroidetes,c_Bacteroidia,o_Bacteroidales,f_Bacteroidaceae,g_Bacteroides,g_Bacteroides,s_Bacteroides uniformis,3
FosA7.5,phosphonic acid,k_Bacteria,p_Proteobacteria,p_Proteobacteria,c_Gammaproteobacteria,o_Enterobacterales,f_Enterobacteriaceae,g_Escherichia,g_Escherichia,s_Escherichia coli,3
FosB3,phosphonic acid,k_Bacteria,p_Firmicutes,p_Firmicutes,c_Bacilli,o_Bacillales,f_Staphylococcaceae,g_Staphylococcus,g_Staphylococcus,s_Staphylococcus pseudintermedius,3
FosXCC,phosphonic acid,k_Bacteria,p_Firmicutes,p_Firmicutes,c_Clostridia,o_Eubacteriales,f_Lachnospiraceae,g_Blautia,g_Blautia,s_uncultured Blautia sp.,3
Haemophilus influenzae PBP3 conferring resistance to beta-lactam antibiotics,multidrug,k_Bacteria,p_Proteobacteria,p_Proteobacteria,c_Gammaproteobacteria,o_Pasteurellales,f_Pasteurellaceae,g_Avibacterium,g_Avibacterium,s_Avibacterium paragallinarum,3
Klebsiella pneumoniae KpnE,multidrug,k_Bacteria,p_Proteobacteria,p_Proteobacteria,c_Gammaproteobacteria,o_Enterobacterales,f_Enterobacteriaceae,g_Enterobacter,g_Enterobacter,s_Enterobacter bugandensis,3
Klebsiella pneumoniae KpnF,multidrug,k_Bacteria,p_Proteobacteria,p_Proteobacteria,c_Gammaproteobacteria,o_Enterobacterales,f_Enterobacteriaceae,g_Enterobacter,g_Enterobacter,s_Enterobacter bugandensis,3
Klebsiella pneumoniae OmpK37,multidrug,k_Bacteria,p_Proteobacteria,p_Proteobacteria,c_Gammaproteobacteria,o_Enterobacterales,f_Enterobacteriaceae,g_Klebsiella,g_Klebsiella,NA,3
Mef(En2),multidrug,k_Bacteria,p_Bacteroidetes,p_Bacteroidetes,c_Bacteroidia,o_Bacteroidales,f_Rikenellaceae,g_Alistipes,g_Alistipes,s_Alistipes sp. An66,3
Mef(En2),multidrug,k_Bacteria,p_Bacteroidetes,p_Bacteroidetes,c_Flavobacteriia,o_Flavobacteriales,f_Weeksellaceae,g_Riemerella,g_Riemerella,s_Riemerella anatipestifer,3
Mrx,macrolide,k_Bacteria,p_Proteobacteria,p_Proteobacteria,c_Gammaproteobacteria,o_Enterobacterales,f_Enterobacteriaceae,NA,Other,NA,3
OXA-820,multidrug,k_Bacteria,p_Proteobacteria,p_Proteobacteria,c_Gammaproteobacteria,o_Moraxellales,f_Moraxellaceae,g_Acinetobacter,g_Acinetobacter,NA,3
OXA-912,penam,k_Bacteria,p_Proteobacteria,p_Proteobacteria,c_Gammaproteobacteria,o_Aeromonadales,f_Aeromonadaceae,g_Aeromonas,g_Aeromonas,NA,3
PmrF,peptide,k_Bacteria,p_Proteobacteria,p_Proteobacteria,c_Gammaproteobacteria,o_Pseudomonadales,f_Pseudomonadaceae,g_Pseudomonas,g_Pseudomonas,s_Pseudomonas aeruginosa,3
SAT-4,nucleoside,k_Bacteria,p_Firmicutes,p_Firmicutes,c_Clostridia,o_Eubacteriales,f_Peptostreptococcaceae,g_Clostridioides,g_Clostridioides,s_Clostridioides difficile,3
Streptococcus suis chloramphenicol acetyltransferase,phenicol,k_Bacteria,p_Proteobacteria,p_Proteobacteria,c_Epsilonproteobacteria,o_Campylobacterales,f_Campylobacteraceae,g_Campylobacter,g_Campylobacter,s_Campylobacter jejuni,3
TEM-1,multidrug,k_Bacteria,p_Proteobacteria,p_Proteobacteria,c_Gammaproteobacteria,o_Enterobacterales,f_Enterobacteriaceae,g_Klebsiella,g_Klebsiella,s_Klebsiella pneumoniae,3
Vibrio anguillarum chloramphenicol acetyltransferase,phenicol,k_Bacteria,p_Firmicutes,p_Firmicutes,c_Clostridia,o_Eubacteriales,f_Lachnospiraceae,g_Anaerotignum,g_Anaerotignum,s_Anaerotignum lactatifermentans,3
Vibrio anguillarum chloramphenicol acetyltransferase,phenicol,k_Bacteria,p_Firmicutes,p_Firmicutes,c_Clostridia,o_Eubacteriales,f_Clostridiaceae,g_Clostridium,g_Clostridium,s_Clostridium sp. AM22-11AC,3
Vibrio anguillarum chloramphenicol acetyltransferase,phenicol,k_Bacteria,p_Firmicutes,p_Firmicutes,c_Clostridia,o_Eubacteriales,f_Oscillospiraceae,g_Pseudoflavonifractor,g_Pseudoflavonifractor,s_Pseudoflavonifractor sp. An85,3
Vibrio cholerae varG,carbapenem,k_Bacteria,p_Proteobacteria,p_Proteobacteria,c_Gammaproteobacteria,o_Vibrionales,f_Vibrionaceae,g_Vibrio,g_Vibrio,s_Vibrio cholerae,3
YojI,peptide,k_Bacteria,p_Proteobacteria,p_Proteobacteria,c_Gammaproteobacteria,o_Enterobacterales,f_Enterobacteriaceae,NA,Other,NA,3
aadA16,aminoglycoside,k_Bacteria,p_Proteobacteria,p_Proteobacteria,c_Gammaproteobacteria,o_Enterobacterales,f_Enterobacteriaceae,g_Klebsiella,g_Klebsiella,s_Klebsiella pneumoniae,3
abeS,multidrug,k_Bacteria,p_Proteobacteria,p_Proteobacteria,c_Gammaproteobacteria,o_Moraxellales,f_Moraxellaceae,g_Acinetobacter,g_Acinetobacter,s_Acinetobacter pittii,3
almG,peptide,k_Bacteria,p_Proteobacteria,p_Proteobacteria,c_Gammaproteobacteria,o_Vibrionales,f_Vibrionaceae,g_Vibrio,g_Vibrio,s_Vibrio cholerae,3
arr-2,rifamycin,k_Bacteria,p_Proteobacteria,p_Proteobacteria,c_Gammaproteobacteria,o_Enterobacterales,f_Enterobacteriaceae,g_Escherichia,g_Escherichia,s_Escherichia coli,3
bacA,peptide,k_Bacteria,p_Proteobacteria,p_Proteobacteria,c_Gammaproteobacteria,o_Enterobacterales,f_Enterobacteriaceae,g_Escherichia,g_Escherichia,s_Escherichia fergusonii,3
baeS,multidrug,k_Bacteria,p_Proteobacteria,p_Proteobacteria,c_Gammaproteobacteria,o_Enterobacterales,f_Enterobacteriaceae,g_Escherichia,g_Escherichia,s_Escherichia coli,3
catA4,phenicol,k_Bacteria,p_Proteobacteria,p_Proteobacteria,c_Gammaproteobacteria,o_Enterobacterales,f_Morganellaceae,g_Proteus,g_Proteus,NA,3
catA8,phenicol,k_Bacteria,p_Firmicutes,p_Firmicutes,c_Bacilli,o_Lactobacillales,f_Enterococcaceae,g_Enterococcus,g_Enterococcus,s_Enterococcus faecalis,3
catIII,phenicol,k_Bacteria,p_Proteobacteria,p_Proteobacteria,c_Gammaproteobacteria,o_Enterobacterales,f_Enterobacteriaceae,g_Escherichia,g_Escherichia,s_Escherichia coli,3
catP,phenicol,k_Bacteria,p_Firmicutes,p_Firmicutes,c_Clostridia,o_Eubacteriales,f_Lachnospiraceae,g_unknown,Other,s_Lachnospiraceae bacterium,3
cfrA,multidrug,k_Bacteria,p_Bacteroidetes,p_Bacteroidetes,c_Bacteroidia,o_Bacteroidales,f_Tannerellaceae,g_Parabacteroides,g_Parabacteroides,s_Parabacteroides distasonis,3
dfrA12,diaminopyrimidine,k_Bacteria,p_Proteobacteria,p_Proteobacteria,c_Gammaproteobacteria,o_Enterobacterales,f_Enterobacteriaceae,g_Escherichia,g_Escherichia,s_Escherichia coli,3
dfrA19,diaminopyrimidine,k_Bacteria,p_Proteobacteria,p_Proteobacteria,c_Gammaproteobacteria,o_Enterobacterales,f_Enterobacteriaceae,NA,Other,NA,3
dfrA6 from Proteus mirabilis,diaminopyrimidine,k_Bacteria,p_Proteobacteria,p_Proteobacteria,c_Gammaproteobacteria,o_Vibrionales,f_Vibrionaceae,g_Vibrio,g_Vibrio,NA,3
dfrF,diaminopyrimidine,k_Bacteria,p_Firmicutes,p_Firmicutes,c_Clostridia,o_Eubacteriales,f_Lachnospiraceae,g_Blautia,g_Blautia,s_Blautia obeum,3
dfrF,diaminopyrimidine,k_Bacteria,p_Firmicutes,p_Firmicutes,c_Erysipelotrichia,o_Erysipelotrichales,f_Erysipelotrichaceae,g_Erysipelatoclostridium,g_Erysipelatoclostridium,s_[Clostridium] spiroforme,3
dfrG,diaminopyrimidine,k_Bacteria,p_Firmicutes,p_Firmicutes,c_Bacilli,o_Lactobacillales,f_Enterococcaceae,g_Enterococcus,g_Enterococcus,s_Enterococcus faecium,3
fexA,phenicol,k_Bacteria,p_Firmicutes,p_Firmicutes,c_Bacilli,o_Lactobacillales,f_Enterococcaceae,g_Enterococcus,g_Enterococcus,s_Enterococcus faecium,3
fexA,phenicol,k_Bacteria,p_Deferribacteres,p_Deferribacteres,c_Deferribacteres,o_Deferribacterales,f_Deferribacteraceae,g_Mucispirillum,g_Mucispirillum,s_Mucispirillum schaedleri,3
fexB,phenicol,k_Bacteria,p_Firmicutes,p_Firmicutes,c_Bacilli,o_Lactobacillales,f_Lactobacillaceae,g_Ligilactobacillus,g_Ligilactobacillus,s_Ligilactobacillus salivarius,3
kdpE,aminoglycoside,k_Bacteria,p_Proteobacteria,p_Proteobacteria,c_Gammaproteobacteria,o_Enterobacterales,f_Enterobacteriaceae,g_Salmonella,g_Salmonella,s_Salmonella enterica,3
lnuA,lincosamide,k_Bacteria,p_Firmicutes,p_Firmicutes,c_Bacilli,o_Lactobacillales,f_Lactobacillaceae,g_Pediococcus,g_Pediococcus,s_Pediococcus pentosaceus,3
lnuA,lincosamide,k_Bacteria,p_Firmicutes,p_Firmicutes,c_Bacilli,o_Bacillales,f_Staphylococcaceae,g_Staphylococcus,g_Staphylococcus,s_Staphylococcus xylosus,3
lnuB,lincosamide,k_Bacteria,p_Firmicutes,p_Firmicutes,c_Bacilli,o_Lactobacillales,f_Lactobacillaceae,g_Ligilactobacillus,g_Ligilactobacillus,s_Ligilactobacillus salivarius,3
lnuC,lincosamide,k_Bacteria,p_Firmicutes,p_Firmicutes,c_Clostridia,o_Eubacteriales,f_Christensenellaceae,g_unknown,Other,s_Christensenellaceae bacterium,3
lnuC,lincosamide,k_Bacteria,p_Firmicutes,p_Firmicutes,c_Clostridia,o_Eubacteriales,f_unknown,g_Gemmiger,g_Gemmiger,s_Gemmiger formicilis,3
lnuC,lincosamide,k_Bacteria,p_Firmicutes,p_Firmicutes,c_Clostridia,o_Eubacteriales,f_Clostridiaceae,g_Hungatella,g_Hungatella,s_Hungatella hathewayi,3
lnuC,lincosamide,k_Bacteria,p_Firmicutes,p_Firmicutes,c_Clostridia,o_Eubacteriales,f_Lachnospiraceae,g_Mediterraneibacter,g_Mediterraneibacter,s_Mediterraneibacter catenae,3
lnuC,lincosamide,k_unknown,p_Uroviricota,p_Uroviricota,c_Caudoviricetes,o_Caudovirales,f_Myoviridae,g_unknown,Other,s_Myoviridae sp.,3
lnuC,lincosamide,k_Bacteria,p_Firmicutes,p_Firmicutes,c_Clostridia,o_Eubacteriales,f_Oscillospiraceae,g_unknown,Other,s_Oscillospiraceae bacterium,3
lnuC,lincosamide,k_Bacteria,p_Firmicutes,p_Firmicutes,c_Clostridia,o_Eubacteriales,f_Oscillospiraceae,g_Pseudoflavonifractor,g_Pseudoflavonifractor,s_Pseudoflavonifractor sp. An85,3
lnuC,lincosamide,k_Bacteria,p_Firmicutes,p_Firmicutes,c_Bacilli,o_Lactobacillales,f_Streptococcaceae,g_Streptococcus,g_Streptococcus,s_Streptococcus suis,3
lsaE,multidrug,k_Bacteria,p_Firmicutes,p_Firmicutes,c_Bacilli,o_Lactobacillales,f_Lactobacillaceae,g_Ligilactobacillus,g_Ligilactobacillus,s_Ligilactobacillus salivarius,3
mdtG,phosphonic acid,k_Bacteria,p_Proteobacteria,p_Proteobacteria,c_Gammaproteobacteria,o_Enterobacterales,f_Enterobacteriaceae,g_Shigella,g_Shigella,s_Shigella sonnei,3
mdtO,multidrug,k_Bacteria,p_Proteobacteria,p_Proteobacteria,c_Gammaproteobacteria,o_Enterobacterales,f_Enterobacteriaceae,NA,Other,NA,3
mecA,penam,k_Bacteria,p_Firmicutes,p_Firmicutes,c_Bacilli,o_Bacillales,f_Staphylococcaceae,g_Staphylococcus,g_Staphylococcus,s_Staphylococcus pseudintermedius,3
mecA,penam,k_Bacteria,p_Firmicutes,p_Firmicutes,c_Bacilli,o_Bacillales,f_Staphylococcaceae,g_Staphylococcus,g_Staphylococcus,NA,3
mecI,penam,k_Bacteria,p_Firmicutes,p_Firmicutes,c_Bacilli,o_Bacillales,f_Staphylococcaceae,g_Staphylococcus,g_Staphylococcus,s_Staphylococcus aureus,3
mecR1,penam,k_Bacteria,p_Firmicutes,p_Firmicutes,c_Bacilli,o_Bacillales,f_Staphylococcaceae,g_Staphylococcus,g_Staphylococcus,NA,3
mefH,macrolide,k_Bacteria,p_Firmicutes,p_Firmicutes,c_Clostridia,o_Eubacteriales,f_Oscillospiraceae,g_Flavonifractor,g_Flavonifractor,s_Flavonifractor plautii,3
mphK,macrolide,k_Bacteria,p_Firmicutes,p_Firmicutes,c_Bacilli,o_Bacillales,f_Bacillaceae,g_Bacillus,g_Bacillus,s_Bacillus subtilis,3
nimA,nitroimidazole,k_Bacteria,p_Firmicutes,p_Firmicutes,c_Clostridia,o_Eubacteriales,f_unknown,g_Intestinimonas,g_Intestinimonas,s_Intestinimonas timonensis,3
nimA,nitroimidazole,k_Bacteria,p_Bacteroidetes,p_Bacteroidetes,c_Bacteroidia,o_Bacteroidales,f_Bacteroidaceae,g_Phocaeicola,g_Phocaeicola,s_Phocaeicola vulgatus,3
nimA,nitroimidazole,k_Bacteria,p_Firmicutes,p_Firmicutes,c_Clostridia,o_Eubacteriales,f_Oscillospiraceae,g_Pseudoflavonifractor,g_Pseudoflavonifractor,s_Pseudoflavonifractor sp. AF19-9AC,3
nimG,nitroimidazole,k_Bacteria,p_Firmicutes,p_Firmicutes,c_Clostridia,o_Eubacteriales,f_Oscillospiraceae,g_Flavonifractor,g_Flavonifractor,s_Flavonifractor sp. An100,3
nimH,nitroimidazole,k_Bacteria,p_Bacteroidetes,p_Bacteroidetes,c_Bacteroidia,o_Bacteroidales,f_Bacteroidaceae,g_Bacteroides,g_Bacteroides,s_Bacteroides fragilis,3
nimI,nitroimidazole,k_Bacteria,p_Firmicutes,p_Firmicutes,c_Clostridia,o_Eubacteriales,f_Oscillospiraceae,g_Pseudoflavonifractor,g_Pseudoflavonifractor,NA,3
nimJ,nitroimidazole,k_Bacteria,p_Firmicutes,p_Firmicutes,c_Clostridia,o_Eubacteriales,f_Clostridiaceae,g_Clostridium,g_Clostridium,s_Clostridium sp. CAG:1013,3
nimJ,nitroimidazole,k_Bacteria,p_Firmicutes,p_Firmicutes,c_Clostridia,o_Eubacteriales,f_Lachnospiraceae,g_Dorea,g_Dorea,s_Dorea formicigenerans,3
nimJ,nitroimidazole,k_Bacteria,p_Firmicutes,p_Firmicutes,c_Erysipelotrichia,o_Erysipelotrichales,f_Erysipelotrichaceae,g_Faecalitalea,g_Faecalitalea,s_Faecalitalea cylindroides,3
poxtA,multidrug,k_Bacteria,p_Firmicutes,p_Firmicutes,c_Clostridia,o_Eubacteriales,f_Oscillospiraceae,g_Pseudoflavonifractor,g_Pseudoflavonifractor,s_Pseudoflavonifractor phocaeensis,3
qacG,disinfecting agents and antiseptics,k_Bacteria,p_Firmicutes,p_Firmicutes,c_Bacilli,NA,NA,NA,Other,NA,3
rsmA,multidrug,k_Bacteria,p_Proteobacteria,p_Proteobacteria,c_Gammaproteobacteria,o_Enterobacterales,f_Enterobacteriaceae,g_Shigella,g_Shigella,s_Shigella sonnei,3
sdrM,multidrug,k_Bacteria,p_Firmicutes,p_Firmicutes,c_Bacilli,o_Bacillales,f_Staphylococcaceae,g_Staphylococcus,g_Staphylococcus,s_Staphylococcus arlettae,3
sepA,disinfecting agents and antiseptics,k_Bacteria,p_Firmicutes,p_Firmicutes,c_Bacilli,o_Bacillales,f_Staphylococcaceae,g_Staphylococcus,g_Staphylococcus,s_Staphylococcus arlettae,3
sul2,sulfonamide,k_Bacteria,p_Proteobacteria,p_Proteobacteria,c_Gammaproteobacteria,o_Enterobacterales,f_Enterobacteriaceae,g_Salmonella,g_Salmonella,s_Salmonella enterica,3
tet(32),tetracycline,k_Bacteria,p_Firmicutes,p_Firmicutes,c_Clostridia,o_Eubacteriales,f_Oscillospiraceae,g_Flavonifractor,g_Flavonifractor,s_uncultured Flavonifractor sp.,3
tet(40),tetracycline,k_Bacteria,p_Firmicutes,p_Firmicutes,c_Clostridia,o_Eubacteriales,f_Oscillospiraceae,g_Faecalibacterium,g_Faecalibacterium,s_Faecalibacterium prausnitzii,3
tet(45),tetracycline,k_Bacteria,p_Firmicutes,p_Firmicutes,c_Bacilli,o_Lactobacillales,f_Enterococcaceae,g_Enterococcus,g_Enterococcus,s_Enterococcus saigonensis,3
tet(59),tetracycline,k_Bacteria,p_Proteobacteria,p_Proteobacteria,c_Gammaproteobacteria,o_Vibrionales,f_Vibrionaceae,g_Vibrio,g_Vibrio,NA,3
tet(C),tetracycline,k_Bacteria,p_Proteobacteria,p_Proteobacteria,c_Gammaproteobacteria,o_Enterobacterales,f_Enterobacteriaceae,g_Klebsiella,g_Klebsiella,s_Klebsiella pneumoniae,3
tet(M),tetracycline,k_Bacteria,p_Firmicutes,p_Firmicutes,c_Negativicutes,o_Selenomonadales,f_Selenomonadaceae,g_Megamonas,g_Megamonas,s_Megamonas funiformis,3
tet(O),tetracycline,k_Bacteria,p_Firmicutes,p_Firmicutes,c_Clostridia,o_Eubacteriales,f_Lachnospiraceae,g_Enterocloster,g_Enterocloster,s_Enterocloster bolteae,3
tet(O),tetracycline,k_Bacteria,p_Firmicutes,p_Firmicutes,c_Bacilli,o_Bacillales,f_Staphylococcaceae,g_Staphylococcus,g_Staphylococcus,s_Staphylococcus aureus,3
tet(O),tetracycline,k_Bacteria,p_Firmicutes,p_Firmicutes,c_Clostridia,o_Eubacteriales,f_Oscillospiraceae,g_Flavonifractor,g_Flavonifractor,s_uncultured Flavonifractor sp.,3
tet(O/W/32/O),tetracycline,k_Bacteria,p_Actinobacteria,p_Actinobacteria,c_Actinomycetia,o_Bifidobacteriales,f_Bifidobacteriaceae,g_Bifidobacterium,g_Bifidobacterium,s_Bifidobacterium thermophilum,3
tet(W),tetracycline,k_Bacteria,p_Firmicutes,p_Firmicutes,c_Clostridia,o_Eubacteriales,f_Clostridiaceae,g_Butyricicoccus,g_Butyricicoccus,s_Butyricicoccus pullicaecorum,3
tet(W),tetracycline,k_Bacteria,p_Firmicutes,p_Firmicutes,c_Bacilli,o_Lactobacillales,f_Lactobacillaceae,g_Limosilactobacillus,g_Limosilactobacillus,s_Limosilactobacillus reuteri,3
tet(W),tetracycline,k_Bacteria,p_Firmicutes,p_Firmicutes,c_Negativicutes,o_Acidaminococcales,f_Acidaminococcaceae,g_Phascolarctobacterium,g_Phascolarctobacterium,s_Phascolarctobacterium succinatutens,3
tet(W),tetracycline,k_Bacteria,p_Firmicutes,p_Firmicutes,c_Bacilli,o_Lactobacillales,f_Streptococcaceae,g_Streptococcus,g_Streptococcus,s_Streptococcus suis,3
tet(W/N/W),tetracycline,k_Bacteria,p_Proteobacteria,p_Proteobacteria,c_Deltaproteobacteria,o_Desulfovibrionales,f_Desulfovibrionaceae,g_Bilophila,g_Bilophila,s_Bilophila wadsworthia,3
tet(W/N/W),tetracycline,k_Bacteria,p_Actinobacteria,p_Actinobacteria,c_Coriobacteriia,o_Eggerthellales,f_Eggerthellaceae,g_Eggerthella,g_Eggerthella,s_Eggerthella lenta,3
tet(W/N/W),tetracycline,k_unknown,p_Uroviricota,p_Uroviricota,c_Caudoviricetes,o_Caudovirales,f_Myoviridae,g_unknown,Other,s_Myoviridae sp.,3
tet(X1),tetracycline,k_Bacteria,p_unknown,Other,c_unknown,o_unknown,f_unknown,g_unknown,Other,s_uncultured bacterium,3
tmrB,nucleoside,k_Bacteria,p_Firmicutes,p_Firmicutes,c_Bacilli,o_Bacillales,f_Bacillaceae,g_Bacillus,g_Bacillus,NA,3
ugd,peptide,k_Bacteria,p_Proteobacteria,p_Proteobacteria,c_Gammaproteobacteria,o_Enterobacterales,f_Enterobacteriaceae,g_Salmonella,g_Salmonella,s_Salmonella enterica,3
vanF,glycopeptide,k_Bacteria,p_Firmicutes,p_Firmicutes,NA,NA,NA,NA,Other,NA,3
vanHO,glycopeptide,k_Bacteria,p_Actinobacteria,p_Actinobacteria,c_Actinomycetia,NA,NA,NA,Other,NA,3
vanTG,glycopeptide,k_Bacteria,p_Firmicutes,p_Firmicutes,c_Bacilli,o_Lactobacillales,f_Streptococcaceae,g_Streptococcus,g_Streptococcus,s_Streptococcus agalactiae,3
vanWI,glycopeptide,k_Bacteria,p_Firmicutes,p_Firmicutes,c_Clostridia,o_Eubacteriales,NA,NA,Other,NA,3
vanXO,glycopeptide,k_Bacteria,p_Actinobacteria,p_Actinobacteria,c_Actinomycetia,o_Micrococcales,NA,NA,Other,NA,3
vanXYG,glycopeptide,k_Bacteria,p_Firmicutes,p_Firmicutes,c_Clostridia,o_Eubacteriales,f_Lachnospiraceae,g_Catenibacillus,g_Catenibacillus,s_Catenibacillus scindens,3
vanYB,glycopeptide,k_Bacteria,p_Firmicutes,p_Firmicutes,c_Clostridia,o_Eubacteriales,f_Oscillospiraceae,g_Anaeromassilibacillus,g_Anaeromassilibacillus,s_Anaeromassilibacillus sp. An200,3
vanYB,glycopeptide,k_Bacteria,p_Firmicutes,p_Firmicutes,c_Clostridia,o_Eubacteriales,f_Oscillospiraceae,g_Angelakisella,g_Angelakisella,s_Angelakisella massiliensis,3
vanYB,glycopeptide,k_Bacteria,p_Firmicutes,p_Firmicutes,c_Clostridia,o_Eubacteriales,f_Eubacteriaceae,g_unknown,Other,s_Eubacteriaceae bacterium CHKCI004,3
vanYB,glycopeptide,k_Bacteria,p_Firmicutes,p_Firmicutes,c_Clostridia,o_Eubacteriales,f_Oscillospiraceae,g_Flavonifractor,g_Flavonifractor,s_Flavonifractor plautii,3
vanYB,glycopeptide,k_Bacteria,p_Firmicutes,p_Firmicutes,c_Clostridia,o_Eubacteriales,f_Oscillospiraceae,g_Pseudoflavonifractor,g_Pseudoflavonifractor,s_Pseudoflavonifractor sp. An184,3
vanYF,glycopeptide,k_Bacteria,p_Firmicutes,p_Firmicutes,c_Clostridia,o_Eubacteriales,f_Oscillospiraceae,g_Anaerofilum,g_Anaerofilum,s_Anaerofilum sp. An201,3
vanYF,glycopeptide,k_Bacteria,p_Firmicutes,p_Firmicutes,c_Clostridia,o_Eubacteriales,f_Oscillospiraceae,g_Dysosmobacter,g_Dysosmobacter,s_Dysosmobacter sp. Marseille-Q4140,3
vanYF,glycopeptide,k_Bacteria,p_Firmicutes,p_Firmicutes,c_Clostridia,o_Eubacteriales,f_Oscillospiraceae,g_Flavonifractor,g_Flavonifractor,s_Flavonifractor plautii,3
vanYF,glycopeptide,k_Bacteria,p_Firmicutes,p_Firmicutes,c_Clostridia,o_Eubacteriales,f_Lachnospiraceae,g_Mediterraneibacter,g_Mediterraneibacter,s_Mediterraneibacter glycyrrhizinilyticus,3
vanYG,glycopeptide,k_Bacteria,p_Firmicutes,p_Firmicutes,c_Clostridia,o_Eubacteriales,f_Lachnospiraceae,g_Blautia,g_Blautia,s_Blautia sp. An81,3
vanYG,glycopeptide,k_Bacteria,p_Firmicutes,p_Firmicutes,c_Clostridia,o_Eubacteriales,f_Eubacteriaceae,g_Eubacterium,g_Eubacterium,s_Eubacterium sp. An11,3
vanYG,glycopeptide,k_Bacteria,p_Firmicutes,p_Firmicutes,c_Clostridia,o_Eubacteriales,f_unknown,g_Gemmiger,g_Gemmiger,s_Gemmiger sp. An194,3
vanYG,glycopeptide,k_Bacteria,p_Firmicutes,p_Firmicutes,c_Clostridia,o_Eubacteriales,f_unknown,g_Gemmiger,g_Gemmiger,s_Gemmiger sp. An50,3
vanYG,glycopeptide,k_Bacteria,p_Firmicutes,p_Firmicutes,c_Erysipelotrichia,o_Erysipelotrichales,f_Erysipelotrichaceae,g_Erysipelatoclostridium,g_Erysipelatoclostridium,s_[Clostridium] spiroforme,3
23S rRNA (adenine(2058)-N(6))-methyltransferase Erm(A),multidrug,k_Bacteria,p_Firmicutes,p_Firmicutes,c_Bacilli,o_Lactobacillales,f_Streptococcaceae,g_Streptococcus,g_Streptococcus,s_Streptococcus agalactiae,2
23S rRNA (adenine(2058)-N(6))-methyltransferase Erm(A),multidrug,k_Bacteria,p_Firmicutes,p_Firmicutes,c_Bacilli,o_Lactobacillales,f_Streptococcaceae,g_Streptococcus,g_Streptococcus,s_Streptococcus pyogenes,2
AAC(3)-IVa,aminoglycoside,k_Bacteria,p_Proteobacteria,p_Proteobacteria,c_Gammaproteobacteria,o_Enterobacterales,f_Enterobacteriaceae,g_Klebsiella,g_Klebsiella,s_Klebsiella pneumoniae,2
AAC(3)-IVa,aminoglycoside,k_Bacteria,p_Proteobacteria,p_Proteobacteria,c_Gammaproteobacteria,o_Pasteurellales,f_Pasteurellaceae,g_Pasteurella,g_Pasteurella,s_Pasteurella multocida,2
AAC(6')-Ib-cr6,multidrug,k_Bacteria,p_Proteobacteria,p_Proteobacteria,c_Gammaproteobacteria,o_Enterobacterales,f_Morganellaceae,g_Proteus,g_Proteus,s_Proteus mirabilis,2
AAC(6')-Ib8,aminoglycoside,k_Bacteria,p_Proteobacteria,p_Proteobacteria,c_Gammaproteobacteria,o_Enterobacterales,f_Enterobacteriaceae,g_Enterobacter,g_Enterobacter,s_Enterobacter hormaechei,2
AAC(6')-Ib9,aminoglycoside,k_Bacteria,p_Proteobacteria,p_Proteobacteria,c_Gammaproteobacteria,o_Vibrionales,f_Vibrionaceae,g_Vibrio,g_Vibrio,s_Vibrio vulnificus,2
AAC(6')-Ie-APH(2'')-Ia bifunctional protein,aminoglycoside,k_Bacteria,p_Proteobacteria,p_Proteobacteria,c_Epsilonproteobacteria,o_Campylobacterales,f_Campylobacteraceae,g_Campylobacter,g_Campylobacter,s_Campylobacter jejuni,2
AAC(6')-Ie-APH(2'')-Ia bifunctional protein,aminoglycoside,k_Bacteria,p_Firmicutes,p_Firmicutes,c_Negativicutes,o_Selenomonadales,f_Selenomonadaceae,g_Megamonas,g_Megamonas,s_Megamonas funiformis,2
AAC(6')-Ie-APH(2'')-Ia bifunctional protein,aminoglycoside,k_Bacteria,p_Firmicutes,p_Firmicutes,c_Bacilli,o_Lactobacillales,f_Streptococcaceae,g_Streptococcus,g_Streptococcus,s_Streptococcus uberis,2
AAC(6')-Im,aminoglycoside,k_Bacteria,p_Firmicutes,p_Firmicutes,c_Clostridia,o_Eubacteriales,f_Clostridiaceae,g_Clostridium,g_Clostridium,s_Clostridium perfringens,2
AAC(6')-Im,aminoglycoside,k_Bacteria,p_Firmicutes,p_Firmicutes,c_Clostridia,o_Eubacteriales,f_Eubacteriaceae,g_unknown,Other,s_Eubacteriaceae bacterium CHKCI004,2
ACT-56,multidrug,k_Bacteria,p_Proteobacteria,p_Proteobacteria,c_Gammaproteobacteria,o_Enterobacterales,f_Enterobacteriaceae,g_Enterobacter,g_Enterobacter,NA,2
ACT-77,multidrug,k_Bacteria,p_Proteobacteria,p_Proteobacteria,c_Gammaproteobacteria,o_Enterobacterales,f_Enterobacteriaceae,g_Enterobacter,g_Enterobacter,NA,2
ADC-43,cephalosporin,k_Bacteria,p_Proteobacteria,p_Proteobacteria,c_Gammaproteobacteria,o_Moraxellales,f_Moraxellaceae,g_Acinetobacter,g_Acinetobacter,s_Acinetobacter pittii,2
ANT(2'')-Ia,aminoglycoside,k_Bacteria,p_Proteobacteria,p_Proteobacteria,c_Gammaproteobacteria,o_Pseudomonadales,f_Pseudomonadaceae,g_Pseudomonas,g_Pseudomonas,s_Pseudomonas aeruginosa,2
ANT(6)-Ia,aminoglycoside,k_Bacteria,p_Firmicutes,p_Firmicutes,c_Bacilli,o_Lactobacillales,f_Enterococcaceae,g_Enterococcus,g_Enterococcus,s_Enterococcus cecorum,2
ANT(6)-Ia,aminoglycoside,k_Bacteria,p_Firmicutes,p_Firmicutes,c_Bacilli,o_Lactobacillales,f_Enterococcaceae,g_Enterococcus,g_Enterococcus,s_Enterococcus faecium,2
ANT(6)-Ia,aminoglycoside,k_Bacteria,p_Firmicutes,p_Firmicutes,c_Bacilli,o_Lactobacillales,f_Streptococcaceae,g_Streptococcus,g_Streptococcus,s_Streptococcus alactolyticus,2
ANT(6)-Ia,aminoglycoside,k_Bacteria,p_Firmicutes,p_Firmicutes,c_Erysipelotrichia,o_Erysipelotrichales,f_Turicibacteraceae,g_Turicibacter,g_Turicibacter,s_Turicibacter sp. TJ11,2
ANT(6)-Ib,aminoglycoside,k_Bacteria,p_Firmicutes,p_Firmicutes,c_Erysipelotrichia,o_Erysipelotrichales,f_Coprobacillaceae,g_Coprobacillus,g_Coprobacillus,s_Coprobacillus sp. CAG:698,2
ANT(6)-Ib,aminoglycoside,k_Bacteria,p_Firmicutes,p_Firmicutes,c_Clostridia,o_Eubacteriales,f_Peptostreptococcaceae,g_Peptacetobacter,g_Peptacetobacter,s_Peptacetobacter hominis,2
ANT(6)-Ib,aminoglycoside,k_Bacteria,p_Firmicutes,p_Firmicutes,c_Bacilli,o_Lactobacillales,f_Streptococcaceae,g_Streptococcus,g_Streptococcus,s_Streptococcus suis,2
ANT(9)-Ia,aminoglycoside,k_Bacteria,p_Firmicutes,p_Firmicutes,c_Bacilli,o_Lactobacillales,f_Enterococcaceae,g_Enterococcus,g_Enterococcus,s_Enterococcus faecalis,2
APH(2'')-IIIa,aminoglycoside,k_Bacteria,p_Firmicutes,p_Firmicutes,c_Bacilli,o_Bacillales,f_Staphylococcaceae,g_Mammaliicoccus,g_Mammaliicoccus,s_Mammaliicoccus sciuri,2
APH(2'')-If,aminoglycoside,k_Bacteria,p_Bacteroidetes,p_Bacteroidetes,c_Bacteroidia,o_Bacteroidales,f_Bacteroidaceae,g_Bacteroides,g_Bacteroides,s_Bacteroides thetaiotaomicron,2
APH(2'')-If,aminoglycoside,k_Bacteria,p_Spirochaetes,p_Spirochaetes,c_Spirochaetia,o_Brachyspirales,f_Brachyspiraceae,g_Brachyspira,g_Brachyspira,s_Brachyspira pilosicoli,2
APH(3'')-Ib,aminoglycoside,k_Bacteria,p_Bacteroidetes,p_Bacteroidetes,c_Bacteroidia,o_Bacteroidales,f_Bacteroidaceae,g_Bacteroides,g_Bacteroides,s_Bacteroides caecigallinarum,2
APH(3'')-Ib,aminoglycoside,k_Bacteria,p_Actinobacteria,p_Actinobacteria,c_Actinomycetia,o_Bifidobacteriales,f_Bifidobacteriaceae,g_Bifidobacterium,g_Bifidobacterium,s_Bifidobacterium choerinum,2
APH(3'')-Ib,aminoglycoside,k_Bacteria,p_Proteobacteria,p_Proteobacteria,c_Gammaproteobacteria,o_Enterobacterales,f_Enterobacteriaceae,g_Klebsiella,g_Klebsiella,s_Klebsiella pneumoniae,2
APH(3'')-Ib,aminoglycoside,k_Bacteria,p_Proteobacteria,p_Proteobacteria,c_Gammaproteobacteria,o_Enterobacterales,f_Enterobacteriaceae,g_Salmonella,g_Salmonella,s_Salmonella enterica,2
APH(3')-IIIa,aminoglycoside,k_Bacteria,p_Bacteroidetes,p_Bacteroidetes,c_Bacteroidia,o_Bacteroidales,f_Bacteroidaceae,g_Bacteroides,g_Bacteroides,s_Bacteroides sp. AF20-13LB,2
APH(3')-IIIa,aminoglycoside,k_Bacteria,p_Firmicutes,p_Firmicutes,c_Clostridia,o_Eubacteriales,f_Clostridiaceae,g_Clostridium,g_Clostridium,s_Clostridium sp. CAG:678,2
APH(3')-Ia,aminoglycoside,k_Bacteria,p_Firmicutes,p_Firmicutes,c_Clostridia,o_Eubacteriales,f_Oscillospiraceae,g_Oscillibacter,g_Oscillibacter,s_Oscillibacter valericigenes,2
APH(3')-Ia,aminoglycoside,k_Bacteria,p_Proteobacteria,p_Proteobacteria,c_Gammaproteobacteria,o_Pseudomonadales,f_Pseudomonadaceae,g_Pseudomonas,g_Pseudomonas,s_Pseudomonas aeruginosa,2
APH(3')-VIIa,aminoglycoside,k_Bacteria,p_Actinobacteria,p_Actinobacteria,c_Coriobacteriia,o_Coriobacteriales,NA,NA,Other,NA,2
AcrE,multidrug,k_Bacteria,p_Proteobacteria,p_Proteobacteria,c_Gammaproteobacteria,o_Enterobacterales,f_Enterobacteriaceae,g_Shigella,g_Shigella,s_Shigella flexneri,2
BRP(MBL),glycopeptide,k_Bacteria,p_Proteobacteria,p_Proteobacteria,c_Gammaproteobacteria,o_Enterobacterales,f_Enterobacteriaceae,g_Escherichia,g_Escherichia,s_Escherichia coli,2
CARB-3,penam,k_Bacteria,p_Proteobacteria,p_Proteobacteria,c_Gammaproteobacteria,o_Enterobacterales,f_Enterobacteriaceae,g_Klebsiella,g_Klebsiella,s_Klebsiella pneumoniae,2
CARB-8,penam,k_Bacteria,p_Proteobacteria,p_Proteobacteria,c_Gammaproteobacteria,o_Moraxellales,f_Moraxellaceae,g_Acinetobacter,g_Acinetobacter,s_Acinetobacter baumannii,2
CARB-9,penam,k_Bacteria,p_Proteobacteria,p_Proteobacteria,c_Gammaproteobacteria,o_Vibrionales,f_Vibrionaceae,g_Vibrio,g_Vibrio,s_Vibrio cholerae,2
CMY-59,cephamycin,k_Bacteria,NA,Other,NA,NA,NA,NA,Other,NA,2
CTX-M-55,cephalosporin,k_Bacteria,p_Proteobacteria,p_Proteobacteria,c_Gammaproteobacteria,o_Enterobacterales,f_Enterobacteriaceae,g_Salmonella,g_Salmonella,s_Salmonella enterica,2
Campylobacter coli chloramphenicol acetyltransferase,phenicol,k_Bacteria,p_Firmicutes,p_Firmicutes,c_Clostridia,o_Eubacteriales,f_Peptostreptococcaceae,g_Peptoclostridium,g_Peptoclostridium,s_Peptoclostridium sp. AF21-18,2
EBR-5,multidrug,k_Bacteria,p_Bacteroidetes,p_Bacteroidetes,c_Flavobacteriia,o_Flavobacteriales,f_Weeksellaceae,NA,Other,NA,2
EC-14,cephalosporin,k_Bacteria,p_Proteobacteria,p_Proteobacteria,c_Gammaproteobacteria,o_Enterobacterales,f_Enterobacteriaceae,NA,Other,NA,2
EreD,macrolide,k_Bacteria,p_Bacteroidetes,p_Bacteroidetes,c_Bacteroidia,o_Bacteroidales,f_Bacteroidaceae,g_Bacteroides,g_Bacteroides,s_Bacteroides eggerthii,2
Erm(35),multidrug,k_Bacteria,p_Bacteroidetes,p_Bacteroidetes,c_Bacteroidia,o_Bacteroidales,f_Bacteroidaceae,g_Bacteroides,g_Bacteroides,s_Bacteroides ovatus,2
Erm(35),multidrug,k_Bacteria,p_Bacteroidetes,p_Bacteroidetes,c_Bacteroidia,o_Bacteroidales,f_Bacteroidaceae,g_Phocaeicola,g_Phocaeicola,s_Phocaeicola coprophilus,2
Erm(35),multidrug,k_Bacteria,p_Bacteroidetes,p_Bacteroidetes,c_Bacteroidia,o_Bacteroidales,f_Bacteroidaceae,g_Phocaeicola,g_Phocaeicola,s_Phocaeicola plebeius,2
Erm(35),multidrug,k_Bacteria,p_Bacteroidetes,p_Bacteroidetes,c_Bacteroidia,o_Bacteroidales,f_Prevotellaceae,g_Prevotella,g_Prevotella,s_Prevotella rara,2
Erm(35),multidrug,k_Bacteria,p_unknown,Other,c_unknown,o_unknown,f_unknown,g_unknown,Other,s_uncultured bacterium,2
Erm(48),multidrug,k_Bacteria,p_Firmicutes,p_Firmicutes,c_Bacilli,o_Bacillales,f_Staphylococcaceae,g_Staphylococcus,g_Staphylococcus,NA,2
Erm(52),multidrug,k_Bacteria,p_Firmicutes,p_Firmicutes,c_Clostridia,o_Eubacteriales,f_Clostridiaceae,g_Butyricicoccus,g_Butyricicoccus,s_Butyricicoccus pullicaecorum,2
ErmB,multidrug,k_Bacteria,p_Firmicutes,p_Firmicutes,c_Clostridia,o_Eubacteriales,f_Lachnospiraceae,g_unknown,Other,s_Lachnospiraceae bacterium KGMB03038,2
ErmF,multidrug,k_Bacteria,p_Bacteroidetes,p_Bacteroidetes,c_Bacteroidia,o_Bacteroidales,f_Rikenellaceae,g_Alistipes,g_Alistipes,s_Alistipes communis,2
ErmF,multidrug,k_Bacteria,p_Bacteroidetes,p_Bacteroidetes,c_Bacteroidia,o_Bacteroidales,f_Bacteroidaceae,g_Bacteroides,g_Bacteroides,s_Bacteroides eggerthii,2
ErmG,multidrug,k_Bacteria,p_Bacteroidetes,p_Bacteroidetes,c_Bacteroidia,o_Bacteroidales,f_Bacteroidaceae,g_Bacteroides,g_Bacteroides,s_Bacteroides ovatus,2
ErmG,multidrug,k_Bacteria,p_Firmicutes,p_Firmicutes,c_Clostridia,o_Eubacteriales,f_Peptostreptococcaceae,g_Clostridioides,g_Clostridioides,s_Clostridioides difficile,2
ErmG,multidrug,k_unknown,p_Uroviricota,p_Uroviricota,c_Caudoviricetes,o_Caudovirales,f_Siphoviridae,g_unknown,Other,s_Siphoviridae sp.,2
ErmQ,multidrug,k_Bacteria,p_Firmicutes,p_Firmicutes,c_Clostridia,o_Eubacteriales,f_Clostridiaceae,g_Candidatus Arthromitus,g_Candidatus Arthromitus,s_Candidatus Arthromitus sp. SFB-turkey,2
ErmQ,multidrug,k_Bacteria,p_Firmicutes,p_Firmicutes,c_Clostridia,o_Eubacteriales,f_Peptostreptococcaceae,g_Peptoclostridium,g_Peptoclostridium,s_Peptoclostridium sp. AF21-18,2
ErmT,multidrug,k_Bacteria,p_Firmicutes,p_Firmicutes,c_Bacilli,o_Bacillales,f_Staphylococcaceae,g_Staphylococcus,g_Staphylococcus,s_Staphylococcus epidermidis,2
ErmX,multidrug,k_Bacteria,p_Actinobacteria,p_Actinobacteria,c_Actinomycetia,o_Bifidobacteriales,f_Bifidobacteriaceae,g_Bifidobacterium,g_Bifidobacterium,s_Bifidobacterium choerinum,2
"Escherichia coli AcrAB-TolC with AcrR mutation conferring resistance to ciprofloxacin, tetracycline, and ceftazidime",multidrug,k_Bacteria,p_Proteobacteria,p_Proteobacteria,c_Gammaproteobacteria,o_Enterobacterales,f_Enterobacteriaceae,g_Shigella,g_Shigella,s_Shigella flexneri,2
"Escherichia coli AcrAB-TolC with AcrR mutation conferring resistance to ciprofloxacin, tetracycline, and ceftazidime",multidrug,k_Bacteria,p_Proteobacteria,p_Proteobacteria,c_Gammaproteobacteria,o_Enterobacterales,f_Enterobacteriaceae,g_Shigella,g_Shigella,s_Shigella sonnei,2
Escherichia coli EF-Tu mutants conferring resistance to Pulvomycin,elfamycin,k_Bacteria,p_Proteobacteria,p_Proteobacteria,c_Gammaproteobacteria,o_Enterobacterales,f_Enterobacteriaceae,g_Salmonella,g_Salmonella,s_Salmonella enterica,2
EstT,multidrug,k_Bacteria,p_Bacteroidetes,p_Bacteroidetes,c_Bacteroidia,o_Bacteroidales,f_Bacteroidaceae,g_Bacteroides,g_Bacteroides,s_Bacteroides fragilis,2
EstT,multidrug,k_Bacteria,p_Bacteroidetes,p_Bacteroidetes,c_Bacteroidia,o_Bacteroidales,f_Prevotellaceae,g_Prevotella,g_Prevotella,s_Prevotella copri,2
FosA8,phosphonic acid,k_Bacteria,p_Proteobacteria,p_Proteobacteria,c_Gammaproteobacteria,o_Enterobacterales,f_Enterobacteriaceae,NA,Other,NA,2
FosD,phosphonic acid,k_Bacteria,p_Firmicutes,p_Firmicutes,c_Bacilli,o_Bacillales,f_Staphylococcaceae,g_Mammaliicoccus,g_Mammaliicoccus,s_Mammaliicoccus sciuri,2
FosK,phosphonic acid,k_Bacteria,p_Proteobacteria,p_Proteobacteria,c_Gammaproteobacteria,o_Pseudomonadales,f_Pseudomonadaceae,NA,Other,NA,2
FosXCC,phosphonic acid,k_Bacteria,p_Spirochaetes,p_Spirochaetes,c_Spirochaetia,o_Brachyspirales,f_Brachyspiraceae,g_Brachyspira,g_Brachyspira,s_Brachyspira pilosicoli,2
FosXCC,phosphonic acid,k_Bacteria,p_Proteobacteria,p_Proteobacteria,c_Epsilonproteobacteria,o_Campylobacterales,f_Campylobacteraceae,g_Campylobacter,g_Campylobacter,s_Campylobacter jejuni,2
FusF,fusidane,k_Bacteria,p_Firmicutes,p_Firmicutes,c_Bacilli,o_Bacillales,f_Staphylococcaceae,g_Staphylococcus,g_Staphylococcus,NA,2
H-NS,multidrug,k_Bacteria,p_Proteobacteria,p_Proteobacteria,c_Gammaproteobacteria,o_Enterobacterales,f_Enterobacteriaceae,g_Citrobacter,g_Citrobacter,s_Citrobacter freundii,2
H-NS,multidrug,k_Bacteria,p_Proteobacteria,p_Proteobacteria,c_Gammaproteobacteria,o_Enterobacterales,f_Enterobacteriaceae,g_Enterobacter,g_Enterobacter,s_Enterobacter hormaechei,2
ICR-Mo,peptide,k_Bacteria,NA,Other,NA,NA,NA,NA,Other,NA,2
Klebsiella pneumoniae KpnE,multidrug,k_Bacteria,p_Proteobacteria,p_Proteobacteria,c_Gammaproteobacteria,o_Enterobacterales,f_Enterobacteriaceae,g_Enterobacter,g_Enterobacter,s_Enterobacter hormaechei,2
Klebsiella pneumoniae KpnF,multidrug,k_Bacteria,p_Proteobacteria,p_Proteobacteria,c_Gammaproteobacteria,o_Enterobacterales,f_Enterobacteriaceae,g_Enterobacter,g_Enterobacter,s_Enterobacter cloacae,2
Klebsiella pneumoniae KpnF,multidrug,k_Bacteria,p_Proteobacteria,p_Proteobacteria,c_Gammaproteobacteria,o_Enterobacterales,f_Enterobacteriaceae,g_Enterobacter,g_Enterobacter,s_Enterobacter hormaechei,2
Klebsiella pneumoniae KpnG,multidrug,k_Bacteria,p_Proteobacteria,p_Proteobacteria,c_Gammaproteobacteria,o_Enterobacterales,f_Enterobacteriaceae,g_Klebsiella,g_Klebsiella,NA,2
Klebsiella pneumoniae KpnH,multidrug,k_Bacteria,p_Proteobacteria,p_Proteobacteria,c_Gammaproteobacteria,o_Enterobacterales,f_Enterobacteriaceae,g_Enterobacter,g_Enterobacter,s_Enterobacter cloacae,2
Klebsiella pneumoniae KpnH,multidrug,k_Bacteria,p_Proteobacteria,p_Proteobacteria,c_Gammaproteobacteria,o_Enterobacterales,f_Enterobacteriaceae,g_Salmonella,g_Salmonella,s_Salmonella enterica,2
Mef(En2),multidrug,k_Bacteria,p_Bacteroidetes,p_Bacteroidetes,c_Bacteroidia,o_Bacteroidales,f_Bacteroidaceae,g_Bacteroides,g_Bacteroides,s_Bacteroides caccae,2
Mef(En2),multidrug,k_Bacteria,p_Bacteroidetes,p_Bacteroidetes,c_Bacteroidia,o_Bacteroidales,f_Bacteroidaceae,g_Bacteroides,g_Bacteroides,s_Bacteroides salyersiae,2
Mef(En2),multidrug,k_Bacteria,p_Bacteroidetes,p_Bacteroidetes,c_Bacteroidia,o_Bacteroidales,f_Prevotellaceae,g_Prevotella,g_Prevotella,s_Prevotella marseillensis,2
Mrx,macrolide,k_Bacteria,p_Proteobacteria,p_Proteobacteria,c_Gammaproteobacteria,o_Enterobacterales,f_Enterobacteriaceae,g_Klebsiella,g_Klebsiella,s_Klebsiella pneumoniae,2
Mycobacterium tuberculosis folC with mutation conferring resistance to para-aminosalicylic acid,salicylic acid,k_Bacteria,p_Actinobacteria,p_Actinobacteria,c_Actinomycetia,o_Corynebacteriales,NA,NA,Other,NA,2
Mycobacterium tuberculosis intrinsic murA conferring resistance to fosfomycin,phosphonic acid,k_Bacteria,p_Actinobacteria,p_Actinobacteria,c_Actinomycetia,o_Corynebacteriales,f_Mycobacteriaceae,NA,Other,NA,2
NDM-5,multidrug,k_Bacteria,NA,Other,NA,NA,NA,NA,Other,NA,2
OXA-1,multidrug,k_Bacteria,p_Proteobacteria,p_Proteobacteria,c_Gammaproteobacteria,o_Enterobacterales,f_Enterobacteriaceae,g_Klebsiella,g_Klebsiella,s_Klebsiella pneumoniae,2
OXA-1,multidrug,k_Bacteria,p_Proteobacteria,p_Proteobacteria,c_Gammaproteobacteria,o_Enterobacterales,f_Morganellaceae,g_Proteus,g_Proteus,s_Proteus mirabilis,2
OXA-1,multidrug,k_Bacteria,p_Proteobacteria,p_Proteobacteria,c_Gammaproteobacteria,o_Enterobacterales,f_Enterobacteriaceae,g_Shigella,g_Shigella,s_Shigella sonnei,2
OXA-10,multidrug,k_Bacteria,p_Proteobacteria,p_Proteobacteria,c_Gammaproteobacteria,o_Enterobacterales,f_Enterobacteriaceae,g_Escherichia,g_Escherichia,s_Escherichia coli,2
OXA-21,multidrug,k_Bacteria,p_Proteobacteria,p_Proteobacteria,c_Gammaproteobacteria,NA,NA,NA,Other,NA,2
OXA-347,penam,k_Bacteria,p_Proteobacteria,p_Proteobacteria,c_Gammaproteobacteria,o_Pasteurellales,f_Pasteurellaceae,g_Glaesserella,g_Glaesserella,s_Glaesserella parasuis,2
OXA-347,penam,k_Bacteria,p_Bacteroidetes,p_Bacteroidetes,c_Bacteroidia,o_Bacteroidales,f_Tannerellaceae,g_Parabacteroides,g_Parabacteroides,s_Parabacteroides distasonis,2
OXA-347,penam,k_Bacteria,p_Bacteroidetes,p_Bacteroidetes,c_Bacteroidia,o_Bacteroidales,f_Bacteroidaceae,g_Phocaeicola,g_Phocaeicola,s_Phocaeicola vulgatus,2
OXA-347,penam,k_Bacteria,p_Bacteroidetes,p_Bacteroidetes,c_Bacteroidia,o_Bacteroidales,f_Prevotellaceae,g_Prevotella,g_Prevotella,s_Prevotella copri,2
OXA-58,multidrug,k_Bacteria,p_Proteobacteria,p_Proteobacteria,c_Gammaproteobacteria,o_Moraxellales,f_Moraxellaceae,g_Acinetobacter,g_Acinetobacter,s_Acinetobacter baumannii,2
OXA-58,multidrug,k_Bacteria,p_Proteobacteria,p_Proteobacteria,c_Gammaproteobacteria,o_Moraxellales,f_Moraxellaceae,g_Acinetobacter,g_Acinetobacter,NA,2
OXA-820,multidrug,k_Bacteria,p_Proteobacteria,p_Proteobacteria,c_Gammaproteobacteria,o_Moraxellales,f_Moraxellaceae,g_Acinetobacter,g_Acinetobacter,s_Acinetobacter pittii,2
QnrVC5,fluoroquinolone,k_Bacteria,p_Proteobacteria,p_Proteobacteria,c_Gammaproteobacteria,o_Vibrionales,f_Vibrionaceae,g_Vibrio,g_Vibrio,NA,2
SAT-4,nucleoside,k_Bacteria,p_Firmicutes,p_Firmicutes,c_Clostridia,o_Eubacteriales,f_Peptostreptococcaceae,g_Peptoclostridium,g_Peptoclostridium,s_Peptoclostridium sp. AF21-18,2
Streptococcus suis chloramphenicol acetyltransferase,phenicol,k_Bacteria,p_Firmicutes,p_Firmicutes,c_Bacilli,o_Lactobacillales,f_Streptococcaceae,g_Streptococcus,g_Streptococcus,s_Streptococcus pneumoniae,2
TRU-1,multidrug,k_Bacteria,p_Proteobacteria,p_Proteobacteria,c_Gammaproteobacteria,NA,NA,NA,Other,NA,2
Vibrio anguillarum chloramphenicol acetyltransferase,phenicol,k_Bacteria,p_Firmicutes,p_Firmicutes,c_Clostridia,o_Eubacteriales,f_Clostridiaceae,g_Clostridium,g_Clostridium,s_Clostridium sp. CAG:1013,2
Vibrio anguillarum chloramphenicol acetyltransferase,phenicol,k_Bacteria,p_Firmicutes,p_Firmicutes,c_Clostridia,o_Eubacteriales,f_Oscillospiraceae,g_Flavonifractor,g_Flavonifractor,s_Flavonifractor plautii,2
Vibrio anguillarum chloramphenicol acetyltransferase,phenicol,k_Bacteria,p_Firmicutes,p_Firmicutes,c_Clostridia,o_Eubacteriales,f_Oscillospiraceae,g_Flavonifractor,g_Flavonifractor,s_uncultured Flavonifractor sp.,2
aad(6),aminoglycoside,k_Bacteria,p_Firmicutes,p_Firmicutes,c_Clostridia,o_Eubacteriales,f_Peptostreptococcaceae,g_Clostridioides,g_Clostridioides,s_Clostridioides difficile,2
aad(6),aminoglycoside,k_Bacteria,p_Actinobacteria,p_Actinobacteria,c_Coriobacteriia,o_Coriobacteriales,f_Coriobacteriaceae,g_Enorma,g_Enorma,s_Enorma shizhengliae,2
aad(6),aminoglycoside,k_Bacteria,p_Firmicutes,p_Firmicutes,c_Clostridia,o_Eubacteriales,f_Oscillospiraceae,g_Faecalibacterium,g_Faecalibacterium,s_Faecalibacterium prausnitzii,2
aadA11,aminoglycoside,k_Bacteria,p_unknown,Other,c_unknown,o_unknown,f_unknown,g_unknown,Other,s_uncultured bacterium,2
aadA16,aminoglycoside,k_Bacteria,p_Proteobacteria,p_Proteobacteria,c_Gammaproteobacteria,o_Enterobacterales,f_Enterobacteriaceae,g_Enterobacter,g_Enterobacter,s_Enterobacter hormaechei,2
aadA16,aminoglycoside,k_Bacteria,p_Proteobacteria,p_Proteobacteria,c_Gammaproteobacteria,o_Enterobacterales,f_Morganellaceae,g_Proteus,g_Proteus,s_Proteus mirabilis,2
aadA2,aminoglycoside,k_Bacteria,p_unknown,Other,c_unknown,o_unknown,f_unknown,g_unknown,Other,s_uncultured bacterium,2
aadA27,aminoglycoside,k_Bacteria,p_Proteobacteria,p_Proteobacteria,c_Gammaproteobacteria,o_Moraxellales,f_Moraxellaceae,g_Acinetobacter,g_Acinetobacter,NA,2
aadA5,aminoglycoside,k_Bacteria,p_Actinobacteria,p_Actinobacteria,c_Actinomycetia,o_Bifidobacteriales,f_Bifidobacteriaceae,g_Bifidobacterium,g_Bifidobacterium,s_Bifidobacterium choerinum,2
almE,peptide,k_Bacteria,p_Proteobacteria,p_Proteobacteria,c_Gammaproteobacteria,o_Vibrionales,f_Vibrionaceae,g_Vibrio,g_Vibrio,s_Vibrio cholerae,2
armA,aminoglycoside,k_Bacteria,p_Proteobacteria,p_Proteobacteria,c_Gammaproteobacteria,NA,NA,NA,Other,NA,2
arr-2,rifamycin,k_Bacteria,p_Proteobacteria,p_Proteobacteria,c_Gammaproteobacteria,o_Aeromonadales,f_Aeromonadaceae,g_Aeromonas,g_Aeromonas,s_Aeromonas hydrophila,2
arr-2,rifamycin,k_Eukaryota,p_Nematoda,p_Nematoda,c_Enoplea,o_Trichinellida,f_Trichuridae,g_Trichuris,g_Trichuris,s_Trichuris suis,2
arr-3,rifamycin,k_Bacteria,p_Proteobacteria,p_Proteobacteria,c_Gammaproteobacteria,o_Enterobacterales,f_Morganellaceae,g_Proteus,g_Proteus,s_Proteus mirabilis,2
baeR,multidrug,k_Bacteria,p_Proteobacteria,p_Proteobacteria,c_Gammaproteobacteria,o_Enterobacterales,f_Enterobacteriaceae,g_Klebsiella,g_Klebsiella,s_Klebsiella pneumoniae,2
catA8,phenicol,k_Bacteria,p_Firmicutes,p_Firmicutes,c_Bacilli,o_Lactobacillales,f_Enterococcaceae,g_Enterococcus,g_Enterococcus,s_Enterococcus columbae,2
catB11,phenicol,k_Bacteria,p_Proteobacteria,p_Proteobacteria,c_Gammaproteobacteria,NA,NA,NA,Other,NA,2
catB3,phenicol,k_Bacteria,p_Proteobacteria,p_Proteobacteria,c_Gammaproteobacteria,o_Enterobacterales,f_Enterobacteriaceae,g_Citrobacter,g_Citrobacter,s_Citrobacter freundii,2
catB3,phenicol,k_Bacteria,p_Proteobacteria,p_Proteobacteria,c_Gammaproteobacteria,o_Enterobacterales,f_Enterobacteriaceae,g_Klebsiella,g_Klebsiella,s_Klebsiella pneumoniae,2
catB3,phenicol,k_Bacteria,p_Proteobacteria,p_Proteobacteria,c_Gammaproteobacteria,o_Enterobacterales,f_Morganellaceae,g_Proteus,g_Proteus,s_Proteus mirabilis,2
catB8,phenicol,k_Bacteria,p_Proteobacteria,p_Proteobacteria,c_Gammaproteobacteria,o_Moraxellales,f_Moraxellaceae,g_Acinetobacter,g_Acinetobacter,s_Acinetobacter baumannii,2
catII from Escherichia coli K-12,phenicol,k_Bacteria,p_Proteobacteria,p_Proteobacteria,c_Gammaproteobacteria,o_Enterobacterales,f_Enterobacteriaceae,g_Escherichia,g_Escherichia,s_Escherichia coli,2
catIII,phenicol,k_Bacteria,p_Proteobacteria,p_Proteobacteria,c_Gammaproteobacteria,o_Pasteurellales,f_Pasteurellaceae,g_Pasteurella,g_Pasteurella,s_Pasteurella multocida,2
cfrA,multidrug,k_Bacteria,p_Bacteroidetes,p_Bacteroidetes,c_Bacteroidia,o_Bacteroidales,f_Bacteroidaceae,g_Bacteroides,g_Bacteroides,s_Bacteroides sp. AGMB03916,2
cfrA,multidrug,k_Bacteria,p_Bacteroidetes,p_Bacteroidetes,c_Bacteroidia,o_Bacteroidales,f_Bacteroidaceae,g_Bacteroides,g_Bacteroides,s_Bacteroides sp. OF04-15BH,2
cfrA,multidrug,k_Bacteria,p_Bacteroidetes,p_Bacteroidetes,c_Bacteroidia,o_Bacteroidales,f_Bacteroidaceae,g_Phocaeicola,g_Phocaeicola,s_Phocaeicola vulgatus,2
cfrE,multidrug,k_Bacteria,p_Firmicutes,p_Firmicutes,c_Clostridia,o_Eubacteriales,f_Clostridiaceae,g_Butyricicoccus,g_Butyricicoccus,s_Butyricicoccus pullicaecorum,2
cfrE,multidrug,k_Bacteria,p_Firmicutes,p_Firmicutes,c_Clostridia,o_Eubacteriales,f_Eubacteriaceae,g_Eubacterium,g_Eubacterium,s_Eubacterium callanderi,2
clcD,multidrug,k_Bacteria,p_Firmicutes,p_Firmicutes,c_Erysipelotrichia,o_Erysipelotrichales,f_Erysipelotrichaceae,g_Erysipelatoclostridium,g_Erysipelatoclostridium,s_[Clostridium] spiroforme,2
dfrA1,diaminopyrimidine,k_Bacteria,p_Proteobacteria,p_Proteobacteria,c_Gammaproteobacteria,o_Pasteurellales,f_Pasteurellaceae,g_Avibacterium,g_Avibacterium,s_Avibacterium paragallinarum,2
dfrA1,diaminopyrimidine,k_Bacteria,p_Proteobacteria,p_Proteobacteria,c_Gammaproteobacteria,o_Pseudomonadales,f_Pseudomonadaceae,g_Pseudomonas,g_Pseudomonas,s_Pseudomonas aeruginosa,2
dfrA10,diaminopyrimidine,k_Bacteria,p_Proteobacteria,p_Proteobacteria,c_Gammaproteobacteria,o_Enterobacterales,f_Enterobacteriaceae,NA,Other,NA,2
dfrA20,diaminopyrimidine,k_Bacteria,p_Proteobacteria,p_Proteobacteria,c_Gammaproteobacteria,o_Moraxellales,f_Moraxellaceae,g_Acinetobacter,g_Acinetobacter,NA,2
dfrA27,diaminopyrimidine,k_Bacteria,p_Proteobacteria,p_Proteobacteria,c_Gammaproteobacteria,o_Enterobacterales,f_Morganellaceae,g_Proteus,g_Proteus,s_Proteus mirabilis,2
dfrG,diaminopyrimidine,k_Bacteria,p_Firmicutes,p_Firmicutes,c_Bacilli,o_Lactobacillales,f_Enterococcaceae,g_Enterococcus,g_Enterococcus,s_Enterococcus faecalis,2
dfrG,diaminopyrimidine,k_Bacteria,p_Firmicutes,p_Firmicutes,c_Bacilli,o_Bacillales,f_Staphylococcaceae,g_Staphylococcus,g_Staphylococcus,s_Staphylococcus pseudintermedius,2
emrR,fluoroquinolone,k_Bacteria,p_Proteobacteria,p_Proteobacteria,c_Gammaproteobacteria,o_Enterobacterales,f_Enterobacteriaceae,g_Enterobacter,g_Enterobacter,s_Enterobacter cloacae,2
emrR,fluoroquinolone,k_Bacteria,p_Proteobacteria,p_Proteobacteria,c_Gammaproteobacteria,o_Enterobacterales,f_Enterobacteriaceae,g_Enterobacter,g_Enterobacter,s_Enterobacter hormaechei,2
fexA,phenicol,k_Bacteria,p_Firmicutes,p_Firmicutes,c_Bacilli,o_Bacillales,f_Staphylococcaceae,g_Jeotgalicoccus,g_Jeotgalicoccus,s_Jeotgalicoccus aerolatus,2
fexA,phenicol,k_Bacteria,p_Firmicutes,p_Firmicutes,c_Bacilli,o_Lactobacillales,f_Lactobacillaceae,g_Limosilactobacillus,g_Limosilactobacillus,s_Limosilactobacillus reuteri,2
fexA,phenicol,k_unknown,p_unknown,Other,c_unknown,o_unknown,f_unknown,g_unknown,Other,s_synthetic Mycoplasma genitalium JCVI-1.0,2
gadX,multidrug,k_Bacteria,p_Proteobacteria,p_Proteobacteria,c_Gammaproteobacteria,o_Enterobacterales,f_Enterobacteriaceae,g_Klebsiella,g_Klebsiella,s_Klebsiella pneumoniae,2
leuO,multidrug,k_Bacteria,p_Proteobacteria,p_Proteobacteria,c_Gammaproteobacteria,o_Enterobacterales,f_Enterobacteriaceae,g_Enterobacter,g_Enterobacter,s_Enterobacter hormaechei,2
leuO,multidrug,k_Bacteria,p_Proteobacteria,p_Proteobacteria,c_Gammaproteobacteria,o_Enterobacterales,f_Enterobacteriaceae,g_Salmonella,g_Salmonella,s_Salmonella enterica,2
linG,lincosamide,k_Bacteria,p_Proteobacteria,p_Proteobacteria,c_Gammaproteobacteria,o_Enterobacterales,f_Enterobacteriaceae,g_Klebsiella,g_Klebsiella,s_Klebsiella pneumoniae,2
lnuA,lincosamide,k_Bacteria,p_Firmicutes,p_Firmicutes,c_Bacilli,o_Lactobacillales,f_Lactobacillaceae,g_Ligilactobacillus,g_Ligilactobacillus,s_Ligilactobacillus salivarius,2
lnuC,lincosamide,k_Bacteria,p_Firmicutes,p_Firmicutes,c_Clostridia,o_Eubacteriales,f_Lachnospiraceae,g_Anaerotignum,g_Anaerotignum,s_Anaerotignum lactatifermentans,2
lnuC,lincosamide,k_Bacteria,p_Firmicutes,p_Firmicutes,c_Clostridia,o_Eubacteriales,f_Lachnospiraceae,g_Blautia,g_Blautia,s_Blautia obeum,2
lnuC,lincosamide,k_Bacteria,p_Proteobacteria,p_Proteobacteria,c_Epsilonproteobacteria,o_Campylobacterales,f_Campylobacteraceae,g_Campylobacter,g_Campylobacter,s_Campylobacter coli,2
lnuC,lincosamide,k_Bacteria,p_Firmicutes,p_Firmicutes,c_Clostridia,o_Eubacteriales,f_Lachnospiraceae,g_Coprococcus,g_Coprococcus,s_Coprococcus comes,2
lnuC,lincosamide,k_Bacteria,p_Firmicutes,p_Firmicutes,c_Clostridia,o_Eubacteriales,f_Lachnospiraceae,g_Dorea,g_Dorea,s_Dorea formicigenerans,2
lnuC,lincosamide,k_Bacteria,p_Actinobacteria,p_Actinobacteria,c_Coriobacteriia,o_Eggerthellales,f_Eggerthellaceae,g_Eggerthella,g_Eggerthella,s_Eggerthella lenta,2
lnuC,lincosamide,k_Bacteria,p_Firmicutes,p_Firmicutes,c_Clostridia,o_Eubacteriales,f_Oscillospiraceae,g_Flavonifractor,g_Flavonifractor,s_Flavonifractor plautii,2
lnuC,lincosamide,k_Bacteria,p_Firmicutes,p_Firmicutes,c_Clostridia,o_Eubacteriales,f_Oscillospiraceae,g_Flavonifractor,g_Flavonifractor,s_Flavonifractor sp. An306,2
lnuC,lincosamide,k_Bacteria,p_Firmicutes,p_Firmicutes,c_Clostridia,o_Eubacteriales,f_Oscillospiraceae,g_Fournierella,g_Fournierella,s_Fournierella massiliensis,2
lnuC,lincosamide,k_Bacteria,p_Firmicutes,p_Firmicutes,c_Clostridia,o_Eubacteriales,f_Oscillospiraceae,g_Pseudoflavonifractor,g_Pseudoflavonifractor,s_Pseudoflavonifractor phocaeensis,2
lnuC,lincosamide,k_Bacteria,p_Firmicutes,p_Firmicutes,c_Clostridia,o_Eubacteriales,f_Oscillospiraceae,g_unknown,Other,s_Ruminococcaceae bacterium AM07-15,2
lnuC,lincosamide,k_Bacteria,p_Firmicutes,p_Firmicutes,c_Clostridia,o_Eubacteriales,f_Oscillospiraceae,g_Subdoligranulum,g_Subdoligranulum,s_Subdoligranulum variabile,2
lnuC,lincosamide,k_Bacteria,p_unknown,Other,c_unknown,o_unknown,f_unknown,g_unknown,Other,s_uncultured bacterium,2
marA,multidrug,k_Bacteria,p_Proteobacteria,p_Proteobacteria,c_Gammaproteobacteria,o_Enterobacterales,f_Enterobacteriaceae,g_Enterobacter,g_Enterobacter,s_Enterobacter hormaechei,2
mdtG,phosphonic acid,k_Bacteria,p_Proteobacteria,p_Proteobacteria,c_Gammaproteobacteria,o_Enterobacterales,f_Enterobacteriaceae,g_Shigella,g_Shigella,s_Shigella flexneri,2
mdtH,fluoroquinolone,k_Bacteria,p_Proteobacteria,p_Proteobacteria,c_Gammaproteobacteria,o_Enterobacterales,f_Enterobacteriaceae,g_Shigella,g_Shigella,s_Shigella sonnei,2
mecB,penam,k_Bacteria,p_Firmicutes,p_Firmicutes,c_Bacilli,o_Bacillales,f_Staphylococcaceae,g_Macrococcus,g_Macrococcus,s_Macrococcus canis,2
mecI,penam,k_Bacteria,p_Firmicutes,p_Firmicutes,c_Bacilli,o_Bacillales,f_Staphylococcaceae,g_Staphylococcus,g_Staphylococcus,s_Staphylococcus pseudintermedius,2
mecR1,penam,k_Bacteria,p_Firmicutes,p_Firmicutes,c_Bacilli,o_Bacillales,f_Staphylococcaceae,g_Staphylococcus,g_Staphylococcus,s_Staphylococcus pseudintermedius,2
mefH,macrolide,k_Bacteria,p_Firmicutes,p_Firmicutes,c_Clostridia,o_Eubacteriales,f_Lachnospiraceae,g_Blautia,g_Blautia,s_Blautia sp. An81,2
mefH,macrolide,k_Bacteria,p_Firmicutes,p_Firmicutes,c_Clostridia,o_Eubacteriales,f_Eubacteriaceae,g_Eubacterium,g_Eubacterium,s_Eubacterium sp. An11,2
mefH,macrolide,k_unknown,p_Uroviricota,p_Uroviricota,c_Caudoviricetes,o_Caudovirales,f_Siphoviridae,g_unknown,Other,s_Siphoviridae sp.,2
mphA,macrolide,k_Bacteria,p_Proteobacteria,p_Proteobacteria,c_Gammaproteobacteria,o_Enterobacterales,f_Enterobacteriaceae,NA,Other,NA,2
mphC,macrolide,k_Bacteria,p_Firmicutes,p_Firmicutes,c_Bacilli,o_Bacillales,f_Staphylococcaceae,g_Staphylococcus,g_Staphylococcus,s_Staphylococcus saprophyticus,2
mphE,macrolide,k_Bacteria,p_Proteobacteria,p_Proteobacteria,c_Gammaproteobacteria,o_Moraxellales,f_Moraxellaceae,g_Acinetobacter,g_Acinetobacter,s_Acinetobacter baumannii,2
mphK,macrolide,k_Bacteria,p_Firmicutes,p_Firmicutes,c_Bacilli,o_Bacillales,f_Bacillaceae,g_Bacillus,g_Bacillus,NA,2
nimA,nitroimidazole,k_Bacteria,p_Bacteroidetes,p_Bacteroidetes,c_Bacteroidia,o_Bacteroidales,f_Bacteroidaceae,g_Bacteroides,g_Bacteroides,s_Bacteroides caecigallinarum,2
nimA,nitroimidazole,k_Bacteria,p_Bacteroidetes,p_Bacteroidetes,c_Bacteroidia,o_Bacteroidales,f_Bacteroidaceae,g_Bacteroides,g_Bacteroides,s_Bacteroides eggerthii,2
nimA,nitroimidazole,k_Bacteria,p_Firmicutes,p_Firmicutes,c_Clostridia,o_Eubacteriales,f_Oscillospiraceae,g_Faecalibacterium,g_Faecalibacterium,s_Faecalibacterium prausnitzii,2
nimA,nitroimidazole,k_Bacteria,p_Firmicutes,p_Firmicutes,c_Clostridia,o_Eubacteriales,f_Lachnospiraceae,g_Lachnoclostridium,g_Lachnoclostridium,s_Lachnoclostridium sp. An14,2
nimD,nitroimidazole,k_Bacteria,p_Bacteroidetes,p_Bacteroidetes,c_Bacteroidia,o_Bacteroidales,f_Bacteroidaceae,g_Bacteroides,g_Bacteroides,NA,2
nimE,nitroimidazole,k_Bacteria,p_Firmicutes,p_Firmicutes,c_Clostridia,o_Eubacteriales,f_unknown,g_Intestinimonas,g_Intestinimonas,s_Intestinimonas timonensis,2
nimF,nitroimidazole,k_Bacteria,p_Firmicutes,p_Firmicutes,c_Clostridia,o_Eubacteriales,f_unknown,g_Intestinimonas,g_Intestinimonas,s_Intestinimonas butyriciproducens,2
nimG,nitroimidazole,k_Bacteria,p_Bacteroidetes,p_Bacteroidetes,c_Bacteroidia,o_Bacteroidales,f_Bacteroidaceae,g_Bacteroides,g_Bacteroides,s_Bacteroides caecigallinarum,2
nimG,nitroimidazole,k_Bacteria,p_Bacteroidetes,p_Bacteroidetes,c_Bacteroidia,o_Bacteroidales,f_Bacteroidaceae,g_Bacteroides,g_Bacteroides,s_Bacteroides fragilis,2
nimG,nitroimidazole,k_Bacteria,p_Bacteroidetes,p_Bacteroidetes,c_Bacteroidia,o_Bacteroidales,f_Bacteroidaceae,g_Bacteroides,g_Bacteroides,s_Bacteroides ovatus,2
nimG,nitroimidazole,k_Bacteria,p_Firmicutes,p_Firmicutes,c_Clostridia,o_Eubacteriales,f_unknown,g_Intestinimonas,g_Intestinimonas,s_Intestinimonas timonensis,2
nimG,nitroimidazole,k_Bacteria,p_Bacteroidetes,p_Bacteroidetes,c_Bacteroidia,o_Bacteroidales,f_Bacteroidaceae,g_Phocaeicola,g_Phocaeicola,s_Phocaeicola barnesiae,2
nimJ,nitroimidazole,k_Bacteria,p_Firmicutes,p_Firmicutes,c_Clostridia,o_Eubacteriales,f_Clostridiaceae,g_Clostridium,g_Clostridium,s_Clostridium phoceensis,2
nimJ,nitroimidazole,k_Bacteria,p_Firmicutes,p_Firmicutes,c_Clostridia,o_Eubacteriales,f_Oscillospiraceae,g_Flavonifractor,g_Flavonifractor,s_Flavonifractor sp. AGMB03687,2
nimJ,nitroimidazole,k_Bacteria,p_Firmicutes,p_Firmicutes,c_Clostridia,o_Eubacteriales,f_Lachnospiraceae,g_Lachnoclostridium,g_Lachnoclostridium,s_Lachnoclostridium sp. An14,2
oqxA,multidrug,k_Bacteria,p_Proteobacteria,p_Proteobacteria,c_Gammaproteobacteria,o_Enterobacterales,f_Enterobacteriaceae,g_Enterobacter,g_Enterobacter,s_Enterobacter bugandensis,2
poxtA,multidrug,k_Bacteria,p_Firmicutes,p_Firmicutes,c_Clostridia,o_Eubacteriales,f_Oscillospiraceae,g_Anaeromassilibacillus,g_Anaeromassilibacillus,s_Anaeromassilibacillus sp. An172,2
poxtA,multidrug,k_Bacteria,p_Firmicutes,p_Firmicutes,c_Clostridia,o_Eubacteriales,f_Lachnospiraceae,g_Enterocloster,g_Enterocloster,s_Enterocloster bolteae,2
poxtA,multidrug,k_Bacteria,p_Firmicutes,p_Firmicutes,c_Clostridia,o_Eubacteriales,f_Oscillospiraceae,g_Faecalibacterium,g_Faecalibacterium,s_Faecalibacterium prausnitzii,2
poxtA,multidrug,k_Bacteria,p_Firmicutes,p_Firmicutes,c_Bacilli,o_Lactobacillales,f_Lactobacillaceae,g_Pediococcus,g_Pediococcus,s_Pediococcus pentosaceus,2
poxtA,multidrug,k_Bacteria,p_Firmicutes,p_Firmicutes,c_Bacilli,o_Lactobacillales,f_Streptococcaceae,g_Streptococcus,g_Streptococcus,s_Streptococcus suis,2
qacEdelta1,disinfecting agents and antiseptics,k_Bacteria,p_Actinobacteria,p_Actinobacteria,c_Actinomycetia,o_Bifidobacteriales,f_Bifidobacteriaceae,g_Bifidobacterium,g_Bifidobacterium,s_Bifidobacterium choerinum,2
qacEdelta1,disinfecting agents and antiseptics,k_Bacteria,p_Actinobacteria,p_Actinobacteria,c_Actinomycetia,o_Corynebacteriales,f_Corynebacteriaceae,g_Corynebacterium,g_Corynebacterium,s_Corynebacterium diphtheriae,2
qacL,disinfecting agents and antiseptics,k_Bacteria,p_Proteobacteria,p_Proteobacteria,c_Gammaproteobacteria,o_Enterobacterales,f_Enterobacteriaceae,g_Escherichia,g_Escherichia,s_Escherichia coli,2
ramA,multidrug,k_Bacteria,p_Proteobacteria,p_Proteobacteria,c_Gammaproteobacteria,o_Enterobacterales,f_Enterobacteriaceae,g_Enterobacter,g_Enterobacter,s_Enterobacter hormaechei,2
salC,multidrug,k_Bacteria,p_Firmicutes,p_Firmicutes,c_Bacilli,o_Bacillales,f_Staphylococcaceae,NA,Other,NA,2
salD,multidrug,k_Bacteria,p_Firmicutes,p_Firmicutes,c_Bacilli,o_Bacillales,f_Staphylococcaceae,g_Staphylococcus,g_Staphylococcus,s_Staphylococcus equorum,2
salD,multidrug,k_Bacteria,p_Firmicutes,p_Firmicutes,c_Bacilli,o_Bacillales,f_Staphylococcaceae,g_Staphylococcus,g_Staphylococcus,s_Staphylococcus xylosus,2
salD,multidrug,k_Bacteria,p_Firmicutes,p_Firmicutes,c_Bacilli,o_Bacillales,f_Staphylococcaceae,g_Staphylococcus,g_Staphylococcus,NA,2
salE,multidrug,k_Bacteria,p_Firmicutes,p_Firmicutes,c_Bacilli,o_Bacillales,f_Staphylococcaceae,g_Staphylococcus,g_Staphylococcus,s_Staphylococcus xylosus,2
sepA,disinfecting agents and antiseptics,k_Bacteria,p_Firmicutes,p_Firmicutes,c_Bacilli,o_Bacillales,f_Staphylococcaceae,g_Staphylococcus,g_Staphylococcus,s_Staphylococcus saprophyticus,2
sul1,sulfonamide,k_Bacteria,p_Actinobacteria,p_Actinobacteria,c_Actinomycetia,o_Bifidobacteriales,f_Bifidobacteriaceae,g_Bifidobacterium,g_Bifidobacterium,s_Bifidobacterium choerinum,2
sul1,sulfonamide,k_Bacteria,p_Actinobacteria,p_Actinobacteria,c_Actinomycetia,o_Corynebacteriales,f_Corynebacteriaceae,g_Corynebacterium,g_Corynebacterium,s_Corynebacterium diphtheriae,2
sul2,sulfonamide,k_Bacteria,p_Bacteroidetes,p_Bacteroidetes,c_Bacteroidia,o_Bacteroidales,f_Bacteroidaceae,g_Bacteroides,g_Bacteroides,s_Bacteroides xylanisolvens,2
sul2,sulfonamide,k_Bacteria,p_Proteobacteria,p_Proteobacteria,c_Gammaproteobacteria,o_Enterobacterales,f_Enterobacteriaceae,g_Klebsiella,g_Klebsiella,s_Klebsiella pneumoniae,2
sul3,sulfonamide,k_Bacteria,p_Proteobacteria,p_Proteobacteria,c_Gammaproteobacteria,o_Enterobacterales,f_Enterobacteriaceae,g_Escherichia,g_Escherichia,s_Escherichia coli,2
tet(32),tetracycline,k_Bacteria,p_Firmicutes,p_Firmicutes,c_Clostridia,o_Eubacteriales,f_Peptostreptococcaceae,g_Clostridioides,g_Clostridioides,s_Clostridioides difficile,2
tet(32),tetracycline,k_Bacteria,p_Proteobacteria,p_Proteobacteria,c_Deltaproteobacteria,o_Desulfovibrionales,f_Desulfovibrionaceae,g_Desulfovibrio,g_Desulfovibrio,s_Desulfovibrio piger,2
tet(32),tetracycline,k_Bacteria,p_Firmicutes,p_Firmicutes,c_Clostridia,o_Eubacteriales,f_Lachnospiraceae,g_Dorea,g_Dorea,s_Dorea formicigenerans,2
tet(32),tetracycline,k_Bacteria,p_Firmicutes,p_Firmicutes,c_Clostridia,o_Eubacteriales,f_Eubacteriaceae,g_unknown,Other,s_Eubacteriaceae bacterium CHKCI004,2
tet(32),tetracycline,k_Bacteria,p_Firmicutes,p_Firmicutes,c_Clostridia,o_Eubacteriales,f_Lachnospiraceae,g_Fusicatenibacter,g_Fusicatenibacter,s_Fusicatenibacter sp. CLA-AA-H277,2
tet(32),tetracycline,k_Bacteria,p_Firmicutes,p_Firmicutes,c_Clostridia,o_Eubacteriales,f_Oscillospiraceae,g_Pseudoflavonifractor,g_Pseudoflavonifractor,s_Pseudoflavonifractor sp. An85,2
tet(40),tetracycline,k_Bacteria,p_Firmicutes,p_Firmicutes,c_Clostridia,o_Eubacteriales,f_Lachnospiraceae,g_Coprococcus,g_Coprococcus,s_Coprococcus comes,2
tet(40),tetracycline,k_Bacteria,p_Firmicutes,p_Firmicutes,c_Clostridia,o_Eubacteriales,f_Lachnospiraceae,g_Enterocloster,g_Enterocloster,s_Enterocloster bolteae,2
tet(40),tetracycline,k_Bacteria,p_Firmicutes,p_Firmicutes,c_Clostridia,o_Eubacteriales,f_Oscillospiraceae,g_Flavonifractor,g_Flavonifractor,s_Flavonifractor sp. AGMB03687,2
tet(40),tetracycline,k_Bacteria,p_Fusobacteria,p_Fusobacteria,c_Fusobacteriia,o_Fusobacteriales,f_Fusobacteriaceae,g_Fusobacterium,g_Fusobacterium,s_Fusobacterium mortiferum,2
tet(44),tetracycline,k_Bacteria,p_Firmicutes,p_Firmicutes,c_Clostridia,o_Eubacteriales,f_Clostridiaceae,g_Clostridium,g_Clostridium,s_Clostridium sp. CAG:762,2
tet(45),tetracycline,k_Bacteria,p_Actinobacteria,p_Actinobacteria,c_Actinomycetia,o_Bifidobacteriales,f_Bifidobacteriaceae,g_Bifidobacterium,g_Bifidobacterium,s_Bifidobacterium thermophilum,2
tet(45),tetracycline,k_Bacteria,p_Proteobacteria,p_Proteobacteria,c_Epsilonproteobacteria,o_Campylobacterales,f_Campylobacteraceae,g_Campylobacter,g_Campylobacter,s_Campylobacter sp. P157,2
tet(45),tetracycline,k_Bacteria,p_Firmicutes,p_Firmicutes,c_Bacilli,o_Lactobacillales,f_Enterococcaceae,g_Enterococcus,g_Enterococcus,s_Enterococcus columbae,2
tet(B),tetracycline,k_Bacteria,p_Proteobacteria,p_Proteobacteria,c_Gammaproteobacteria,o_Enterobacterales,f_Enterobacteriaceae,g_Salmonella,g_Salmonella,s_Salmonella enterica,2
tet(C),tetracycline,k_Bacteria,p_Proteobacteria,p_Proteobacteria,c_Gammaproteobacteria,o_Pasteurellales,f_Pasteurellaceae,g_Pasteurella,g_Pasteurella,s_Pasteurella multocida,2
tet(C),tetracycline,k_unknown,p_unknown,Other,c_unknown,o_unknown,f_unknown,g_unknown,Other,s_synthetic construct,2
tet(M),tetracycline,k_Bacteria,p_Firmicutes,p_Firmicutes,c_Bacilli,o_Lactobacillales,f_Enterococcaceae,g_Enterococcus,g_Enterococcus,s_Enterococcus columbae,2
tet(M),tetracycline,k_Bacteria,p_Firmicutes,p_Firmicutes,c_Bacilli,o_Lactobacillales,f_Lactobacillaceae,g_Pediococcus,g_Pediococcus,s_Pediococcus pentosaceus,2
tet(O),tetracycline,k_Bacteria,p_Firmicutes,p_Bacillota,c_Negativicutes,o_Selenomonadales,f_Selenomonadaceae,g_Megamonas,g_Megamonas,s_Megamonas funiformis,2
tet(O),tetracycline,k_Bacteria,p_Deferribacteres,p_Deferribacteres,c_Deferribacteres,o_Deferribacterales,f_Deferribacteraceae,g_Mucispirillum,g_Mucispirillum,s_Mucispirillum schaedleri,2
tet(O),tetracycline,k_unknown,p_Uroviricota,p_Uroviricota,c_Caudoviricetes,o_Caudovirales,f_Siphoviridae,g_unknown,Other,s_Siphoviridae sp.,2
tet(O),tetracycline,k_Bacteria,p_Firmicutes,p_Firmicutes,c_Clostridia,o_Eubacteriales,f_Lachnospiraceae,g_Mediterraneibacter,g_Mediterraneibacter,s_[Ruminococcus] gnavus,2
tet(Q),tetracycline,k_Bacteria,p_Bacteroidetes,p_Bacteroidetes,c_Bacteroidia,o_Bacteroidales,f_Bacteroidaceae,g_Bacteroides,g_Bacteroides,s_Bacteroides sp. AGMB03916,2
tet(Q),tetracycline,k_Bacteria,p_Bacteroidetes,p_Bacteroidetes,c_Bacteroidia,o_Bacteroidales,f_Prevotellaceae,g_Prevotella,g_Prevotella,s_Prevotella marseillensis,2
tet(T),tetracycline,k_Bacteria,p_Firmicutes,p_Firmicutes,c_Bacilli,o_Bacillales,f_Staphylococcaceae,g_Staphylococcus,g_Staphylococcus,s_Staphylococcus aureus,2
tet(W),tetracycline,k_Bacteria,p_Firmicutes,p_Firmicutes,c_Clostridia,o_Eubacteriales,f_Oscillospiraceae,g_Anaerotruncus,g_Anaerotruncus,s_Anaerotruncus colihominis,2
tet(W),tetracycline,k_Bacteria,p_Actinobacteria,p_Actinobacteria,c_Actinomycetia,o_Bifidobacteriales,f_Bifidobacteriaceae,g_Bifidobacterium,g_Bifidobacterium,s_Bifidobacterium pullorum,2
tet(W),tetracycline,k_Bacteria,p_Actinobacteria,p_Actinobacteria,c_Coriobacteriia,o_Coriobacteriales,f_unknown,g_unknown,Other,s_Coriobacteriales bacterium DNF00809,2
tet(W),tetracycline,k_Bacteria,p_Actinobacteria,p_Actinobacteria,c_Coriobacteriia,o_Eggerthellales,f_Eggerthellaceae,g_Eggerthella,g_Eggerthella,s_Eggerthella lenta,2
tet(W),tetracycline,k_Bacteria,p_Firmicutes,p_Firmicutes,c_Clostridia,o_Eubacteriales,f_Oscillospiraceae,g_Fournierella,g_Fournierella,s_Fournierella massiliensis,2
tet(W),tetracycline,k_Bacteria,p_Deferribacteres,p_Deferribacteres,c_Deferribacteres,o_Deferribacterales,f_Deferribacteraceae,g_Mucispirillum,g_Mucispirillum,s_Mucispirillum schaedleri,2
tet(W),tetracycline,k_Bacteria,p_Firmicutes,p_Firmicutes,c_Clostridia,o_Eubacteriales,f_Oscillospiraceae,g_unknown,Other,s_Oscillospiraceae bacterium,2
tet(W),tetracycline,k_Bacteria,p_Firmicutes,p_Firmicutes,c_Erysipelotrichia,o_Erysipelotrichales,f_Erysipelotrichaceae,g_Erysipelatoclostridium,g_Erysipelatoclostridium,s_[Clostridium] spiroforme,2
tet(W/N/W),tetracycline,k_Bacteria,p_Firmicutes,p_Firmicutes,c_Clostridia,o_Eubacteriales,f_Lachnospiraceae,g_Enterocloster,g_Enterocloster,s_Enterocloster clostridioformis,2
tet(W/N/W),tetracycline,k_Bacteria,p_Proteobacteria,p_Proteobacteria,c_Gammaproteobacteria,o_Pasteurellales,f_Pasteurellaceae,g_Haemophilus,g_Haemophilus,s_Haemophilus parainfluenzae,2
tmrB,nucleoside,k_Bacteria,p_Firmicutes,p_Firmicutes,c_Bacilli,o_Bacillales,f_Bacillaceae,g_Bacillus,g_Bacillus,s_Bacillus subtilis,2
vanG,glycopeptide,k_Bacteria,p_Firmicutes,p_Firmicutes,c_Clostridia,o_Eubacteriales,f_unknown,g_Flintibacter,g_Flintibacter,s_Flintibacter sp. KGMB00164,2
vanHB,glycopeptide,k_Bacteria,p_Firmicutes,p_Firmicutes,c_Bacilli,o_Lactobacillales,f_Enterococcaceae,g_Enterococcus,g_Enterococcus,NA,2
vanRB,glycopeptide,k_Bacteria,p_Firmicutes,p_Firmicutes,c_Bacilli,o_Lactobacillales,f_Enterococcaceae,g_Enterococcus,g_Enterococcus,s_Enterococcus faecium,2
vanRG,glycopeptide,k_Bacteria,p_Firmicutes,p_Firmicutes,c_Clostridia,o_Eubacteriales,f_Lachnospiraceae,g_unknown,Other,s_Lachnospiraceae bacterium,2
vanRI,glycopeptide,k_Bacteria,p_Firmicutes,p_Firmicutes,c_Clostridia,o_Eubacteriales,f_Peptococcaceae,NA,Other,NA,2
vanTG,glycopeptide,k_Bacteria,p_Firmicutes,p_Firmicutes,c_Bacilli,o_Lactobacillales,f_Streptococcaceae,g_Streptococcus,g_Streptococcus,s_Streptococcus suis,2
vanWG,glycopeptide,k_Bacteria,p_Firmicutes,p_Firmicutes,c_Bacilli,o_Lactobacillales,f_Streptococcaceae,g_Streptococcus,g_Streptococcus,s_Streptococcus suis,2
vanXYG,glycopeptide,k_Bacteria,p_Firmicutes,p_Firmicutes,c_Clostridia,o_Eubacteriales,f_Oscillospiraceae,g_Anaeromassilibacillus,g_Anaeromassilibacillus,s_Anaeromassilibacillus sp. An200,2
vanXYG,glycopeptide,k_Bacteria,p_Firmicutes,p_Firmicutes,c_Clostridia,o_Eubacteriales,f_unknown,g_Colidextribacter,g_Colidextribacter,s_Colidextribacter sp. OB.20,2
vanXYG,glycopeptide,k_Bacteria,p_Firmicutes,p_Firmicutes,c_Bacilli,o_Lactobacillales,f_Streptococcaceae,g_Streptococcus,g_Streptococcus,s_Streptococcus suis,2
vanYB,glycopeptide,k_Bacteria,p_Firmicutes,p_Firmicutes,c_Clostridia,o_Eubacteriales,f_Clostridiaceae,g_Clostridium,g_Clostridium,s_Clostridium sp. CAG:1013,2
vanYB,glycopeptide,k_Bacteria,p_Firmicutes,p_Firmicutes,c_Bacilli,o_Lactobacillales,f_Enterococcaceae,g_Enterococcus,g_Enterococcus,s_Enterococcus faecalis,2
vanYB,glycopeptide,k_Bacteria,p_Firmicutes,p_Firmicutes,c_Clostridia,o_Eubacteriales,f_Oscillospiraceae,g_Faecalibacterium,g_Faecalibacterium,s_Faecalibacterium prausnitzii,2
vanYB,glycopeptide,k_Bacteria,p_Firmicutes,p_Firmicutes,c_Clostridia,o_Eubacteriales,f_Oscillospiraceae,g_Flavonifractor,g_Flavonifractor,s_Flavonifractor sp. An100,2
vanYB,glycopeptide,k_Bacteria,p_Firmicutes,p_Firmicutes,c_Clostridia,o_Eubacteriales,f_unknown,g_Gemmiger,g_Gemmiger,s_Gemmiger sp. An50,2
vanYB,glycopeptide,k_Bacteria,p_Firmicutes,p_Firmicutes,c_Clostridia,o_Eubacteriales,f_Lachnospiraceae,g_Mediterraneibacter,g_Mediterraneibacter,s_Mediterraneibacter catenae,2
vanYB,glycopeptide,k_Bacteria,p_Firmicutes,p_Firmicutes,c_Clostridia,o_Eubacteriales,f_Oscillospiraceae,g_Oscillibacter,g_Oscillibacter,s_Oscillibacter sp. 1-3,2
vanYB,glycopeptide,k_Bacteria,p_Firmicutes,p_Firmicutes,c_Clostridia,o_Eubacteriales,f_Oscillospiraceae,g_Flavonifractor,g_Flavonifractor,s_uncultured Flavonifractor sp.,2
vanYF,glycopeptide,k_Bacteria,p_Firmicutes,p_Firmicutes,c_Clostridia,o_Eubacteriales,f_Lachnospiraceae,g_Mediterraneibacter,g_Mediterraneibacter,s_Mediterraneibacter catenae,2
vanYF,glycopeptide,k_Bacteria,p_Firmicutes,p_Firmicutes,c_Clostridia,o_Eubacteriales,f_Oscillospiraceae,g_Oscillibacter,g_Oscillibacter,s_Oscillibacter sp. 1-3,2
vanYF,glycopeptide,k_Bacteria,p_Firmicutes,p_Firmicutes,c_Erysipelotrichia,o_Erysipelotrichales,f_Erysipelotrichaceae,g_Erysipelatoclostridium,g_Erysipelatoclostridium,s_[Clostridium] spiroforme,2
vanYG,glycopeptide,k_Bacteria,p_Firmicutes,p_Firmicutes,c_Clostridia,o_Eubacteriales,f_Oscillospiraceae,g_Agathobaculum,g_Agathobaculum,s_Agathobaculum sp. Marseille-P7918,2
vanYG,glycopeptide,k_Bacteria,p_Firmicutes,p_Firmicutes,c_Clostridia,o_Eubacteriales,f_Lachnospiraceae,g_Blautia,g_Blautia,s_Blautia sp. An249,2
vanYG,glycopeptide,k_Bacteria,p_Firmicutes,p_Firmicutes,c_Clostridia,o_Eubacteriales,f_unknown,g_unknown,Other,s_Clostridiales bacterium,2
vanYG,glycopeptide,k_Bacteria,p_Firmicutes,p_Firmicutes,c_Clostridia,o_Eubacteriales,f_Oscillospiraceae,g_Flavonifractor,g_Flavonifractor,s_Flavonifractor sp. An112,2
vanYG,glycopeptide,k_Bacteria,p_Firmicutes,p_Firmicutes,c_Clostridia,o_Eubacteriales,f_Oscillospiraceae,g_Fournierella,g_Fournierella,s_Fournierella massiliensis,2
vanYG,glycopeptide,k_Bacteria,p_Firmicutes,p_Firmicutes,c_Clostridia,o_Eubacteriales,f_unknown,g_Gemmiger,g_Gemmiger,s_Gemmiger gallinarum,2
vanYG,glycopeptide,k_Bacteria,p_Firmicutes,p_Firmicutes,c_Clostridia,o_Eubacteriales,f_Lachnospiraceae,g_unknown,Other,s_Lachnospiraceae bacterium KGMB03038,2
vanYG,glycopeptide,k_Bacteria,p_Firmicutes,p_Firmicutes,c_Clostridia,o_Eubacteriales,f_Lachnospiraceae,g_Mediterraneibacter,g_Mediterraneibacter,s_Mediterraneibacter catenae,2
vanYG,glycopeptide,k_Bacteria,p_Firmicutes,p_Firmicutes,c_Clostridia,o_Eubacteriales,f_Oscillospiraceae,g_Oscillibacter,g_Oscillibacter,s_Oscillibacter valericigenes,2
vanYG,glycopeptide,k_Bacteria,p_Firmicutes,p_Firmicutes,c_Clostridia,o_Eubacteriales,f_Oscillospiraceae,g_Pseudoflavonifractor,g_Pseudoflavonifractor,s_Pseudoflavonifractor sp. An85,2
vanYG,glycopeptide,k_Bacteria,p_Firmicutes,p_Firmicutes,c_Clostridia,o_Eubacteriales,f_Oscillospiraceae,g_Subdoligranulum,g_Subdoligranulum,s_Subdoligranulum variabile,2
ykkC,multidrug,k_Bacteria,p_Firmicutes,p_Firmicutes,c_Bacilli,o_Bacillales,f_Bacillaceae,g_Bacillus,g_Bacillus,NA,2
ykkD,multidrug,k_Bacteria,p_Firmicutes,p_Firmicutes,c_Bacilli,o_Bacillales,f_Bacillaceae,g_Bacillus,g_Bacillus,NA,2
23S rRNA (adenine(2058)-N(6))-methyltransferase Erm(A),multidrug,k_Bacteria,p_Firmicutes,p_Firmicutes,c_Clostridia,o_Eubacteriales,f_unknown,g_unknown,Other,s_Clostridiales bacterium,1
AAC(3)-IIc,aminoglycoside,k_Bacteria,p_Proteobacteria,p_Proteobacteria,c_Gammaproteobacteria,o_Enterobacterales,f_Enterobacteriaceae,g_Citrobacter,g_Citrobacter,s_Citrobacter freundii,1
AAC(3)-IVa,aminoglycoside,k_Bacteria,p_Proteobacteria,p_Proteobacteria,c_Gammaproteobacteria,o_Enterobacterales,f_Enterobacteriaceae,g_Escherichia,g_Escherichia,s_Escherichia coli,1
AAC(6')-IIa,aminoglycoside,k_Bacteria,p_Proteobacteria,p_Proteobacteria,c_Gammaproteobacteria,o_Enterobacterales,f_Enterobacteriaceae,g_Enterobacter,g_Enterobacter,s_Enterobacter hormaechei,1
AAC(6')-IIa,aminoglycoside,k_Bacteria,p_Proteobacteria,p_Proteobacteria,c_Gammaproteobacteria,o_Enterobacterales,f_Enterobacteriaceae,g_Escherichia,g_Escherichia,s_Escherichia coli,1
AAC(6')-IIa,aminoglycoside,k_Bacteria,p_Proteobacteria,p_Proteobacteria,c_Gammaproteobacteria,o_Enterobacterales,f_Enterobacteriaceae,g_Klebsiella,g_Klebsiella,s_Klebsiella pneumoniae,1
AAC(6')-Ia,aminoglycoside,k_Bacteria,p_Proteobacteria,p_Proteobacteria,c_Gammaproteobacteria,o_Enterobacterales,f_Enterobacteriaceae,g_Escherichia,g_Escherichia,s_Escherichia coli,1
AAC(6')-Iaj,aminoglycoside,k_Bacteria,p_Proteobacteria,p_Proteobacteria,NA,NA,NA,NA,Other,NA,1
AAC(6')-Ib',aminoglycoside,k_Bacteria,p_Proteobacteria,p_Proteobacteria,c_Gammaproteobacteria,NA,NA,NA,Other,NA,1
AAC(6')-Ib-cr3,multidrug,k_Bacteria,p_Proteobacteria,p_Proteobacteria,c_Gammaproteobacteria,o_Enterobacterales,f_Enterobacteriaceae,g_Klebsiella,g_Klebsiella,s_Klebsiella pneumoniae,1
AAC(6')-Ib-cr6,multidrug,k_Bacteria,p_Proteobacteria,p_Proteobacteria,c_Gammaproteobacteria,o_Enterobacterales,f_Enterobacteriaceae,g_Shigella,g_Shigella,s_Shigella sonnei,1
AAC(6')-Ib8,aminoglycoside,k_Bacteria,p_Proteobacteria,p_Proteobacteria,c_Gammaproteobacteria,o_Moraxellales,f_Moraxellaceae,g_Acinetobacter,g_Acinetobacter,s_Acinetobacter baumannii,1
AAC(6')-Im,aminoglycoside,k_Bacteria,p_Firmicutes,p_Firmicutes,c_Clostridia,o_Eubacteriales,f_Oscillospiraceae,g_Anaeromassilibacillus,g_Anaeromassilibacillus,s_Anaeromassilibacillus sp. An200,1
AAC(6')-Im,aminoglycoside,k_Bacteria,p_Firmicutes,p_Firmicutes,c_Clostridia,o_Eubacteriales,f_Clostridiaceae,g_Clostridium,g_Clostridium,s_Clostridium sp. C1,1
AAC(6')-Iy,aminoglycoside,k_Bacteria,p_Proteobacteria,p_Proteobacteria,c_Gammaproteobacteria,o_Enterobacterales,f_Enterobacteriaceae,g_Klebsiella,g_Klebsiella,s_Klebsiella pneumoniae,1
ACT-77,multidrug,k_Bacteria,p_Proteobacteria,p_Proteobacteria,c_Gammaproteobacteria,o_Enterobacterales,f_Enterobacteriaceae,g_Enterobacter,g_Enterobacter,s_Enterobacter bugandensis,1
ANT(2'')-Ia,aminoglycoside,k_Bacteria,p_Proteobacteria,p_Proteobacteria,c_Deltaproteobacteria,o_Desulfovibrionales,f_Desulfovibrionaceae,g_Bilophila,g_Bilophila,s_Bilophila wadsworthia,1
ANT(2'')-Ia,aminoglycoside,k_Bacteria,p_Proteobacteria,p_Proteobacteria,c_Gammaproteobacteria,o_Pasteurellales,f_Pasteurellaceae,g_Gallibacterium,g_Gallibacterium,s_Gallibacterium anatis,1
ANT(2'')-Ia,aminoglycoside,k_Bacteria,p_Proteobacteria,p_Proteobacteria,c_Gammaproteobacteria,o_Enterobacterales,f_Enterobacteriaceae,g_Shigella,g_Shigella,s_Shigella sonnei,1
ANT(4')-Ia,aminoglycoside,k_Bacteria,p_Proteobacteria,p_Proteobacteria,c_Epsilonproteobacteria,o_Campylobacterales,f_Campylobacteraceae,g_Campylobacter,g_Campylobacter,s_Campylobacter jejuni,1
ANT(4')-Ia,aminoglycoside,k_Bacteria,p_Fusobacteria,p_Fusobacteria,c_Fusobacteriia,o_Fusobacteriales,f_Fusobacteriaceae,g_Fusobacterium,g_Fusobacterium,s_Fusobacterium mortiferum,1
ANT(4')-Ia,aminoglycoside,k_Bacteria,p_Proteobacteria,p_Proteobacteria,c_Gammaproteobacteria,o_Pasteurellales,f_Pasteurellaceae,g_Gallibacterium,g_Gallibacterium,s_Gallibacterium genomosp. 3,1
ANT(4')-Ia,aminoglycoside,k_Bacteria,p_Firmicutes,p_Firmicutes,c_Bacilli,o_Lactobacillales,f_Lactobacillaceae,g_Ligilactobacillus,g_Ligilactobacillus,s_Ligilactobacillus salivarius,1
ANT(4')-Ib,aminoglycoside,k_Bacteria,p_Firmicutes,p_Firmicutes,c_Bacilli,o_Bacillales,f_Bacillaceae,NA,Other,NA,1
ANT(6)-Ia,aminoglycoside,k_Bacteria,p_Firmicutes,p_Firmicutes,c_Bacilli,o_Lactobacillales,f_Enterococcaceae,g_Enterococcus,g_Enterococcus,s_Enterococcus casseliflavus,1
ANT(6)-Ia,aminoglycoside,k_Bacteria,p_Firmicutes,p_Firmicutes,c_Bacilli,o_Lactobacillales,f_Enterococcaceae,g_Enterococcus,g_Enterococcus,s_Enterococcus columbae,1
ANT(6)-Ia,aminoglycoside,k_Bacteria,p_Firmicutes,p_Firmicutes,c_Clostridia,o_Eubacteriales,f_Oscillospiraceae,g_Faecalibacterium,g_Faecalibacterium,s_Faecalibacterium prausnitzii,1
ANT(6)-Ia,aminoglycoside,k_Bacteria,p_Firmicutes,p_Firmicutes,c_Clostridia,o_Eubacteriales,f_Lachnospiraceae,g_Mediterraneibacter,g_Mediterraneibacter,s_[Ruminococcus] lactaris,1
ANT(6)-Ia,aminoglycoside,k_unknown,p_unknown,Other,c_unknown,o_unknown,f_unknown,g_unknown,Other,s_synthetic Mycoplasma genitalium JCVI-1.0,1
ANT(6)-Ib,aminoglycoside,k_Bacteria,p_Firmicutes,p_Firmicutes,c_Clostridia,o_Eubacteriales,f_Lachnospiraceae,g_Anaerotignum,g_Anaerotignum,s_Anaerotignum lactatifermentans,1
ANT(6)-Ib,aminoglycoside,k_Bacteria,p_Proteobacteria,p_Proteobacteria,c_Epsilonproteobacteria,o_Campylobacterales,f_Campylobacteraceae,g_Campylobacter,g_Campylobacter,s_Campylobacter fetus,1
ANT(6)-Ib,aminoglycoside,k_Bacteria,p_Firmicutes,p_Firmicutes,c_Clostridia,o_Eubacteriales,f_Eubacteriaceae,g_Eubacterium,g_Eubacterium,s_Eubacterium callanderi,1
ANT(6)-Ib,aminoglycoside,k_Bacteria,p_Firmicutes,p_Firmicutes,c_Clostridia,o_Eubacteriales,f_Peptostreptococcaceae,g_Peptoclostridium,g_Peptoclostridium,s_Peptoclostridium sp. AF21-18,1
ANT(9)-Ia,aminoglycoside,k_Bacteria,p_Firmicutes,p_Firmicutes,c_Bacilli,o_Lactobacillales,f_Enterococcaceae,g_Enterococcus,g_Enterococcus,s_Enterococcus faecium,1
APH(2'')-IIa,aminoglycoside,k_Bacteria,p_Firmicutes,p_Firmicutes,c_Clostridia,o_Eubacteriales,f_Eubacteriaceae,g_unknown,Other,s_Eubacteriaceae bacterium CHKCI004,1
APH(2'')-IIa,aminoglycoside,k_Bacteria,p_Proteobacteria,p_Proteobacteria,c_Gammaproteobacteria,o_Enterobacterales,f_Enterobacteriaceae,g_Klebsiella,g_Klebsiella,s_Klebsiella pneumoniae,1
APH(2'')-Ie,aminoglycoside,k_Bacteria,p_Firmicutes,p_Firmicutes,c_Clostridia,o_Eubacteriales,f_Peptostreptococcaceae,g_Clostridioides,g_Clostridioides,s_Clostridioides difficile,1
APH(2'')-If,aminoglycoside,k_Bacteria,p_Actinobacteria,p_Actinobacteria,c_Coriobacteriia,o_Coriobacteriales,f_Coriobacteriaceae,g_Enorma,g_Enorma,s_Enorma shizhengliae,1
APH(2'')-If,aminoglycoside,k_Bacteria,p_Firmicutes,p_Firmicutes,c_Clostridia,o_Eubacteriales,f_Lachnospiraceae,g_Enterocloster,g_Enterocloster,s_Enterocloster bolteae,1
APH(2'')-If,aminoglycoside,k_Bacteria,p_Firmicutes,p_Firmicutes,c_Clostridia,o_Eubacteriales,f_Lachnospiraceae,g_Enterocloster,g_Enterocloster,s_Enterocloster clostridioformis,1
APH(2'')-If,aminoglycoside,k_Bacteria,p_Firmicutes,p_Firmicutes,c_Bacilli,o_Lactobacillales,f_Enterococcaceae,g_Enterococcus,g_Enterococcus,s_Enterococcus faecium,1
APH(2'')-If,aminoglycoside,k_Bacteria,p_Firmicutes,p_Firmicutes,c_Clostridia,o_Eubacteriales,f_unknown,g_Gemmiger,g_Gemmiger,s_Gemmiger formicilis,1
APH(2'')-If,aminoglycoside,k_Bacteria,p_Firmicutes,p_Firmicutes,c_Clostridia,o_Eubacteriales,f_Oscillospiraceae,g_Subdoligranulum,g_Subdoligranulum,s_Subdoligranulum variabile,1
APH(2'')-Ig,aminoglycoside,k_Bacteria,p_Firmicutes,p_Firmicutes,c_Clostridia,o_Eubacteriales,f_Oscillospiraceae,g_Subdoligranulum,g_Subdoligranulum,s_Subdoligranulum variabile,1
APH(3'')-Ib,aminoglycoside,k_Bacteria,p_Actinobacteria,p_Actinobacteria,c_Actinomycetia,o_Corynebacteriales,f_Corynebacteriaceae,g_Corynebacterium,g_Corynebacterium,s_Corynebacterium diphtheriae,1
APH(3'')-Ib,aminoglycoside,k_Bacteria,p_Proteobacteria,p_Proteobacteria,c_Deltaproteobacteria,o_Desulfovibrionales,f_Desulfovibrionaceae,g_Desulfovibrio,g_Desulfovibrio,s_Desulfovibrio piger,1
APH(3'')-Ib,aminoglycoside,k_Bacteria,p_Proteobacteria,p_Proteobacteria,c_Gammaproteobacteria,o_Enterobacterales,f_Enterobacteriaceae,g_Enterobacter,g_Enterobacter,s_Enterobacter hormaechei,1
APH(3'')-Ib,aminoglycoside,k_Bacteria,p_Proteobacteria,p_Proteobacteria,c_Gammaproteobacteria,o_Enterobacterales,f_Enterobacteriaceae,g_Shigella,g_Shigella,s_Shigella sonnei,1
APH(3'')-Ib,aminoglycoside,k_Bacteria,p_Proteobacteria,p_Proteobacteria,c_Gammaproteobacteria,o_Vibrionales,f_Vibrionaceae,g_Vibrio,g_Vibrio,s_Vibrio cholerae,1
APH(3')-IIIa,aminoglycoside,k_Bacteria,p_Firmicutes,p_Firmicutes,c_Clostridia,o_Eubacteriales,f_Lachnospiraceae,g_Anaerotignum,g_Anaerotignum,s_Anaerotignum lactatifermentans,1
APH(3')-IIIa,aminoglycoside,k_Bacteria,p_Bacteroidetes,p_Bacteroidetes,c_Bacteroidia,o_Bacteroidales,f_Bacteroidaceae,g_Bacteroides,g_Bacteroides,s_Bacteroides caecigallinarum,1
APH(3')-IIIa,aminoglycoside,k_Bacteria,p_Bacteroidetes,p_Bacteroidetes,c_Bacteroidia,o_Bacteroidales,f_Bacteroidaceae,g_Bacteroides,g_Bacteroides,s_Bacteroides sp. AGMB03916,1
APH(3')-IIIa,aminoglycoside,k_Bacteria,p_Actinobacteria,p_Actinobacteria,c_Actinomycetia,o_Bifidobacteriales,f_Bifidobacteriaceae,g_Bifidobacterium,g_Bifidobacterium,s_Bifidobacterium longum,1
APH(3')-IIIa,aminoglycoside,k_Bacteria,p_Firmicutes,p_Firmicutes,c_Clostridia,o_Eubacteriales,f_Clostridiaceae,g_Butyricicoccus,g_Butyricicoccus,s_Butyricicoccus pullicaecorum,1
APH(3')-IIIa,aminoglycoside,k_Bacteria,p_Proteobacteria,p_Proteobacteria,c_Deltaproteobacteria,o_Desulfovibrionales,f_Desulfovibrionaceae,g_Desulfovibrio,g_Desulfovibrio,s_Desulfovibrio piger,1
APH(3')-IIIa,aminoglycoside,k_Bacteria,p_Firmicutes,p_Firmicutes,c_Clostridia,o_Eubacteriales,f_Lachnospiraceae,g_Enterocloster,g_Enterocloster,s_Enterocloster clostridioformis,1
APH(3')-IIIa,aminoglycoside,k_Bacteria,p_Fusobacteria,p_Fusobacteria,c_Fusobacteriia,o_Fusobacteriales,f_Fusobacteriaceae,g_Fusobacterium,g_Fusobacterium,s_Fusobacterium mortiferum,1
APH(3')-IIIa,aminoglycoside,k_Bacteria,p_Firmicutes,p_Firmicutes,c_Clostridia,o_Eubacteriales,f_unknown,g_Gemmiger,g_Gemmiger,s_Gemmiger sp. An50,1
APH(3')-IIIa,aminoglycoside,k_Bacteria,p_Deferribacteres,p_Deferribacterota,c_Deferribacteres,o_Deferribacterales,f_Mucispirillaceae,g_Mucispirillum,g_Mucispirillum,s_Mucispirillum sp.,1
APH(3')-IIIa,aminoglycoside,k_Bacteria,p_Bacteroidetes,p_Bacteroidetes,c_Bacteroidia,o_Bacteroidales,f_Bacteroidaceae,g_Phocaeicola,g_Phocaeicola,s_Phocaeicola vulgatus,1
APH(3')-IIIa,aminoglycoside,k_Bacteria,p_Firmicutes,p_Firmicutes,c_Clostridia,o_Eubacteriales,f_Oscillospiraceae,g_unknown,Other,s_Ruminococcaceae bacterium AM07-15,1
APH(3')-IIIa,aminoglycoside,k_unknown,p_Uroviricota,p_Uroviricota,c_Caudoviricetes,o_Caudovirales,f_Siphoviridae,g_unknown,Other,s_Siphoviridae sp.,1
APH(3')-Ia,aminoglycoside,k_Bacteria,p_Proteobacteria,p_Proteobacteria,c_Gammaproteobacteria,o_Moraxellales,f_Moraxellaceae,g_Acinetobacter,g_Acinetobacter,s_Acinetobacter baumannii,1
APH(3')-Ia,aminoglycoside,k_Bacteria,p_Proteobacteria,p_Proteobacteria,c_Gammaproteobacteria,o_Pasteurellales,f_Pasteurellaceae,g_Actinobacillus,g_Actinobacillus,s_Actinobacillus pleuropneumoniae,1
APH(3')-Ia,aminoglycoside,k_Bacteria,p_Actinobacteria,p_Actinobacteria,c_Actinomycetia,o_Corynebacteriales,f_Corynebacteriaceae,g_Corynebacterium,g_Corynebacterium,s_Corynebacterium diphtheriae,1
APH(3')-Ia,aminoglycoside,k_Bacteria,p_Proteobacteria,p_Proteobacteria,c_Gammaproteobacteria,o_Pasteurellales,f_Pasteurellaceae,g_Gallibacterium,g_Gallibacterium,s_Gallibacterium genomosp. 3,1
APH(3')-Ia,aminoglycoside,k_Bacteria,p_Proteobacteria,p_Proteobacteria,c_Gammaproteobacteria,o_Pasteurellales,f_Pasteurellaceae,g_Haemophilus,g_Haemophilus,s_Haemophilus parainfluenzae,1
APH(3')-Ib,aminoglycoside,k_Bacteria,p_Proteobacteria,p_Proteobacteria,c_Gammaproteobacteria,o_Enterobacterales,f_Enterobacteriaceae,g_Escherichia,g_Escherichia,s_Escherichia coli,1
APH(6)-Ic,aminoglycoside,k_Bacteria,p_Proteobacteria,p_Proteobacteria,c_Gammaproteobacteria,o_Enterobacterales,f_Enterobacteriaceae,NA,Other,NA,1
APH(6)-Id,aminoglycoside,k_Bacteria,p_Proteobacteria,p_Proteobacteria,c_Gammaproteobacteria,o_Moraxellales,f_Moraxellaceae,g_Acinetobacter,g_Acinetobacter,s_Acinetobacter baumannii,1
APH(6)-Id,aminoglycoside,k_Bacteria,p_Actinobacteria,p_Actinobacteria,c_Actinomycetia,o_Corynebacteriales,f_Corynebacteriaceae,g_Corynebacterium,g_Corynebacterium,s_Corynebacterium diphtheriae,1
APH(6)-Id,aminoglycoside,k_Bacteria,p_Proteobacteria,p_Proteobacteria,c_Deltaproteobacteria,o_Desulfovibrionales,f_Desulfovibrionaceae,g_Desulfovibrio,g_Desulfovibrio,s_Desulfovibrio piger,1
APH(6)-Id,aminoglycoside,k_Bacteria,p_Proteobacteria,p_Proteobacteria,c_Gammaproteobacteria,o_Enterobacterales,f_Enterobacteriaceae,g_Salmonella,g_Salmonella,s_Salmonella enterica,1
BLMT,glycopeptide,k_Bacteria,p_Proteobacteria,p_Proteobacteria,c_Gammaproteobacteria,o_Enterobacterales,f_Enterobacteriaceae,g_Klebsiella,g_Klebsiella,s_Klebsiella pneumoniae,1
BLMT,glycopeptide,k_Bacteria,p_Proteobacteria,p_Proteobacteria,c_Gammaproteobacteria,o_Enterobacterales,f_Enterobacteriaceae,NA,Other,NA,1
BRO-2,penam,k_Bacteria,p_Proteobacteria,p_Proteobacteria,c_Gammaproteobacteria,o_Moraxellales,f_Moraxellaceae,NA,Other,NA,1
CARB-4,penam,k_Bacteria,p_Proteobacteria,p_Proteobacteria,c_Gammaproteobacteria,o_Pseudomonadales,f_Pseudomonadaceae,g_Pseudomonas,g_Pseudomonas,s_Pseudomonas aeruginosa,1
CDD-2,carbapenem,k_Bacteria,p_Firmicutes,p_Firmicutes,c_Clostridia,o_Eubacteriales,f_Peptostreptococcaceae,g_Clostridioides,g_Clostridioides,s_Clostridioides difficile,1
CMH-4,cephalosporin,k_Bacteria,p_Proteobacteria,p_Proteobacteria,c_Gammaproteobacteria,o_Enterobacterales,f_Enterobacteriaceae,g_Enterobacter,g_Enterobacter,s_Enterobacter cloacae,1
CTX-M-55,cephalosporin,k_Bacteria,p_Proteobacteria,p_Proteobacteria,c_Gammaproteobacteria,o_Enterobacterales,f_Enterobacteriaceae,g_Citrobacter,g_Citrobacter,s_Citrobacter freundii,1
CTX-M-55,cephalosporin,k_Bacteria,p_Proteobacteria,p_Proteobacteria,c_Gammaproteobacteria,o_Enterobacterales,f_Enterobacteriaceae,g_Enterobacter,g_Enterobacter,s_Enterobacter hormaechei,1
CTX-M-55,cephalosporin,k_Bacteria,p_Proteobacteria,p_Proteobacteria,c_Gammaproteobacteria,o_Pasteurellales,f_Pasteurellaceae,g_Gallibacterium,g_Gallibacterium,s_Gallibacterium anatis,1
Campylobacter coli chloramphenicol acetyltransferase,phenicol,k_Bacteria,p_Bacteroidetes,p_Bacteroidetes,c_Bacteroidia,o_Bacteroidales,f_Bacteroidaceae,g_Bacteroides,g_Bacteroides,s_Bacteroides stercoris,1
Campylobacter coli chloramphenicol acetyltransferase,phenicol,k_Bacteria,p_Proteobacteria,p_Proteobacteria,c_Epsilonproteobacteria,o_Campylobacterales,f_Campylobacteraceae,g_Campylobacter,g_Campylobacter,s_Campylobacter jejuni,1
Campylobacter coli chloramphenicol acetyltransferase,phenicol,k_Bacteria,p_Firmicutes,p_Firmicutes,c_Clostridia,o_Eubacteriales,f_Peptostreptococcaceae,g_Clostridioides,g_Clostridioides,s_Clostridioides difficile,1
Campylobacter coli chloramphenicol acetyltransferase,phenicol,k_Bacteria,p_Firmicutes,p_Firmicutes,c_Clostridia,o_Eubacteriales,f_Eubacteriaceae,g_Eubacterium,g_Eubacterium,s_Eubacterium callanderi,1
Campylobacter coli chloramphenicol acetyltransferase,phenicol,k_Bacteria,p_Firmicutes,p_Firmicutes,c_Clostridia,o_Eubacteriales,f_unknown,g_Gemmiger,g_Gemmiger,s_Gemmiger formicilis,1
Campylobacter coli chloramphenicol acetyltransferase,phenicol,k_Bacteria,p_Deferribacteres,p_Deferribacteres,c_Deferribacteres,o_Deferribacterales,f_Deferribacteraceae,g_Mucispirillum,g_Mucispirillum,s_Mucispirillum schaedleri,1
CblA-1,cephalosporin,k_Bacteria,p_unknown,Other,c_unknown,o_unknown,f_unknown,g_unknown,Other,s_uncultured bacterium,1
CfxA6,cephamycin,k_Bacteria,p_Verrucomicrobia,p_Verrucomicrobia,c_Verrucomicrobiae,o_Verrucomicrobiales,f_Akkermansiaceae,g_Akkermansia,g_Akkermansia,s_Akkermansia sp. BIOML-A32,1
CfxA6,cephamycin,k_Bacteria,p_Bacteroidetes,p_Bacteroidetes,c_Bacteroidia,o_Bacteroidales,f_Bacteroidaceae,g_Bacteroides,g_Bacteroides,s_Bacteroides fragilis,1
CfxA6,cephamycin,k_Bacteria,p_Bacteroidetes,p_Bacteroidetes,c_Bacteroidia,o_Bacteroidales,f_Bacteroidaceae,g_Bacteroides,g_Bacteroides,s_Bacteroides pyogenes,1
CfxA6,cephamycin,k_Bacteria,p_unknown,Other,c_unknown,o_unknown,f_unknown,g_unknown,Other,s_uncultured bacterium,1
Clostridioides difficile gyrB conferring resistance to fluoroquinolones,fluoroquinolone,k_Bacteria,p_Firmicutes,p_Firmicutes,c_Clostridia,o_Eubacteriales,f_Clostridiaceae,g_Clostridium,g_Clostridium,s_Clostridium perfringens,1
DfrA37,diaminopyrimidine,k_Bacteria,p_Proteobacteria,p_Proteobacteria,c_Gammaproteobacteria,o_Enterobacterales,f_Enterobacteriaceae,g_Citrobacter,g_Citrobacter,s_Citrobacter freundii,1
DfrA37,diaminopyrimidine,k_Bacteria,p_Proteobacteria,p_Proteobacteria,c_Gammaproteobacteria,o_Enterobacterales,f_Enterobacteriaceae,g_Shigella,g_Shigella,s_Shigella sonnei,1
DfrB9,diaminopyrimidine,k_Bacteria,p_Proteobacteria,p_Proteobacteria,c_Gammaproteobacteria,o_Pseudomonadales,f_Pseudomonadaceae,g_Pseudomonas,g_Pseudomonas,s_Pseudomonas aeruginosa,1
EreD,macrolide,k_Bacteria,p_Bacteroidetes,p_Bacteroidetes,c_Bacteroidia,o_Bacteroidales,f_Bacteroidaceae,g_Bacteroides,g_Bacteroides,s_Bacteroides sp. OF04-15BH,1
EreD,macrolide,k_Bacteria,p_Proteobacteria,p_Proteobacteria,c_Gammaproteobacteria,o_Enterobacterales,f_Enterobacteriaceae,g_Escherichia,g_Escherichia,s_Escherichia coli,1
EreD,macrolide,k_unknown,p_Uroviricota,p_Uroviricota,c_Caudoviricetes,o_Caudovirales,f_Siphoviridae,g_unknown,Other,s_Siphoviridae sp.,1
Erm(34),multidrug,k_Bacteria,p_Firmicutes,p_Firmicutes,c_Bacilli,o_Bacillales,f_Bacillaceae,NA,Other,NA,1
Erm(35),multidrug,k_Bacteria,p_Bacteroidetes,p_Bacteroidetes,c_Bacteroidia,o_Bacteroidales,f_Bacteroidaceae,g_Bacteroides,g_Bacteroides,s_Bacteroides stercoris,1
Erm(35),multidrug,k_Bacteria,p_Bacteroidetes,p_Bacteroidetes,c_Bacteroidia,o_Bacteroidales,f_Bacteroidaceae,g_Bacteroides,g_Bacteroides,s_Bacteroides uniformis,1
Erm(35),multidrug,k_Bacteria,p_Bacteroidetes,p_Bacteroidetes,c_Bacteroidia,o_Bacteroidales,f_Odoribacteraceae,g_Odoribacter,g_Odoribacter,s_Odoribacter splanchnicus,1
Erm(35),multidrug,k_Bacteria,p_Bacteroidetes,p_Bacteroidetes,c_Flavobacteriia,o_Flavobacteriales,f_Weeksellaceae,g_Ornithobacterium,g_Ornithobacterium,s_Ornithobacterium rhinotracheale,1
Erm(35),multidrug,k_Bacteria,p_Bacteroidetes,p_Bacteroidetes,c_Bacteroidia,o_Bacteroidales,f_Bacteroidaceae,g_Phocaeicola,g_Phocaeicola,s_Phocaeicola coprocola,1
Erm(35),multidrug,k_Bacteria,p_Bacteroidetes,p_Bacteroidetes,c_Bacteroidia,o_Bacteroidales,f_Bacteroidaceae,g_Phocaeicola,g_Phocaeicola,s_Phocaeicola dorei,1
Erm(35),multidrug,k_Bacteria,p_Bacteroidetes,p_Bacteroidetes,c_Bacteroidia,o_Bacteroidales,f_Prevotellaceae,g_Prevotella,g_Prevotella,s_Prevotella marseillensis,1
Erm(42),multidrug,k_Bacteria,p_Proteobacteria,p_Proteobacteria,c_Gammaproteobacteria,o_Enterobacterales,f_Enterobacteriaceae,g_Citrobacter,g_Citrobacter,s_Citrobacter freundii,1
Erm(42),multidrug,k_Bacteria,p_Proteobacteria,p_Proteobacteria,c_Gammaproteobacteria,o_Enterobacterales,f_Enterobacteriaceae,g_Klebsiella,g_Klebsiella,s_Klebsiella pneumoniae,1
Erm(52),multidrug,k_Bacteria,p_Firmicutes,p_Firmicutes,c_Clostridia,o_Eubacteriales,f_Lachnospiraceae,g_Anaerotignum,g_Anaerotignum,s_Anaerotignum lactatifermentans,1
Erm(52),multidrug,k_Bacteria,p_Firmicutes,p_Firmicutes,c_Clostridia,o_Eubacteriales,f_Clostridiaceae,g_Candidatus Arthromitus,g_Candidatus Arthromitus,s_Candidatus Arthromitus sp. SFB-turkey,1
Erm(52),multidrug,k_Bacteria,p_Firmicutes,p_Firmicutes,c_Clostridia,o_Eubacteriales,f_Lachnospiraceae,g_Lachnoclostridium,g_Lachnoclostridium,s_Lachnoclostridium sp. An76,1
Erm(52),multidrug,k_Bacteria,p_Firmicutes,p_Firmicutes,c_Clostridia,o_Eubacteriales,f_Oscillospiraceae,g_Ruthenibacterium,g_Ruthenibacterium,s_Ruthenibacterium lactatiformans,1
ErmA,multidrug,k_Bacteria,p_Firmicutes,p_Firmicutes,c_Bacilli,o_Lactobacillales,f_Enterococcaceae,g_Enterococcus,g_Enterococcus,s_Enterococcus casseliflavus,1
ErmA,multidrug,k_Bacteria,p_Fusobacteria,p_Fusobacteria,c_Fusobacteriia,o_Fusobacteriales,f_Fusobacteriaceae,g_Fusobacterium,g_Fusobacterium,s_Fusobacterium mortiferum,1
ErmA,multidrug,k_Bacteria,p_Deferribacteres,p_Deferribacteres,c_Deferribacteres,o_Deferribacterales,f_Deferribacteraceae,g_Mucispirillum,g_Mucispirillum,s_Mucispirillum schaedleri,1
ErmB,multidrug,k_Bacteria,p_Firmicutes,p_Firmicutes,c_Clostridia,o_Eubacteriales,f_Oscillospiraceae,g_Agathobaculum,g_Agathobaculum,s_Agathobaculum sp. Marseille-P7918,1
ErmB,multidrug,k_Bacteria,p_Firmicutes,p_Firmicutes,c_Clostridia,o_Eubacteriales,f_Peptostreptococcaceae,g_Clostridioides,g_Clostridioides,s_Clostridioides difficile,1
ErmB,multidrug,k_Bacteria,p_Actinobacteria,p_Actinobacteria,c_Coriobacteriia,o_Coriobacteriales,f_unknown,g_unknown,Other,s_Coriobacteriales bacterium DNF00809,1
ErmB,multidrug,k_Bacteria,p_Firmicutes,p_Firmicutes,c_Clostridia,o_Eubacteriales,f_Eubacteriaceae,g_Eubacterium,g_Eubacterium,s_Eubacterium callanderi,1
ErmB,multidrug,k_Bacteria,p_Firmicutes,p_Firmicutes,c_Clostridia,o_Eubacteriales,f_Clostridiaceae,g_Hungatella,g_Hungatella,s_Hungatella hathewayi,1
ErmB,multidrug,k_Bacteria,p_Firmicutes,p_Firmicutes,c_Clostridia,o_Eubacteriales,f_Lachnospiraceae,g_unknown,Other,s_Lachnospiraceae bacterium,1
ErmB,multidrug,k_Bacteria,p_Firmicutes,p_Firmicutes,c_Bacilli,o_Lactobacillales,f_Lactobacillaceae,g_Limosilactobacillus,g_Limosilactobacillus,s_Limosilactobacillus reuteri,1
ErmB,multidrug,k_Bacteria,p_Firmicutes,p_Firmicutes,c_Bacilli,o_Bacillales,f_Staphylococcaceae,g_Mammaliicoccus,g_Mammaliicoccus,s_Mammaliicoccus sciuri,1
ErmB,multidrug,k_Bacteria,p_Firmicutes,p_Firmicutes,c_Bacilli,o_Lactobacillales,f_Streptococcaceae,g_Streptococcus,g_Streptococcus,s_Streptococcus pneumoniae,1
ErmB,multidrug,k_Bacteria,p_Firmicutes,p_Firmicutes,c_Clostridia,o_Eubacteriales,f_Lachnospiraceae,g_Mediterraneibacter,g_Mediterraneibacter,s_[Ruminococcus] lactaris,1
ErmB,multidrug,k_Bacteria,p_Firmicutes,p_Firmicutes,c_Clostridia,o_Eubacteriales,f_Lachnospiraceae,g_Mediterraneibacter,g_Mediterraneibacter,s_[Ruminococcus] torques,1
ErmC,multidrug,k_Bacteria,p_Firmicutes,p_Firmicutes,c_Bacilli,o_Lactobacillales,f_Lactobacillaceae,g_Ligilactobacillus,g_Ligilactobacillus,s_Ligilactobacillus salivarius,1
ErmC,multidrug,k_Bacteria,p_Firmicutes,p_Firmicutes,c_Bacilli,o_Lactobacillales,f_Streptococcaceae,g_Streptococcus,g_Streptococcus,s_Streptococcus gallolyticus,1
ErmF,multidrug,k_Bacteria,p_Bacteroidetes,p_Bacteroidetes,c_Bacteroidia,o_Bacteroidales,f_Bacteroidaceae,g_Bacteroides,g_Bacteroides,s_Bacteroides caccae,1
ErmF,multidrug,k_Bacteria,p_Bacteroidetes,p_Bacteroidetes,c_Bacteroidia,o_Bacteroidales,f_Bacteroidaceae,g_Bacteroides,g_Bacteroides,s_Bacteroides caecigallinarum,1
ErmF,multidrug,k_Bacteria,p_Bacteroidetes,p_Bacteroidetes,c_Bacteroidia,o_Bacteroidales,f_Bacteroidaceae,g_Bacteroides,g_Bacteroides,s_Bacteroides ovatus,1
ErmF,multidrug,k_Bacteria,p_Bacteroidetes,p_Bacteroidetes,c_Bacteroidia,o_Bacteroidales,f_Bacteroidaceae,g_Bacteroides,g_Bacteroides,s_Bacteroides salyersiae,1
ErmF,multidrug,k_Bacteria,p_Bacteroidetes,p_Bacteroidetes,c_Bacteroidia,o_Bacteroidales,f_Bacteroidaceae,g_Bacteroides,g_Bacteroides,s_Bacteroides sp. AGMB03916,1
ErmF,multidrug,k_Bacteria,p_Bacteroidetes,p_Bacteroidetes,c_Bacteroidia,o_Bacteroidales,f_Bacteroidaceae,g_Bacteroides,g_Bacteroides,s_Bacteroides stercoris,1
ErmF,multidrug,k_Bacteria,p_Bacteroidetes,p_Bacteroidetes,c_Bacteroidia,o_Bacteroidales,f_Bacteroidaceae,g_Bacteroides,g_Bacteroides,s_Bacteroides thetaiotaomicron,1
ErmF,multidrug,k_Bacteria,p_Proteobacteria,p_Proteobacteria,c_Gammaproteobacteria,o_Pasteurellales,f_Pasteurellaceae,g_Glaesserella,g_Glaesserella,s_Glaesserella parasuis,1
ErmF,multidrug,k_Bacteria,p_Bacteroidetes,p_Bacteroidetes,c_Bacteroidia,o_Bacteroidales,f_Prevotellaceae,g_Prevotella,g_Prevotella,s_Prevotella marseillensis,1
ErmF,multidrug,k_Bacteria,p_unknown,Other,c_unknown,o_unknown,f_unknown,g_unknown,Other,s_uncultured bacterium,1
ErmG,multidrug,k_Bacteria,p_Bacteroidetes,p_Bacteroidetes,c_Bacteroidia,o_Bacteroidales,f_Bacteroidaceae,g_Bacteroides,g_Bacteroides,s_Bacteroides salyersiae,1
ErmG,multidrug,k_Bacteria,p_Bacteroidetes,p_Bacteroidetes,c_Bacteroidia,o_Bacteroidales,f_Bacteroidaceae,g_Bacteroides,g_Bacteroides,s_Bacteroides stercoris,1
ErmG,multidrug,k_Bacteria,p_Firmicutes,p_Firmicutes,c_Clostridia,o_Eubacteriales,f_unknown,g_unknown,Other,s_Clostridiales bacterium,1
ErmG,multidrug,k_Bacteria,p_Firmicutes,p_Firmicutes,c_Erysipelotrichia,o_Erysipelotrichales,f_Erysipelotrichaceae,g_Faecalitalea,g_Faecalitalea,s_Faecalitalea cylindroides,1
ErmG,multidrug,k_Bacteria,p_Bacteroidetes,p_Bacteroidetes,c_Bacteroidia,o_Bacteroidales,f_Bacteroidaceae,g_Phocaeicola,g_Phocaeicola,s_Phocaeicola vulgatus,1
ErmG,multidrug,k_Bacteria,p_Firmicutes,p_Firmicutes,c_Bacilli,o_Lactobacillales,f_Streptococcaceae,g_Streptococcus,g_Streptococcus,s_Streptococcus suis,1
ErmG,multidrug,k_Bacteria,p_Firmicutes,p_Firmicutes,c_Erysipelotrichia,o_Erysipelotrichales,f_Turicibacteraceae,g_Turicibacter,g_Turicibacter,s_Turicibacter sp. TJ11,1
ErmT,multidrug,k_Bacteria,p_Firmicutes,p_Firmicutes,c_Bacilli,o_Lactobacillales,f_Enterococcaceae,g_Enterococcus,g_Enterococcus,s_Enterococcus faecium,1
ErmT,multidrug,k_Bacteria,p_Firmicutes,p_Firmicutes,c_Clostridia,o_Eubacteriales,f_Peptostreptococcaceae,g_Peptacetobacter,g_Peptacetobacter,s_Peptacetobacter hominis,1
ErmT,multidrug,k_Bacteria,p_Firmicutes,p_Firmicutes,c_Bacilli,o_Lactobacillales,f_Streptococcaceae,g_Streptococcus,g_Streptococcus,s_Streptococcus suis,1
ErmX,multidrug,k_Bacteria,p_Actinobacteria,p_Actinobacteria,c_Coriobacteriia,o_Coriobacteriales,f_Coriobacteriaceae,g_Enorma,g_Enorma,s_Enorma shizhengliae,1
ErmX,multidrug,k_Bacteria,p_Proteobacteria,p_Proteobacteria,c_Gammaproteobacteria,o_Enterobacterales,f_Enterobacteriaceae,g_Klebsiella,g_Klebsiella,s_Klebsiella pneumoniae,1
"Escherichia coli AcrAB-TolC with AcrR mutation conferring resistance to ciprofloxacin, tetracycline, and ceftazidime",multidrug,k_Bacteria,p_Proteobacteria,p_Proteobacteria,c_Gammaproteobacteria,o_Enterobacterales,f_Enterobacteriaceae,g_Salmonella,g_Salmonella,s_Salmonella enterica,1
Escherichia coli AcrAB-TolC with MarR mutations conferring resistance to ciprofloxacin and tetracycline,multidrug,k_Bacteria,p_Proteobacteria,p_Proteobacteria,c_Gammaproteobacteria,o_Enterobacterales,f_Enterobacteriaceae,g_Enterobacter,g_Enterobacter,s_Enterobacter hormaechei,1
Escherichia coli AcrAB-TolC with MarR mutations conferring resistance to ciprofloxacin and tetracycline,multidrug,k_Bacteria,p_Proteobacteria,p_Proteobacteria,c_Gammaproteobacteria,o_Enterobacterales,f_Enterobacteriaceae,g_Shigella,g_Shigella,s_Shigella sonnei,1
Escherichia coli EF-Tu mutants conferring resistance to Pulvomycin,elfamycin,k_Bacteria,p_Proteobacteria,p_Proteobacteria,c_Gammaproteobacteria,o_Enterobacterales,f_Morganellaceae,g_Morganella,g_Morganella,s_Morganella morganii,1
Escherichia coli EF-Tu mutants conferring resistance to Pulvomycin,elfamycin,k_Bacteria,p_Proteobacteria,p_Proteobacteria,c_Gammaproteobacteria,o_Vibrionales,f_Vibrionaceae,g_Vibrio,g_Vibrio,s_Vibrio cholerae,1
Escherichia coli acrA,multidrug,k_Bacteria,p_Proteobacteria,p_Proteobacteria,c_Gammaproteobacteria,o_Enterobacterales,f_Enterobacteriaceae,g_Escherichia,g_Escherichia,s_Escherichia fergusonii,1
Escherichia coli acrA,multidrug,k_Bacteria,p_Proteobacteria,p_Proteobacteria,c_Gammaproteobacteria,o_Enterobacterales,f_Enterobacteriaceae,g_Shigella,g_Shigella,s_Shigella sonnei,1
Escherichia coli mdfA,multidrug,k_Bacteria,p_Proteobacteria,p_Proteobacteria,c_Gammaproteobacteria,o_Enterobacterales,f_Enterobacteriaceae,g_Enterobacter,g_Enterobacter,s_Enterobacter hormaechei,1
Escherichia coli mdfA,multidrug,k_Bacteria,p_Proteobacteria,p_Proteobacteria,c_Gammaproteobacteria,o_Enterobacterales,f_Enterobacteriaceae,g_Shigella,g_Shigella,s_Shigella sonnei,1
Escherichia coli parE conferring resistance to fluoroquinolones,fluoroquinolone,k_Bacteria,p_Proteobacteria,p_Proteobacteria,c_Gammaproteobacteria,o_Vibrionales,f_Vibrionaceae,g_Vibrio,g_Vibrio,s_Vibrio cholerae,1
Escherichia coli soxR with mutation conferring antibiotic resistance,multidrug,k_Bacteria,p_Proteobacteria,p_Proteobacteria,c_Gammaproteobacteria,o_Enterobacterales,f_Enterobacteriaceae,g_Shigella,g_Shigella,s_Shigella sonnei,1
Escherichia coli soxR with mutation conferring antibiotic resistance,multidrug,k_Bacteria,p_unknown,Other,c_unknown,o_unknown,f_unknown,g_unknown,Other,s_uncultured bacterium,1
Escherichia coli soxS with mutation conferring antibiotic resistance,multidrug,k_Bacteria,p_Proteobacteria,p_Proteobacteria,c_Gammaproteobacteria,o_Enterobacterales,f_Enterobacteriaceae,g_Shigella,g_Shigella,s_Shigella sonnei,1
EstT,multidrug,k_Bacteria,p_Proteobacteria,p_Proteobacteria,c_Gammaproteobacteria,o_Pasteurellales,f_Pasteurellaceae,g_Actinobacillus,g_Actinobacillus,s_Actinobacillus pleuropneumoniae,1
EstT,multidrug,k_Bacteria,p_Bacteroidetes,p_Bacteroidetes,c_Bacteroidia,o_Bacteroidales,f_Rikenellaceae,g_Alistipes,g_Alistipes,s_Alistipes communis,1
EstT,multidrug,k_Bacteria,p_Bacteroidetes,p_Bacteroidetes,c_Bacteroidia,o_Bacteroidales,f_Bacteroidaceae,g_Bacteroides,g_Bacteroides,s_Bacteroides caccae,1
EstT,multidrug,k_Bacteria,p_Bacteroidetes,p_Bacteroidetes,c_Bacteroidia,o_Bacteroidales,f_Bacteroidaceae,g_Bacteroides,g_Bacteroides,s_Bacteroides thetaiotaomicron,1
FosA2,phosphonic acid,k_Bacteria,p_Proteobacteria,p_Proteobacteria,c_Gammaproteobacteria,o_Enterobacterales,f_Enterobacteriaceae,g_Enterobacter,g_Enterobacter,s_Enterobacter cloacae,1
FosA3,phosphonic acid,k_Bacteria,p_Proteobacteria,p_Proteobacteria,c_Gammaproteobacteria,o_Enterobacterales,f_Enterobacteriaceae,g_Enterobacter,g_Enterobacter,s_Enterobacter cloacae,1
FosA3,phosphonic acid,k_Bacteria,p_Proteobacteria,p_Proteobacteria,c_Gammaproteobacteria,o_Enterobacterales,f_Enterobacteriaceae,g_Salmonella,g_Salmonella,s_Salmonella enterica,1
FosA8,phosphonic acid,k_Bacteria,p_Proteobacteria,p_Proteobacteria,c_Gammaproteobacteria,o_Enterobacterales,f_Enterobacteriaceae,g_Enterobacter,g_Enterobacter,s_Enterobacter hormaechei,1
FosA8,phosphonic acid,k_Bacteria,p_Proteobacteria,p_Proteobacteria,c_Gammaproteobacteria,o_Enterobacterales,f_Enterobacteriaceae,g_Escherichia,g_Escherichia,s_Escherichia coli,1
FosG,phosphonic acid,k_Bacteria,p_Proteobacteria,p_Proteobacteria,c_Gammaproteobacteria,o_Aeromonadales,f_Aeromonadaceae,g_Aeromonas,g_Aeromonas,NA,1
FosXCC,phosphonic acid,k_Bacteria,p_Firmicutes,p_Firmicutes,c_Clostridia,o_Eubacteriales,f_Lachnospiraceae,g_Coprococcus,g_Coprococcus,s_Coprococcus comes,1
FosXCC,phosphonic acid,k_Bacteria,p_Firmicutes,p_Firmicutes,c_Clostridia,o_Eubacteriales,f_Oscillospiraceae,g_Faecalibacterium,g_Faecalibacterium,s_Faecalibacterium sp. CLA-AA-H254,1
FosXCC,phosphonic acid,k_Bacteria,p_Firmicutes,p_Firmicutes,c_Clostridia,o_Eubacteriales,f_Clostridiaceae,g_Hungatella,g_Hungatella,s_Hungatella hathewayi,1
FosXCC,phosphonic acid,k_Bacteria,p_Deferribacteres,p_Deferribacteres,c_Deferribacteres,o_Deferribacterales,f_Deferribacteraceae,g_Mucispirillum,g_Mucispirillum,s_Mucispirillum schaedleri,1
FosXCC,phosphonic acid,k_Bacteria,p_Bacteroidetes,p_Bacteroidetes,c_Bacteroidia,o_Bacteroidales,f_Prevotellaceae,g_Prevotella,g_Prevotella,s_Prevotella copri,1
FosXCC,phosphonic acid,k_Bacteria,p_Firmicutes,p_Firmicutes,c_Bacilli,o_Bacillales,f_Staphylococcaceae,g_Staphylococcus,g_Staphylococcus,s_Staphylococcus aureus,1
FosXCC,phosphonic acid,k_Bacteria,p_Firmicutes,p_Firmicutes,c_Bacilli,o_Lactobacillales,f_Streptococcaceae,g_Streptococcus,g_Streptococcus,s_Streptococcus alactolyticus,1
FosXCC,phosphonic acid,k_Bacteria,p_Firmicutes,p_Firmicutes,c_Erysipelotrichia,o_Erysipelotrichales,f_Erysipelotrichaceae,g_Erysipelatoclostridium,g_Erysipelatoclostridium,s_[Clostridium] spiroforme,1
Klebsiella pneumoniae KpnE,multidrug,k_Bacteria,p_Proteobacteria,p_Proteobacteria,c_Gammaproteobacteria,o_Enterobacterales,f_Enterobacteriaceae,g_Enterobacter,g_Enterobacter,s_Enterobacter cloacae,1
Klebsiella pneumoniae KpnE,multidrug,k_Bacteria,p_Proteobacteria,p_Proteobacteria,c_Gammaproteobacteria,o_Enterobacterales,f_Enterobacteriaceae,g_Shigella,g_Shigella,s_Shigella sonnei,1
Klebsiella pneumoniae KpnG,multidrug,k_Bacteria,p_Proteobacteria,p_Proteobacteria,c_Gammaproteobacteria,o_Enterobacterales,f_Enterobacteriaceae,g_Escherichia,g_Escherichia,s_Escherichia coli,1
LnuH,lincosamide,k_Bacteria,p_Proteobacteria,p_Proteobacteria,c_Gammaproteobacteria,o_Pasteurellales,f_Pasteurellaceae,g_Glaesserella,g_Glaesserella,s_Glaesserella parasuis,1
LnuP,lincosamide,k_Bacteria,p_Firmicutes,p_Firmicutes,c_Bacilli,o_Lactobacillales,f_Enterococcaceae,g_Enterococcus,g_Enterococcus,s_Enterococcus columbae,1
LnuP,lincosamide,k_Bacteria,p_Firmicutes,p_Firmicutes,c_Clostridia,o_Eubacteriales,f_Peptostreptococcaceae,g_Peptacetobacter,g_Peptacetobacter,s_Peptacetobacter hominis,1
Mef(En2),multidrug,k_Bacteria,p_Bacteroidetes,p_Bacteroidetes,c_Bacteroidia,o_Bacteroidales,f_Bacteroidaceae,g_Bacteroides,g_Bacteroides,s_Bacteroides stercoris,1
Mef(En2),multidrug,k_Bacteria,p_Bacteroidetes,p_Bacteroidetes,c_Bacteroidia,o_Bacteroidales,f_Bacteroidaceae,g_Bacteroides,g_Bacteroides,s_Bacteroides thetaiotaomicron,1
Mef(En2),multidrug,k_Bacteria,p_Bacteroidetes,p_Bacteroidetes,c_Bacteroidia,o_Bacteroidales,f_Bacteroidaceae,g_Bacteroides,g_Bacteroides,s_Bacteroides xylanisolvens,1
Mef(En2),multidrug,k_Bacteria,p_Bacteroidetes,p_Bacteroidetes,c_Bacteroidia,o_Bacteroidales,f_Odoribacteraceae,g_Odoribacter,g_Odoribacter,s_Odoribacter splanchnicus,1
Mef(En2),multidrug,k_Bacteria,p_Bacteroidetes,p_Bacteroidetes,c_Bacteroidia,o_Bacteroidales,f_Bacteroidaceae,g_Phocaeicola,g_Phocaeicola,s_Phocaeicola vulgatus,1
Mef(En2),multidrug,k_Bacteria,p_Bacteroidetes,p_Bacteroidetes,c_Bacteroidia,o_Bacteroidales,f_Prevotellaceae,g_Prevotella,g_Prevotella,s_Prevotella pectinovora,1
Mef(En2),multidrug,k_Bacteria,p_Bacteroidetes,p_Bacteroidota,c_Bacteroidia,o_Bacteroidales,f_Prevotellaceae,g_Prevotella,g_Prevotella,s_Prevotella sp. HCN-7019,1
Mef(En2),multidrug,k_unknown,p_unknown,Other,c_unknown,o_unknown,f_unknown,g_unknown,Other,s_uncultured prokaryote,1
Mycobacterium tuberculosis rpsL mutations conferring resistance to Streptomycin,aminoglycoside,k_Bacteria,p_Actinobacteria,p_Actinobacteria,c_Actinomycetia,o_Bifidobacteriales,f_Bifidobacteriaceae,g_Bifidobacterium,g_Bifidobacterium,s_Bifidobacterium pullorum,1
NDM-5,multidrug,k_Bacteria,p_Proteobacteria,p_Proteobacteria,c_Gammaproteobacteria,o_Enterobacterales,f_Enterobacteriaceae,g_Escherichia,g_Escherichia,s_Escherichia coli,1
Neisseria gonorrhoeae gyrA conferring resistance to fluoroquinolones,fluoroquinolone,k_Bacteria,p_Proteobacteria,p_Proteobacteria,c_Betaproteobacteria,NA,NA,NA,Other,NA,1
OXA-1,multidrug,k_Bacteria,p_Proteobacteria,p_Proteobacteria,c_Gammaproteobacteria,o_Enterobacterales,f_Enterobacteriaceae,g_Shigella,g_Shigella,s_Shigella flexneri,1
OXA-184,penam,k_Bacteria,p_Proteobacteria,p_Proteobacteria,c_Epsilonproteobacteria,o_Campylobacterales,f_Campylobacteraceae,g_Campylobacter,g_Campylobacter,NA,1
OXA-193,penam,k_Bacteria,p_Proteobacteria,p_Proteobacteria,c_Epsilonproteobacteria,o_Campylobacterales,f_Campylobacteraceae,g_Campylobacter,g_Campylobacter,NA,1
OXA-21,multidrug,k_Bacteria,p_Proteobacteria,p_Proteobacteria,c_Gammaproteobacteria,o_Enterobacterales,f_Enterobacteriaceae,g_Enterobacter,g_Enterobacter,s_Enterobacter hormaechei,1
OXA-334,multidrug,k_Bacteria,p_Proteobacteria,p_Proteobacteria,c_Gammaproteobacteria,o_Moraxellales,f_Moraxellaceae,g_Acinetobacter,g_Acinetobacter,NA,1
OXA-347,penam,k_Bacteria,p_Bacteroidetes,p_Bacteroidetes,c_Bacteroidia,o_Bacteroidales,f_Bacteroidaceae,g_Bacteroides,g_Bacteroides,s_Bacteroides eggerthii,1
OXA-347,penam,k_Bacteria,p_Bacteroidetes,p_Bacteroidetes,c_Bacteroidia,o_Bacteroidales,f_Bacteroidaceae,g_Bacteroides,g_Bacteroides,s_Bacteroides fragilis,1
OXA-347,penam,k_Bacteria,p_Bacteroidetes,p_Bacteroidetes,c_Bacteroidia,o_Bacteroidales,f_Bacteroidaceae,g_Bacteroides,g_Bacteroides,s_Bacteroides salyersiae,1
OXA-347,penam,k_Bacteria,p_Bacteroidetes,p_Bacteroidetes,c_Bacteroidia,o_Bacteroidales,f_Bacteroidaceae,g_Bacteroides,g_Bacteroides,s_Bacteroides stercoris,1
OXA-347,penam,k_Bacteria,p_Bacteroidetes,p_Bacteroidetes,c_Bacteroidia,o_Bacteroidales,f_Prevotellaceae,g_Prevotella,g_Prevotella,s_Prevotella rara,1
OXA-347,penam,k_unknown,p_Uroviricota,p_Uroviricota,c_Caudoviricetes,o_Caudovirales,f_Siphoviridae,g_unknown,Other,s_Siphoviridae sp.,1
OmpA,peptide,k_Bacteria,p_Proteobacteria,p_Proteobacteria,c_Gammaproteobacteria,o_Enterobacterales,f_Enterobacteriaceae,g_Shigella,g_Shigella,s_Shigella sonnei,1
OmpA,peptide,k_Bacteria,p_Proteobacteria,p_Proteobacteria,c_Gammaproteobacteria,o_Enterobacterales,f_Enterobacteriaceae,g_Klebsiella,g_Klebsiella,NA,1
PC1 beta-lactamase (blaZ),penam,k_Bacteria,NA,Other,NA,NA,NA,NA,Other,NA,1
PmrF,peptide,k_Bacteria,p_Proteobacteria,p_Proteobacteria,c_Gammaproteobacteria,o_Enterobacterales,f_Enterobacteriaceae,g_Shigella,g_Shigella,s_Shigella sonnei,1
QnrA3,fluoroquinolone,k_Bacteria,p_Proteobacteria,p_Proteobacteria,c_Gammaproteobacteria,o_Enterobacterales,f_Enterobacteriaceae,NA,Other,NA,1
QnrS1,fluoroquinolone,k_Bacteria,p_Proteobacteria,p_Proteobacteria,c_Gammaproteobacteria,o_Enterobacterales,f_Enterobacteriaceae,g_Enterobacter,g_Enterobacter,s_Enterobacter cloacae,1
QnrS1,fluoroquinolone,k_Bacteria,p_Proteobacteria,p_Proteobacteria,c_Gammaproteobacteria,o_Enterobacterales,f_Enterobacteriaceae,g_Salmonella,g_Salmonella,s_Salmonella enterica,1
RCP-1,penam,k_Bacteria,NA,Other,NA,NA,NA,NA,Other,NA,1
SAT-2,nucleoside,k_Bacteria,p_Proteobacteria,p_Proteobacteria,c_Gammaproteobacteria,o_Enterobacterales,f_Enterobacteriaceae,g_Shigella,g_Shigella,s_Shigella flexneri,1
SAT-4,nucleoside,k_Bacteria,p_Firmicutes,p_Firmicutes,c_Clostridia,o_Eubacteriales,f_Clostridiaceae,g_Butyricicoccus,g_Butyricicoccus,s_Butyricicoccus pullicaecorum,1
SAT-4,nucleoside,k_Bacteria,p_Proteobacteria,p_Proteobacteria,c_Epsilonproteobacteria,o_Campylobacterales,f_Campylobacteraceae,g_Campylobacter,g_Campylobacter,s_Campylobacter jejuni,1
SAT-4,nucleoside,k_Bacteria,p_Firmicutes,p_Firmicutes,c_Clostridia,o_Eubacteriales,f_Clostridiaceae,g_Clostridium,g_Clostridium,s_Clostridium perfringens,1
SAT-4,nucleoside,k_Bacteria,p_Deferribacteres,p_Deferribacterota,c_Deferribacteres,o_Deferribacterales,f_Mucispirillaceae,g_Mucispirillum,g_Mucispirillum,s_Mucispirillum sp.,1
SHV-11,multidrug,k_Bacteria,p_Proteobacteria,p_Proteobacteria,c_Gammaproteobacteria,o_Enterobacterales,f_Enterobacteriaceae,NA,Other,NA,1
Sed-1,multidrug,k_Bacteria,p_Proteobacteria,p_Proteobacteria,c_Gammaproteobacteria,o_Enterobacterales,f_Enterobacteriaceae,g_Citrobacter,g_Citrobacter,NA,1
Staphylococcus intermedius chloramphenicol acetyltransferase,phenicol,k_Bacteria,p_Firmicutes,p_Firmicutes,c_Bacilli,o_Bacillales,f_Staphylococcaceae,g_Staphylococcus,g_Staphylococcus,s_Staphylococcus aureus,1
Streptococcus suis chloramphenicol acetyltransferase,phenicol,k_Bacteria,p_Firmicutes,p_Firmicutes,c_Clostridia,o_Eubacteriales,f_Eubacteriaceae,g_Eubacterium,g_Eubacterium,s_Eubacterium callanderi,1
Streptococcus suis chloramphenicol acetyltransferase,phenicol,k_Bacteria,p_Firmicutes,p_Firmicutes,c_Bacilli,o_Lactobacillales,f_Streptococcaceae,g_Streptococcus,g_Streptococcus,s_Streptococcus gallolyticus,1
Streptococcus suis chloramphenicol acetyltransferase,phenicol,k_Bacteria,p_Firmicutes,p_Firmicutes,c_Bacilli,o_Lactobacillales,f_Streptococcaceae,g_Streptococcus,g_Streptococcus,s_Streptococcus uberis,1
Streptococcus suis chloramphenicol acetyltransferase,phenicol,k_unknown,p_unknown,Other,c_unknown,o_unknown,f_unknown,g_unknown,Other,s_synthetic construct,1
TEM-1,multidrug,k_Bacteria,p_Proteobacteria,p_Proteobacteria,c_Gammaproteobacteria,o_Enterobacterales,f_Enterobacteriaceae,g_Enterobacter,g_Enterobacter,s_Enterobacter hormaechei,1
TolC,multidrug,k_Bacteria,p_Proteobacteria,p_Proteobacteria,c_Gammaproteobacteria,o_Enterobacterales,f_Enterobacteriaceae,g_Escherichia,g_Escherichia,s_Escherichia fergusonii,1
VEB-17,multidrug,k_Bacteria,p_Proteobacteria,p_Proteobacteria,c_Gammaproteobacteria,o_Pasteurellales,f_Pasteurellaceae,g_Gallibacterium,g_Gallibacterium,s_Gallibacterium anatis,1
Vibrio anguillarum chloramphenicol acetyltransferase,phenicol,k_Bacteria,p_Firmicutes,p_Firmicutes,c_Clostridia,o_Eubacteriales,f_Oscillospiraceae,g_Agathobaculum,g_Agathobaculum,s_Agathobaculum sp. Marseille-P7918,1
Vibrio anguillarum chloramphenicol acetyltransferase,phenicol,k_Bacteria,p_Firmicutes,p_Firmicutes,c_Clostridia,o_Eubacteriales,f_Oscillospiraceae,g_Anaerofilum,g_Anaerofilum,s_Anaerofilum sp. An201,1
Vibrio anguillarum chloramphenicol acetyltransferase,phenicol,k_Bacteria,p_Firmicutes,p_Firmicutes,c_Clostridia,o_Eubacteriales,f_Oscillospiraceae,g_Anaeromassilibacillus,g_Anaeromassilibacillus,s_Anaeromassilibacillus sp. An200,1
Vibrio anguillarum chloramphenicol acetyltransferase,phenicol,k_Bacteria,p_Actinobacteria,p_Actinobacteria,c_Actinomycetia,o_Bifidobacteriales,f_Bifidobacteriaceae,g_Bifidobacterium,g_Bifidobacterium,s_Bifidobacterium pseudocatenulatum,1
Vibrio anguillarum chloramphenicol acetyltransferase,phenicol,k_Bacteria,p_Firmicutes,p_Firmicutes,c_Clostridia,o_Eubacteriales,f_Lachnospiraceae,g_Enterocloster,g_Enterocloster,s_Enterocloster clostridioformis,1
Vibrio anguillarum chloramphenicol acetyltransferase,phenicol,k_Bacteria,p_Firmicutes,p_Firmicutes,c_Clostridia,o_Eubacteriales,f_unknown,g_Flintibacter,g_Flintibacter,s_Flintibacter sp. KGMB00164,1
Vibrio anguillarum chloramphenicol acetyltransferase,phenicol,k_Bacteria,p_Firmicutes,p_Firmicutes,c_Clostridia,o_Eubacteriales,f_Oscillospiraceae,g_Fournierella,g_Fournierella,s_Fournierella massiliensis,1
Vibrio anguillarum chloramphenicol acetyltransferase,phenicol,k_Bacteria,p_Firmicutes,p_Firmicutes,c_Clostridia,o_Eubacteriales,f_unknown,g_Gemmiger,g_Gemmiger,s_Gemmiger sp. An194,1
Vibrio anguillarum chloramphenicol acetyltransferase,phenicol,k_Bacteria,p_Firmicutes,p_Firmicutes,c_Clostridia,o_Eubacteriales,f_unknown,g_Intestinimonas,g_Intestinimonas,s_Intestinimonas massiliensis,1
Vibrio anguillarum chloramphenicol acetyltransferase,phenicol,k_Bacteria,p_Firmicutes,p_Firmicutes,c_Clostridia,o_Eubacteriales,f_Oscillospiraceae,g_Oscillibacter,g_Oscillibacter,s_Oscillibacter valericigenes,1
aad(6),aminoglycoside,k_Bacteria,p_Firmicutes,p_Firmicutes,c_Clostridia,o_Eubacteriales,f_Clostridiaceae,g_Clostridium,g_Clostridium,s_Clostridium perfringens,1
aad(6),aminoglycoside,k_Bacteria,p_Firmicutes,p_Firmicutes,c_Bacilli,o_Lactobacillales,f_Enterococcaceae,g_Enterococcus,g_Enterococcus,s_Enterococcus faecalis,1
aad(6),aminoglycoside,k_Bacteria,p_Firmicutes,p_Firmicutes,c_Clostridia,o_Eubacteriales,f_Oscillospiraceae,g_Flavonifractor,g_Flavonifractor,s_Flavonifractor plautii,1
aadA11,aminoglycoside,k_Bacteria,p_Proteobacteria,p_Proteobacteria,c_Gammaproteobacteria,o_Pseudomonadales,f_Pseudomonadaceae,g_Pseudomonas,g_Pseudomonas,s_Pseudomonas aeruginosa,1
aadA11,aminoglycoside,k_Bacteria,p_Proteobacteria,p_Proteobacteria,c_Gammaproteobacteria,NA,NA,NA,Other,NA,1
aadA16,aminoglycoside,k_Bacteria,p_Proteobacteria,p_Proteobacteria,c_Gammaproteobacteria,o_Enterobacterales,f_Enterobacteriaceae,g_Shigella,g_Shigella,s_Shigella sonnei,1
aadA17,aminoglycoside,k_Bacteria,p_Proteobacteria,p_Proteobacteria,c_Gammaproteobacteria,o_Enterobacterales,f_Enterobacteriaceae,g_Klebsiella,g_Klebsiella,s_Klebsiella pneumoniae,1
aadA17,aminoglycoside,k_Bacteria,p_unknown,Other,c_unknown,o_unknown,f_unknown,g_unknown,Other,s_uncultured bacterium,1
aadA17,aminoglycoside,k_Bacteria,p_Proteobacteria,p_Proteobacteria,c_Gammaproteobacteria,o_Enterobacterales,f_Enterobacteriaceae,NA,Other,NA,1
aadA2,aminoglycoside,k_Bacteria,p_Proteobacteria,p_Proteobacteria,c_Gammaproteobacteria,o_Enterobacterales,f_Enterobacteriaceae,g_Salmonella,g_Salmonella,s_Salmonella enterica,1
aadA5,aminoglycoside,k_Bacteria,p_Proteobacteria,p_Proteobacteria,c_Gammaproteobacteria,o_Moraxellales,f_Moraxellaceae,g_Acinetobacter,g_Acinetobacter,s_Acinetobacter baumannii,1
aadA7,aminoglycoside,k_Bacteria,p_Proteobacteria,p_Proteobacteria,c_Gammaproteobacteria,o_Pseudomonadales,f_Pseudomonadaceae,g_Pseudomonas,g_Pseudomonas,s_Pseudomonas aeruginosa,1
aadS,aminoglycoside,k_Bacteria,p_Verrucomicrobia,p_Verrucomicrobia,c_Verrucomicrobiae,o_Verrucomicrobiales,f_Akkermansiaceae,g_Akkermansia,g_Akkermansia,s_Akkermansia sp. BIOML-A32,1
aadS,aminoglycoside,k_Bacteria,p_Bacteroidetes,p_Bacteroidetes,c_Bacteroidia,o_Bacteroidales,f_Bacteroidaceae,g_Bacteroides,g_Bacteroides,s_Bacteroides caccae,1
aadS,aminoglycoside,k_Bacteria,p_Bacteroidetes,p_Bacteroidetes,c_Bacteroidia,o_Bacteroidales,f_Bacteroidaceae,g_Bacteroides,g_Bacteroides,s_Bacteroides caecigallinarum,1
aadS,aminoglycoside,k_Bacteria,p_Bacteroidetes,p_Bacteroidetes,c_Bacteroidia,o_Bacteroidales,f_Bacteroidaceae,g_Bacteroides,g_Bacteroides,s_Bacteroides salyersiae,1
aadS,aminoglycoside,k_Bacteria,p_Proteobacteria,p_Proteobacteria,c_Gammaproteobacteria,o_Pasteurellales,f_Pasteurellaceae,g_Glaesserella,g_Glaesserella,s_Glaesserella parasuis,1
aadS,aminoglycoside,k_Bacteria,p_Bacteroidetes,p_Bacteroidetes,c_Bacteroidia,o_Bacteroidales,f_Bacteroidaceae,g_Phocaeicola,g_Phocaeicola,s_Phocaeicola coprocola,1
aadS,aminoglycoside,k_Bacteria,p_Bacteroidetes,p_Bacteroidetes,c_Bacteroidia,o_Bacteroidales,f_Bacteroidaceae,g_Phocaeicola,g_Phocaeicola,s_Phocaeicola vulgatus,1
aadS,aminoglycoside,k_Bacteria,p_Bacteroidetes,p_Bacteroidetes,c_Flavobacteriia,o_Flavobacteriales,f_Weeksellaceae,g_Riemerella,g_Riemerella,s_Riemerella anatipestifer,1
aadS,aminoglycoside,k_unknown,p_Uroviricota,p_Uroviricota,c_Caudoviricetes,o_Caudovirales,f_Siphoviridae,g_unknown,Other,s_Siphoviridae sp.,1
abeS,multidrug,k_Bacteria,p_Proteobacteria,p_Proteobacteria,c_Gammaproteobacteria,o_Moraxellales,f_Moraxellaceae,g_Acinetobacter,g_Acinetobacter,s_Acinetobacter baumannii,1
adeF,multidrug,k_Bacteria,p_Proteobacteria,p_Proteobacteria,c_Gammaproteobacteria,o_Moraxellales,f_Moraxellaceae,g_Acinetobacter,g_Acinetobacter,s_Acinetobacter baumannii,1
adeF,multidrug,k_Bacteria,p_Proteobacteria,p_Proteobacteria,c_Gammaproteobacteria,o_Enterobacterales,f_Enterobacteriaceae,g_Enterobacter,g_Enterobacter,s_Enterobacter hormaechei,1
adeL,multidrug,k_Bacteria,p_Proteobacteria,p_Proteobacteria,c_Gammaproteobacteria,o_Moraxellales,f_Moraxellaceae,g_Acinetobacter,g_Acinetobacter,s_Acinetobacter baumannii,1
aphA15,aminoglycoside,k_Bacteria,p_Proteobacteria,p_Proteobacteria,c_Gammaproteobacteria,o_Enterobacterales,f_Enterobacteriaceae,g_Shigella,g_Shigella,s_Shigella sonnei,1
arr-2,rifamycin,k_Bacteria,p_Proteobacteria,p_Proteobacteria,c_Gammaproteobacteria,o_Pasteurellales,f_Pasteurellaceae,g_Gallibacterium,g_Gallibacterium,s_Gallibacterium anatis,1
arr-3,rifamycin,k_Bacteria,p_Proteobacteria,p_Proteobacteria,c_Gammaproteobacteria,o_Enterobacterales,f_Enterobacteriaceae,g_Shigella,g_Shigella,s_Shigella sonnei,1
arr-8,rifamycin,k_Bacteria,p_Proteobacteria,p_Proteobacteria,c_Gammaproteobacteria,NA,NA,NA,Other,NA,1
baeR,multidrug,k_Bacteria,p_Proteobacteria,p_Proteobacteria,c_Gammaproteobacteria,o_Enterobacterales,f_Enterobacteriaceae,g_Enterobacter,g_Enterobacter,s_Enterobacter hormaechei,1
baeS,multidrug,k_Bacteria,p_Proteobacteria,p_Proteobacteria,c_Gammaproteobacteria,o_Enterobacterales,f_Enterobacteriaceae,g_Enterobacter,g_Enterobacter,NA,1
catA8,phenicol,k_Bacteria,p_Proteobacteria,p_Proteobacteria,c_Epsilonproteobacteria,o_Campylobacterales,f_Campylobacteraceae,g_Campylobacter,g_Campylobacter,s_Campylobacter jejuni,1
catA8,phenicol,k_Bacteria,p_Firmicutes,p_Firmicutes,c_Bacilli,o_Lactobacillales,f_Enterococcaceae,g_Enterococcus,g_Enterococcus,s_Enterococcus faecium,1
catA8,phenicol,k_Bacteria,p_Firmicutes,p_Firmicutes,c_Bacilli,o_Bacillales,f_Staphylococcaceae,g_Staphylococcus,g_Staphylococcus,s_Staphylococcus aureus,1
catA8,phenicol,k_Bacteria,p_Firmicutes,p_Firmicutes,c_Bacilli,o_Lactobacillales,f_Streptococcaceae,g_Streptococcus,g_Streptococcus,s_Streptococcus pneumoniae,1
catB3,phenicol,k_Bacteria,p_Proteobacteria,p_Proteobacteria,c_Gammaproteobacteria,o_Enterobacterales,f_Enterobacteriaceae,g_Enterobacter,g_Enterobacter,s_Enterobacter hormaechei,1
catB8,phenicol,k_Bacteria,p_Proteobacteria,p_Proteobacteria,c_Gammaproteobacteria,o_Enterobacterales,f_Enterobacteriaceae,g_Escherichia,g_Escherichia,s_Escherichia coli,1
catB8,phenicol,k_Bacteria,p_Proteobacteria,p_Proteobacteria,c_Gammaproteobacteria,o_Pseudomonadales,f_Pseudomonadaceae,g_Pseudomonas,g_Pseudomonas,s_Pseudomonas aeruginosa,1
catP,phenicol,k_Bacteria,p_Firmicutes,p_Firmicutes,c_Clostridia,o_Eubacteriales,f_Peptostreptococcaceae,g_Clostridioides,g_Clostridioides,s_Clostridioides difficile,1
catP,phenicol,k_Bacteria,p_Firmicutes,p_Firmicutes,c_Clostridia,o_Eubacteriales,f_Eubacteriaceae,g_unknown,Other,s_Eubacteriaceae bacterium CHKCI004,1
catP,phenicol,k_Bacteria,p_Firmicutes,p_Firmicutes,c_Clostridia,o_Eubacteriales,f_unknown,g_Intestinimonas,g_Intestinimonas,s_Intestinimonas timonensis,1
catP,phenicol,k_Bacteria,p_Firmicutes,p_Firmicutes,c_Clostridia,o_Eubacteriales,f_Lachnospiraceae,g_Lachnoclostridium,g_Lachnoclostridium,s_Lachnoclostridium sp. An131,1
catQ,phenicol,k_Bacteria,p_Firmicutes,p_Firmicutes,c_Clostridia,o_Eubacteriales,f_Lachnospiraceae,g_unknown,Other,s_Lachnospiraceae bacterium KGMB03038,1
catQ,phenicol,k_unknown,p_Uroviricota,p_Uroviricota,c_Caudoviricetes,o_Caudovirales,f_Siphoviridae,g_unknown,Other,s_Siphoviridae sp.,1
catQ,phenicol,k_Bacteria,p_Firmicutes,p_Firmicutes,c_Bacilli,o_Lactobacillales,f_Streptococcaceae,g_Streptococcus,g_Streptococcus,s_Streptococcus suis,1
catS,phenicol,k_Bacteria,p_Firmicutes,p_Firmicutes,c_Clostridia,o_Eubacteriales,f_Lachnospiraceae,g_Coprococcus,g_Coprococcus,s_Coprococcus comes,1
catS,phenicol,k_Bacteria,p_Firmicutes,p_Firmicutes,c_Clostridia,o_Eubacteriales,f_Oscillospiraceae,g_Faecalibacterium,g_Faecalibacterium,s_Faecalibacterium prausnitzii,1
catS,phenicol,k_Bacteria,p_unknown,Other,c_unknown,o_unknown,f_unknown,g_unknown,Other,s_uncultured bacterium,1
cfrA,multidrug,k_Bacteria,p_Bacteroidetes,p_Bacteroidetes,c_Bacteroidia,o_Bacteroidales,f_Bacteroidaceae,g_Bacteroides,g_Bacteroides,s_Bacteroides sp. AF20-13LB,1
cfrA,multidrug,k_Bacteria,p_Bacteroidetes,p_Bacteroidetes,c_Bacteroidia,o_Bacteroidales,f_Bacteroidaceae,g_Bacteroides,g_Bacteroides,s_Bacteroides uniformis,1
cfrA,multidrug,k_Bacteria,p_Firmicutes,p_Firmicutes,c_Bacilli,o_Lactobacillales,f_Enterococcaceae,g_Enterococcus,g_Enterococcus,s_Enterococcus faecium,1
cfrA,multidrug,k_Bacteria,p_Bacteroidetes,p_Bacteroidetes,c_Bacteroidia,o_Bacteroidales,f_Prevotellaceae,g_Prevotella,g_Prevotella,s_Prevotella marseillensis,1
cfrE,multidrug,k_Bacteria,p_Firmicutes,p_Firmicutes,c_Clostridia,o_Eubacteriales,f_Oscillospiraceae,g_Anaeromassilibacillus,g_Anaeromassilibacillus,s_Anaeromassilibacillus sp. An172,1
cfrE,multidrug,k_Bacteria,p_Bacteroidetes,p_Bacteroidetes,c_Bacteroidia,o_Bacteroidales,f_Bacteroidaceae,g_Bacteroides,g_Bacteroides,s_Bacteroides caecigallinarum,1
cfrE,multidrug,k_Bacteria,p_Firmicutes,p_Firmicutes,c_Clostridia,o_Eubacteriales,f_Clostridiaceae,g_Clostridium,g_Clostridium,s_Clostridium sp. AM22-11AC,1
cfrE,multidrug,k_Bacteria,p_Firmicutes,p_Firmicutes,c_Clostridia,o_Eubacteriales,f_Eubacteriaceae,g_Intestinibacillus,g_Intestinibacillus,s_Intestinibacillus sp. Marseille-P6563,1
cfrE,multidrug,k_Bacteria,p_Firmicutes,p_Firmicutes,c_Clostridia,o_Eubacteriales,f_Peptostreptococcaceae,g_Peptoclostridium,g_Peptoclostridium,s_Peptoclostridium sp. AF21-18,1
cfrE,multidrug,k_Bacteria,p_Firmicutes,p_Firmicutes,c_Clostridia,o_Eubacteriales,f_Oscillospiraceae,g_Pseudoflavonifractor,g_Pseudoflavonifractor,s_Pseudoflavonifractor sp. An184,1
clbC,multidrug,k_Bacteria,p_Firmicutes,p_Firmicutes,c_Bacilli,o_Bacillales,f_Bacillaceae,NA,Other,NA,1
cmlA5,phenicol,k_Bacteria,p_Proteobacteria,p_Proteobacteria,c_Gammaproteobacteria,o_Enterobacterales,f_Enterobacteriaceae,g_Klebsiella,g_Klebsiella,s_Klebsiella pneumoniae,1
cphA3,carbapenem,k_Bacteria,p_Proteobacteria,p_Proteobacteria,c_Gammaproteobacteria,o_Aeromonadales,f_Aeromonadaceae,g_Aeromonas,g_Aeromonas,NA,1
dfrA1,diaminopyrimidine,k_Bacteria,p_Proteobacteria,p_Proteobacteria,c_Gammaproteobacteria,o_Aeromonadales,f_Aeromonadaceae,g_Aeromonas,g_Aeromonas,s_Aeromonas hydrophila,1
dfrA1,diaminopyrimidine,k_Bacteria,p_Proteobacteria,p_Proteobacteria,c_Gammaproteobacteria,o_Enterobacterales,f_Enterobacteriaceae,g_Escherichia,g_Escherichia,s_Escherichia coli,1
dfrA14,diaminopyrimidine,k_Bacteria,p_Proteobacteria,p_Proteobacteria,c_Gammaproteobacteria,o_Pseudomonadales,f_Pseudomonadaceae,g_Pseudomonas,g_Pseudomonas,s_Pseudomonas aeruginosa,1
dfrA14,diaminopyrimidine,k_Bacteria,p_Proteobacteria,p_Proteobacteria,c_Gammaproteobacteria,o_Enterobacterales,f_Enterobacteriaceae,g_Shigella,g_Shigella,s_Shigella sonnei,1
dfrA15,diaminopyrimidine,k_Bacteria,p_Proteobacteria,p_Proteobacteria,c_Gammaproteobacteria,o_Enterobacterales,f_Enterobacteriaceae,g_Citrobacter,g_Citrobacter,s_Citrobacter freundii,1
dfrA17,diaminopyrimidine,k_Bacteria,p_Proteobacteria,p_Proteobacteria,c_Gammaproteobacteria,o_Aeromonadales,f_Aeromonadaceae,g_Aeromonas,g_Aeromonas,s_Aeromonas hydrophila,1
dfrA17,diaminopyrimidine,k_Bacteria,p_Actinobacteria,p_Actinobacteria,c_Actinomycetia,o_Bifidobacteriales,f_Bifidobacteriaceae,g_Bifidobacterium,g_Bifidobacterium,s_Bifidobacterium choerinum,1
dfrA19,diaminopyrimidine,k_Bacteria,p_Proteobacteria,p_Proteobacteria,c_Gammaproteobacteria,o_Enterobacterales,f_Enterobacteriaceae,g_Klebsiella,g_Klebsiella,s_Klebsiella pneumoniae,1
dfrA27,diaminopyrimidine,k_Bacteria,p_Proteobacteria,p_Proteobacteria,c_Gammaproteobacteria,o_Enterobacterales,f_Enterobacteriaceae,g_Enterobacter,g_Enterobacter,s_Enterobacter hormaechei,1
dfrA27,diaminopyrimidine,k_Bacteria,p_Proteobacteria,p_Proteobacteria,c_Gammaproteobacteria,o_Enterobacterales,f_Enterobacteriaceae,g_Shigella,g_Shigella,s_Shigella sonnei,1
dfrE,diaminopyrimidine,k_Bacteria,p_Firmicutes,p_Firmicutes,c_Bacilli,o_Lactobacillales,f_Enterococcaceae,g_Enterococcus,g_Enterococcus,NA,1
dfrF,diaminopyrimidine,k_Bacteria,p_Proteobacteria,p_Proteobacteria,c_Epsilonproteobacteria,o_Campylobacterales,f_Campylobacteraceae,g_Campylobacter,g_Campylobacter,s_Campylobacter sp. P159,1
dfrF,diaminopyrimidine,k_Bacteria,p_Firmicutes,p_Firmicutes,c_Clostridia,o_Eubacteriales,f_Lachnospiraceae,g_Coprococcus,g_Coprococcus,s_Coprococcus comes,1
dfrF,diaminopyrimidine,k_Bacteria,p_Firmicutes,p_Firmicutes,c_Clostridia,o_Eubacteriales,f_Oscillospiraceae,g_Flavonifractor,g_Flavonifractor,s_Flavonifractor plautii,1
dfrG,diaminopyrimidine,k_Bacteria,p_Firmicutes,p_Firmicutes,c_Bacilli,o_Bacillales,f_Staphylococcaceae,g_Staphylococcus,g_Staphylococcus,s_Staphylococcus aureus,1
dfrG,diaminopyrimidine,k_Bacteria,p_Firmicutes,p_Firmicutes,c_Bacilli,o_Bacillales,f_Staphylococcaceae,g_Staphylococcus,g_Staphylococcus,s_Staphylococcus epidermidis,1
dfrG,diaminopyrimidine,k_unknown,p_unknown,Other,c_unknown,o_unknown,f_unknown,g_unknown,Other,s_synthetic Mycoplasma genitalium JCVI-1.0,1
dfrL,multidrug,k_Bacteria,p_Firmicutes,p_Firmicutes,c_Bacilli,o_Lactobacillales,NA,NA,Other,NA,1
efrA,multidrug,k_Bacteria,p_Firmicutes,p_Firmicutes,c_Bacilli,o_Lactobacillales,f_Enterococcaceae,g_Enterococcus,g_Enterococcus,NA,1
emrR,fluoroquinolone,k_Bacteria,p_Proteobacteria,p_Proteobacteria,c_Gammaproteobacteria,o_Pasteurellales,f_Pasteurellaceae,g_Gallibacterium,g_Gallibacterium,s_Gallibacterium anatis,1
emtA,multidrug,k_Bacteria,p_Firmicutes,p_Firmicutes,c_Bacilli,o_Lactobacillales,f_Enterococcaceae,g_Enterococcus,g_Enterococcus,NA,1
erm(45),multidrug,k_Bacteria,p_Firmicutes,p_Firmicutes,c_Bacilli,o_Bacillales,f_Staphylococcaceae,g_Jeotgalicoccus,g_Jeotgalicoccus,s_Jeotgalicoccus aerolatus,1
fexB,phenicol,k_Bacteria,p_Firmicutes,p_Firmicutes,c_Bacilli,o_Lactobacillales,f_Enterococcaceae,g_Enterococcus,g_Enterococcus,s_Enterococcus faecium,1
fexB,phenicol,k_Bacteria,p_Firmicutes,p_Firmicutes,c_Bacilli,o_Lactobacillales,f_Lactobacillaceae,g_Ligilactobacillus,g_Ligilactobacillus,s_Ligilactobacillus animalis,1
fexB,phenicol,k_Bacteria,p_Firmicutes,p_Firmicutes,c_Bacilli,o_Lactobacillales,f_Streptococcaceae,g_Streptococcus,g_Streptococcus,s_Streptococcus uberis,1
fusC,fusidane,k_Bacteria,p_Firmicutes,p_Firmicutes,c_Bacilli,o_Bacillales,f_Staphylococcaceae,NA,Other,NA,1
fusD,fusidane,k_Bacteria,p_Firmicutes,p_Firmicutes,c_Bacilli,o_Bacillales,f_Staphylococcaceae,g_Staphylococcus,g_Staphylococcus,s_Staphylococcus saprophyticus,1
golS,multidrug,k_Bacteria,p_Proteobacteria,p_Proteobacteria,c_Gammaproteobacteria,o_Enterobacterales,f_Enterobacteriaceae,g_Salmonella,g_Salmonella,NA,1
leuO,multidrug,k_Bacteria,p_Proteobacteria,p_Proteobacteria,c_Gammaproteobacteria,o_Enterobacterales,f_Enterobacteriaceae,g_Enterobacter,g_Enterobacter,s_Enterobacter bugandensis,1
lnuA,lincosamide,k_Bacteria,p_Firmicutes,p_Firmicutes,c_Bacilli,o_Lactobacillales,f_Enterococcaceae,g_Enterococcus,g_Enterococcus,s_Enterococcus faecalis,1
lnuA,lincosamide,k_Bacteria,p_Firmicutes,p_Firmicutes,c_Bacilli,o_Lactobacillales,f_Streptococcaceae,g_Streptococcus,g_Streptococcus,s_Streptococcus pneumoniae,1
lnuB,lincosamide,k_Bacteria,p_Firmicutes,p_Firmicutes,c_Clostridia,o_Eubacteriales,f_Lachnospiraceae,g_Anaerotignum,g_Anaerotignum,s_Anaerotignum lactatifermentans,1
lnuB,lincosamide,k_Bacteria,p_Firmicutes,p_Firmicutes,c_Clostridia,o_Eubacteriales,f_Peptostreptococcaceae,g_Clostridioides,g_Clostridioides,s_Clostridioides difficile,1
lnuB,lincosamide,k_Bacteria,p_Firmicutes,p_Firmicutes,c_Clostridia,o_Eubacteriales,f_Lachnospiraceae,g_Coprococcus,g_Coprococcus,s_Coprococcus comes,1
lnuB,lincosamide,k_Bacteria,p_Firmicutes,p_Firmicutes,c_Bacilli,o_Lactobacillales,f_Enterococcaceae,g_Enterococcus,g_Enterococcus,s_Enterococcus columbae,1
lnuB,lincosamide,k_Bacteria,p_Firmicutes,p_Firmicutes,c_Bacilli,o_Lactobacillales,f_Enterococcaceae,g_Enterococcus,g_Enterococcus,s_Enterococcus faecalis,1
lnuB,lincosamide,k_Bacteria,p_Firmicutes,p_Firmicutes,c_Clostridia,o_Eubacteriales,f_Lachnospiraceae,g_Lachnoclostridium,g_Lachnoclostridium,s_Lachnoclostridium sp. An14,1
lnuB,lincosamide,k_unknown,p_Uroviricota,p_Uroviricota,c_Caudoviricetes,o_Caudovirales,f_Siphoviridae,g_unknown,Other,s_Siphoviridae sp.,1
lnuB,lincosamide,k_Bacteria,p_Firmicutes,p_Firmicutes,c_Bacilli,o_Lactobacillales,f_Streptococcaceae,g_Streptococcus,g_Streptococcus,s_Streptococcus alactolyticus,1
lnuB,lincosamide,k_Bacteria,p_Firmicutes,p_Firmicutes,c_Erysipelotrichia,o_Erysipelotrichales,f_Turicibacteraceae,g_Turicibacter,g_Turicibacter,s_Turicibacter sp. H121,1
lnuC,lincosamide,k_Bacteria,p_Firmicutes,p_Firmicutes,c_Clostridia,o_Eubacteriales,f_Oscillospiraceae,g_Anaeromassilibacillus,g_Anaeromassilibacillus,s_Anaeromassilibacillus sp. An200,1
lnuC,lincosamide,k_Bacteria,p_Bacteroidetes,p_Bacteroidetes,c_Bacteroidia,o_Bacteroidales,f_Bacteroidaceae,g_Bacteroides,g_Bacteroides,s_Bacteroides thetaiotaomicron,1
lnuC,lincosamide,k_Bacteria,p_Actinobacteria,p_Actinobacteria,c_Actinomycetia,o_Bifidobacteriales,f_Bifidobacteriaceae,g_Bifidobacterium,g_Bifidobacterium,s_Bifidobacterium pseudocatenulatum,1
lnuC,lincosamide,k_Bacteria,p_Proteobacteria,p_Proteobacteria,c_Deltaproteobacteria,o_Desulfovibrionales,f_Desulfovibrionaceae,g_Bilophila,g_Bilophila,s_Bilophila wadsworthia,1
lnuC,lincosamide,k_Bacteria,p_Proteobacteria,p_Proteobacteria,c_Epsilonproteobacteria,o_Campylobacterales,f_Campylobacteraceae,g_Campylobacter,g_Campylobacter,s_Campylobacter sp. 2018MI01,1
lnuC,lincosamide,k_Bacteria,p_Firmicutes,p_Firmicutes,c_Clostridia,o_Eubacteriales,f_Clostridiaceae,g_Candidatus Arthromitus,g_Candidatus Arthromitus,s_Candidatus Arthromitus sp. SFB-turkey,1
lnuC,lincosamide,k_Bacteria,p_Firmicutes,p_Bacillota,c_Clostridia,o_unclassified,f_unclassified,g_unclassified,g_unclassified,s_Clostridia bacterium,1
lnuC,lincosamide,k_Bacteria,p_Firmicutes,p_Bacillota,c_Clostridia,o_Eubacteriales,f_Clostridiaceae,g_Clostridium,g_Clostridium,s_Clostridium sp.,1
lnuC,lincosamide,k_Bacteria,p_Firmicutes,p_Firmicutes,c_Clostridia,o_Eubacteriales,f_Clostridiaceae,g_Clostridium,g_Clostridium,s_Clostridium sp. C1,1
lnuC,lincosamide,k_Bacteria,p_Proteobacteria,p_Proteobacteria,c_Deltaproteobacteria,o_Desulfovibrionales,f_Desulfovibrionaceae,g_Desulfovibrio,g_Desulfovibrio,s_Desulfovibrio piger,1
lnuC,lincosamide,k_Bacteria,p_Firmicutes,p_Firmicutes,c_Clostridia,o_Eubacteriales,f_Eubacteriaceae,g_unknown,Other,s_Eubacteriaceae bacterium CHKCI004,1
lnuC,lincosamide,k_Bacteria,p_Firmicutes,p_Firmicutes,c_Clostridia,o_Eubacteriales,f_unknown,g_Gemmiger,g_Gemmiger,s_Gemmiger sp. An194,1
lnuC,lincosamide,k_Bacteria,p_Firmicutes,p_Firmicutes,c_Clostridia,o_Eubacteriales,f_Eubacteriaceae,g_Intestinibacillus,g_Intestinibacillus,s_Intestinibacillus sp. Marseille-P6563,1
lnuC,lincosamide,k_Bacteria,p_Firmicutes,p_Firmicutes,c_Clostridia,o_Eubacteriales,f_Lachnospiraceae,g_Lachnospira,g_Lachnospira,s_Lachnospira eligens,1
lnuC,lincosamide,k_Bacteria,p_Firmicutes,p_Firmicutes,c_Clostridia,o_Eubacteriales,f_Lachnospiraceae,g_unknown,Other,s_Lachnospiraceae bacterium KGMB03038,1
lnuC,lincosamide,k_Bacteria,p_Deferribacteres,p_Deferribacterota,c_Deferribacteres,o_Deferribacterales,f_Mucispirillaceae,g_Mucispirillum,g_Mucispirillum,s_Mucispirillum sp.,1
lnuC,lincosamide,k_unknown,p_Uroviricota,p_Uroviricota,c_Caudoviricetes,o_Caudovirales,f_Siphoviridae,g_unknown,Other,s_Siphoviridae sp.,1
lnuC,lincosamide,k_Bacteria,p_Firmicutes,p_Firmicutes,c_Bacilli,o_Lactobacillales,f_Streptococcaceae,g_Streptococcus,g_Streptococcus,s_Streptococcus gallolyticus,1
lnuC,lincosamide,k_Bacteria,p_Thermodesulfobacteriota,p_Thermodesulfobacteriota,c_Desulfovibrionia,o_Desulfovibrionales,f_Desulfovibrionaceae,g_Taurinivorans,g_Taurinivorans,s_Taurinivorans muris,1
lnuC,lincosamide,k_Bacteria,p_Firmicutes,p_Firmicutes,c_Clostridia,o_Eubacteriales,f_Lachnospiraceae,g_Lachnoclostridium,g_Lachnoclostridium,s_[Clostridium] scindens,1
lnuC,lincosamide,k_Bacteria,p_Firmicutes,p_Firmicutes,c_Clostridia,o_Eubacteriales,f_Lachnospiraceae,g_Mediterraneibacter,g_Mediterraneibacter,s_[Ruminococcus] gnavus,1
lnuD,lincosamide,k_Bacteria,p_Firmicutes,p_Firmicutes,c_Bacilli,o_Lactobacillales,f_Enterococcaceae,g_Enterococcus,g_Enterococcus,s_Enterococcus cecorum,1
lnuD,lincosamide,k_Bacteria,p_Firmicutes,p_Firmicutes,c_Bacilli,o_Lactobacillales,f_Streptococcaceae,g_Streptococcus,g_Streptococcus,s_Streptococcus macedonicus,1
lnuD,lincosamide,k_Bacteria,p_Firmicutes,p_Firmicutes,c_Bacilli,o_Lactobacillales,NA,NA,Other,NA,1
lnuG,lincosamide,k_Bacteria,p_Firmicutes,p_Firmicutes,c_Bacilli,o_Lactobacillales,f_Enterococcaceae,g_Enterococcus,g_Enterococcus,s_Enterococcus faecalis,1
lnuG,lincosamide,k_Bacteria,p_Firmicutes,p_Firmicutes,c_Bacilli,o_Bacillales,f_Staphylococcaceae,g_Jeotgalicoccus,g_Jeotgalicoccus,s_Jeotgalicoccus aerolatus,1
lsaE,multidrug,k_Bacteria,p_Firmicutes,p_Firmicutes,c_Clostridia,o_Eubacteriales,f_Lachnospiraceae,g_Anaerotignum,g_Anaerotignum,s_Anaerotignum lactatifermentans,1
lsaE,multidrug,k_Bacteria,p_Firmicutes,p_Firmicutes,c_Clostridia,o_Eubacteriales,f_Lachnospiraceae,g_Coprococcus,g_Coprococcus,s_Coprococcus comes,1
lsaE,multidrug,k_Bacteria,p_Firmicutes,p_Firmicutes,c_Bacilli,o_Lactobacillales,f_Enterococcaceae,g_Enterococcus,g_Enterococcus,s_Enterococcus columbae,1
lsaE,multidrug,k_Bacteria,p_Firmicutes,p_Firmicutes,c_Bacilli,o_Lactobacillales,f_Enterococcaceae,g_Enterococcus,g_Enterococcus,s_Enterococcus faecalis,1
lsaE,multidrug,k_Bacteria,p_Firmicutes,p_Firmicutes,c_Clostridia,o_Eubacteriales,f_Oscillospiraceae,g_Faecalibacterium,g_Faecalibacterium,s_Faecalibacterium prausnitzii,1
lsaE,multidrug,k_Bacteria,p_Firmicutes,p_Firmicutes,c_Clostridia,o_Eubacteriales,f_Lachnospiraceae,g_Lachnoclostridium,g_Lachnoclostridium,s_Lachnoclostridium sp. An14,1
lsaE,multidrug,k_unknown,p_Uroviricota,p_Uroviricota,c_Caudoviricetes,o_Caudovirales,f_Siphoviridae,g_unknown,Other,s_Siphoviridae sp.,1
lsaE,multidrug,k_Bacteria,p_Firmicutes,p_Firmicutes,c_Bacilli,o_Bacillales,f_Staphylococcaceae,g_Staphylococcus,g_Staphylococcus,s_Staphylococcus aureus,1
lsaE,multidrug,k_Bacteria,p_Firmicutes,p_Firmicutes,c_Bacilli,o_Lactobacillales,f_Streptococcaceae,g_Streptococcus,g_Streptococcus,s_Streptococcus alactolyticus,1
lsaE,multidrug,k_Bacteria,p_Firmicutes,p_Firmicutes,c_Erysipelotrichia,o_Erysipelotrichales,f_Turicibacteraceae,g_Turicibacter,g_Turicibacter,s_Turicibacter sp. H121,1
mdtB,aminocoumarin,k_Bacteria,p_Proteobacteria,p_Proteobacteria,c_Gammaproteobacteria,o_Enterobacterales,f_Enterobacteriaceae,g_Escherichia,g_Escherichia,NA,1
mdtC,aminocoumarin,k_Bacteria,p_Proteobacteria,p_Proteobacteria,c_Gammaproteobacteria,o_Enterobacterales,f_Enterobacteriaceae,NA,Other,NA,1
mdtP,multidrug,k_Bacteria,p_Proteobacteria,p_Proteobacteria,c_Gammaproteobacteria,o_Enterobacterales,f_Enterobacteriaceae,g_Salmonella,g_Salmonella,s_Salmonella enterica,1
mecR1,penam,k_Bacteria,p_Firmicutes,p_Firmicutes,c_Bacilli,o_Bacillales,f_Staphylococcaceae,g_Staphylococcus,g_Staphylococcus,s_Staphylococcus aureus,1
mefH,macrolide,k_Bacteria,p_Firmicutes,p_Firmicutes,c_Clostridia,o_Eubacteriales,f_Clostridiaceae,g_Clostridium,g_Clostridium,s_Clostridium sp. CAG:678,1
mefH,macrolide,k_Bacteria,p_Firmicutes,p_Firmicutes,c_Clostridia,o_Eubacteriales,f_Lachnospiraceae,g_Enterocloster,g_Enterocloster,s_Enterocloster clostridioformis,1
mefH,macrolide,k_Bacteria,p_Firmicutes,p_Firmicutes,c_Clostridia,o_Eubacteriales,f_Eubacteriaceae,g_Eubacterium,g_Eubacterium,s_Eubacterium sp. An3,1
mefH,macrolide,k_Bacteria,p_Firmicutes,p_Firmicutes,c_unknown,o_unknown,f_unknown,g_unknown,Other,s_Firmicutes bacterium CAG:94,1
mefH,macrolide,k_Bacteria,p_Firmicutes,p_Firmicutes,c_Clostridia,o_Eubacteriales,f_Oscillospiraceae,g_Flavonifractor,g_Flavonifractor,s_Flavonifractor sp. An92,1
mefH,macrolide,k_Bacteria,p_Firmicutes,p_Firmicutes,c_Clostridia,o_Eubacteriales,f_unknown,g_Gemmiger,g_Gemmiger,s_Gemmiger sp. An50,1
mefH,macrolide,k_Bacteria,p_Firmicutes,p_Firmicutes,c_Clostridia,o_Eubacteriales,f_unknown,g_Intestinimonas,g_Intestinimonas,s_Intestinimonas butyriciproducens,1
mefH,macrolide,k_Bacteria,p_Firmicutes,p_Firmicutes,c_Clostridia,o_Eubacteriales,f_Lachnospiraceae,g_unknown,Other,s_Lachnospiraceae bacterium,1
mefH,macrolide,k_Bacteria,p_Firmicutes,p_Firmicutes,c_Erysipelotrichia,o_Erysipelotrichales,f_Erysipelotrichaceae,g_Massilimicrobiota,g_Massilimicrobiota,s_Massilimicrobiota timonensis,1
mefH,macrolide,k_Bacteria,p_Firmicutes,p_Firmicutes,c_Clostridia,o_Eubacteriales,f_Oscillospiraceae,g_Pseudoflavonifractor,g_Pseudoflavonifractor,s_Pseudoflavonifractor capillosus,1
mefH,macrolide,k_Bacteria,p_Firmicutes,p_Firmicutes,c_Clostridia,o_Eubacteriales,f_Oscillospiraceae,g_Pseudoflavonifractor,g_Pseudoflavonifractor,s_Pseudoflavonifractor sp. AF19-9AC,1
mefH,macrolide,k_Bacteria,p_Firmicutes,p_Firmicutes,c_Clostridia,o_Eubacteriales,f_Oscillospiraceae,g_Pseudoflavonifractor,g_Pseudoflavonifractor,s_Pseudoflavonifractor sp. An184,1
mphA,macrolide,k_Bacteria,p_Proteobacteria,p_Proteobacteria,c_Gammaproteobacteria,o_Enterobacterales,f_Enterobacteriaceae,g_Klebsiella,g_Klebsiella,s_Klebsiella pneumoniae,1
mphC,macrolide,k_Bacteria,p_Firmicutes,p_Firmicutes,c_Bacilli,o_Bacillales,f_Staphylococcaceae,g_Staphylococcus,g_Staphylococcus,s_Staphylococcus equorum,1
mphE,macrolide,k_Bacteria,p_Proteobacteria,p_Proteobacteria,c_Gammaproteobacteria,o_Enterobacterales,f_Enterobacteriaceae,g_Escherichia,g_Escherichia,s_Escherichia coli,1
msbA,nitroimidazole,k_Bacteria,p_Proteobacteria,p_Proteobacteria,c_Gammaproteobacteria,o_Enterobacterales,f_Enterobacteriaceae,g_Enterobacter,g_Enterobacter,s_Enterobacter cloacae,1
msr(G),multidrug,k_Bacteria,p_Firmicutes,p_Firmicutes,c_Bacilli,o_Bacillales,f_Staphylococcaceae,g_Macrococcus,g_Macrococcus,s_Macrococcus canis,1
msr(I),multidrug,k_Bacteria,p_Firmicutes,p_Firmicutes,c_Bacilli,o_Bacillales,f_Bacillaceae,NA,Other,NA,1
msrA,multidrug,k_Bacteria,p_Firmicutes,p_Firmicutes,c_Bacilli,o_Bacillales,f_Staphylococcaceae,g_Staphylococcus,g_Staphylococcus,s_Staphylococcus equorum,1
msrA,multidrug,k_Bacteria,p_Firmicutes,p_Firmicutes,c_Bacilli,o_Bacillales,f_Staphylococcaceae,g_Staphylococcus,g_Staphylococcus,s_Staphylococcus saprophyticus,1
nimA,nitroimidazole,k_Bacteria,p_Bacteroidetes,p_Bacteroidetes,c_Bacteroidia,o_Bacteroidales,f_Bacteroidaceae,g_Bacteroides,g_Bacteroides,s_Bacteroides uniformis,1
nimA,nitroimidazole,k_Bacteria,p_Bacteroidetes,p_Bacteroidetes,c_Bacteroidia,o_Bacteroidales,f_Bacteroidaceae,g_Phocaeicola,g_Phocaeicola,s_Phocaeicola coprocola,1
nimA,nitroimidazole,k_Bacteria,p_Bacteroidetes,p_Bacteroidetes,c_Bacteroidia,o_Bacteroidales,f_Bacteroidaceae,g_Phocaeicola,g_Phocaeicola,s_Phocaeicola plebeius,1
nimA,nitroimidazole,k_Bacteria,p_Bacteroidetes,p_Bacteroidetes,c_Bacteroidia,o_Bacteroidales,f_Prevotellaceae,g_Prevotella,g_Prevotella,s_Prevotella copri,1
nimA,nitroimidazole,k_Bacteria,p_Firmicutes,p_Firmicutes,c_Clostridia,o_Eubacteriales,f_Oscillospiraceae,g_Pseudoflavonifractor,g_Pseudoflavonifractor,s_Pseudoflavonifractor sp. An184,1
nimD,nitroimidazole,k_Bacteria,p_Bacteroidetes,p_Bacteroidetes,c_Bacteroidia,o_Bacteroidales,f_Rikenellaceae,g_Alistipes,g_Alistipes,s_Alistipes communis,1
nimD,nitroimidazole,k_Bacteria,p_Bacteroidetes,p_Bacteroidetes,c_Bacteroidia,o_Bacteroidales,f_Bacteroidaceae,g_Bacteroides,g_Bacteroides,s_Bacteroides ovatus,1
nimD,nitroimidazole,k_Bacteria,p_Firmicutes,p_Firmicutes,c_Clostridia,o_Eubacteriales,f_Oscillospiraceae,g_Flavonifractor,g_Flavonifractor,s_Flavonifractor sp. An100,1
nimD,nitroimidazole,k_Bacteria,p_Bacteroidetes,p_Bacteroidetes,c_Bacteroidia,o_Bacteroidales,f_Bacteroidaceae,g_Phocaeicola,g_Phocaeicola,s_Phocaeicola vulgatus,1
nimF,nitroimidazole,k_Bacteria,p_Firmicutes,p_Firmicutes,c_Clostridia,o_Eubacteriales,f_Oscillospiraceae,g_Flavonifractor,g_Flavonifractor,s_Flavonifractor sp. An100,1
nimF,nitroimidazole,k_Bacteria,p_Firmicutes,p_Firmicutes,c_Clostridia,o_Eubacteriales,f_unknown,g_Intestinimonas,g_Intestinimonas,s_Intestinimonas massiliensis,1
nimF,nitroimidazole,k_Bacteria,p_Firmicutes,p_Firmicutes,c_Clostridia,o_Eubacteriales,f_Oscillospiraceae,g_Pseudoflavonifractor,g_Pseudoflavonifractor,s_Pseudoflavonifractor sp. An184,1
nimF,nitroimidazole,k_Bacteria,p_Firmicutes,p_Firmicutes,c_Clostridia,o_Eubacteriales,f_Oscillospiraceae,g_unknown,Other,s_Ruminococcaceae bacterium D16,1
nimG,nitroimidazole,k_Bacteria,p_Firmicutes,p_Firmicutes,c_Clostridia,o_Eubacteriales,f_Oscillospiraceae,g_Anaerotruncus,g_Anaerotruncus,s_Anaerotruncus colihominis,1
nimG,nitroimidazole,k_Bacteria,p_Firmicutes,p_Firmicutes,c_Clostridia,o_Eubacteriales,f_Clostridiaceae,g_Clostridium,g_Clostridium,s_Clostridium phoceensis,1
nimG,nitroimidazole,k_Bacteria,p_Firmicutes,p_Firmicutes,c_Clostridia,o_Eubacteriales,f_Oscillospiraceae,g_Flavonifractor,g_Flavonifractor,s_Flavonifractor sp. An10,1
nimG,nitroimidazole,k_Bacteria,p_Firmicutes,p_Firmicutes,c_Clostridia,o_Eubacteriales,f_Lachnospiraceae,g_Lachnoclostridium,g_Lachnoclostridium,s_Lachnoclostridium sp. An76,1
nimG,nitroimidazole,k_Bacteria,p_Firmicutes,p_Firmicutes,c_Clostridia,o_Eubacteriales,f_Oscillospiraceae,g_Pseudoflavonifractor,g_Pseudoflavonifractor,s_Pseudoflavonifractor capillosus,1
nimH,nitroimidazole,k_Bacteria,p_Bacteroidetes,p_Bacteroidetes,c_Bacteroidia,o_Bacteroidales,f_Bacteroidaceae,g_Bacteroides,g_Bacteroides,s_Bacteroides caecigallinarum,1
nimI,nitroimidazole,k_Bacteria,p_Bacteroidetes,p_Bacteroidetes,c_Bacteroidia,o_Bacteroidales,f_Bacteroidaceae,g_Bacteroides,g_Bacteroides,s_Bacteroides faecichinchillae,1
nimJ,nitroimidazole,k_Bacteria,p_Firmicutes,p_Firmicutes,c_Clostridia,o_Eubacteriales,f_Oscillospiraceae,g_Anaerofilum,g_Anaerofilum,s_Anaerofilum sp. BX8,1
nimJ,nitroimidazole,k_Bacteria,p_Firmicutes,p_Firmicutes,c_Clostridia,o_Eubacteriales,f_Oscillospiraceae,g_Anaerotruncus,g_Anaerotruncus,s_Anaerotruncus colihominis,1
nimJ,nitroimidazole,k_Bacteria,p_Firmicutes,p_Firmicutes,c_Clostridia,o_Eubacteriales,f_Oscillospiraceae,g_Angelakisella,g_Angelakisella,s_Angelakisella massiliensis,1
nimJ,nitroimidazole,k_Bacteria,p_Bacteroidetes,p_Bacteroidetes,c_Bacteroidia,o_Bacteroidales,f_Bacteroidaceae,g_Bacteroides,g_Bacteroides,s_Bacteroides sp. AF20-13LB,1
nimJ,nitroimidazole,k_Bacteria,p_Bacteroidetes,p_Bacteroidetes,c_Bacteroidia,o_Bacteroidales,f_Bacteroidaceae,g_Bacteroides,g_Bacteroides,s_Bacteroides sp. AGMB03916,1
nimJ,nitroimidazole,k_Bacteria,p_Bacteroidetes,p_Bacteroidetes,c_Bacteroidia,o_Bacteroidales,f_Bacteroidaceae,g_Bacteroides,g_Bacteroides,s_Bacteroides uniformis,1
nimJ,nitroimidazole,k_Bacteria,p_Bacteroidetes,p_Bacteroidetes,c_Bacteroidia,o_Bacteroidales,f_Bacteroidaceae,g_Bacteroides,g_Bacteroides,s_Bacteroides xylanisolvens,1
nimJ,nitroimidazole,k_Bacteria,p_Firmicutes,p_Firmicutes,c_Clostridia,o_Eubacteriales,f_Lachnospiraceae,g_Blautia,g_Blautia,s_Blautia obeum,1
nimJ,nitroimidazole,k_Bacteria,p_Proteobacteria,p_Proteobacteria,c_Epsilonproteobacteria,o_Campylobacterales,f_Campylobacteraceae,g_Campylobacter,g_Campylobacter,s_Campylobacter jejuni,1
nimJ,nitroimidazole,k_Bacteria,p_Actinobacteria,p_Actinobacteria,c_Coriobacteriia,o_Eggerthellales,f_Eggerthellaceae,g_Eggerthella,g_Eggerthella,s_Eggerthella lenta,1
nimJ,nitroimidazole,k_Bacteria,p_Firmicutes,p_Firmicutes,c_Clostridia,o_Eubacteriales,f_unknown,g_Flintibacter,g_Flintibacter,s_Flintibacter sp. KGMB00164,1
nimJ,nitroimidazole,k_Bacteria,p_Bacteroidetes,p_Bacteroidetes,c_Bacteroidia,o_Bacteroidales,f_Bacteroidaceae,g_Phocaeicola,g_Phocaeicola,s_Phocaeicola coprophilus,1
nimJ,nitroimidazole,k_Bacteria,p_Firmicutes,p_Firmicutes,c_Clostridia,o_Eubacteriales,f_Oscillospiraceae,g_Phocea,g_Phocea,s_Phocea massiliensis,1
nimJ,nitroimidazole,k_Bacteria,p_Bacteroidetes,p_Bacteroidetes,c_Bacteroidia,o_Bacteroidales,f_Prevotellaceae,g_Prevotella,g_Prevotella,s_Prevotella marseillensis,1
nimJ,nitroimidazole,k_Bacteria,p_Firmicutes,p_Firmicutes,c_Clostridia,o_Eubacteriales,f_Lachnospiraceae,g_Mediterraneibacter,g_Mediterraneibacter,s_[Ruminococcus] lactaris,1
nimJ,nitroimidazole,k_Bacteria,p_Firmicutes,p_Firmicutes,c_Clostridia,o_Eubacteriales,f_Oscillospiraceae,g_Flavonifractor,g_Flavonifractor,s_uncultured Flavonifractor sp.,1
npmA,aminoglycoside,k_Bacteria,p_Firmicutes,p_Firmicutes,c_Clostridia,o_Eubacteriales,f_Lachnospiraceae,g_Anaerotignum,g_Anaerotignum,s_Anaerotignum lactatifermentans,1
npmA,aminoglycoside,k_Bacteria,p_Firmicutes,p_Firmicutes,c_Clostridia,o_Eubacteriales,f_Clostridiaceae,g_Clostridium,g_Clostridium,s_Clostridium sp. AM29-11AC,1
npmA,aminoglycoside,k_Bacteria,p_Actinobacteria,p_Actinobacteria,c_Coriobacteriia,o_Coriobacteriales,f_Coriobacteriaceae,g_Enorma,g_Enorma,s_Enorma shizhengliae,1
poxtA,multidrug,k_Bacteria,p_Firmicutes,p_Firmicutes,c_Clostridia,o_Eubacteriales,f_Lachnospiraceae,g_Blautia,g_Blautia,s_Blautia sp. An81,1
poxtA,multidrug,k_Bacteria,p_Firmicutes,p_Firmicutes,c_Clostridia,o_Eubacteriales,f_Clostridiaceae,g_Butyricicoccus,g_Butyricicoccus,s_Butyricicoccus pullicaecorum,1
poxtA,multidrug,k_Bacteria,p_Firmicutes,p_Firmicutes,c_Clostridia,o_Eubacteriales,f_Clostridiaceae,g_Clostridium,g_Clostridium,s_Clostridium sp. CAG:1013,1
poxtA,multidrug,k_Bacteria,p_Firmicutes,p_Firmicutes,c_Clostridia,o_Eubacteriales,f_Lachnospiraceae,g_Enterocloster,g_Enterocloster,s_Enterocloster clostridioformis,1
poxtA,multidrug,k_Bacteria,p_Firmicutes,p_Firmicutes,c_Bacilli,o_Lactobacillales,f_Enterococcaceae,g_Enterococcus,g_Enterococcus,s_Enterococcus cecorum,1
poxtA,multidrug,k_Bacteria,p_Firmicutes,p_Firmicutes,c_Clostridia,o_Eubacteriales,f_Eubacteriaceae,g_Eubacterium,g_Eubacterium,s_Eubacterium sp. An11,1
poxtA,multidrug,k_Bacteria,p_Firmicutes,p_Firmicutes,c_Clostridia,o_Eubacteriales,f_Peptostreptococcaceae,g_Peptoclostridium,g_Peptoclostridium,s_Peptoclostridium sp. AF21-18,1
poxtA,multidrug,k_Bacteria,p_Bacteroidetes,p_Bacteroidetes,c_Bacteroidia,o_Bacteroidales,f_Prevotellaceae,g_Prevotella,g_Prevotella,s_Prevotella rara,1
poxtA,multidrug,k_Bacteria,p_Firmicutes,p_Firmicutes,c_Clostridia,o_Eubacteriales,f_Oscillospiraceae,g_Pseudoflavonifractor,g_Pseudoflavonifractor,s_Pseudoflavonifractor sp. An184,1
qacEdelta1,disinfecting agents and antiseptics,k_Bacteria,p_Proteobacteria,p_Proteobacteria,c_Gammaproteobacteria,o_Aeromonadales,f_Aeromonadaceae,g_Aeromonas,g_Aeromonas,s_Aeromonas hydrophila,1
qacEdelta1,disinfecting agents and antiseptics,k_Bacteria,p_Actinobacteria,p_Actinobacteria,c_Actinomycetia,o_Micrococcales,f_Micrococcaceae,g_Micrococcus,g_Micrococcus,s_Micrococcus luteus,1
qacEdelta1,disinfecting agents and antiseptics,k_Bacteria,p_unknown,Other,c_unknown,o_unknown,f_unknown,g_unknown,Other,s_uncultured bacterium,1
qacJ,disinfecting agents and antiseptics,k_Bacteria,p_Firmicutes,p_Firmicutes,c_Bacilli,o_Bacillales,f_Staphylococcaceae,g_Staphylococcus,g_Staphylococcus,s_Staphylococcus aureus,1
qacJ,disinfecting agents and antiseptics,k_Bacteria,p_Firmicutes,p_Firmicutes,c_Bacilli,o_Bacillales,f_Staphylococcaceae,g_Staphylococcus,g_Staphylococcus,s_Staphylococcus saprophyticus,1
qacL,disinfecting agents and antiseptics,k_Bacteria,p_unknown,Other,c_unknown,o_unknown,f_unknown,g_unknown,Other,s_uncultured bacterium,1
ramA,multidrug,k_Bacteria,p_Proteobacteria,p_Proteobacteria,c_Gammaproteobacteria,o_Enterobacterales,f_Enterobacteriaceae,g_Enterobacter,g_Enterobacter,s_Enterobacter cloacae,1
ramA,multidrug,k_Bacteria,NA,Other,NA,NA,NA,NA,Other,NA,1
rsmA,multidrug,k_Bacteria,p_Proteobacteria,p_Proteobacteria,c_Gammaproteobacteria,o_Pasteurellales,f_Pasteurellaceae,g_Gallibacterium,g_Gallibacterium,s_Gallibacterium salpingitidis,1
rsmA,multidrug,k_Bacteria,p_Proteobacteria,p_Proteobacteria,c_Gammaproteobacteria,o_Enterobacterales,f_Morganellaceae,g_Morganella,g_Morganella,s_Morganella morganii,1
salE,multidrug,k_Bacteria,p_Firmicutes,p_Firmicutes,c_Bacilli,o_Bacillales,f_Staphylococcaceae,g_Staphylococcus,g_Staphylococcus,NA,1
sdiA,multidrug,k_Bacteria,p_Proteobacteria,p_Proteobacteria,c_Gammaproteobacteria,o_Enterobacterales,f_Enterobacteriaceae,g_Salmonella,g_Salmonella,NA,1
sdrM,multidrug,k_Bacteria,p_Firmicutes,p_Firmicutes,c_Bacilli,o_Bacillales,f_Staphylococcaceae,g_Staphylococcus,g_Staphylococcus,s_Staphylococcus saprophyticus,1
spd,aminoglycoside,k_Bacteria,p_Bacteroidetes,p_Bacteroidetes,c_Bacteroidia,o_Bacteroidales,f_Bacteroidaceae,g_Phocaeicola,g_Phocaeicola,s_Phocaeicola plebeius,1
spd,aminoglycoside,k_Bacteria,p_Firmicutes,p_Firmicutes,c_Bacilli,o_Bacillales,f_Staphylococcaceae,g_Staphylococcus,g_Staphylococcus,s_Staphylococcus aureus,1
sul1,sulfonamide,k_Bacteria,p_Proteobacteria,p_Proteobacteria,c_Gammaproteobacteria,o_Moraxellales,f_Moraxellaceae,g_Acinetobacter,g_Acinetobacter,s_Acinetobacter baumannii,1
sul1,sulfonamide,k_Bacteria,p_Actinobacteria,p_Actinobacteria,c_Actinomycetia,o_Micrococcales,f_Micrococcaceae,g_Micrococcus,g_Micrococcus,s_Micrococcus luteus,1
sul2,sulfonamide,k_Bacteria,p_Actinobacteria,p_Actinobacteria,c_Actinomycetia,o_Corynebacteriales,f_Corynebacteriaceae,g_Corynebacterium,g_Corynebacterium,s_Corynebacterium diphtheriae,1
sul2,sulfonamide,k_Bacteria,p_Proteobacteria,p_Proteobacteria,c_Gammaproteobacteria,o_Enterobacterales,f_Enterobacteriaceae,g_Enterobacter,g_Enterobacter,s_Enterobacter hormaechei,1
sul2,sulfonamide,k_Bacteria,p_Proteobacteria,p_Proteobacteria,c_Gammaproteobacteria,o_Pasteurellales,f_Pasteurellaceae,g_Glaesserella,g_Glaesserella,s_Glaesserella parasuis,1
sul2,sulfonamide,k_Bacteria,p_Proteobacteria,p_Proteobacteria,c_Gammaproteobacteria,o_Pasteurellales,f_Pasteurellaceae,g_Pasteurella,g_Pasteurella,s_Pasteurella multocida,1
sul2,sulfonamide,k_Bacteria,p_Proteobacteria,p_Proteobacteria,c_Gammaproteobacteria,o_Enterobacterales,f_Morganellaceae,g_Proteus,g_Proteus,s_Proteus mirabilis,1
sul2,sulfonamide,k_Bacteria,p_Proteobacteria,p_Proteobacteria,c_Gammaproteobacteria,o_Vibrionales,f_Vibrionaceae,g_Vibrio,g_Vibrio,s_Vibrio cholerae,1
sul3,sulfonamide,k_Bacteria,p_Proteobacteria,p_Proteobacteria,c_Gammaproteobacteria,o_Enterobacterales,f_Enterobacteriaceae,g_Salmonella,g_Salmonella,s_Salmonella enterica,1
sul4,sulfonamide,k_Bacteria,p_Proteobacteria,p_Proteobacteria,c_Gammaproteobacteria,o_Pseudomonadales,f_Pseudomonadaceae,g_Pseudomonas,g_Pseudomonas,s_Pseudomonas aeruginosa,1
tet(32),tetracycline,k_Bacteria,p_Proteobacteria,p_Proteobacteria,c_Deltaproteobacteria,o_Desulfovibrionales,f_Desulfovibrionaceae,g_Bilophila,g_Bilophila,s_Bilophila wadsworthia,1
tet(32),tetracycline,k_Bacteria,p_Spirochaetes,p_Spirochaetes,c_Spirochaetia,o_Brachyspirales,f_Brachyspiraceae,g_Brachyspira,g_Brachyspira,s_Brachyspira pilosicoli,1
tet(32),tetracycline,k_Bacteria,p_Firmicutes,p_Firmicutes,c_Clostridia,o_Eubacteriales,f_Clostridiaceae,g_Clostridium,g_Clostridium,s_Clostridium sp. CAG:678,1
tet(32),tetracycline,k_Bacteria,p_Firmicutes,p_Firmicutes,c_Erysipelotrichia,o_Erysipelotrichales,f_Erysipelotrichaceae,g_Faecalitalea,g_Faecalitalea,s_Faecalitalea cylindroides,1
tet(32),tetracycline,k_Bacteria,p_Firmicutes,p_Firmicutes,c_Clostridia,o_Eubacteriales,f_Oscillospiraceae,g_Fournierella,g_Fournierella,s_Fournierella massiliensis,1
tet(32),tetracycline,k_Bacteria,p_Firmicutes,p_Firmicutes,c_Clostridia,o_Eubacteriales,f_Lachnospiraceae,g_Lachnoclostridium,g_Lachnoclostridium,s_Lachnoclostridium sp. An14,1
tet(32),tetracycline,k_Bacteria,p_Firmicutes,p_Firmicutes,c_Clostridia,o_Eubacteriales,f_Lachnospiraceae,g_unknown,Other,s_Lachnospiraceae bacterium,1
tet(32),tetracycline,k_Bacteria,p_Firmicutes,p_Firmicutes,c_Bacilli,o_Lactobacillales,f_Lactobacillaceae,g_Ligilactobacillus,g_Ligilactobacillus,s_Ligilactobacillus salivarius,1
tet(32),tetracycline,k_Bacteria,p_Deferribacteres,p_Deferribacteres,c_Deferribacteres,o_Deferribacterales,f_Deferribacteraceae,g_Mucispirillum,g_Mucispirillum,s_Mucispirillum schaedleri,1
tet(32),tetracycline,k_unknown,p_Uroviricota,p_Uroviricota,c_Caudoviricetes,o_Caudovirales,f_Myoviridae,g_unknown,Other,s_Myoviridae sp.,1
tet(32),tetracycline,k_Bacteria,p_Proteobacteria,p_Proteobacteria,c_Gammaproteobacteria,o_Pseudomonadales,f_Pseudomonadaceae,g_Pseudomonas,g_Pseudomonas,s_Pseudomonas aeruginosa,1
tet(32),tetracycline,k_Bacteria,p_Firmicutes,p_Firmicutes,c_Clostridia,o_Eubacteriales,f_Oscillospiraceae,g_Ruthenibacterium,g_Ruthenibacterium,s_Ruthenibacterium lactatiformans,1
tet(32),tetracycline,k_unknown,p_Uroviricota,p_Uroviricota,c_Caudoviricetes,o_Caudovirales,f_Siphoviridae,g_unknown,Other,s_Siphoviridae sp.,1
tet(32),tetracycline,k_Bacteria,p_Firmicutes,p_Firmicutes,c_Bacilli,o_Lactobacillales,f_Streptococcaceae,g_Streptococcus,g_Streptococcus,s_Streptococcus pneumoniae,1
tet(32),tetracycline,k_Bacteria,p_Thermodesulfobacteriota,p_Thermodesulfobacteriota,c_Desulfovibrionia,o_Desulfovibrionales,f_Desulfovibrionaceae,g_Taurinivorans,g_Taurinivorans,s_Taurinivorans muris,1
tet(36),tetracycline,k_Bacteria,p_unknown,Other,c_unknown,o_unknown,f_unknown,g_unknown,Other,s_uncultured bacterium,1
tet(40),tetracycline,k_Bacteria,p_Firmicutes,p_Firmicutes,c_Clostridia,o_Eubacteriales,f_Clostridiaceae,g_Butyricicoccus,g_Butyricicoccus,s_Butyricicoccus pullicaecorum,1
tet(40),tetracycline,k_Bacteria,p_Firmicutes,p_Firmicutes,c_Clostridia,o_Eubacteriales,f_Peptostreptococcaceae,g_Clostridioides,g_Clostridioides,s_Clostridioides difficile,1
tet(40),tetracycline,k_Bacteria,p_Firmicutes,p_Firmicutes,c_Clostridia,o_Eubacteriales,f_Eubacteriaceae,g_Eubacterium,g_Eubacterium,s_Eubacterium callanderi,1
tet(40),tetracycline,k_Bacteria,p_Firmicutes,p_Firmicutes,c_Clostridia,o_Eubacteriales,f_Oscillospiraceae,g_Flavonifractor,g_Flavonifractor,s_Flavonifractor plautii,1
tet(40),tetracycline,k_Bacteria,p_Firmicutes,p_Firmicutes,c_Clostridia,o_Eubacteriales,f_unknown,g_Intestinimonas,g_Intestinimonas,s_Intestinimonas timonensis,1
tet(40),tetracycline,k_Bacteria,p_Firmicutes,p_Firmicutes,c_Clostridia,o_Eubacteriales,f_Lachnospiraceae,g_unknown,Other,s_Lachnospiraceae bacterium OM04-12BH,1
tet(40),tetracycline,k_Bacteria,p_Firmicutes,p_Firmicutes,c_Clostridia,o_Eubacteriales,f_Lachnospiraceae,g_Mediterraneibacter,g_Mediterraneibacter,s_Mediterraneibacter catenae,1
tet(40),tetracycline,k_Bacteria,p_Firmicutes,p_Firmicutes,c_Clostridia,o_Eubacteriales,f_Oscillospiraceae,g_Oscillibacter,g_Oscillibacter,s_Oscillibacter valericigenes,1
tet(40),tetracycline,k_Bacteria,p_Firmicutes,p_Firmicutes,c_Clostridia,o_Eubacteriales,f_Oscillospiraceae,g_Ruthenibacterium,g_Ruthenibacterium,s_Ruthenibacterium lactatiformans,1
tet(40),tetracycline,k_Bacteria,p_Spirochaetota,p_Spirochaetota,c_Spirochaetia,o_unclassified,f_unclassified,g_unclassified,g_unclassified,s_Spirochaetia bacterium,1
tet(40),tetracycline,k_Bacteria,p_unknown,Other,c_unknown,o_unknown,f_unknown,g_unknown,Other,s_uncultured bacterium,1
tet(44),tetracycline,k_Bacteria,p_Firmicutes,p_Firmicutes,c_Clostridia,o_Eubacteriales,f_Clostridiaceae,g_Clostridium,g_Clostridium,s_Clostridium sp. CAG:269,1
tet(44),tetracycline,k_Bacteria,p_Firmicutes,p_Firmicutes,c_Bacilli,o_Lactobacillales,f_Enterococcaceae,g_Enterococcus,g_Enterococcus,s_Enterococcus faecalis,1
tet(44),tetracycline,k_Bacteria,p_Firmicutes,p_Firmicutes,c_Bacilli,o_Lactobacillales,f_Enterococcaceae,g_Enterococcus,g_Enterococcus,s_Enterococcus faecium,1
tet(44),tetracycline,k_Bacteria,p_Firmicutes,p_Firmicutes,c_Clostridia,o_Eubacteriales,f_Eubacteriaceae,g_Eubacterium,g_Eubacterium,s_Eubacterium callanderi,1
tet(44),tetracycline,k_Bacteria,p_Firmicutes,p_Firmicutes,c_Clostridia,o_Eubacteriales,f_unknown,g_Intestinimonas,g_Intestinimonas,s_Intestinimonas butyriciproducens,1
tet(44),tetracycline,k_Bacteria,p_Firmicutes,p_Firmicutes,c_Negativicutes,o_Selenomonadales,f_Selenomonadaceae,g_Megamonas,g_Megamonas,s_Megamonas funiformis,1
tet(44),tetracycline,k_Bacteria,p_Tenericutes,p_Tenericutes,c_Mollicutes,o_Mycoplasmatales,f_Mycoplasmataceae,g_Mycoplasma,g_Mycoplasma,s_Mycoplasma sp. CAG:956,1
tet(45),tetracycline,k_Bacteria,p_Proteobacteria,p_Proteobacteria,c_Epsilonproteobacteria,o_Campylobacterales,f_Campylobacteraceae,g_Campylobacter,g_Campylobacter,s_Campylobacter sp. 2018MI01,1
tet(45),tetracycline,k_Bacteria,p_Proteobacteria,p_Proteobacteria,c_Gammaproteobacteria,o_Pasteurellales,f_Pasteurellaceae,g_Gallibacterium,g_Gallibacterium,s_Gallibacterium anatis,1
tet(45),tetracycline,k_Bacteria,p_Firmicutes,p_Firmicutes,c_Bacilli,o_Lactobacillales,f_Lactobacillaceae,g_Lactobacillus,g_Lactobacillus,s_Lactobacillus iners,1
tet(45),tetracycline,k_Bacteria,p_Bacteroidetes,p_Bacteroidetes,c_Bacteroidia,o_Bacteroidales,f_Bacteroidaceae,g_Phocaeicola,g_Phocaeicola,s_Phocaeicola coprocola,1
tet(45),tetracycline,k_Bacteria,p_Firmicutes,p_Firmicutes,c_Bacilli,o_Lactobacillales,f_Streptococcaceae,g_Streptococcus,g_Streptococcus,s_Streptococcus pneumoniae,1
tet(45),tetracycline,k_Bacteria,p_Firmicutes,p_Firmicutes,c_Bacilli,o_Lactobacillales,f_Streptococcaceae,g_Streptococcus,g_Streptococcus,s_Streptococcus suis,1
tet(45),tetracycline,k_unknown,p_unknown,Other,c_unknown,o_unknown,f_unknown,g_unknown,Other,s_synthetic Mycoplasma genitalium JCVI-1.0,1
tet(A),tetracycline,k_Bacteria,p_Proteobacteria,p_Proteobacteria,c_Deltaproteobacteria,o_Desulfovibrionales,f_Desulfovibrionaceae,g_Desulfovibrio,g_Desulfovibrio,s_Desulfovibrio piger,1
tet(A),tetracycline,k_Bacteria,p_Proteobacteria,p_Proteobacteria,c_Gammaproteobacteria,o_Pseudomonadales,f_Pseudomonadaceae,g_Pseudomonas,g_Pseudomonas,s_Pseudomonas aeruginosa,1
tet(A),tetracycline,k_Bacteria,p_Proteobacteria,p_Proteobacteria,c_Gammaproteobacteria,o_Enterobacterales,f_Enterobacteriaceae,g_Salmonella,g_Salmonella,s_Salmonella enterica,1
tet(B),tetracycline,k_Bacteria,p_Proteobacteria,p_Proteobacteria,c_Gammaproteobacteria,o_Pasteurellales,f_Pasteurellaceae,g_Gallibacterium,g_Gallibacterium,s_Gallibacterium salpingitidis,1
tet(D),tetracycline,k_Bacteria,p_Proteobacteria,p_Proteobacteria,c_Gammaproteobacteria,o_Enterobacterales,f_Enterobacteriaceae,g_Escherichia,g_Escherichia,s_Escherichia coli,1
tet(D),tetracycline,k_Bacteria,p_Proteobacteria,p_Proteobacteria,c_Gammaproteobacteria,NA,NA,NA,Other,NA,1
tet(M),tetracycline,k_Bacteria,p_Firmicutes,p_Firmicutes,c_Clostridia,o_Eubacteriales,f_Lachnospiraceae,g_Blautia,g_Blautia,s_Blautia obeum,1
tet(M),tetracycline,k_Bacteria,p_Firmicutes,p_Firmicutes,c_Clostridia,o_Eubacteriales,f_Lachnospiraceae,g_Dorea,g_Dorea,s_Dorea formicigenerans,1
tet(M),tetracycline,k_Bacteria,p_Firmicutes,p_Firmicutes,c_Bacilli,o_Lactobacillales,f_Enterococcaceae,g_Enterococcus,g_Enterococcus,s_Enterococcus casseliflavus,1
tet(M),tetracycline,k_Bacteria,p_Proteobacteria,p_Proteobacteria,c_Gammaproteobacteria,o_Enterobacterales,f_Enterobacteriaceae,g_Salmonella,g_Salmonella,s_Salmonella enterica,1
tet(O),tetracycline,k_Bacteria,p_Firmicutes,p_Firmicutes,c_Clostridia,o_Eubacteriales,f_Oscillospiraceae,g_Agathobaculum,g_Agathobaculum,s_Agathobaculum sp. Marseille-P7918,1
tet(O),tetracycline,k_Bacteria,p_Firmicutes,p_Bacillota,c_Clostridia,o_Eubacteriales,f_Clostridiaceae,g_Clostridium,g_Clostridium,s_Clostridium sp.,1
tet(O),tetracycline,k_Bacteria,p_Actinobacteria,p_Actinobacteria,c_Coriobacteriia,o_Eggerthellales,f_Eggerthellaceae,g_Eggerthella,g_Eggerthella,s_Eggerthella lenta,1
tet(O),tetracycline,k_Bacteria,p_Firmicutes,p_Firmicutes,c_Bacilli,o_Lactobacillales,f_Enterococcaceae,g_Enterococcus,g_Enterococcus,s_Enterococcus faecium,1
tet(O),tetracycline,k_Bacteria,p_Firmicutes,p_Firmicutes,c_Bacilli,o_Lactobacillales,f_Enterococcaceae,g_Enterococcus,g_Enterococcus,s_Enterococcus hirae,1
tet(O),tetracycline,k_Bacteria,p_Firmicutes,p_Firmicutes,c_Clostridia,o_Eubacteriales,f_Eubacteriaceae,g_unknown,Other,s_Eubacteriaceae bacterium CHKCI004,1
tet(O),tetracycline,k_Bacteria,p_Firmicutes,p_Firmicutes,c_Clostridia,o_Eubacteriales,f_Oscillospiraceae,g_Faecalibacterium,g_Faecalibacterium,s_Faecalibacterium prausnitzii,1
tet(O),tetracycline,k_Bacteria,p_Firmicutes,p_Firmicutes,c_Clostridia,o_Eubacteriales,f_Oscillospiraceae,g_Fournierella,g_Fournierella,s_Fournierella massiliensis,1
tet(O),tetracycline,k_Bacteria,p_Fusobacteria,p_Fusobacteria,c_Fusobacteriia,o_Fusobacteriales,f_Fusobacteriaceae,g_Fusobacterium,g_Fusobacterium,s_Fusobacterium pseudoperiodonticum,1
tet(O),tetracycline,k_Bacteria,p_Firmicutes,p_Firmicutes,c_Clostridia,o_Eubacteriales,f_Lachnospiraceae,g_Lachnoclostridium,g_Lachnoclostridium,s_Lachnoclostridium sp. An76,1
tet(O),tetracycline,k_Bacteria,p_Firmicutes,p_Firmicutes,c_Bacilli,o_Lactobacillales,f_Streptococcaceae,g_Streptococcus,g_Streptococcus,s_Streptococcus agalactiae,1
tet(O),tetracycline,k_Bacteria,p_Firmicutes,p_Firmicutes,c_Bacilli,o_Lactobacillales,f_Streptococcaceae,g_Streptococcus,g_Streptococcus,s_Streptococcus uberis,1
tet(O/W/32/O),tetracycline,k_Bacteria,p_Firmicutes,p_Firmicutes,c_Bacilli,o_Lactobacillales,f_Enterococcaceae,g_Enterococcus,g_Enterococcus,s_Enterococcus faecalis,1
tet(O/W/32/O),tetracycline,k_Bacteria,p_Firmicutes,p_Firmicutes,c_Bacilli,o_Lactobacillales,f_Streptococcaceae,g_Streptococcus,g_Streptococcus,s_Streptococcus suis,1
tet(Q),tetracycline,k_Bacteria,p_Firmicutes,p_Firmicutes,c_Clostridia,o_Eubacteriales,f_Oscillospiraceae,g_Agathobaculum,g_Agathobaculum,s_Agathobaculum sp. Marseille-P7918,1
tet(Q),tetracycline,k_Bacteria,p_Bacteroidetes,p_Bacteroidetes,c_Bacteroidia,o_Bacteroidales,f_Bacteroidaceae,g_Bacteroides,g_Bacteroides,s_Bacteroides sp. AF20-13LB,1
tet(Q),tetracycline,k_Bacteria,p_Bacteroidetes,p_Bacteroidota,c_Bacteroidia,o_Bacteroidales,f_unclassified,g_Candidatus Onthomorpha,g_Candidatus Onthomorpha,s_Candidatus Onthomorpha intestinigallinarum,1
tet(Q),tetracycline,k_Bacteria,p_Firmicutes,p_Firmicutes,c_Bacilli,o_Lactobacillales,f_Enterococcaceae,g_Enterococcus,g_Enterococcus,s_Enterococcus columbae,1
tet(Q),tetracycline,k_Bacteria,p_Bacteroidetes,p_Bacteroidetes,c_Bacteroidia,o_Bacteroidales,f_Bacteroidaceae,g_Phocaeicola,g_Phocaeicola,s_Phocaeicola barnesiae,1
tet(Q),tetracycline,k_Bacteria,p_Bacteroidetes,p_Bacteroidetes,c_Bacteroidia,o_Bacteroidales,f_Bacteroidaceae,g_Phocaeicola,g_Phocaeicola,s_Phocaeicola coprocola,1
tet(Q),tetracycline,k_Bacteria,p_Bacteroidetes,p_Bacteroidetes,c_Bacteroidia,o_Bacteroidales,f_Bacteroidaceae,g_Phocaeicola,g_Phocaeicola,s_Phocaeicola coprophilus,1
tet(Q),tetracycline,k_Bacteria,p_Bacteroidetes,p_Bacteroidetes,c_Bacteroidia,o_Bacteroidales,f_Prevotellaceae,g_Prevotella,g_Prevotella,s_Prevotella sp. CAG:617,1
tet(Q),tetracycline,k_unknown,p_Uroviricota,p_Uroviricota,c_Caudoviricetes,o_Caudovirales,f_Siphoviridae,g_unknown,Other,s_Siphoviridae sp.,1
tet(S),tetracycline,k_Bacteria,p_Firmicutes,p_Firmicutes,c_Bacilli,o_Lactobacillales,f_Enterococcaceae,g_Enterococcus,g_Enterococcus,s_Enterococcus faecium,1
tet(W),tetracycline,k_Bacteria,p_Firmicutes,p_Firmicutes,c_Clostridia,o_Eubacteriales,f_Oscillospiraceae,g_Agathobaculum,g_Agathobaculum,s_Agathobaculum sp. Marseille-P7918,1
tet(W),tetracycline,k_Bacteria,p_Firmicutes,p_Bacillota,c_Clostridia,o_unclassified,f_unclassified,g_unclassified,g_unclassified,s_Clostridia bacterium,1
tet(W),tetracycline,k_Bacteria,p_Actinobacteria,p_Actinobacteria,c_Coriobacteriia,o_Coriobacteriales,f_Coriobacteriaceae,g_Collinsella,g_Collinsella,s_Collinsella aerofaciens,1
tet(W),tetracycline,k_Bacteria,p_Firmicutes,p_Firmicutes,c_Clostridia,o_Eubacteriales,f_Lachnospiraceae,g_Enterocloster,g_Enterocloster,s_Enterocloster clostridioformis,1
tet(W),tetracycline,k_Bacteria,p_Firmicutes,p_Firmicutes,c_Clostridia,o_Eubacteriales,f_Oscillospiraceae,g_Faecalibacterium,g_Faecalibacterium,s_Faecalibacterium prausnitzii,1
tet(W),tetracycline,k_Bacteria,p_Proteobacteria,p_Proteobacteria,c_Gammaproteobacteria,o_Pasteurellales,f_Pasteurellaceae,g_Gallibacterium,g_Gallibacterium,s_Gallibacterium salpingitidis,1
tet(W),tetracycline,k_Bacteria,p_Firmicutes,p_Firmicutes,c_Clostridia,o_Eubacteriales,f_unknown,g_Gemmiger,g_Gemmiger,s_Gemmiger sp. An120,1
tet(W),tetracycline,k_Bacteria,p_Firmicutes,p_Firmicutes,c_Clostridia,o_Eubacteriales,f_Lachnospiraceae,g_Lachnoclostridium,g_Lachnoclostridium,s_Lachnoclostridium sp. An14,1
tet(W),tetracycline,k_Bacteria,p_Firmicutes,p_Firmicutes,c_Clostridia,o_Eubacteriales,f_Lachnospiraceae,g_Mediterraneibacter,g_Mediterraneibacter,s_Mediterraneibacter glycyrrhizinilyticus,1
tet(W),tetracycline,k_Bacteria,p_Firmicutes,p_Firmicutes,c_Clostridia,o_Eubacteriales,f_Oscillospiraceae,g_Oscillibacter,g_Oscillibacter,s_Oscillibacter valericigenes,1
tet(W),tetracycline,k_Bacteria,p_Firmicutes,p_Firmicutes,c_Clostridia,o_Eubacteriales,f_Oscillospiraceae,g_Phocea,g_Phocea,s_Phocea massiliensis,1
tet(W),tetracycline,k_Bacteria,p_Firmicutes,p_Firmicutes,c_Clostridia,o_Eubacteriales,f_Oscillospiraceae,g_Pseudoflavonifractor,g_Pseudoflavonifractor,s_Pseudoflavonifractor phocaeensis,1
tet(W),tetracycline,k_unknown,p_Uroviricota,p_Uroviricota,c_Caudoviricetes,o_Caudovirales,f_Siphoviridae,g_unknown,Other,s_Siphoviridae sp.,1
tet(W),tetracycline,k_Bacteria,p_Thermodesulfobacteriota,p_Thermodesulfobacteriota,c_Desulfovibrionia,o_Desulfovibrionales,f_Desulfovibrionaceae,g_Taurinivorans,g_Taurinivorans,s_Taurinivorans muris,1
tet(W/N/W),tetracycline,k_Bacteria,p_Actinobacteria,p_Actinobacteria,c_Actinomycetia,o_Bifidobacteriales,f_Bifidobacteriaceae,g_Bifidobacterium,g_Bifidobacterium,s_Bifidobacterium longum,1
tet(W/N/W),tetracycline,k_Bacteria,p_Firmicutes,p_Firmicutes,c_Clostridia,o_Eubacteriales,f_Peptostreptococcaceae,g_Clostridioides,g_Clostridioides,s_Clostridioides difficile,1
tet(W/N/W),tetracycline,k_Bacteria,p_Actinobacteria,p_Actinobacteria,c_Coriobacteriia,o_Coriobacteriales,f_Coriobacteriaceae,g_Enorma,g_Enorma,s_Enorma shizhengliae,1
tet(W/N/W),tetracycline,k_Bacteria,p_Firmicutes,p_Firmicutes,c_Bacilli,o_Lactobacillales,f_Lactobacillaceae,g_Lactobacillus,g_Lactobacillus,s_Lactobacillus sp. A27,1
tet(W/N/W),tetracycline,k_Bacteria,p_Firmicutes,p_Firmicutes,c_Clostridia,o_Eubacteriales,f_Oscillospiraceae,g_Oscillibacter,g_Oscillibacter,s_Oscillibacter valericigenes,1
tet(X),multidrug,k_Bacteria,p_Bacteroidetes,p_Bacteroidetes,c_Bacteroidia,o_Bacteroidales,f_Bacteroidaceae,g_Bacteroides,g_Bacteroides,s_Bacteroides caecigallinarum,1
tet(X),multidrug,k_Bacteria,p_Bacteroidetes,p_Bacteroidetes,c_Bacteroidia,o_Bacteroidales,f_Bacteroidaceae,g_Bacteroides,g_Bacteroides,s_Bacteroides eggerthii,1
tet(X),multidrug,k_Bacteria,p_Bacteroidetes,p_Bacteroidetes,c_Bacteroidia,o_Bacteroidales,f_Bacteroidaceae,g_Bacteroides,g_Bacteroides,s_Bacteroides salyersiae,1
tet(X),multidrug,k_Bacteria,p_Bacteroidetes,p_Bacteroidetes,c_Bacteroidia,o_Bacteroidales,f_Bacteroidaceae,g_Bacteroides,g_Bacteroides,s_Bacteroides sp. OF04-15BH,1
tet(X),multidrug,k_Bacteria,p_Bacteroidetes,p_Bacteroidetes,c_Bacteroidia,o_Bacteroidales,f_Bacteroidaceae,g_Bacteroides,g_Bacteroides,s_Bacteroides uniformis,1
tet(X),multidrug,k_Bacteria,p_Firmicutes,p_Firmicutes,c_Bacilli,o_Lactobacillales,f_Streptococcaceae,g_Streptococcus,g_Streptococcus,s_Streptococcus alactolyticus,1
tet(X3),multidrug,k_Bacteria,p_Proteobacteria,p_Proteobacteria,c_Gammaproteobacteria,o_Moraxellales,f_Moraxellaceae,g_Acinetobacter,g_Acinetobacter,NA,1
tet(X5),tetracycline,k_Bacteria,p_Bacteroidetes,p_Bacteroidetes,c_Flavobacteriia,o_Flavobacteriales,f_Weeksellaceae,g_Riemerella,g_Riemerella,s_Riemerella anatipestifer,1
tetB(P),tetracycline,k_Bacteria,p_Proteobacteria,p_Proteobacteria,c_Gammaproteobacteria,o_Enterobacterales,f_Enterobacteriaceae,g_Escherichia,g_Escherichia,s_Escherichia coli,1
vanB,glycopeptide,k_Bacteria,p_Firmicutes,p_Firmicutes,c_Bacilli,o_Lactobacillales,f_Enterococcaceae,g_Enterococcus,g_Enterococcus,s_Enterococcus faecium,1
vanC,glycopeptide,k_Bacteria,NA,Other,NA,NA,NA,NA,Other,NA,1
vanG,glycopeptide,k_Bacteria,p_Firmicutes,p_Firmicutes,c_Clostridia,o_Eubacteriales,f_Oscillospiraceae,g_Anaeromassilibacillus,g_Anaeromassilibacillus,s_Anaeromassilibacillus sp. An200,1
vanG,glycopeptide,k_Bacteria,p_Firmicutes,p_Firmicutes,c_Clostridia,o_Eubacteriales,f_Oscillospiraceae,g_Flavonifractor,g_Flavonifractor,s_Flavonifractor plautii,1
vanG,glycopeptide,k_Bacteria,p_Firmicutes,p_Firmicutes,c_Clostridia,o_Eubacteriales,f_Lachnospiraceae,g_Fusicatenibacter,g_Fusicatenibacter,s_Fusicatenibacter sp. CLA-AA-H277,1
vanG,glycopeptide,k_Bacteria,p_Firmicutes,p_Firmicutes,c_Clostridia,o_Eubacteriales,f_Eubacteriaceae,g_Intestinibacillus,g_Intestinibacillus,s_Intestinibacillus sp. Marseille-P6563,1
vanG,glycopeptide,k_unknown,p_Uroviricota,p_Uroviricota,c_Caudoviricetes,o_Caudovirales,f_Myoviridae,g_unknown,Other,s_Myoviridae sp.,1
vanG,glycopeptide,k_Bacteria,p_Firmicutes,p_Firmicutes,c_Clostridia,o_Eubacteriales,f_Oscillospiraceae,g_Oscillibacter,g_Oscillibacter,s_Oscillibacter valericigenes,1
vanG,glycopeptide,k_Bacteria,p_unknown,Other,c_unknown,o_unknown,f_unknown,g_unknown,Other,s_uncultured bacterium,1
vanHB,glycopeptide,k_Bacteria,p_Firmicutes,p_Firmicutes,c_Bacilli,o_Lactobacillales,f_Enterococcaceae,g_Enterococcus,g_Enterococcus,s_Enterococcus faecium,1
vanSB,glycopeptide,k_Bacteria,p_Firmicutes,p_Firmicutes,c_Bacilli,o_Lactobacillales,f_Enterococcaceae,g_Enterococcus,g_Enterococcus,s_Enterococcus faecium,1
vanUG,glycopeptide,k_Bacteria,p_Firmicutes,p_Firmicutes,c_Clostridia,o_Eubacteriales,f_Peptostreptococcaceae,g_Clostridioides,g_Clostridioides,s_Clostridioides difficile,1
vanUG,glycopeptide,k_Bacteria,p_Firmicutes,p_Firmicutes,c_Clostridia,o_Eubacteriales,f_Lachnospiraceae,g_unknown,Other,s_Lachnospiraceae bacterium,1
vanWB,glycopeptide,k_Bacteria,p_Firmicutes,p_Firmicutes,c_Clostridia,o_Eubacteriales,f_Oscillospiraceae,g_Flavonifractor,g_Flavonifractor,s_Flavonifractor plautii,1
vanWB,glycopeptide,k_Bacteria,p_Firmicutes,p_Firmicutes,c_Clostridia,o_Eubacteriales,f_Oscillospiraceae,g_Pseudoflavonifractor,g_Pseudoflavonifractor,s_Pseudoflavonifractor phocaeensis,1
vanWG,glycopeptide,k_Bacteria,p_Firmicutes,p_Firmicutes,c_Clostridia,o_Eubacteriales,f_Oscillospiraceae,g_Neglectibacter,g_Neglectibacter,s_Neglectibacter timonensis,1
vanWG,glycopeptide,k_Bacteria,p_Firmicutes,p_Firmicutes,c_Clostridia,o_Eubacteriales,f_Oscillospiraceae,g_Pseudoflavonifractor,g_Pseudoflavonifractor,s_Pseudoflavonifractor capillosus,1
vanWG,glycopeptide,k_Bacteria,p_Firmicutes,p_Firmicutes,c_Clostridia,o_Eubacteriales,f_Oscillospiraceae,g_Pseudoflavonifractor,g_Pseudoflavonifractor,s_Pseudoflavonifractor phocaeensis,1
vanWI,glycopeptide,k_Bacteria,p_Firmicutes,p_Firmicutes,c_Clostridia,o_Eubacteriales,f_unknown,g_Flintibacter,g_Flintibacter,s_Flintibacter sp. KGMB00164,1
vanWI,glycopeptide,k_Bacteria,p_Firmicutes,p_Firmicutes,c_Clostridia,o_Eubacteriales,f_unknown,g_Intestinimonas,g_Intestinimonas,s_Intestinimonas butyriciproducens,1
vanXB,glycopeptide,k_Bacteria,p_Firmicutes,p_Firmicutes,c_Bacilli,o_Lactobacillales,f_Enterococcaceae,g_Enterococcus,g_Enterococcus,s_Enterococcus faecium,1
vanXB,glycopeptide,k_Bacteria,p_Firmicutes,p_Firmicutes,c_Bacilli,o_Lactobacillales,f_Enterococcaceae,g_Enterococcus,g_Enterococcus,NA,1
vanXI,glycopeptide,k_Bacteria,p_Firmicutes,p_Firmicutes,c_Bacilli,o_Bacillales,f_Paenibacillaceae,NA,Other,NA,1
vanXYE,glycopeptide,k_Bacteria,p_Firmicutes,p_Firmicutes,c_Bacilli,o_Lactobacillales,f_Enterococcaceae,NA,Other,NA,1
vanXYG,glycopeptide,k_Bacteria,p_Firmicutes,p_Firmicutes,c_Clostridia,o_Eubacteriales,f_unknown,g_unknown,Other,s_Clostridiales bacterium,1
vanXYG,glycopeptide,k_Bacteria,p_Firmicutes,p_Firmicutes,c_Clostridia,o_Eubacteriales,f_Oscillospiraceae,g_Flavonifractor,g_Flavonifractor,s_Flavonifractor sp. AGMB03687,1
vanXYG,glycopeptide,k_Bacteria,p_Firmicutes,p_Firmicutes,c_Clostridia,o_Eubacteriales,f_unknown,g_Intestinimonas,g_Intestinimonas,s_Intestinimonas massiliensis,1
vanXYG,glycopeptide,k_Bacteria,p_Firmicutes,p_Firmicutes,c_Clostridia,o_Eubacteriales,f_Oscillospiraceae,g_Oscillibacter,g_Oscillibacter,s_Oscillibacter valericigenes,1
vanYA,glycopeptide,k_Bacteria,p_Firmicutes,p_Firmicutes,c_Erysipelotrichia,o_Erysipelotrichales,f_Erysipelotrichaceae,g_Amedibacterium,g_Amedibacterium,s_Amedibacterium intestinale,1
vanYA,glycopeptide,k_Bacteria,p_Firmicutes,p_Firmicutes,c_Clostridia,o_Eubacteriales,f_Clostridiaceae,g_Clostridium,g_Clostridium,s_Clostridium sp. CAG:762,1
vanYA,glycopeptide,k_Bacteria,p_Firmicutes,p_Firmicutes,c_Clostridia,o_Eubacteriales,f_unknown,g_Gemmiger,g_Gemmiger,s_Gemmiger sp. An194,1
vanYA,glycopeptide,k_Bacteria,p_Tenericutes,p_Tenericutes,c_Mollicutes,o_Mycoplasmatales,f_Mycoplasmataceae,g_Mycoplasma,g_Mycoplasma,s_Mycoplasma sp. CAG:956,1
vanYA,glycopeptide,k_Bacteria,p_Firmicutes,p_Firmicutes,c_Clostridia,o_Eubacteriales,f_Oscillospiraceae,g_Phocea,g_Phocea,s_Phocea massiliensis,1
vanYB,glycopeptide,k_Bacteria,p_Firmicutes,p_Firmicutes,c_Clostridia,o_Eubacteriales,f_Lachnospiraceae,g_Blautia,g_Blautia,s_Blautia sp. An81,1
vanYB,glycopeptide,k_Bacteria,p_Firmicutes,p_Firmicutes,c_Clostridia,o_Eubacteriales,f_Clostridiaceae,g_Clostridium,g_Clostridium,s_Clostridium sp. CAG:762,1
vanYB,glycopeptide,k_Bacteria,p_Firmicutes,p_Firmicutes,c_Clostridia,o_Eubacteriales,f_Oscillospiraceae,g_Flavonifractor,g_Flavonifractor,s_Flavonifractor sp. An92,1
vanYB,glycopeptide,k_Bacteria,p_Firmicutes,p_Firmicutes,c_Clostridia,o_Eubacteriales,f_unknown,g_Gemmiger,g_Gemmiger,s_Gemmiger formicilis,1
vanYB,glycopeptide,k_Bacteria,p_Firmicutes,p_Firmicutes,c_Clostridia,o_Eubacteriales,f_unknown,g_Intestinimonas,g_Intestinimonas,s_Intestinimonas massiliensis,1
vanYB,glycopeptide,k_Bacteria,p_Firmicutes,p_Firmicutes,c_Clostridia,o_Eubacteriales,f_unknown,g_Intestinimonas,g_Intestinimonas,s_Intestinimonas timonensis,1
vanYB,glycopeptide,k_Bacteria,p_Firmicutes,p_Firmicutes,c_Clostridia,o_Eubacteriales,f_Lachnospiraceae,g_unknown,Other,s_Lachnospiraceae bacterium,1
vanYB,glycopeptide,k_Bacteria,p_Firmicutes,p_Firmicutes,c_Clostridia,o_Eubacteriales,f_Oscillospiraceae,g_unknown,Other,s_Oscillospiraceae bacterium,1
vanYB,glycopeptide,k_Bacteria,p_Bacteroidetes,p_Bacteroidetes,c_Bacteroidia,o_Bacteroidales,f_Bacteroidaceae,g_Phocaeicola,g_Phocaeicola,s_Phocaeicola plebeius,1
vanYB,glycopeptide,k_unknown,p_Uroviricota,p_Uroviricota,c_Caudoviricetes,o_Caudovirales,f_Siphoviridae,g_unknown,Other,s_Siphoviridae sp.,1
vanYB,glycopeptide,k_Bacteria,p_Firmicutes,p_Firmicutes,c_Erysipelotrichia,o_Erysipelotrichales,f_Erysipelotrichaceae,g_Erysipelatoclostridium,g_Erysipelatoclostridium,s_[Clostridium] spiroforme,1
vanYF,glycopeptide,k_Bacteria,p_Firmicutes,p_Firmicutes,c_Clostridia,o_Eubacteriales,f_Oscillospiraceae,g_Anaeromassilibacillus,g_Anaeromassilibacillus,s_Anaeromassilibacillus sp. An172,1
vanYF,glycopeptide,k_Bacteria,p_Firmicutes,p_Firmicutes,c_Clostridia,o_Eubacteriales,f_Clostridiaceae,g_Clostridium,g_Clostridium,s_Clostridium sp. CAG:1013,1
vanYF,glycopeptide,k_Bacteria,p_Firmicutes,p_Firmicutes,c_Clostridia,o_Eubacteriales,f_Oscillospiraceae,g_Flavonifractor,g_Flavonifractor,s_Flavonifractor sp. An112,1
vanYF,glycopeptide,k_Bacteria,p_Firmicutes,p_Firmicutes,c_Clostridia,o_Eubacteriales,f_unknown,g_Flintibacter,g_Flintibacter,s_Flintibacter sp. KGMB00164,1
vanYF,glycopeptide,k_Bacteria,p_Firmicutes,p_Firmicutes,c_Clostridia,o_Eubacteriales,f_unknown,g_Gemmiger,g_Gemmiger,s_Gemmiger sp. An120,1
vanYF,glycopeptide,k_Bacteria,p_Firmicutes,p_Firmicutes,c_Clostridia,o_Eubacteriales,f_Lachnospiraceae,g_Lachnoclostridium,g_Lachnoclostridium,s_Lachnoclostridium sp. An169,1
vanYF,glycopeptide,k_Bacteria,p_Firmicutes,p_Firmicutes,c_Clostridia,o_Eubacteriales,f_Lachnospiraceae,g_Lachnoclostridium,g_Lachnoclostridium,s_Lachnoclostridium sp. An76,1
vanYF,glycopeptide,k_Bacteria,p_Firmicutes,p_Firmicutes,c_Clostridia,o_Eubacteriales,f_Oscillospiraceae,g_unknown,Other,s_Oscillospiraceae bacterium,1
vanYF,glycopeptide,k_Bacteria,p_Firmicutes,p_Firmicutes,c_Clostridia,o_Eubacteriales,f_Oscillospiraceae,g_Phocea,g_Phocea,s_Phocea massiliensis,1
vanYF,glycopeptide,k_Bacteria,p_Firmicutes,p_Firmicutes,c_Clostridia,o_Eubacteriales,f_Oscillospiraceae,g_Pseudoflavonifractor,g_Pseudoflavonifractor,s_Pseudoflavonifractor phocaeensis,1
vanYF,glycopeptide,k_Bacteria,p_Firmicutes,p_Firmicutes,c_Clostridia,o_Eubacteriales,f_Lachnospiraceae,g_Mediterraneibacter,g_Mediterraneibacter,s_[Ruminococcus] torques,1
vanYG,glycopeptide,k_Bacteria,p_Firmicutes,p_Firmicutes,c_Erysipelotrichia,o_Erysipelotrichales,f_Erysipelotrichaceae,g_Amedibacterium,g_Amedibacterium,s_Amedibacterium intestinale,1
vanYG,glycopeptide,k_Bacteria,p_Firmicutes,p_Firmicutes,c_Clostridia,o_Eubacteriales,f_Oscillospiraceae,g_Anaerofilum,g_Anaerofilum,s_Anaerofilum sp. An201,1
vanYG,glycopeptide,k_Bacteria,p_Firmicutes,p_Firmicutes,c_Clostridia,o_Eubacteriales,f_Clostridiaceae,g_Clostridium,g_Clostridium,s_Clostridium culturomicium,1
vanYG,glycopeptide,k_Bacteria,p_Firmicutes,p_Firmicutes,c_Clostridia,o_Eubacteriales,f_Clostridiaceae,g_Clostridium,g_Clostridium,s_Clostridium sp. CAG:762,1
vanYG,glycopeptide,k_Bacteria,p_Firmicutes,p_Firmicutes,c_Clostridia,o_Eubacteriales,f_Lachnospiraceae,g_Dorea,g_Dorea,s_Dorea formicigenerans,1
vanYG,glycopeptide,k_Bacteria,p_Firmicutes,p_Firmicutes,c_Clostridia,o_Eubacteriales,f_Oscillospiraceae,g_Drancourtella,g_Drancourtella,s_Drancourtella massiliensis,1
vanYG,glycopeptide,k_Bacteria,p_Firmicutes,p_Firmicutes,c_Clostridia,o_Eubacteriales,f_Eubacteriaceae,g_unknown,Other,s_Eubacteriaceae bacterium CHKCI004,1
vanYG,glycopeptide,k_Bacteria,p_Firmicutes,p_Firmicutes,c_Clostridia,o_Eubacteriales,f_Oscillospiraceae,g_Flavonifractor,g_Flavonifractor,s_Flavonifractor sp. An100,1
vanYG,glycopeptide,k_Bacteria,p_Firmicutes,p_Firmicutes,c_Clostridia,o_Eubacteriales,f_unknown,g_Flintibacter,g_Flintibacter,s_Flintibacter sp. KGMB00164,1
vanYG,glycopeptide,k_Bacteria,p_Firmicutes,p_Firmicutes,c_Bacilli,o_Bacillales,f_Staphylococcaceae,g_Jeotgalicoccus,g_Jeotgalicoccus,s_Jeotgalicoccus aerolatus,1
vanYG,glycopeptide,k_Bacteria,p_Firmicutes,p_Firmicutes,c_Clostridia,o_Eubacteriales,f_Lachnospiraceae,g_Lachnoclostridium,g_Lachnoclostridium,s_Lachnoclostridium sp. An14,1
vanYG,glycopeptide,k_unknown,p_Uroviricota,p_Uroviricota,c_Caudoviricetes,o_Caudovirales,f_Myoviridae,g_unknown,Other,s_Myoviridae sp.,1
vanYG,glycopeptide,k_Bacteria,p_Firmicutes,p_Firmicutes,c_Clostridia,o_Eubacteriales,f_Oscillospiraceae,g_unknown,Other,s_Oscillospiraceae bacterium,1
vanYG,glycopeptide,k_Bacteria,p_Firmicutes,p_Firmicutes,c_Clostridia,o_Eubacteriales,f_Oscillospiraceae,g_Phocea,g_Phocea,s_Phocea massiliensis,1
vanYG,glycopeptide,k_Bacteria,p_Firmicutes,p_Firmicutes,c_Clostridia,o_Eubacteriales,f_Oscillospiraceae,g_Pseudoflavonifractor,g_Pseudoflavonifractor,s_Pseudoflavonifractor sp. An187,1
vanYG,glycopeptide,k_Bacteria,p_Firmicutes,p_Firmicutes,c_Clostridia,o_Eubacteriales,f_Oscillospiraceae,g_unknown,Other,s_Ruminococcaceae bacterium D16,1
vanYG,glycopeptide,k_Bacteria,p_Firmicutes,p_Firmicutes,c_Clostridia,o_Eubacteriales,f_Oscillospiraceae,g_Ruthenibacterium,g_Ruthenibacterium,s_Ruthenibacterium lactatiformans,1
vanYG,glycopeptide,k_Bacteria,p_Firmicutes,p_Firmicutes,c_Clostridia,o_Eubacteriales,f_Oscillospiraceae,g_Flavonifractor,g_Flavonifractor,s_uncultured Flavonifractor sp.,1
vanYM,glycopeptide,k_Bacteria,p_Firmicutes,p_Firmicutes,c_Clostridia,o_Eubacteriales,f_unknown,g_Colidextribacter,g_Colidextribacter,s_Colidextribacter sp. OB.20,1
vanYM,glycopeptide,k_Bacteria,p_Firmicutes,p_Firmicutes,c_Clostridia,o_Eubacteriales,f_unknown,g_Gemmiger,g_Gemmiger,s_Gemmiger sp. An120,1
vanYM,glycopeptide,k_Bacteria,p_Firmicutes,p_Firmicutes,c_Clostridia,o_Eubacteriales,f_unknown,g_Gemmiger,g_Gemmiger,s_Gemmiger sp. An50,1
vanYM,glycopeptide,k_Bacteria,p_Firmicutes,p_Firmicutes,c_Clostridia,o_Eubacteriales,f_Oscillospiraceae,g_Oscillibacter,g_Oscillibacter,s_Oscillibacter sp. 1-3,1
vanYM,glycopeptide,k_Bacteria,p_Firmicutes,p_Firmicutes,c_Clostridia,o_Eubacteriales,f_Oscillospiraceae,g_Phocea,g_Phocea,s_Phocea massiliensis,1
vanYM,glycopeptide,k_Bacteria,p_Firmicutes,p_Firmicutes,c_Clostridia,o_Eubacteriales,f_Oscillospiraceae,g_Pseudoflavonifractor,g_Pseudoflavonifractor,s_Pseudoflavonifractor capillosus,1
vanYM,glycopeptide,k_Bacteria,p_Firmicutes,p_Firmicutes,c_Clostridia,o_Eubacteriales,f_Oscillospiraceae,g_Pseudoflavonifractor,g_Pseudoflavonifractor,s_Pseudoflavonifractor phocaeensis,1
vanYM,glycopeptide,k_Bacteria,p_Firmicutes,p_Firmicutes,c_Clostridia,o_Eubacteriales,f_Oscillospiraceae,g_Ruthenibacterium,g_Ruthenibacterium,s_Ruthenibacterium lactatiformans,1
vatE,multidrug,k_Bacteria,p_Firmicutes,p_Firmicutes,c_Bacilli,o_Lactobacillales,f_Enterococcaceae,g_Enterococcus,g_Enterococcus,s_Enterococcus faecium,1
vatE,multidrug,k_Bacteria,p_Firmicutes,p_Firmicutes,c_Bacilli,o_Lactobacillales,f_Lactobacillaceae,g_Limosilactobacillus,g_Limosilactobacillus,s_Limosilactobacillus reuteri,1
