MAG	p.adj	live_rate	Group
MAG8727	9.2e-07	0.922558923	MAGs from Phocaeicola
MAG19359	5.1e-06	0.865319865	MAGs from Phocaeicola
MAG23062	5.5e-06	0.821548822	MAGs from Phocaeicola
MAG4606	5.9e-06	0.888888889	MAGs from Phocaeicola
MAG23	6.8e-06	0.824915825	MAGs from Phocaeicola
MAG7661	6.9e-06	0.730639731	MAGs from Phocaeicola
MAG15091	8.6e-06	0.919191919	MAGs from Phocaeicola
MAG14398	9.9e-06	0.895622896	MAGs from Phocaeicola
MAG20354	1e-05	0.855218855	MAGs from Phocaeicola
MAG4455	1e-05	0.784511785	MAGs from Phocaeicola
MAG1676	1.2e-05	0.895622896	MAGs from Phocaeicola
MAG20371	1.2e-05	0.723905724	MAGs from Phocaeicola
MAG4751	1.2e-05	0.851851852	MAGs from Phocaeicola
MAG8709	1.3e-05	0.925925926	MAGs from Phocaeicola
MAG1371	1.4e-05	0.599326599	MAGs from Phocaeicola
MAG22939	1.4e-05	0.922558923	MAGs from other families
MAG18382	1.5e-05	0.2996633	MAGs from other families
MAG4282	1.5e-05	0.606060606	MAGs from Phocaeicola
MAG16831	1.6e-05	0.777777778	MAGs from Phocaeicola
MAG7408	1.7e-05	0.939393939	MAGs from Phocaeicola
MAG11234	1.8e-05	0.30976431	MAGs from other families
MAG18202	1.8e-05	0.838383838	MAGs from Phocaeicola
MAG20200	1.8e-05	0.801346801	MAGs from Phocaeicola
MAG2311	1.8e-05	0.919191919	MAGs from Phocaeicola
MAG7600	1.9e-05	0.774410774	MAGs from Phocaeicola
MAG21658	2e-05	0.720538721	MAGs from Phocaeicola
MAG22298	2e-05	0.922558923	MAGs from Phocaeicola
MAG584	2e-05	0.774410774	MAGs from Phocaeicola
MAG20345	2.1e-05	0.952861953	MAGs from Phocaeicola
MAG4375	2.2e-05	0.966329966	MAGs from Phocaeicola
MAG17064	2.3e-05	0.774410774	MAGs from Phocaeicola
MAG4562	2.3e-05	0.939393939	MAGs from Phocaeicola
MAG16763	2.4e-05	0.750841751	MAGs from Phocaeicola
MAG20245	2.4e-05	0.932659933	MAGs from Phocaeicola
MAG2234	2.5e-05	0.414141414	MAGs from Phocaeicola
MAG22073	2.7e-05	0.491582492	MAGs from Phocaeicola
MAG2272	2.7e-05	0.892255892	MAGs from Phocaeicola
MAG1421	2.8e-05	0.717171717	MAGs from Phocaeicola
MAG12430	3e-05	0.888888889	MAGs from Phocaeicola
MAG4484	3e-05	0.905723906	MAGs from Phocaeicola
MAG5982	3e-05	0.929292929	MAGs from Phocaeicola
MAG226	3.1e-05	0.878787879	MAGs from Phocaeicola
MAG516	3.2e-05	0.861952862	MAGs from Phocaeicola
MAG10395	3.4e-05	0.96969697	MAGs from Phocaeicola
MAG3590	3.7e-05	0.952861953	MAGs from Phocaeicola
MAG11237	3.9e-05	0.962962963	MAGs from Phocaeicola
MAG22946	3.9e-05	0.986531987	MAGs from Phocaeicola
MAG5836	4.2e-05	0.939393939	MAGs from Phocaeicola
MAG12193	4.4e-05	0.750841751	MAGs from other families
MAG1768	4.5e-05	0.838383838	MAGs from Phocaeicola
MAG18298	4.5e-05	0.612794613	MAGs from Phocaeicola
MAG3388	4.5e-05	0.757575758	MAGs from Phocaeicola
MAG18076	4.6e-05	0.717171717	MAGs from Phocaeicola
MAG978	4.7e-05	0.791245791	MAGs from Phocaeicola
MAG20149	4.9e-05	0.973063973	MAGs from Phocaeicola
MAG4976	5e-05	0.95959596	MAGs from Phocaeicola
MAG4216	5.1e-05	0.686868687	MAGs from Phocaeicola
MAG19354	5.4e-05	0.791245791	MAGs from Phocaeicola
MAG22453	5.4e-05	0.96969697	MAGs from Phocaeicola
MAG1965	5.6e-05	0.858585859	MAGs from Phocaeicola
MAG9118	5.7e-05	0.915824916	MAGs from Phocaeicola
MAG5663	5.8e-05	0.946127946	MAGs from Phocaeicola
MAG2701	5.9e-05	0.973063973	MAGs from Phocaeicola
MAG13598	6e-05	0.478114478	MAGs from other families
MAG3153	6e-05	0.707070707	MAGs from Phocaeicola
MAG314	6.1e-05	0.64983165	MAGs from Phocaeicola
MAG5213	6.4e-05	0.929292929	MAGs from Phocaeicola
MAG21500	6.8e-05	0.909090909	MAGs from Phocaeicola
MAG22992	6.8e-05	0.966329966	MAGs from Phocaeicola
MAG666	6.8e-05	0.895622896	MAGs from Phocaeicola
MAG8988	6.9e-05	0.228956229	MAGs from other families
MAG20996	7.1e-05	0.781144781	MAGs from Phocaeicola
MAG22166	7.1e-05	0.804713805	MAGs from Phocaeicola
MAG23021	7.1e-05	0.434343434	MAGs from other families
MAG3019	7.1e-05	0.949494949	MAGs from Phocaeicola
MAG7181	7.6e-05	0.919191919	MAGs from Phocaeicola
MAG11658	7.7e-05	0.97979798	MAGs from Phocaeicola
MAG20509	7.7e-05	0.888888889	MAGs from Phocaeicola
MAG20279	7.9e-05	0.457912458	MAGs from other families
MAG7412	7.9e-05	0.383838384	MAGs from other families
MAG14955	8e-05	0.562289562	MAGs from other genus in Bacteroidaceae
MAG18101	8e-05	0.400673401	MAGs from other genus in Bacteroidaceae
MAG2988	8.1e-05	0.572390572	MAGs from other genus in Bacteroidaceae
MAG19863	8.2e-05	0.569023569	MAGs from other families
MAG22711	8.3e-05	0.865319865	MAGs from other families
MAG10965	8.7e-05	0.673400673	MAGs from other families
MAG19437	8.7e-05	0.96969697	MAGs from Phocaeicola
MAG2989	9e-05	0.589225589	MAGs from Phocaeicola
MAG15519	9.1e-05	0.946127946	MAGs from Phocaeicola
MAG20769	9.1e-05	0.909090909	MAGs from Phocaeicola
MAG9778	9.5e-05	0.771043771	MAGs from other families
MAG17526	9.6e-05	0.936026936	MAGs from Phocaeicola
MAG16481	9.7e-05	0.777777778	MAGs from other families
MAG20544	9.7e-05	0.929292929	MAGs from Phocaeicola
MAG15012	9.9e-05	0.966329966	MAGs from Phocaeicola
MAG15297	0.00011	0.424242424	MAGs from other families
MAG22560	0.00011	0.912457912	MAGs from Phocaeicola
MAG3827	0.00011	0.387205387	MAGs from other genus in Bacteroidaceae
MAG4244	0.00011	0.95959596	MAGs from Phocaeicola
MAG8627	0.00011	0.407407407	MAGs from other families
MAG11512	0.00012	0.878787879	MAGs from Phocaeicola
MAG11910	0.00012	0.902356902	MAGs from Phocaeicola
MAG2774	0.00012	0.69023569	MAGs from Phocaeicola
MAG1616	0.00013	0.976430976	MAGs from Phocaeicola
MAG1660	0.00013	0.774410774	MAGs from Phocaeicola
MAG20115	0.00013	0.912457912	MAGs from Phocaeicola
MAG21323	0.00013	0.730639731	MAGs from other families
MAG249	0.00013	0.872053872	MAGs from Phocaeicola
MAG6752	0.00013	0.32996633	MAGs from Phocaeicola
MAG7538	0.00013	0.936026936	MAGs from Phocaeicola
MAG13385	0.00014	0.744107744	MAGs from other families
MAG20482	0.00014	0.734006734	MAGs from other families
MAG7383	0.00014	0.983164983	MAGs from Phocaeicola
MAG15382	0.00015	0.909090909	MAGs from other genus in Bacteroidaceae
MAG17632	0.00015	0.831649832	MAGs from other genus in Bacteroidaceae
MAG19228	0.00015	0.946127946	MAGs from Phocaeicola
MAG22097	0.00015	0.898989899	MAGs from other families
MAG23229	0.00015	0.878787879	MAGs from Phocaeicola
MAG3049	0.00015	0.993265993	MAGs from Phocaeicola
MAG4491	0.00015	0.962962963	MAGs from Phocaeicola
MAG4561	0.00015	0.868686869	MAGs from other genus in Bacteroidaceae
MAG16537	0.00016	0.558922559	MAGs from other families
MAG22491	0.00016	0.814814815	MAGs from other families
MAG8160	0.00016	0.936026936	MAGs from Phocaeicola
MAG20204	0.00017	0.996632997	MAGs from Phocaeicola
MAG20658	0.00017	0.932659933	MAGs from Phocaeicola
MAG4350	0.00017	0.808080808	MAGs from Phocaeicola
MAG6411	0.00017	0.892255892	MAGs from Phocaeicola
MAG2125	0.00018	0.875420875	MAGs from other families
MAG2890	0.00018	0.892255892	MAGs from Phocaeicola
MAG7331	0.00018	0.784511785	MAGs from Phocaeicola
MAG10585	0.00019	0.942760943	MAGs from Phocaeicola
MAG12151	0.00019	0.579124579	MAGs from other families
MAG17213	0.00019	0.888888889	MAGs from Phocaeicola
MAG22494	0.00019	0.993265993	MAGs from Phocaeicola
MAG4170	0.00019	0.861952862	MAGs from Phocaeicola
MAG157	2e-04	0.865319865	MAGs from Phocaeicola
MAG20937	2e-04	0.720538721	MAGs from Phocaeicola
MAG8526	2e-04	0.922558923	MAGs from Phocaeicola
MAG3321	0.00021	0.69023569	MAGs from other families
MAG4352	0.00021	0.32996633	MAGs from other families
MAG4605	0.00021	0.744107744	MAGs from Phocaeicola
MAG5316	0.00021	0.996632997	MAGs from Phocaeicola
MAG13814	0.00022	0.949494949	MAGs from Phocaeicola
MAG16920	0.00022	0.922558923	MAGs from Phocaeicola
MAG3877	0.00022	0.471380471	MAGs from Phocaeicola
MAG10937	0.00023	0.777777778	MAGs from other families
MAG18154	0.00023	0.69023569	MAGs from other families
MAG22808	0.00023	0.636363636	MAGs from other families
MAG2293	0.00023	0.828282828	MAGs from Phocaeicola
MAG6587	0.00023	0.71043771	MAGs from other families
MAG8984	0.00023	0.62962963	MAGs from other families
MAG9553	0.00023	0.939393939	MAGs from Phocaeicola
MAG3213	0.00024	0.952861953	MAGs from Phocaeicola
MAG6827	0.00024	0.882154882	MAGs from other families
MAG19782	0.00025	0.942760943	MAGs from Phocaeicola
MAG21540	0.00025	0.811447811	MAGs from Phocaeicola
MAG1079	0.00026	0.643097643	MAGs from Phocaeicola
MAG15314	0.00026	0.760942761	MAGs from other genus in Bacteroidaceae
MAG22952	0.00026	0.993265993	MAGs from Phocaeicola
MAG7734	0.00026	0.646464646	MAGs from other families
MAG11675	0.00027	0.912457912	MAGs from Phocaeicola
MAG16084	0.00027	0.939393939	MAGs from Phocaeicola
MAG16404	0.00027	0.205387205	MAGs from other families
MAG14299	0.00028	0.518518519	MAGs from other families
MAG18080	0.00028	0.616161616	MAGs from other families
MAG3603	0.00028	0.767676768	MAGs from Phocaeicola
MAG7385	0.00028	0.986531987	MAGs from Phocaeicola
MAG13538	0.00029	0.750841751	MAGs from Phocaeicola
MAG1637	0.00029	0.531986532	MAGs from other families
MAG1923	0.00029	0.269360269	MAGs from other families
MAG2690	0.00029	0.929292929	MAGs from other genus in Bacteroidaceae
MAG347	0.00029	0.750841751	MAGs from Phocaeicola
MAG5462	0.00029	0.996632997	MAGs from Phocaeicola
MAG9395	0.00029	0.868686869	MAGs from other families
MAG12589	3e-04	0.491582492	MAGs from other families
MAG5967	3e-04	0.902356902	MAGs from Phocaeicola
MAG15524	0.00031	0.912457912	MAGs from Phocaeicola
MAG8324	0.00032	0.905723906	MAGs from Phocaeicola
MAG22997	0.00033	0.410774411	MAGs from other families
MAG17402	0.00034	0.845117845	MAGs from other families
MAG19892	0.00034	0.956228956	MAGs from Phocaeicola
MAG21120	0.00034	0.794612795	MAGs from other genus in Bacteroidaceae
MAG4312	0.00034	0.898989899	MAGs from Phocaeicola
MAG6214	0.00034	0.451178451	MAGs from Phocaeicola
MAG12416	0.00035	0.939393939	MAGs from other families
MAG20661	0.00035	0.572390572	MAGs from other genus in Bacteroidaceae
MAG1495	0.00036	0.898989899	MAGs from Phocaeicola
MAG20351	0.00036	0.983164983	MAGs from Phocaeicola
MAG3117	0.00036	0.535353535	MAGs from Phocaeicola
MAG22358	0.00037	0.956228956	MAGs from Phocaeicola
MAG5519	0.00037	0.212121212	MAGs from other families
MAG6489	0.00037	0.976430976	MAGs from Phocaeicola
MAG13102	0.00038	0.966329966	MAGs from Phocaeicola
MAG16325	0.00038	0.902356902	MAGs from Phocaeicola
MAG16852	0.00038	0.949494949	MAGs from Phocaeicola
MAG22377	0.00038	0.589225589	MAGs from Phocaeicola
MAG22464	0.00038	0.61952862	MAGs from other families
MAG368	0.00039	0.973063973	MAGs from Phocaeicola
MAG9916	0.00039	0.96969697	MAGs from Phocaeicola
MAG11835	4e-04	0.818181818	MAGs from other families
MAG21535	4e-04	0.69023569	MAGs from other families
MAG3994	4e-04	0.774410774	MAGs from other families
MAG4285	4e-04	0.781144781	MAGs from other families
MAG11065	0.00041	0.407407407	MAGs from other families
MAG1120	0.00041	0.67003367	MAGs from Phocaeicola
MAG22683	0.00041	0.794612795	MAGs from other families
MAG9707	0.00041	0.562289562	MAGs from other families
MAG3067	0.00042	0.98989899	MAGs from Phocaeicola
MAG13361	0.00043	0.535353535	MAGs from other genus in Bacteroidaceae
MAG21058	0.00043	0.383838384	MAGs from other genus in Bacteroidaceae
MAG5711	0.00043	0.841750842	MAGs from other families
MAG805	0.00043	0.437710438	MAGs from other families
MAG812	0.00043	0.585858586	MAGs from Phocaeicola
MAG11950	0.00044	0.582491582	MAGs from other genus in Bacteroidaceae
MAG5644	0.00044	0.727272727	MAGs from other families
MAG7395	0.00044	0.898989899	MAGs from Phocaeicola
MAG5698	0.00045	0.986531987	MAGs from Phocaeicola
MAG21437	0.00047	0.774410774	MAGs from other genus in Bacteroidaceae
MAG2220	0.00047	0.696969697	MAGs from other families
MAG2846	0.00047	0.925925926	MAGs from Phocaeicola
MAG4586	0.00048	0.673400673	MAGs from Phocaeicola
MAG22384	0.00049	0.986531987	MAGs from other families
MAG4084	0.00049	0.720538721	MAGs from other families
MAG683	5e-04	0.616161616	MAGs from other families
MAG7476	5e-04	0.451178451	MAGs from other families
MAG14642	0.00051	0.525252525	MAGs from other families
MAG3338	0.00051	0.646464646	MAGs from other families
MAG12143	0.00052	0.397306397	MAGs from other families
MAG22031	0.00052	0.636363636	MAGs from other families
MAG21000	0.00053	0.754208754	MAGs from other families
MAG592	0.00053	0.71043771	MAGs from other families
MAG781	0.00053	0.986531987	MAGs from Phocaeicola
MAG8361	0.00053	0.973063973	MAGs from Phocaeicola
MAG716	0.00054	0.912457912	MAGs from Phocaeicola
MAG8745	0.00054	0.515151515	MAGs from other families
MAG15774	0.00055	0.666666667	MAGs from other genus in Bacteroidaceae
MAG17189	0.00055	0.946127946	MAGs from Phocaeicola
MAG480	0.00056	0.228956229	MAGs from other families
MAG13432	0.00057	0.942760943	MAGs from Phocaeicola
MAG5373	0.00057	0.582491582	MAGs from other families
MAG7360	0.00057	0.646464646	MAGs from other families
MAG7498	0.00057	0.784511785	MAGs from Phocaeicola
MAG13106	0.00058	0.632996633	MAGs from other genus in Bacteroidaceae
MAG14349	0.00058	0.63973064	MAGs from Phocaeicola
MAG341	0.00058	0.868686869	MAGs from other genus in Bacteroidaceae
MAG21018	0.00059	0.885521886	MAGs from Phocaeicola
MAG2718	0.00059	0.336700337	MAGs from Phocaeicola
MAG4047	0.00059	0.521885522	MAGs from other families
MAG15238	6e-04	0.353535354	MAGs from other families
MAG16562	6e-04	0.956228956	MAGs from Phocaeicola
MAG5648	6e-04	0.272727273	MAGs from other families
MAG13043	0.00062	0.34006734	MAGs from other families
MAG4450	0.00062	0.952861953	MAGs from other families
MAG9931	0.00062	0.612794613	MAGs from other families
MAG11524	0.00063	0.632996633	MAGs from other families
MAG18725	0.00063	0.508417508	MAGs from other families
MAG388	0.00063	0.727272727	MAGs from Phocaeicola
MAG5498	0.00063	0.808080808	MAGs from Phocaeicola
MAG13820	0.00064	0.976430976	MAGs from Phocaeicola
MAG19258	0.00064	0.962962963	MAGs from Phocaeicola
MAG20323	0.00064	0.730639731	MAGs from other families
MAG11310	0.00065	0.888888889	MAGs from Phocaeicola
MAG7518	0.00066	0.518518519	MAGs from other families
MAG1154	0.00067	0.535353535	MAGs from Phocaeicola
MAG7436	0.00067	0.952861953	MAGs from Phocaeicola
MAG14009	0.00068	0.851851852	MAGs from other families
MAG15378	0.00068	0.478114478	MAGs from other families
MAG10322	0.00069	0.346801347	MAGs from other families
MAG22775	0.00069	0.552188552	MAGs from Phocaeicola
MAG4715	0.00069	0.865319865	MAGs from other families
MAG460	7e-04	0.808080808	MAGs from other families
MAG4777	7e-04	0.996632997	MAGs from Phocaeicola
MAG16064	0.00071	0.966329966	MAGs from Phocaeicola
MAG238	0.00072	0.515151515	MAGs from other families
MAG11060	0.00073	0.915824916	MAGs from Phocaeicola
MAG13196	0.00073	0.323232323	MAGs from other families
MAG19262	0.00073	0.430976431	MAGs from other families
MAG19805	0.00073	0.993265993	MAGs from Phocaeicola
MAG4616	0.00073	0.888888889	MAGs from Phocaeicola
MAG7531	0.00073	0.915824916	MAGs from Phocaeicola
MAG16778	0.00074	0.7003367	MAGs from other families
MAG19960	0.00074	1	MAGs from Phocaeicola
MAG19001	0.00075	0.535353535	MAGs from other families
MAG998	0.00075	0.97979798	MAGs from other families
MAG19869	0.00076	0.474747475	MAGs from other families
MAG16424	0.00078	0.585858586	MAGs from other families
MAG2760	8e-04	0.855218855	MAGs from other genus in Bacteroidaceae
MAG8967	8e-04	0.353535354	MAGs from other families
MAG16976	0.00081	0.535353535	MAGs from other families
MAG10836	0.00082	0.777777778	MAGs from other families
MAG18532	0.00082	0.259259259	MAGs from other families
MAG21019	0.00082	0.373737374	MAGs from other genus in Bacteroidaceae
MAG3828	0.00082	0.797979798	MAGs from Phocaeicola
MAG19413	0.00083	0.973063973	MAGs from Phocaeicola
MAG3981	0.00083	0.932659933	MAGs from other families
MAG16030	0.00084	0.872053872	MAGs from other genus in Bacteroidaceae
MAG303	0.00084	0.794612795	MAGs from other families
MAG3334	0.00084	0.909090909	MAGs from Phocaeicola
MAG12147	0.00085	0.898989899	MAGs from Phocaeicola
MAG12588	0.00085	0.851851852	MAGs from Phocaeicola
MAG22941	0.00085	0.996632997	MAGs from other families
MAG19141	0.00086	0.606060606	MAGs from other families
MAG7355	0.00086	0.7003367	MAGs from other families
MAG11882	0.00088	0.589225589	MAGs from other families
MAG15840	0.00088	0.727272727	MAGs from other families
MAG16992	0.00088	0.32996633	MAGs from other families
MAG15055	0.00089	0.841750842	MAGs from Phocaeicola
MAG8479	0.00089	0.929292929	MAGs from Phocaeicola
MAG19010	0.00092	0.478114478	MAGs from other genus in Bacteroidaceae
MAG19278	0.00092	0.484848485	MAGs from other families
MAG5337	0.00093	0.976430976	MAGs from Phocaeicola
MAG6843	0.00093	0.569023569	MAGs from other families
MAG7386	0.00093	0.858585859	MAGs from other families
MAG22062	0.00095	0.61952862	MAGs from other genus in Bacteroidaceae
MAG3962	0.00096	0.919191919	MAGs from Phocaeicola
MAG1632	0.00098	0.474747475	MAGs from Phocaeicola
MAG9334	0.00098	0.69023569	MAGs from other families
MAG996	0.00099	0.282828283	MAGs from other families
MAG19033	0.001	0.562289562	MAGs from other families
MAG19239	0.001	0.855218855	MAGs from other families
MAG22292	0.001	0.454545455	MAGs from Phocaeicola
MAG5488	0.001	0.818181818	MAGs from other families
MAG8681	0.001	0.63973064	MAGs from other families
MAG9135	0.001	0.949494949	MAGs from Phocaeicola
MAG11002	0.0011	0.612794613	MAGs from other families
MAG14292	0.0011	0.346801347	MAGs from other families
MAG15539	0.0011	0.95959596	MAGs from other families
MAG16781	0.0011	0.202020202	MAGs from other families
MAG2172	0.0011	0.28956229	MAGs from other families
MAG415	0.0011	0.616161616	MAGs from other genus in Bacteroidaceae
MAG4357	0.0011	0.919191919	MAGs from other genus in Bacteroidaceae
MAG6088	0.0011	0.747474747	MAGs from other families
MAG13048	0.0012	0.767676768	MAGs from other families
MAG13178	0.0012	0.531986532	MAGs from other families
MAG1508	0.0012	0.383838384	MAGs from Phocaeicola
MAG16703	0.0012	0.942760943	MAGs from Phocaeicola
MAG21590	0.0012	0.804713805	MAGs from other families
MAG2684	0.0012	0.387205387	MAGs from other families
MAG3571	0.0012	0.905723906	MAGs from other genus in Bacteroidaceae
MAG4830	0.0012	0.962962963	MAGs from Phocaeicola
MAG5467	0.0012	0.878787879	MAGs from other families
MAG8414	0.0012	0.646464646	MAGs from other families
MAG8981	0.0012	0.892255892	MAGs from Phocaeicola
MAG10969	0.0013	0.875420875	MAGs from Phocaeicola
MAG14300	0.0013	0.888888889	MAGs from other genus in Bacteroidaceae
MAG20488	0.0013	0.437710438	MAGs from other families
MAG20517	0.0013	0.225589226	MAGs from Phocaeicola
MAG22984	0.0013	0.390572391	MAGs from other families
MAG3029	0.0013	0.996632997	MAGs from Phocaeicola
MAG3350	0.0013	0.96969697	MAGs from Phocaeicola
MAG402	0.0013	0.383838384	MAGs from other genus in Bacteroidaceae
MAG11363	0.0014	0.855218855	MAGs from Phocaeicola
MAG14216	0.0014	0.245791246	MAGs from other families
MAG15009	0.0014	0.835016835	MAGs from other families
MAG166	0.0014	0.414141414	MAGs from other families
MAG16708	0.0014	0.377104377	MAGs from other families
MAG17916	0.0014	0.565656566	MAGs from other families
MAG2324	0.0014	0.569023569	MAGs from other families
MAG4373	0.0014	0.764309764	MAGs from other families
MAG5180	0.0014	0.848484848	MAGs from other families
MAG8994	0.0014	0.942760943	MAGs from Phocaeicola
MAG11016	0.0015	0.612794613	MAGs from Phocaeicola
MAG13922	0.0015	0.740740741	MAGs from other families
MAG14023	0.0015	0.771043771	MAGs from Phocaeicola
MAG16805	0.0015	0.740740741	MAGs from other families
MAG20579	0.0015	0.878787879	MAGs from other families
MAG22933	0.0015	0.542087542	MAGs from other families
MAG2735	0.0015	0.616161616	MAGs from other families
MAG5716	0.0015	0.343434343	MAGs from other families
MAG7375	0.0015	0.68013468	MAGs from other families
MAG15077	0.0016	0.447811448	MAGs from other families
MAG17883	0.0016	0.713804714	MAGs from other families
MAG21321	0.0016	0.713804714	MAGs from other families
MAG2273	0.0016	0.420875421	MAGs from other families
MAG22934	0.0016	0.821548822	MAGs from other families
MAG22954	0.0016	0.851851852	MAGs from Phocaeicola
MAG2600	0.0016	0.98989899	MAGs from other families
MAG2978	0.0016	0.572390572	MAGs from other families
MAG4631	0.0016	0.713804714	MAGs from other genus in Bacteroidaceae
MAG7243	0.0016	0.885521886	MAGs from other families
MAG11659	0.0017	0.818181818	MAGs from other families
MAG12043	0.0017	0.333333333	MAGs from other families
MAG12720	0.0017	0.383838384	MAGs from other families
MAG13500	0.0017	0.811447811	MAGs from other families
MAG14015	0.0017	0.723905724	MAGs from other families
MAG15250	0.0017	0.521885522	MAGs from other families
MAG17880	0.0017	0.676767677	MAGs from other families
MAG1829	0.0017	0.572390572	MAGs from Phocaeicola
MAG19819	0.0017	0.643097643	MAGs from Phocaeicola
MAG22748	0.0017	0.97979798	MAGs from Phocaeicola
MAG22950	0.0017	0.976430976	MAGs from other families
MAG3849	0.0017	0.65993266	MAGs from other genus in Bacteroidaceae
MAG4328	0.0017	0.68013468	MAGs from other families
MAG4720	0.0017	0.912457912	MAGs from Phocaeicola
MAG4795	0.0017	0.781144781	MAGs from other families
MAG539	0.0017	0.858585859	MAGs from Phocaeicola
MAG10798	0.0018	0.30976431	MAGs from other families
MAG14047	0.0018	0.427609428	MAGs from other families
MAG154	0.0018	0.848484848	MAGs from other families
MAG16040	0.0018	0.525252525	MAGs from other families
MAG17229	0.0018	0.239057239	MAGs from other families
MAG17738	0.0018	0.821548822	MAGs from other families
MAG20137	0.0018	0.858585859	MAGs from other families
MAG2466	0.0018	0.912457912	MAGs from other families
MAG2742	0.0018	0.407407407	MAGs from other families
MAG3048	0.0018	0.882154882	MAGs from other families
MAG3211	0.0018	0.582491582	MAGs from other families
MAG371	0.0018	0.484848485	MAGs from other genus in Bacteroidaceae
MAG5028	0.0018	0.461279461	MAGs from other families
MAG6249	0.0018	0.265993266	MAGs from Phocaeicola
MAG8527	0.0018	0.730639731	MAGs from other families
MAG13475	0.0019	0.882154882	MAGs from Phocaeicola
MAG13895	0.0019	0.565656566	MAGs from other families
MAG155	0.0019	0.909090909	MAGs from Phocaeicola
MAG15974	0.0019	0.451178451	MAGs from other families
MAG1750	0.0019	0.501683502	MAGs from other families
MAG18581	0.0019	0.589225589	MAGs from other families
MAG19305	0.0019	0.67003367	MAGs from other families
MAG20080	0.0019	0.875420875	MAGs from Phocaeicola
MAG20447	0.0019	0.993265993	MAGs from Phocaeicola
MAG3386	0.0019	0.427609428	MAGs from other families
MAG8188	0.0019	0.367003367	MAGs from other families
MAG10099	0.002	0.569023569	MAGs from Phocaeicola
MAG13415	0.002	0.62962963	MAGs from other families
MAG14457	0.002	0.255892256	MAGs from other families
MAG16321	0.002	0.875420875	MAGs from other genus in Bacteroidaceae
MAG16388	0.002	0.336700337	MAGs from other families
MAG1808	0.002	0.723905724	MAGs from Phocaeicola
MAG18999	0.002	0.589225589	MAGs from Phocaeicola
MAG3447	0.002	0.612794613	MAGs from other families
MAG4035	0.002	0.643097643	MAGs from other families
MAG5356	0.002	0.609427609	MAGs from other families
MAG5500	0.002	0.525252525	MAGs from other families
MAG5676	0.002	0.717171717	MAGs from other families
MAG8737	0.002	0.717171717	MAGs from Phocaeicola
MAG1563	0.0021	0.69023569	MAGs from other families
MAG16284	0.0021	0.868686869	MAGs from other families
MAG3263	0.0021	0.946127946	MAGs from other families
MAG13981	0.0022	0.323232323	MAGs from other families
MAG1672	0.0022	0.434343434	MAGs from Phocaeicola
MAG16816	0.0022	0.407407407	MAGs from other families
MAG17888	0.0022	0.713804714	MAGs from other families
MAG20373	0.0022	0.518518519	MAGs from other families
MAG21433	0.0022	0.585858586	MAGs from Phocaeicola
MAG4570	0.0022	0.713804714	MAGs from other families
MAG9579	0.0022	0.488215488	MAGs from other families
MAG13010	0.0023	0.986531987	MAGs from other genus in Bacteroidaceae
MAG15540	0.0023	0.242424242	MAGs from other families
MAG19324	0.0023	0.471380471	MAGs from Phocaeicola
MAG21446	0.0023	0.397306397	MAGs from other genus in Bacteroidaceae
MAG4454	0.0023	0.771043771	MAGs from other families
MAG5959	0.0023	0.400673401	MAGs from other families
MAG9504	0.0023	0.703703704	MAGs from other families
MAG1055	0.0024	0.616161616	MAGs from Phocaeicola
MAG11262	0.0024	0.912457912	MAGs from Phocaeicola
MAG13739	0.0024	0.471380471	MAGs from other families
MAG13818	0.0024	0.797979798	MAGs from other genus in Bacteroidaceae
MAG14224	0.0024	0.356902357	MAGs from other families
MAG17819	0.0024	0.38047138	MAGs from other families
MAG17871	0.0024	0.686868687	MAGs from other families
MAG18236	0.0024	0.771043771	MAGs from other families
MAG18892	0.0024	0.956228956	MAGs from other families
MAG19283	0.0024	0.471380471	MAGs from other genus in Bacteroidaceae
MAG20156	0.0024	0.595959596	MAGs from other families
MAG4301	0.0024	0.939393939	MAGs from other families
MAG12266	0.0025	0.562289562	MAGs from other families
MAG16466	0.0025	0.393939394	MAGs from other families
MAG2833	0.0025	0.491582492	MAGs from other families
MAG4254	0.0025	0.228956229	MAGs from other families
MAG5313	0.0025	0.508417508	MAGs from other families
MAG8207	0.0025	0.488215488	MAGs from other families
MAG13241	0.0026	0.397306397	MAGs from other families
MAG17072	0.0026	0.875420875	MAGs from other families
MAG1832	0.0026	0.936026936	MAGs from other families
MAG2703	0.0026	0.919191919	MAGs from other families
MAG3465	0.0026	0.848484848	MAGs from Phocaeicola
MAG3490	0.0026	0.535353535	MAGs from other families
MAG9327	0.0026	0.202020202	MAGs from other families
MAG1134	0.0027	0.437710438	MAGs from other families
MAG15709	0.0027	0.861952862	MAGs from other genus in Bacteroidaceae
MAG16988	0.0027	0.468013468	MAGs from other families
MAG19430	0.0027	0.744107744	MAGs from other families
MAG3275	0.0027	0.888888889	MAGs from other genus in Bacteroidaceae
MAG495	0.0027	0.521885522	MAGs from other families
MAG588	0.0027	0.441077441	MAGs from Phocaeicola
MAG932	0.0027	0.208754209	MAGs from other families
MAG11601	0.0028	0.38047138	MAGs from other families
MAG13236	0.0028	0.757575758	MAGs from other families
MAG14394	0.0028	0.727272727	MAGs from other families
MAG15836	0.0028	0.740740741	MAGs from other families
MAG20368	0.0028	0.259259259	MAGs from other families
MAG22971	0.0028	0.491582492	MAGs from other families
MAG2476	0.0028	0.36026936	MAGs from other families
MAG6810	0.0028	0.905723906	MAGs from other families
MAG8993	0.0028	0.946127946	MAGs from Phocaeicola
MAG16033	0.0029	0.602693603	MAGs from other families
MAG20100	0.0029	0.222222222	MAGs from other families
MAG2547	0.0029	0.239057239	MAGs from other families
MAG7388	0.0029	0.407407407	MAGs from other families
MAG18472	0.003	0.636363636	MAGs from Phocaeicola
MAG22883	0.003	0.996632997	MAGs from other families
MAG9437	0.003	0.569023569	MAGs from other families
MAG14052	0.0031	0.784511785	MAGs from other families
MAG5221	0.0031	0.666666667	MAGs from other families
MAG11507	0.0032	0.764309764	MAGs from other families
MAG16063	0.0032	0.383838384	MAGs from other families
MAG20943	0.0032	0.316498316	MAGs from other families
MAG21077	0.0032	0.28956229	MAGs from other families
MAG2419	0.0032	0.882154882	MAGs from Phocaeicola
MAG2739	0.0032	0.946127946	MAGs from other families
MAG3475	0.0032	0.501683502	MAGs from other families
MAG6220	0.0032	0.62962963	MAGs from other families
MAG6510	0.0032	0.286195286	MAGs from other families
MAG10843	0.0033	0.855218855	MAGs from other families
MAG20903	0.0033	0.397306397	MAGs from other families
MAG2494	0.0033	0.993265993	MAGs from other families
MAG4945	0.0033	0.501683502	MAGs from other families
MAG5414	0.0033	0.882154882	MAGs from other families
MAG7811	0.0033	0.946127946	MAGs from Phocaeicola
MAG11227	0.0034	0.973063973	MAGs from Phocaeicola
MAG11813	0.0034	0.28956229	MAGs from other families
MAG12451	0.0034	0.393939394	MAGs from other families
MAG15366	0.0034	0.835016835	MAGs from other families
MAG17849	0.0034	0.663299663	MAGs from other families
MAG8253	0.0034	0.451178451	MAGs from other families
MAG8366	0.0034	0.306397306	MAGs from Phocaeicola
MAG11849	0.0035	0.898989899	MAGs from Phocaeicola
MAG12299	0.0035	0.845117845	MAGs from other families
MAG12732	0.0035	0.393939394	MAGs from other families
MAG14	0.0035	0.585858586	MAGs from other families
MAG15417	0.0035	0.939393939	MAGs from Phocaeicola
MAG15711	0.0035	0.865319865	MAGs from Phocaeicola
MAG16066	0.0035	0.845117845	MAGs from other families
MAG17326	0.0035	0.848484848	MAGs from Phocaeicola
MAG18138	0.0035	0.373737374	MAGs from other genus in Bacteroidaceae
MAG21068	0.0035	0.515151515	MAGs from other families
MAG15120	0.0036	0.346801347	MAGs from other families
MAG16185	0.0036	0.919191919	MAGs from Phocaeicola
MAG17257	0.0036	0.831649832	MAGs from Phocaeicola
MAG21010	0.0036	0.68013468	MAGs from Phocaeicola
MAG2800	0.0036	0.925925926	MAGs from other families
MAG4677	0.0036	0.993265993	MAGs from Phocaeicola
MAG11399	0.0037	0.471380471	MAGs from other families
MAG13352	0.0037	0.804713805	MAGs from Phocaeicola
MAG15977	0.0037	0.62962963	MAGs from other families
MAG19890	0.0037	0.922558923	MAGs from other genus in Bacteroidaceae
MAG832	0.0037	0.417508418	MAGs from other families
MAG15814	0.0038	0.569023569	MAGs from other families
MAG17030	0.0038	0.7003367	MAGs from other families
MAG18243	0.0038	0.471380471	MAGs from other families
MAG3642	0.0038	0.306397306	MAGs from other families
MAG4260	0.0038	0.313131313	MAGs from other families
MAG5376	0.0038	0.286195286	MAGs from Phocaeicola
MAG908	0.0038	0.521885522	MAGs from other genus in Bacteroidaceae
MAG10492	0.0039	0.215488215	MAGs from other families
MAG14335	0.0039	0.592592593	MAGs from other families
MAG16173	0.0039	0.898989899	MAGs from Phocaeicola
MAG1888	0.0039	0.235690236	MAGs from other families
MAG2445	0.0039	0.831649832	MAGs from other families
MAG7846	0.0039	0.872053872	MAGs from Phocaeicola
MAG16731	0.004	0.454545455	MAGs from other families
MAG17898	0.004	0.824915825	MAGs from other families
MAG4595	0.004	0.511784512	MAGs from other families
MAG5067	0.004	0.35016835	MAGs from other families
MAG5465	0.004	0.764309764	MAGs from other families
MAG7290	0.004	0.35016835	MAGs from other families
MAG7437	0.004	0.377104377	MAGs from other families
MAG8834	0.004	0.545454545	MAGs from other families
MAG10124	0.0041	0.542087542	MAGs from other families
MAG10134	0.0041	0.895622896	MAGs from Phocaeicola
MAG15828	0.0041	0.774410774	MAGs from other families
MAG22980	0.0041	0.801346801	MAGs from other genus in Bacteroidaceae
MAG3290	0.0041	0.929292929	MAGs from other genus in Bacteroidaceae
MAG5012	0.0041	0.417508418	MAGs from other genus in Bacteroidaceae
MAG13024	0.0042	0.936026936	MAGs from other families
MAG3617	0.0042	0.38047138	MAGs from other genus in Bacteroidaceae
MAG483	0.0042	0.636363636	MAGs from other families
MAG5600	0.0042	0.851851852	MAGs from other families
MAG5943	0.0042	0.518518519	MAGs from other families
MAG6875	0.0042	0.424242424	MAGs from other families
MAG7317	0.0042	0.461279461	MAGs from other families
MAG11409	0.0043	0.898989899	MAGs from other families
MAG12284	0.0043	0.845117845	MAGs from other families
MAG13321	0.0043	0.215488215	MAGs from other families
MAG13392	0.0043	0.407407407	MAGs from other families
MAG7793	0.0043	0.498316498	MAGs from other families
MAG8950	0.0043	0.858585859	MAGs from other genus in Bacteroidaceae
MAG12677	0.0044	0.562289562	MAGs from other genus in Bacteroidaceae
MAG13498	0.0044	0.461279461	MAGs from other families
MAG13561	0.0044	0.461279461	MAGs from other families
MAG14697	0.0044	0.686868687	MAGs from other families
MAG15835	0.0044	0.28956229	MAGs from other families
MAG16469	0.0044	0.703703704	MAGs from other families
MAG17081	0.0044	0.212121212	MAGs from other families
MAG17908	0.0044	0.279461279	MAGs from other families
MAG20688	0.0044	0.239057239	MAGs from other families
MAG2540	0.0044	0.97979798	MAGs from Phocaeicola
MAG2725	0.0044	0.235690236	MAGs from Phocaeicola
MAG4884	0.0044	0.34006734	MAGs from other families
MAG8831	0.0044	0.993265993	MAGs from Phocaeicola
MAG13071	0.0045	0.696969697	MAGs from other families
MAG13142	0.0045	0.481481481	MAGs from other families
MAG16496	0.0045	0.848484848	MAGs from other families
MAG17897	0.0045	0.535353535	MAGs from other families
MAG18764	0.0045	0.417508418	MAGs from other families
MAG22639	0.0045	0.420875421	MAGs from other families
MAG22937	0.0045	0.474747475	MAGs from other families
MAG5055	0.0045	0.98989899	MAGs from Phocaeicola
MAG9686	0.0045	0.62962963	MAGs from other families
MAG11084	0.0046	0.34006734	MAGs from other families
MAG14288	0.0046	0.895622896	MAGs from other families
MAG15420	0.0046	0.461279461	MAGs from other families
MAG15725	0.0046	0.326599327	MAGs from other families
MAG5793	0.0046	0.68013468	MAGs from other families
MAG7319	0.0046	0.313131313	MAGs from other families
MAG9285	0.0046	0.7003367	MAGs from other families
MAG10773	0.0047	0.96969697	MAGs from Phocaeicola
MAG12515	0.0047	0.215488215	MAGs from other families
MAG19914	0.0047	0.383838384	MAGs from other families
MAG3780	0.0047	0.983164983	MAGs from other families
MAG4115	0.0047	0.821548822	MAGs from Phocaeicola
MAG6988	0.0047	0.996632997	MAGs from Phocaeicola
MAG9509	0.0047	0.212121212	MAGs from other families
MAG12011	0.0048	0.36026936	MAGs from other families
MAG12457	0.0048	0.912457912	MAGs from other families
MAG4908	0.0048	0.505050505	MAGs from other genus in Bacteroidaceae
MAG5381	0.0048	0.986531987	MAGs from Phocaeicola
MAG783	0.0048	0.97979798	MAGs from Phocaeicola
MAG11245	0.0049	0.602693603	MAGs from other families
MAG14014	0.0049	0.663299663	MAGs from Phocaeicola
MAG20258	0.0049	0.983164983	MAGs from Phocaeicola
MAG7232	0.0049	0.367003367	MAGs from other families
MAG14730	0.005	0.656565657	MAGs from other families
MAG7413	0.005	0.259259259	MAGs from other families
MAG862	0.005	0.973063973	MAGs from other families
MAG12326	0.0051	0.771043771	MAGs from Phocaeicola
MAG17228	0.0051	0.202020202	MAGs from other families
MAG20642	0.0051	0.622895623	MAGs from Phocaeicola
MAG22270	0.0051	0.286195286	MAGs from other families
MAG2879	0.0051	0.353535354	MAGs from other genus in Bacteroidaceae
MAG5509	0.0051	0.794612795	MAGs from other families
MAG8581	0.0051	0.68013468	MAGs from other families
MAG10309	0.0052	0.397306397	MAGs from other families
MAG17877	0.0052	0.693602694	MAGs from other families
MAG13370	0.0053	0.316498316	MAGs from other families
MAG16414	0.0053	0.885521886	MAGs from Phocaeicola
MAG16569	0.0053	0.400673401	MAGs from other families
MAG17001	0.0053	0.707070707	MAGs from other families
MAG21619	0.0053	0.521885522	MAGs from Phocaeicola
MAG22257	0.0053	0.632996633	MAGs from other families
MAG22330	0.0053	0.973063973	MAGs from Phocaeicola
MAG2844	0.0053	0.956228956	MAGs from other families
MAG4209	0.0053	0.949494949	MAGs from other families
MAG4324	0.0053	0.707070707	MAGs from other genus in Bacteroidaceae
MAG5487	0.0053	0.622895623	MAGs from other families
MAG5948	0.0053	0.316498316	MAGs from other families
MAG9883	0.0053	0.68013468	MAGs from other families
MAG17639	0.0054	0.265993266	MAGs from other families
MAG2168	0.0055	0.936026936	MAGs from other families
MAG3688	0.0055	0.488215488	MAGs from other families
MAG13510	0.0056	0.878787879	MAGs from Phocaeicola
MAG19727	0.0056	0.95959596	MAGs from other families
MAG20338	0.0056	0.962962963	MAGs from other families
MAG20332	0.0057	0.595959596	MAGs from Phocaeicola
MAG22914	0.0057	0.882154882	MAGs from other families
MAG2778	0.0057	0.552188552	MAGs from other families
MAG9503	0.0057	0.855218855	MAGs from Phocaeicola
MAG10305	0.0058	0.895622896	MAGs from other genus in Bacteroidaceae
MAG16413	0.0058	0.616161616	MAGs from other families
MAG7066	0.0058	0.757575758	MAGs from other genus in Bacteroidaceae
MAG16059	0.0059	0.424242424	MAGs from other families
MAG17208	0.0059	0.484848485	MAGs from other families
MAG1970	0.0059	0.814814815	MAGs from other genus in Bacteroidaceae
MAG2451	0.0059	0.878787879	MAGs from other families
MAG3043	0.0059	0.606060606	MAGs from other families
MAG5907	0.0059	0.306397306	MAGs from other families
MAG7067	0.0059	0.202020202	MAGs from other families
MAG7072	0.0059	0.538720539	MAGs from Phocaeicola
MAG10890	0.006	0.208754209	MAGs from other families
MAG16191	0.006	0.521885522	MAGs from other families
MAG18315	0.006	0.343434343	MAGs from other families
MAG13937	0.0061	0.65993266	MAGs from other families
MAG16813	0.0061	0.966329966	MAGs from other families
MAG22331	0.0061	0.208754209	MAGs from other families
MAG4310	0.0061	0.272727273	MAGs from other genus in Bacteroidaceae
MAG7007	0.0061	0.993265993	MAGs from Phocaeicola
MAG10527	0.0062	0.68013468	MAGs from other families
MAG141	0.0062	0.255892256	MAGs from other families
MAG17266	0.0062	0.962962963	MAGs from Phocaeicola
MAG20506	0.0062	0.922558923	MAGs from other families
MAG21426	0.0062	0.269360269	MAGs from other families
MAG15875	0.0063	0.713804714	MAGs from other families
MAG15901	0.0063	0.225589226	MAGs from other families
MAG17835	0.0063	0.878787879	MAGs from other families
MAG20179	0.0063	0.919191919	MAGs from other families
MAG20998	0.0063	0.562289562	MAGs from other families
MAG2874	0.0063	0.323232323	MAGs from other families
MAG5317	0.0063	0.929292929	MAGs from other genus in Bacteroidaceae
MAG8449	0.0063	0.811447811	MAGs from Phocaeicola
MAG9320	0.0063	0.346801347	MAGs from other families
MAG14434	0.0064	0.34006734	MAGs from other families
MAG2210	0.0064	0.703703704	MAGs from other families
MAG3392	0.0064	0.235690236	MAGs from other families
MAG4666	0.0064	0.272727273	MAGs from other families
MAG10620	0.0065	0.835016835	MAGs from Phocaeicola
MAG12331	0.0065	0.892255892	MAGs from Phocaeicola
MAG4614	0.0065	0.599326599	MAGs from Phocaeicola
MAG20463	0.0066	0.952861953	MAGs from other genus in Bacteroidaceae
MAG3598	0.0066	0.865319865	MAGs from other families
MAG14397	0.0067	0.892255892	MAGs from other genus in Bacteroidaceae
MAG15073	0.0067	0.737373737	MAGs from other families
MAG20082	0.0067	0.818181818	MAGs from other families
MAG3810	0.0067	0.986531987	MAGs from other families
MAG4284	0.0067	0.811447811	MAGs from other genus in Bacteroidaceae
MAG10789	0.0068	0.946127946	MAGs from other families
MAG13686	0.0068	0.949494949	MAGs from other families
MAG14948	0.0068	0.653198653	MAGs from other families
MAG14990	0.0068	0.427609428	MAGs from other families
MAG4298	0.0068	0.848484848	MAGs from other families
MAG12308	0.0069	0.286195286	MAGs from other families
MAG14405	0.0069	0.643097643	MAGs from Phocaeicola
MAG19505	0.0069	0.804713805	MAGs from other families
MAG7798	0.0069	0.804713805	MAGs from other families
MAG9774	0.0069	0.814814815	MAGs from Phocaeicola
MAG1209	0.007	0.36026936	MAGs from other families
MAG5214	0.007	0.734006734	MAGs from other families
MAG16292	0.0071	0.811447811	MAGs from other genus in Bacteroidaceae
MAG17028	0.0071	0.417508418	MAGs from other genus in Bacteroidaceae
MAG7382	0.0071	0.986531987	MAGs from Phocaeicola
MAG10232	0.0072	0.478114478	MAGs from other families
MAG11029	0.0072	0.454545455	MAGs from other families
MAG12270	0.0072	0.457912458	MAGs from other genus in Bacteroidaceae
MAG16230	0.0072	0.323232323	MAGs from other families
MAG7641	0.0072	0.96969697	MAGs from other families
MAG13401	0.0073	0.471380471	MAGs from other families
MAG15399	0.0073	0.548821549	MAGs from other families
MAG15692	0.0073	0.249158249	MAGs from other families
MAG16421	0.0073	0.663299663	MAGs from other families
MAG16898	0.0073	0.414141414	MAGs from other families
MAG11821	0.0074	0.848484848	MAGs from Phocaeicola
MAG800	0.0074	0.737373737	MAGs from other families
MAG18493	0.0075	0.447811448	MAGs from other families
MAG4215	0.0075	0.484848485	MAGs from Phocaeicola
MAG4495	0.0075	0.976430976	MAGs from other families
MAG5427	0.0075	0.986531987	MAGs from other families
MAG5819	0.0075	0.973063973	MAGs from Phocaeicola
MAG9109	0.0075	0.498316498	MAGs from other families
MAG15304	0.0076	0.215488215	MAGs from other families
MAG16557	0.0076	0.865319865	MAGs from Phocaeicola
MAG23100	0.0076	0.97979798	MAGs from other families
MAG754	0.0076	0.993265993	MAGs from Phocaeicola
MAG13788	0.0077	0.592592593	MAGs from other families
MAG19046	0.0077	0.225589226	MAGs from other families
MAG3616	0.0077	0.252525253	MAGs from other families
MAG15928	0.0078	0.286195286	MAGs from other families
MAG4513	0.0078	0.771043771	MAGs from other genus in Bacteroidaceae
MAG13654	0.0079	0.427609428	MAGs from other families
MAG17006	0.0079	0.737373737	MAGs from Phocaeicola
MAG5700	0.0079	0.818181818	MAGs from other families
MAG5912	0.0079	0.986531987	MAGs from Phocaeicola
MAG17249	0.008	0.919191919	MAGs from other genus in Bacteroidaceae
MAG4012	0.008	0.484848485	MAGs from other families
MAG17368	0.0081	0.292929293	MAGs from other families
MAG2818	0.0081	0.632996633	MAGs from other families
MAG10303	0.0082	0.518518519	MAGs from other families
MAG11909	0.0082	0.929292929	MAGs from other families
MAG17893	0.0082	0.589225589	MAGs from other families
MAG3988	0.0082	0.612794613	MAGs from Phocaeicola
MAG13861	0.0083	0.205387205	MAGs from other families
MAG17945	0.0083	0.441077441	MAGs from other genus in Bacteroidaceae
MAG18692	0.0083	0.313131313	MAGs from other families
MAG20172	0.0083	0.902356902	MAGs from other families
MAG3681	0.0083	0.228956229	MAGs from other families
MAG8227	0.0083	0.696969697	MAGs from other genus in Bacteroidaceae
MAG1310	0.0084	0.232323232	MAGs from other genus in Bacteroidaceae
MAG4428	0.0084	0.521885522	MAGs from other families
MAG4975	0.0084	0.434343434	MAGs from Phocaeicola
MAG1255	0.0085	0.269360269	MAGs from other families
MAG12728	0.0085	0.811447811	MAGs from other families
MAG13877	0.0085	0.653198653	MAGs from other families
MAG16905	0.0085	0.602693603	MAGs from other families
MAG17859	0.0085	0.750841751	MAGs from other families
MAG19711	0.0085	0.986531987	MAGs from other families
MAG1985	0.0085	0.939393939	MAGs from other families
MAG19652	0.0086	0.61952862	MAGs from other families
MAG19774	0.0086	0.828282828	MAGs from other families
MAG22962	0.0086	0.993265993	MAGs from other families
MAG208	0.0087	0.242424242	MAGs from Phocaeicola
MAG21486	0.0087	0.717171717	MAGs from other families
MAG3349	0.0087	0.235690236	MAGs from other families
MAG7379	0.0087	0.96969697	MAGs from other families
MAG14134	0.0088	0.892255892	MAGs from other families
MAG491	0.0088	0.898989899	MAGs from Phocaeicola
MAG5146	0.0088	0.713804714	MAGs from other families
MAG5415	0.0088	0.34006734	MAGs from other families
MAG7380	0.0088	0.232323232	MAGs from other families
MAG12700	0.0089	0.592592593	MAGs from other families
MAG15964	0.0089	0.744107744	MAGs from other families
MAG17182	0.0089	0.973063973	MAGs from other genus in Bacteroidaceae
MAG3671	0.0089	0.996632997	MAGs from other families
MAG13038	0.009	0.410774411	MAGs from other genus in Bacteroidaceae
MAG14215	0.009	0.454545455	MAGs from other families
MAG1623	0.009	0.888888889	MAGs from other families
MAG3602	0.009	0.373737374	MAGs from other families
MAG7189	0.009	0.356902357	MAGs from other families
MAG17884	0.0091	0.757575758	MAGs from other families
MAG3002	0.0091	0.488215488	MAGs from other families
MAG3314	0.0091	0.34006734	MAGs from other genus in Bacteroidaceae
MAG416	0.0091	0.464646465	MAGs from Phocaeicola
MAG19013	0.0092	0.757575758	MAGs from other families
MAG19433	0.0092	0.481481481	MAGs from other families
MAG5717	0.0092	0.757575758	MAGs from other families
MAG4044	0.0093	0.245791246	MAGs from other families
MAG8427	0.0093	0.966329966	MAGs from other families
MAG9286	0.0093	0.865319865	MAGs from other families
MAG13218	0.0094	0.582491582	MAGs from other families
MAG16044	0.0094	0.646464646	MAGs from other families
MAG17902	0.0094	0.636363636	MAGs from other families
MAG22953	0.0094	0.905723906	MAGs from other genus in Bacteroidaceae
MAG5759	0.0094	0.865319865	MAGs from other families
MAG13470	0.0095	0.882154882	MAGs from other families
MAG14523	0.0095	0.437710438	MAGs from other families
MAG21320	0.0095	0.242424242	MAGs from other families
MAG2498	0.0095	0.676767677	MAGs from other families
MAG3157	0.0095	0.228956229	MAGs from other families
MAG19754	0.0096	0.878787879	MAGs from other families
MAG20076	0.0096	0.400673401	MAGs from other families
MAG4006	0.0096	0.531986532	MAGs from Phocaeicola
MAG11863	0.0097	0.919191919	MAGs from Phocaeicola
MAG16523	0.0097	0.410774411	MAGs from other families
MAG8465	0.0097	0.228956229	MAGs from other families
MAG13447	0.0098	0.400673401	MAGs from other families
MAG5280	0.0098	0.643097643	MAGs from other families
MAG10269	0.0099	0.606060606	MAGs from other genus in Bacteroidaceae
MAG10581	0.0099	0.925925926	MAGs from other families
MAG16015	0.0099	0.30976431	MAGs from other families
MAG20146	0.0099	0.986531987	MAGs from Phocaeicola
MAG7805	0.0099	0.474747475	MAGs from other families
MAG11116	0.01	0.966329966	MAGs from other families
MAG11912	0.01	0.898989899	MAGs from other genus in Bacteroidaceae
MAG12010	0.01	0.888888889	MAGs from other families
MAG12184	0.01	0.292929293	MAGs from other families
MAG12870	0.01	0.249158249	MAGs from other families
MAG13075	0.01	0.511784512	MAGs from other families
MAG15355	0.01	0.525252525	MAGs from other families
MAG17478	0.01	0.468013468	MAGs from Phocaeicola
MAG17710	0.01	0.316498316	MAGs from other families
MAG17866	0.01	0.326599327	MAGs from other families
MAG19552	0.01	0.986531987	MAGs from other families
MAG19963	0.01	0.841750842	MAGs from other genus in Bacteroidaceae
MAG21637	0.01	0.936026936	MAGs from other families
MAG4363	0.01	0.565656566	MAGs from Phocaeicola
MAG4953	0.01	0.225589226	MAGs from other families
MAG5276	0.01	0.996632997	MAGs from Phocaeicola
MAG5277	0.01	0.599326599	MAGs from other families
MAG6463	0.01	0.252525253	MAGs from other families
MAG7292	0.01	0.367003367	MAGs from other families
MAG7494	0.01	0.494949495	MAGs from other genus in Bacteroidaceae
MAG8153	0.01	0.225589226	MAGs from other families
MAG8508	0.01	0.35016835	MAGs from other families
MAG10111	0.011	0.245791246	MAGs from other families
MAG10968	0.011	0.31986532	MAGs from other families
MAG11853	0.011	0.898989899	MAGs from other families
MAG13227	0.011	0.484848485	MAGs from other families
MAG13295	0.011	0.855218855	MAGs from other families
MAG13551	0.011	0.949494949	MAGs from other families
MAG13822	0.011	0.356902357	MAGs from other families
MAG13891	0.011	0.814814815	MAGs from Phocaeicola
MAG14181	0.011	0.377104377	MAGs from other families
MAG14451	0.011	0.962962963	MAGs from Phocaeicola
MAG14711	0.011	0.282828283	MAGs from other families
MAG15103	0.011	0.555555556	MAGs from other genus in Bacteroidaceae
MAG16221	0.011	0.606060606	MAGs from other families
MAG16497	0.011	0.976430976	MAGs from other genus in Bacteroidaceae
MAG16915	0.011	0.952861953	MAGs from other families
MAG17376	0.011	0.451178451	MAGs from other families
MAG17999	0.011	0.417508418	MAGs from other genus in Bacteroidaceae
MAG19002	0.011	0.30976431	MAGs from other families
MAG19519	0.011	0.760942761	MAGs from other families
MAG19928	0.011	0.909090909	MAGs from other families
MAG21425	0.011	0.764309764	MAGs from other families
MAG21447	0.011	0.878787879	MAGs from other families
MAG2848	0.011	0.336700337	MAGs from other families
MAG4048	0.011	0.343434343	MAGs from other families
MAG4094	0.011	0.919191919	MAGs from other families
MAG4163	0.011	0.713804714	MAGs from other genus in Bacteroidaceae
MAG417	0.011	0.929292929	MAGs from other families
MAG4590	0.011	0.727272727	MAGs from Phocaeicola
MAG5056	0.011	0.962962963	MAGs from other families
MAG5199	0.011	0.501683502	MAGs from other families
MAG5392	0.011	0.956228956	MAGs from other families
MAG7446	0.011	0.713804714	MAGs from other families
MAG8451	0.011	0.794612795	MAGs from Phocaeicola
MAG8514	0.011	0.683501684	MAGs from other families
MAG8985	0.011	0.34006734	MAGs from other families
MAG953	0.011	0.868686869	MAGs from other genus in Bacteroidaceae
MAG9879	0.011	0.925925926	MAGs from other genus in Bacteroidaceae
MAG1009	0.012	0.915824916	MAGs from other genus in Bacteroidaceae
MAG10490	0.012	0.555555556	MAGs from other families
MAG10508	0.012	0.962962963	MAGs from Phocaeicola
MAG10830	0.012	0.616161616	MAGs from other families
MAG11194	0.012	0.269360269	MAGs from other families
MAG11247	0.012	0.808080808	MAGs from other families
MAG13122	0.012	0.646464646	MAGs from other families
MAG13710	0.012	0.808080808	MAGs from other families
MAG13918	0.012	0.713804714	MAGs from Phocaeicola
MAG14911	0.012	0.95959596	MAGs from other families
MAG14934	0.012	0.797979798	MAGs from other families
MAG15014	0.012	0.303030303	MAGs from other families
MAG15946	0.012	0.62962963	MAGs from other families
MAG16211	0.012	0.771043771	MAGs from other families
MAG16875	0.012	0.558922559	MAGs from other families
MAG18787	0.012	0.97979798	MAGs from other families
MAG20061	0.012	0.767676768	MAGs from Phocaeicola
MAG20264	0.012	0.552188552	MAGs from other families
MAG21303	0.012	0.235690236	MAGs from other families
MAG2510	0.012	0.98989899	MAGs from other families
MAG2862	0.012	0.542087542	MAGs from other families
MAG3007	0.012	0.68013468	MAGs from other families
MAG35	0.012	0.434343434	MAGs from Phocaeicola
MAG3832	0.012	0.868686869	MAGs from other genus in Bacteroidaceae
MAG4365	0.012	0.96969697	MAGs from other families
MAG4634	0.012	0.612794613	MAGs from other families
MAG5015	0.012	0.771043771	MAGs from other families
MAG5418	0.012	0.720538721	MAGs from other families
MAG5927	0.012	0.939393939	MAGs from other families
MAG6199	0.012	0.373737374	MAGs from other families
MAG8228	0.012	0.909090909	MAGs from other genus in Bacteroidaceae
MAG8469	0.012	0.713804714	MAGs from other families
MAG8518	0.012	0.851851852	MAGs from other genus in Bacteroidaceae
MAG991	0.012	0.259259259	MAGs from other families
MAG11040	0.013	0.626262626	MAGs from other families
MAG11998	0.013	0.373737374	MAGs from other genus in Bacteroidaceae
MAG13149	0.013	0.565656566	MAGs from other families
MAG13288	0.013	0.444444444	MAGs from other genus in Bacteroidaceae
MAG14062	0.013	0.952861953	MAGs from other families
MAG14638	0.013	0.767676768	MAGs from other families
MAG14699	0.013	0.249158249	MAGs from other families
MAG16026	0.013	0.653198653	MAGs from other families
MAG16716	0.013	0.589225589	MAGs from other families
MAG17162	0.013	0.282828283	MAGs from other families
MAG17437	0.013	0.555555556	MAGs from other families
MAG17572	0.013	0.393939394	MAGs from other families
MAG20296	0.013	0.730639731	MAGs from other families
MAG20898	0.013	0.838383838	MAGs from Phocaeicola
MAG219	0.013	0.235690236	MAGs from other families
MAG2399	0.013	0.548821549	MAGs from other families
MAG2517	0.013	0.787878788	MAGs from other families
MAG4712	0.013	0.727272727	MAGs from other genus in Bacteroidaceae
MAG4759	0.013	0.949494949	MAGs from other families
MAG7244	0.013	0.936026936	MAGs from other families
MAG8235	0.013	0.828282828	MAGs from other families
MAG10274	0.014	0.326599327	MAGs from other families
MAG10592	0.014	0.64983165	MAGs from other families
MAG10809	0.014	0.861952862	MAGs from other genus in Bacteroidaceae
MAG11155	0.014	0.61952862	MAGs from other families
MAG11412	0.014	0.336700337	MAGs from other families
MAG11728	0.014	0.878787879	MAGs from other families
MAG12086	0.014	0.878787879	MAGs from other families
MAG12482	0.014	0.451178451	MAGs from other families
MAG12567	0.014	0.747474747	MAGs from other families
MAG12647	0.014	0.868686869	MAGs from other genus in Bacteroidaceae
MAG12765	0.014	0.882154882	MAGs from other families
MAG13251	0.014	0.565656566	MAGs from other families
MAG14348	0.014	0.912457912	MAGs from other genus in Bacteroidaceae
MAG14415	0.014	0.764309764	MAGs from other families
MAG14568	0.014	0.515151515	MAGs from other families
MAG1547	0.014	0.723905724	MAGs from other genus in Bacteroidaceae
MAG16341	0.014	0.97979798	MAGs from other families
MAG16546	0.014	0.464646465	MAGs from other families
MAG18486	0.014	0.367003367	MAGs from other families
MAG19660	0.014	0.508417508	MAGs from other families
MAG1994	0.014	0.390572391	MAGs from other families
MAG20662	0.014	0.228956229	MAGs from other families
MAG2767	0.014	0.835016835	MAGs from other families
MAG2976	0.014	0.693602694	MAGs from other families
MAG3227	0.014	0.730639731	MAGs from other genus in Bacteroidaceae
MAG3411	0.014	0.225589226	MAGs from other genus in Bacteroidaceae
MAG4151	0.014	0.865319865	MAGs from Phocaeicola
MAG4238	0.014	0.34006734	MAGs from other genus in Bacteroidaceae
MAG4297	0.014	0.777777778	MAGs from other families
MAG4875	0.014	0.36026936	MAGs from other families
MAG5505	0.014	0.454545455	MAGs from other families
MAG5651	0.014	0.609427609	MAGs from other genus in Bacteroidaceae
MAG5685	0.014	0.37037037	MAGs from other families
MAG5816	0.014	0.292929293	MAGs from other families
MAG7190	0.014	0.37037037	MAGs from other families
MAG8436	0.014	0.656565657	MAGs from other families
MAG9586	0.014	0.572390572	MAGs from other genus in Bacteroidaceae
MAG9906	0.014	0.383838384	MAGs from other families
MAG10253	0.015	0.461279461	MAGs from other families
MAG10353	0.015	0.909090909	MAGs from other families
MAG10666	0.015	0.414141414	MAGs from Phocaeicola
MAG10738	0.015	0.747474747	MAGs from Phocaeicola
MAG11670	0.015	0.286195286	MAGs from other families
MAG12722	0.015	0.895622896	MAGs from other genus in Bacteroidaceae
MAG13259	0.015	0.491582492	MAGs from other families
MAG14495	0.015	0.228956229	MAGs from other families
MAG14588	0.015	0.36026936	MAGs from other genus in Bacteroidaceae
MAG14819	0.015	0.966329966	MAGs from Phocaeicola
MAG15903	0.015	0.252525253	MAGs from other families
MAG16574	0.015	0.208754209	MAGs from other genus in Bacteroidaceae
MAG16859	0.015	0.818181818	MAGs from other genus in Bacteroidaceae
MAG16928	0.015	0.265993266	MAGs from other families
MAG18282	0.015	0.713804714	MAGs from other families
MAG19622	0.015	0.542087542	MAGs from other families
MAG22156	0.015	0.585858586	MAGs from other genus in Bacteroidaceae
MAG22961	0.015	0.976430976	MAGs from Phocaeicola
MAG22978	0.015	0.407407407	MAGs from other genus in Bacteroidaceae
MAG359	0.015	0.390572391	MAGs from other families
MAG3814	0.015	0.222222222	MAGs from other families
MAG394	0.015	0.898989899	MAGs from other families
MAG4136	0.015	0.902356902	MAGs from other families
MAG4243	0.015	0.686868687	MAGs from other families
MAG4430	0.015	0.606060606	MAGs from other families
MAG4887	0.015	0.548821549	MAGs from other families
MAG5491	0.015	0.821548822	MAGs from other families
MAG5789	0.015	0.851851852	MAGs from other families
MAG590	0.015	0.538720539	MAGs from other families
MAG823	0.015	0.632996633	MAGs from other families
MAG9513	0.015	0.333333333	MAGs from other families
MAG10788	0.016	0.225589226	MAGs from other families
MAG1123	0.016	0.508417508	MAGs from other families
MAG11478	0.016	0.595959596	MAGs from other families
MAG11493	0.016	0.303030303	MAGs from other families
MAG11929	0.016	0.592592593	MAGs from other genus in Bacteroidaceae
MAG12577	0.016	0.622895623	MAGs from other families
MAG13576	0.016	0.451178451	MAGs from other families
MAG14060	0.016	0.2996633	MAGs from other families
MAG16832	0.016	0.696969697	MAGs from other families
MAG17186	0.016	0.97979798	MAGs from other genus in Bacteroidaceae
MAG18600	0.016	0.993265993	MAGs from other families
MAG19957	0.016	0.643097643	MAGs from other families
MAG21588	0.016	0.474747475	MAGs from other families
MAG3393	0.016	0.845117845	MAGs from other families
MAG4682	0.016	0.313131313	MAGs from other families
MAG5617	0.016	0.626262626	MAGs from Phocaeicola
MAG5768	0.016	0.781144781	MAGs from other families
MAG8266	0.016	0.589225589	MAGs from other genus in Bacteroidaceae
MAG8438	0.016	0.781144781	MAGs from other families
MAG8492	0.016	0.31986532	MAGs from other genus in Bacteroidaceae
MAG9026	0.016	0.707070707	MAGs from other families
MAG10246	0.017	0.356902357	MAGs from other families
MAG10845	0.017	0.915824916	MAGs from other families
MAG14414	0.017	0.885521886	MAGs from other genus in Bacteroidaceae
MAG15528	0.017	0.750841751	MAGs from other genus in Bacteroidaceae
MAG18050	0.017	0.292929293	MAGs from other families
MAG18057	0.017	0.31986532	MAGs from other families
MAG18096	0.017	0.259259259	MAGs from other families
MAG19319	0.017	0.30976431	MAGs from Phocaeicola
MAG1975	0.017	0.838383838	MAGs from other genus in Bacteroidaceae
MAG22546	0.017	0.212121212	MAGs from Phocaeicola
MAG22557	0.017	0.919191919	MAGs from other families
MAG2352	0.017	0.471380471	MAGs from Phocaeicola
MAG2551	0.017	0.336700337	MAGs from other families
MAG2934	0.017	0.69023569	MAGs from other families
MAG4380	0.017	0.404040404	MAGs from other families
MAG4469	0.017	0.34006734	MAGs from other families
MAG4551	0.017	0.71043771	MAGs from other genus in Bacteroidaceae
MAG4589	0.017	0.962962963	MAGs from other families
MAG503	0.017	0.754208754	MAGs from other families
MAG5369	0.017	0.909090909	MAGs from other genus in Bacteroidaceae
MAG63	0.017	0.511784512	MAGs from other families
MAG9047	0.017	0.95959596	MAGs from Phocaeicola
MAG11416	0.018	0.592592593	MAGs from other families
MAG12694	0.018	0.228956229	MAGs from other families
MAG12970	0.018	0.37037037	MAGs from other families
MAG13652	0.018	0.215488215	MAGs from other families
MAG13811	0.018	0.464646465	MAGs from Phocaeicola
MAG14048	0.018	0.875420875	MAGs from other families
MAG14482	0.018	0.902356902	MAGs from other families
MAG15755	0.018	0.316498316	MAGs from other families
MAG16087	0.018	0.296296296	MAGs from other families
MAG16417	0.018	0.744107744	MAGs from Phocaeicola
MAG16568	0.018	0.205387205	MAGs from other families
MAG17252	0.018	0.28956229	MAGs from other families
MAG1726	0.018	0.343434343	MAGs from other families
MAG17477	0.018	0.420875421	MAGs from other families
MAG17846	0.018	0.98989899	MAGs from other families
MAG19548	0.018	0.68013468	MAGs from other families
MAG20202	0.018	0.821548822	MAGs from other genus in Bacteroidaceae
MAG20804	0.018	0.797979798	MAGs from Phocaeicola
MAG20953	0.018	0.811447811	MAGs from other families
MAG20990	0.018	0.32996633	MAGs from other genus in Bacteroidaceae
MAG21728	0.018	0.2996633	MAGs from other genus in Bacteroidaceae
MAG21991	0.018	0.717171717	MAGs from other families
MAG2417	0.018	0.202020202	MAGs from Phocaeicola
MAG3437	0.018	0.208754209	MAGs from other families
MAG4016	0.018	0.225589226	MAGs from Phocaeicola
MAG4182	0.018	0.518518519	MAGs from other genus in Bacteroidaceae
MAG4241	0.018	0.255892256	MAGs from Phocaeicola
MAG4449	0.018	0.838383838	MAGs from other families
MAG4781	0.018	0.828282828	MAGs from other families
MAG5	0.018	0.28956229	MAGs from other families
MAG5625	0.018	0.531986532	MAGs from other families
MAG9113	0.018	0.252525253	MAGs from other families
MAG9484	0.018	0.292929293	MAGs from other families
MAG9622	0.018	0.872053872	MAGs from other families
MAG10065	0.019	0.548821549	MAGs from other families
MAG10083	0.019	0.885521886	MAGs from other genus in Bacteroidaceae
MAG10541	0.019	0.336700337	MAGs from other families
MAG10974	0.019	0.32996633	MAGs from other families
MAG12045	0.019	0.929292929	MAGs from other families
MAG12746	0.019	0.875420875	MAGs from other families
MAG13080	0.019	0.616161616	MAGs from other families
MAG13522	0.019	0.942760943	MAGs from other genus in Bacteroidaceae
MAG13711	0.019	0.885521886	MAGs from other families
MAG15368	0.019	0.845117845	MAGs from other families
MAG1560	0.019	0.447811448	MAGs from other families
MAG15747	0.019	0.202020202	MAGs from other families
MAG17820	0.019	0.831649832	MAGs from other families
MAG18069	0.019	0.212121212	MAGs from other families
MAG18292	0.019	0.437710438	MAGs from other families
MAG18816	0.019	0.484848485	MAGs from other families
MAG1932	0.019	0.252525253	MAGs from other families
MAG1974	0.019	0.858585859	MAGs from other families
MAG20277	0.019	0.387205387	MAGs from other families
MAG21040	0.019	0.468013468	MAGs from other families
MAG22261	0.019	0.28956229	MAGs from other families
MAG4117	0.019	0.744107744	MAGs from Phocaeicola
MAG4621	0.019	0.96969697	MAGs from other families
MAG4675	0.019	0.521885522	MAGs from other families
MAG4951	0.019	0.929292929	MAGs from other genus in Bacteroidaceae
MAG5236	0.019	0.740740741	MAGs from other families
MAG5931	0.019	0.589225589	MAGs from other families
MAG6047	0.019	0.259259259	MAGs from other families
MAG7253	0.019	0.457912458	MAGs from other genus in Bacteroidaceae
MAG7830	0.019	0.407407407	MAGs from Phocaeicola
MAG8800	0.019	0.643097643	MAGs from other families
MAG8963	0.019	0.286195286	MAGs from other families
MAG10781	0.02	0.292929293	MAGs from other families
MAG10985	0.02	0.228956229	MAGs from other families
MAG1108	0.02	0.845117845	MAGs from other families
MAG1130	0.02	0.656565657	MAGs from other families
MAG1148	0.02	0.498316498	MAGs from other families
MAG12998	0.02	0.427609428	MAGs from other families
MAG13407	0.02	0.457912458	MAGs from other families
MAG13855	0.02	0.555555556	MAGs from Phocaeicola
MAG16275	0.02	0.303030303	MAGs from other families
MAG17251	0.02	0.454545455	MAGs from other families
MAG18239	0.02	0.239057239	MAGs from other genus in Bacteroidaceae
MAG19288	0.02	0.414141414	MAGs from other genus in Bacteroidaceae
MAG21350	0.02	0.34006734	MAGs from other families
MAG21647	0.02	0.202020202	MAGs from other families
MAG2773	0.02	0.28956229	MAGs from other genus in Bacteroidaceae
MAG4246	0.02	0.787878788	MAGs from other genus in Bacteroidaceae
MAG4393	0.02	0.218855219	MAGs from other families
MAG5588	0.02	0.861952862	MAGs from other families
MAG5897	0.02	0.905723906	MAGs from other families
MAG7246	0.02	0.98989899	MAGs from other families
MAG7458	0.02	0.383838384	MAGs from other families
MAG8545	0.02	0.36026936	MAGs from other families
MAG9474	0.02	0.208754209	MAGs from other families
MAG10818	0.021	0.353535354	MAGs from other families
MAG11484	0.021	0.579124579	MAGs from other families
MAG11626	0.021	0.424242424	MAGs from other families
MAG12946	0.021	0.367003367	MAGs from other families
MAG13030	0.021	0.939393939	MAGs from other families
MAG13045	0.021	0.555555556	MAGs from other families
MAG13302	0.021	0.296296296	MAGs from other families
MAG14220	0.021	0.232323232	MAGs from other families
MAG16888	0.021	0.474747475	MAGs from other families
MAG17276	0.021	0.744107744	MAGs from other families
MAG19070	0.021	0.323232323	MAGs from Phocaeicola
MAG20450	0.021	0.552188552	MAGs from other genus in Bacteroidaceae
MAG20643	0.021	0.986531987	MAGs from other genus in Bacteroidaceae
MAG2262	0.021	0.323232323	MAGs from other families
MAG2306	0.021	0.848484848	MAGs from other families
MAG2807	0.021	0.262626263	MAGs from other families
MAG3304	0.021	0.801346801	MAGs from other families
MAG3420	0.021	0.767676768	MAGs from other families
MAG4514	0.021	0.245791246	MAGs from other families
MAG4603	0.021	0.373737374	MAGs from other families
MAG4710	0.021	0.494949495	MAGs from other families
MAG4860	0.021	0.218855219	MAGs from other families
MAG787	0.021	0.62962963	MAGs from Phocaeicola
MAG8675	0.021	0.592592593	MAGs from other families
MAG9183	0.021	0.457912458	MAGs from other families
MAG10545	0.022	0.30976431	MAGs from other families
MAG10774	0.022	0.868686869	MAGs from Phocaeicola
MAG11960	0.022	0.410774411	MAGs from Phocaeicola
MAG13014	0.022	0.67003367	MAGs from other families
MAG14028	0.022	0.501683502	MAGs from other families
MAG14825	0.022	0.461279461	MAGs from other genus in Bacteroidaceae
MAG14923	0.022	0.518518519	MAGs from Phocaeicola
MAG15334	0.022	0.777777778	MAGs from other families
MAG15421	0.022	0.818181818	MAGs from other families
MAG16658	0.022	0.353535354	MAGs from other families
MAG1674	0.022	0.545454545	MAGs from other families
MAG18098	0.022	0.582491582	MAGs from other families
MAG2006	0.022	0.616161616	MAGs from other families
MAG21367	0.022	0.2996633	MAGs from other genus in Bacteroidaceae
MAG21608	0.022	0.276094276	MAGs from other families
MAG22511	0.022	0.915824916	MAGs from other families
MAG2265	0.022	0.808080808	MAGs from other families
MAG22892	0.022	0.32996633	MAGs from other genus in Bacteroidaceae
MAG3668	0.022	0.993265993	MAGs from Phocaeicola
MAG4905	0.022	0.34006734	MAGs from other families
MAG6022	0.022	0.794612795	MAGs from other families
MAG7065	0.022	0.585858586	MAGs from other families
MAG9368	0.022	0.410774411	MAGs from other families
MAG9502	0.022	0.28956229	MAGs from other families
MAG9556	0.022	0.296296296	MAGs from other families
MAG9894	0.022	0.242424242	MAGs from other families
MAG11322	0.023	0.683501684	MAGs from other families
MAG13699	0.023	0.612794613	MAGs from other families
MAG13957	0.023	0.528619529	MAGs from other families
MAG14293	0.023	0.542087542	MAGs from other families
MAG14737	0.023	0.878787879	MAGs from other families
MAG17550	0.023	0.696969697	MAGs from other genus in Bacteroidaceae
MAG18818	0.023	0.757575758	MAGs from other families
MAG4770	0.023	0.841750842	MAGs from other families
MAG4790	0.023	0.949494949	MAGs from other families
MAG4815	0.023	0.922558923	MAGs from Phocaeicola
MAG7235	0.023	0.962962963	MAGs from other families
MAG8215	0.023	0.801346801	MAGs from Phocaeicola
MAG8689	0.023	0.36026936	MAGs from other families
MAG9021	0.023	0.646464646	MAGs from other families
MAG943	0.023	0.666666667	MAGs from other families
MAG9612	0.023	0.61952862	MAGs from other families
MAG9810	0.023	0.784511785	MAGs from other families
MAG1007	0.024	0.62962963	MAGs from other families
MAG1169	0.024	0.740740741	MAGs from Phocaeicola
MAG14446	0.024	0.939393939	MAGs from other families
MAG16027	0.024	0.228956229	MAGs from other families
MAG17840	0.024	0.353535354	MAGs from other families
MAG20393	0.024	0.764309764	MAGs from Phocaeicola
MAG22931	0.024	0.922558923	MAGs from other families
MAG2312	0.024	0.838383838	MAGs from Phocaeicola
MAG2602	0.024	0.606060606	MAGs from other families
MAG3405	0.024	0.222222222	MAGs from other families
MAG4452	0.024	0.848484848	MAGs from other genus in Bacteroidaceae
MAG4839	0.024	0.791245791	MAGs from other families
MAG5463	0.024	0.279461279	MAGs from other families
MAG8158	0.024	0.323232323	MAGs from other families
MAG9030	0.024	0.592592593	MAGs from other families
MAG9160	0.024	0.888888889	MAGs from Phocaeicola
MAG9354	0.024	0.508417508	MAGs from other genus in Bacteroidaceae
MAG10559	0.025	0.696969697	MAGs from other families
MAG10900	0.025	0.208754209	MAGs from other families
MAG11548	0.025	0.902356902	MAGs from Phocaeicola
MAG11568	0.025	0.276094276	MAGs from other families
MAG1198	0.025	0.242424242	MAGs from other families
MAG12083	0.025	0.255892256	MAGs from other families
MAG12282	0.025	0.471380471	MAGs from other families
MAG1292	0.025	0.410774411	MAGs from other families
MAG13999	0.025	0.848484848	MAGs from other families
MAG14675	0.025	0.929292929	MAGs from other families
MAG1588	0.025	0.942760943	MAGs from other genus in Bacteroidaceae
MAG16131	0.025	0.895622896	MAGs from other genus in Bacteroidaceae
MAG17737	0.025	0.760942761	MAGs from Phocaeicola
MAG22280	0.025	0.653198653	MAGs from other families
MAG22924	0.025	0.919191919	MAGs from other genus in Bacteroidaceae
MAG2502	0.025	0.252525253	MAGs from other families
MAG3438	0.025	0.841750842	MAGs from other genus in Bacteroidaceae
MAG3925	0.025	0.612794613	MAGs from other families
MAG5471	0.025	0.885521886	MAGs from other families
MAG5710	0.025	0.62962963	MAGs from other families
MAG7480	0.025	0.96969697	MAGs from other families
MAG8576	0.025	0.31986532	MAGs from other families
MAG9578	0.025	0.942760943	MAGs from other families
MAG10326	0.026	0.259259259	MAGs from other families
MAG116	0.026	0.835016835	MAGs from other families
MAG13894	0.026	0.686868687	MAGs from other families
MAG14573	0.026	0.279461279	MAGs from other families
MAG16485	0.026	0.875420875	MAGs from other genus in Bacteroidaceae
MAG17344	0.026	0.356902357	MAGs from other families
MAG19045	0.026	0.296296296	MAGs from other families
MAG19138	0.026	0.791245791	MAGs from Phocaeicola
MAG1998	0.026	0.235690236	MAGs from other families
MAG21536	0.026	0.202020202	MAGs from other families
MAG21806	0.026	0.528619529	MAGs from other families
MAG22529	0.026	0.939393939	MAGs from Phocaeicola
MAG4529	0.026	0.952861953	MAGs from other families
MAG4671	0.026	0.841750842	MAGs from other families
MAG4741	0.026	0.922558923	MAGs from other families
MAG5884	0.026	0.592592593	MAGs from other families
MAG7328	0.026	0.797979798	MAGs from other families
MAG8354	0.026	0.558922559	MAGs from other families
MAG8683	0.026	0.454545455	MAGs from Phocaeicola
MAG8765	0.026	0.98989899	MAGs from other families
MAG8876	0.026	0.205387205	MAGs from other families
MAG8895	0.026	0.67003367	MAGs from other families
MAG10765	0.027	0.848484848	MAGs from other families
MAG13044	0.027	0.616161616	MAGs from other genus in Bacteroidaceae
MAG13242	0.027	0.909090909	MAGs from other genus in Bacteroidaceae
MAG13787	0.027	0.808080808	MAGs from Phocaeicola
MAG15075	0.027	0.457912458	MAGs from other families
MAG15518	0.027	0.875420875	MAGs from other families
MAG16539	0.027	0.986531987	MAGs from other genus in Bacteroidaceae
MAG16776	0.027	0.717171717	MAGs from other families
MAG17258	0.027	0.888888889	MAGs from other families
MAG1775	0.027	0.228956229	MAGs from other families
MAG20047	0.027	0.511784512	MAGs from other genus in Bacteroidaceae
MAG20392	0.027	0.249158249	MAGs from other families
MAG22080	0.027	0.444444444	MAGs from other genus in Bacteroidaceae
MAG22888	0.027	0.377104377	MAGs from other genus in Bacteroidaceae
MAG2355	0.027	0.245791246	MAGs from other families
MAG4295	0.027	0.32996633	MAGs from other families
MAG7393	0.027	0.292929293	MAGs from other families
MAG8896	0.027	0.730639731	MAGs from other families
MAG9444	0.027	0.646464646	MAGs from other families
MAG9633	0.027	0.558922559	MAGs from other families
MAG10572	0.028	0.865319865	MAGs from other genus in Bacteroidaceae
MAG11943	0.028	0.646464646	MAGs from other families
MAG12608	0.028	0.855218855	MAGs from Phocaeicola
MAG13421	0.028	0.474747475	MAGs from other genus in Bacteroidaceae
MAG13972	0.028	0.656565657	MAGs from other families
MAG14916	0.028	0.282828283	MAGs from other families
MAG15938	0.028	0.915824916	MAGs from other families
MAG15952	0.028	0.589225589	MAGs from other families
MAG16535	0.028	0.683501684	MAGs from other families
MAG16791	0.028	0.932659933	MAGs from other families
MAG16849	0.028	0.96969697	MAGs from other families
MAG17227	0.028	0.205387205	MAGs from other families
MAG17485	0.028	0.902356902	MAGs from other genus in Bacteroidaceae
MAG19030	0.028	0.515151515	MAGs from Phocaeicola
MAG414	0.028	0.828282828	MAGs from other families
MAG4360	0.028	0.875420875	MAGs from Phocaeicola
MAG5450	0.028	0.925925926	MAGs from other families
MAG5484	0.028	0.272727273	MAGs from other families
MAG5762	0.028	0.61952862	MAGs from other families
MAG5951	0.028	0.818181818	MAGs from other families
MAG703	0.028	0.569023569	MAGs from other families
MAG9301	0.028	0.501683502	MAGs from other genus in Bacteroidaceae
MAG10737	0.029	0.521885522	MAGs from other families
MAG13404	0.029	0.239057239	MAGs from other families
MAG14710	0.029	0.326599327	MAGs from other families
MAG15360	0.029	0.404040404	MAGs from other families
MAG15400	0.029	0.858585859	MAGs from Phocaeicola
MAG17021	0.029	0.824915825	MAGs from other families
MAG17867	0.029	0.996632997	MAGs from other families
MAG18504	0.029	0.2996633	MAGs from other genus in Bacteroidaceae
MAG19156	0.029	0.269360269	MAGs from other families
MAG4331	0.029	0.626262626	MAGs from other families
MAG4446	0.029	0.565656566	MAGs from other families
MAG5348	0.029	0.818181818	MAGs from other families
MAG6953	0.029	0.454545455	MAGs from other families
MAG799	0.029	0.387205387	MAGs from other families
MAG8544	0.029	0.68013468	MAGs from other families
MAG9534	0.029	0.663299663	MAGs from other families
MAG9781	0.029	0.353535354	MAGs from other families
MAG9918	0.029	0.205387205	MAGs from other families
MAG10599	0.03	0.242424242	MAGs from other families
MAG11922	0.03	0.205387205	MAGs from other families
MAG12197	0.03	0.356902357	MAGs from other families
MAG13986	0.03	0.589225589	MAGs from other families
MAG14296	0.03	0.572390572	MAGs from other families
MAG14855	0.03	0.252525253	MAGs from other families
MAG15229	0.03	0.535353535	MAGs from other families
MAG15538	0.03	0.242424242	MAGs from other families
MAG16478	0.03	0.757575758	MAGs from other genus in Bacteroidaceae
MAG16975	0.03	0.555555556	MAGs from other families
MAG18427	0.03	0.252525253	MAGs from other families
MAG20578	0.03	0.730639731	MAGs from other families
MAG21056	0.03	0.383838384	MAGs from other families
MAG21664	0.03	0.65993266	MAGs from other genus in Bacteroidaceae
MAG22498	0.03	0.666666667	MAGs from other families
MAG22595	0.03	0.693602694	MAGs from other families
MAG22889	0.03	0.784511785	MAGs from Phocaeicola
MAG3098	0.03	0.646464646	MAGs from other families
MAG3782	0.03	0.693602694	MAGs from other families
MAG4063	0.03	0.97979798	MAGs from other families
MAG4531	0.03	0.875420875	MAGs from other families
MAG5002	0.03	0.835016835	MAGs from other families
MAG718	0.03	0.215488215	MAGs from other families
MAG7334	0.03	0.922558923	MAGs from other families
MAG7874	0.03	0.966329966	MAGs from other genus in Bacteroidaceae
MAG8915	0.03	0.64983165	MAGs from other families
MAG964	0.03	0.585858586	MAGs from other genus in Bacteroidaceae
MAG10179	0.031	0.68013468	MAGs from other families
MAG10567	0.031	0.262626263	MAGs from other families
MAG10649	0.031	0.30976431	MAGs from other families
MAG10821	0.031	0.996632997	MAGs from other families
MAG11011	0.031	0.252525253	MAGs from other families
MAG11049	0.031	0.356902357	MAGs from other families
MAG11905	0.031	0.414141414	MAGs from other families
MAG1211	0.031	0.377104377	MAGs from other families
MAG14101	0.031	0.734006734	MAGs from other families
MAG16036	0.031	0.757575758	MAGs from other families
MAG16694	0.031	0.367003367	MAGs from other families
MAG19094	0.031	0.542087542	MAGs from other families
MAG2441	0.031	0.478114478	MAGs from other families
MAG2971	0.031	0.787878788	MAGs from other families
MAG5165	0.031	0.942760943	MAGs from other families
MAG5922	0.031	0.208754209	MAGs from other families
MAG8485	0.031	0.303030303	MAGs from other genus in Bacteroidaceae
MAG8654	0.031	0.488215488	MAGs from other families
MAG8661	0.031	0.441077441	MAGs from other families
MAG8925	0.031	0.367003367	MAGs from other families
MAG9664	0.031	0.2996633	MAGs from other families
MAG10539	0.032	0.946127946	MAGs from Phocaeicola
MAG11346	0.032	0.824915825	MAGs from other families
MAG13098	0.032	0.63973064	MAGs from Phocaeicola
MAG14247	0.032	0.218855219	MAGs from other families
MAG14774	0.032	0.569023569	MAGs from other families
MAG15787	0.032	0.62962963	MAGs from other families
MAG16443	0.032	0.303030303	MAGs from other families
MAG16908	0.032	0.882154882	MAGs from Phocaeicola
MAG17721	0.032	0.656565657	MAGs from other families
MAG23001	0.032	0.572390572	MAGs from other genus in Bacteroidaceae
MAG2692	0.032	0.966329966	MAGs from Phocaeicola
MAG365	0.032	0.353535354	MAGs from other families
MAG4150	0.032	0.767676768	MAGs from other genus in Bacteroidaceae
MAG4307	0.032	0.757575758	MAGs from other families
MAG4805	0.032	0.905723906	MAGs from other families
MAG5325	0.032	0.303030303	MAGs from other families
MAG5458	0.032	0.845117845	MAGs from other families
MAG5511	0.032	0.831649832	MAGs from other families
MAG8964	0.032	0.434343434	MAGs from other families
MAG9546	0.032	0.353535354	MAGs from other families
MAG1047	0.033	0.606060606	MAGs from other families
MAG10604	0.033	0.218855219	MAGs from other families
MAG1164	0.033	0.888888889	MAGs from other families
MAG11752	0.033	0.265993266	MAGs from other families
MAG11906	0.033	0.30976431	MAGs from other families
MAG11916	0.033	0.693602694	MAGs from Phocaeicola
MAG15428	0.033	0.848484848	MAGs from other families
MAG22289	0.033	0.932659933	MAGs from other families
MAG2700	0.033	0.64983165	MAGs from other genus in Bacteroidaceae
MAG2856	0.033	0.740740741	MAGs from other families
MAG4979	0.033	0.771043771	MAGs from other families
MAG5162	0.033	0.521885522	MAGs from other genus in Bacteroidaceae
MAG5254	0.033	0.754208754	MAGs from other families
MAG6607	0.033	0.498316498	MAGs from other genus in Bacteroidaceae
MAG10211	0.034	0.468013468	MAGs from other families
MAG10614	0.034	0.286195286	MAGs from other families
MAG12465	0.034	0.71043771	MAGs from other families
MAG12864	0.034	0.38047138	MAGs from other families
MAG12959	0.034	0.585858586	MAGs from other genus in Bacteroidaceae
MAG14765	0.034	0.303030303	MAGs from other families
MAG15818	0.034	0.333333333	MAGs from other families
MAG16429	0.034	0.888888889	MAGs from other families
MAG16995	0.034	0.676767677	MAGs from other genus in Bacteroidaceae
MAG17194	0.034	0.97979798	MAGs from Phocaeicola
MAG19968	0.034	0.96969697	MAGs from Phocaeicola
MAG20928	0.034	0.212121212	MAGs from other genus in Bacteroidaceae
MAG21313	0.034	0.851851852	MAGs from other families
MAG2217	0.034	0.346801347	MAGs from other families
MAG2231	0.034	0.663299663	MAGs from other families
MAG2606	0.034	0.730639731	MAGs from other families
MAG3497	0.034	0.791245791	MAGs from other genus in Bacteroidaceae
MAG4119	0.034	0.892255892	MAGs from other families
MAG4711	0.034	0.902356902	MAGs from other families
MAG5895	0.034	0.720538721	MAGs from other families
MAG6317	0.034	0.434343434	MAGs from Phocaeicola
MAG6985	0.034	0.296296296	MAGs from other families
MAG8692	0.034	0.34006734	MAGs from other families
MAG9626	0.034	0.771043771	MAGs from other families
MAG9889	0.034	0.323232323	MAGs from other families
MAG10048	0.035	0.343434343	MAGs from other families
MAG1014	0.035	0.579124579	MAGs from other families
MAG12821	0.035	0.62962963	MAGs from other families
MAG14602	0.035	0.32996633	MAGs from other families
MAG15715	0.035	0.663299663	MAGs from other families
MAG15742	0.035	0.265993266	MAGs from other families
MAG16052	0.035	0.538720539	MAGs from other families
MAG16509	0.035	0.434343434	MAGs from Phocaeicola
MAG16636	0.035	0.821548822	MAGs from Phocaeicola
MAG17137	0.035	0.535353535	MAGs from other families
MAG17851	0.035	0.774410774	MAGs from other families
MAG19575	0.035	0.63973064	MAGs from other families
MAG20375	0.035	0.265993266	MAGs from other families
MAG3429	0.035	0.255892256	MAGs from other families
MAG5590	0.035	0.535353535	MAGs from other families
MAG595	0.035	0.202020202	MAGs from other families
MAG8958	0.035	0.367003367	MAGs from Phocaeicola
MAG940	0.035	0.898989899	MAGs from other genus in Bacteroidaceae
MAG9747	0.035	0.279461279	MAGs from other families
MAG10328	0.036	0.535353535	MAGs from Phocaeicola
MAG11842	0.036	0.71043771	MAGs from other families
MAG11890	0.036	0.457912458	MAGs from Phocaeicola
MAG12766	0.036	0.387205387	MAGs from other families
MAG12982	0.036	0.602693603	MAGs from other genus in Bacteroidaceae
MAG13313	0.036	0.602693603	MAGs from other families
MAG14110	0.036	0.727272727	MAGs from other families
MAG14507	0.036	0.932659933	MAGs from Phocaeicola
MAG18325	0.036	0.37037037	MAGs from other families
MAG22442	0.036	0.952861953	MAGs from other genus in Bacteroidaceae
MAG22729	0.036	0.582491582	MAGs from other families
MAG46	0.036	0.922558923	MAGs from other families
MAG4907	0.036	0.683501684	MAGs from other families
MAG7347	0.036	0.952861953	MAGs from Phocaeicola
MAG7519	0.036	0.424242424	MAGs from other families
MAG8203	0.036	0.286195286	MAGs from other families
MAG975	0.036	0.727272727	MAGs from Phocaeicola
MAG9869	0.036	0.602693603	MAGs from other families
MAG1050	0.037	0.626262626	MAGs from other genus in Bacteroidaceae
MAG12903	0.037	0.32996633	MAGs from other families
MAG13226	0.037	0.30976431	MAGs from other families
MAG13769	0.037	0.34006734	MAGs from other families
MAG15517	0.037	0.622895623	MAGs from other families
MAG15972	0.037	0.754208754	MAGs from other families
MAG16540	0.037	0.427609428	MAGs from other families
MAG16660	0.037	0.925925926	MAGs from other families
MAG22028	0.037	0.286195286	MAGs from other families
MAG2244	0.037	0.744107744	MAGs from other genus in Bacteroidaceae
MAG3949	0.037	0.734006734	MAGs from other families
MAG4593	0.037	0.949494949	MAGs from other families
MAG5393	0.037	0.952861953	MAGs from other families
MAG5977	0.037	0.747474747	MAGs from other families
MAG8936	0.037	0.902356902	MAGs from other families
MAG9678	0.037	0.215488215	MAGs from other families
MAG10043	0.038	0.212121212	MAGs from other families
MAG10289	0.038	0.279461279	MAGs from other families
MAG11467	0.038	0.316498316	MAGs from other families
MAG13287	0.038	0.202020202	MAGs from other families
MAG13815	0.038	0.912457912	MAGs from other families
MAG1411	0.038	0.326599327	MAGs from other families
MAG15648	0.038	0.2996633	MAGs from other families
MAG15963	0.038	0.2996633	MAGs from other genus in Bacteroidaceae
MAG16258	0.038	0.693602694	MAGs from other genus in Bacteroidaceae
MAG20135	0.038	0.30976431	MAGs from other families
MAG5734	0.038	0.259259259	MAGs from other families
MAG6325	0.038	0.205387205	MAGs from other families
MAG9479	0.038	0.781144781	MAGs from other families
MAG11063	0.039	0.898989899	MAGs from Phocaeicola
MAG12185	0.039	0.63973064	MAGs from Phocaeicola
MAG14235	0.039	0.575757576	MAGs from other families
MAG16518	0.039	0.242424242	MAGs from other families
MAG16917	0.039	0.905723906	MAGs from other families
MAG17135	0.039	0.239057239	MAGs from other families
MAG17247	0.039	0.882154882	MAGs from other families
MAG2613	0.039	0.407407407	MAGs from other genus in Bacteroidaceae
MAG2980	0.039	0.306397306	MAGs from other families
MAG3506	0.039	0.956228956	MAGs from other genus in Bacteroidaceae
MAG4341	0.039	0.858585859	MAGs from other genus in Bacteroidaceae
MAG4499	0.039	0.208754209	MAGs from other families
MAG5021	0.039	0.612794613	MAGs from Phocaeicola
MAG9870	0.039	0.929292929	MAGs from other families
MAG10428	0.04	0.545454545	MAGs from other families
MAG11157	0.04	0.31986532	MAGs from other families
MAG11389	0.04	0.252525253	MAGs from other families
MAG1149	0.04	0.962962963	MAGs from other families
MAG12603	0.04	0.993265993	MAGs from Phocaeicola
MAG13898	0.04	0.407407407	MAGs from other families
MAG16932	0.04	0.855218855	MAGs from other families
MAG17268	0.04	0.488215488	MAGs from other families
MAG17466	0.04	0.946127946	MAGs from other families
MAG19902	0.04	0.407407407	MAGs from Phocaeicola
MAG20480	0.04	0.239057239	MAGs from other families
MAG21308	0.04	0.478114478	MAGs from other families
MAG22388	0.04	0.218855219	MAGs from other families
MAG2449	0.04	0.95959596	MAGs from other families
MAG3588	0.04	0.511784512	MAGs from other genus in Bacteroidaceae
MAG3952	0.04	0.97979798	MAGs from Phocaeicola
MAG5501	0.04	0.835016835	MAGs from other families
MAG7362	0.04	0.276094276	MAGs from other families
MAG9112	0.04	0.400673401	MAGs from other genus in Bacteroidaceae
MAG9796	0.04	0.316498316	MAGs from other genus in Bacteroidaceae
MAG12141	0.041	0.377104377	MAGs from other families
MAG12370	0.041	0.606060606	MAGs from Phocaeicola
MAG14129	0.041	0.468013468	MAGs from other families
MAG15669	0.041	0.212121212	MAGs from other families
MAG21444	0.041	0.663299663	MAGs from Phocaeicola
MAG21586	0.041	0.276094276	MAGs from other families
MAG2323	0.041	0.63973064	MAGs from other families
MAG3335	0.041	0.814814815	MAGs from Phocaeicola
MAG3614	0.041	0.35016835	MAGs from other families
MAG5513	0.041	0.373737374	MAGs from other families
MAG5970	0.041	0.531986532	MAGs from other families
MAG668	0.041	0.323232323	MAGs from other families
MAG7359	0.041	0.205387205	MAGs from other families
MAG9527	0.041	0.255892256	MAGs from other families
MAG10114	0.042	0.474747475	MAGs from other families
MAG11649	0.042	0.562289562	MAGs from other families
MAG12406	0.042	0.730639731	MAGs from other genus in Bacteroidaceae
MAG13821	0.042	0.498316498	MAGs from other families
MAG14479	0.042	0.367003367	MAGs from other families
MAG15664	0.042	0.767676768	MAGs from other families
MAG17668	0.042	0.784511785	MAGs from Phocaeicola
MAG18338	0.042	0.343434343	MAGs from other families
MAG20565	0.042	0.32996633	MAGs from other families
MAG2991	0.042	0.693602694	MAGs from other genus in Bacteroidaceae
MAG3655	0.042	0.861952862	MAGs from Phocaeicola
MAG4219	0.042	0.7003367	MAGs from other families
MAG5748	0.042	0.32996633	MAGs from other families
MAG5753	0.042	0.774410774	MAGs from other families
MAG9535	0.042	0.602693603	MAGs from other genus in Bacteroidaceae
MAG9636	0.042	0.212121212	MAGs from other families
MAG11703	0.043	0.208754209	MAGs from other families
MAG15292	0.043	0.821548822	MAGs from other families
MAG16001	0.043	0.888888889	MAGs from other families
MAG18426	0.043	0.202020202	MAGs from other genus in Bacteroidaceae
MAG20199	0.043	0.636363636	MAGs from other families
MAG21662	0.043	0.508417508	MAGs from other genus in Bacteroidaceae
MAG23006	0.043	0.390572391	MAGs from other families
MAG2836	0.043	0.707070707	MAGs from other genus in Bacteroidaceae
MAG3118	0.043	0.905723906	MAGs from other families
MAG466	0.043	0.872053872	MAGs from Phocaeicola
MAG5251	0.043	0.727272727	MAGs from other families
MAG8678	0.043	0.882154882	MAGs from other families
MAG9651	0.043	0.464646465	MAGs from other families
MAG11534	0.044	0.821548822	MAGs from other families
MAG12662	0.044	0.377104377	MAGs from other families
MAG1606	0.044	0.794612795	MAGs from other families
MAG16939	0.044	0.713804714	MAGs from other families
MAG22831	0.044	0.632996633	MAGs from other families
MAG22974	0.044	0.949494949	MAGs from other genus in Bacteroidaceae
MAG22977	0.044	0.895622896	MAGs from other families
MAG3500	0.044	0.205387205	MAGs from other families
MAG3509	0.044	0.95959596	MAGs from Phocaeicola
MAG8537	0.044	0.38047138	MAGs from other families
MAG8838	0.044	0.898989899	MAGs from other families
MAG9175	0.044	0.316498316	MAGs from other families
MAG9256	0.044	0.491582492	MAGs from other genus in Bacteroidaceae
MAG9514	0.044	0.582491582	MAGs from other genus in Bacteroidaceae
MAG14294	0.045	0.38047138	MAGs from other families
MAG14869	0.045	0.579124579	MAGs from Phocaeicola
MAG15303	0.045	0.777777778	MAGs from other families
MAG15810	0.045	0.37037037	MAGs from other families
MAG16270	0.045	0.491582492	MAGs from other genus in Bacteroidaceae
MAG19981	0.045	0.212121212	MAGs from other families
MAG20278	0.045	0.713804714	MAGs from other genus in Bacteroidaceae
MAG10443	0.046	0.67003367	MAGs from other families
MAG12775	0.046	0.882154882	MAGs from other families
MAG13252	0.046	0.754208754	MAGs from other families
MAG14120	0.046	0.292929293	MAGs from other families
MAG15638	0.046	0.737373737	MAGs from other families
MAG16375	0.046	0.976430976	MAGs from other families
MAG16504	0.046	0.851851852	MAGs from other families
MAG17054	0.046	0.98989899	MAGs from other families
MAG19803	0.046	0.814814815	MAGs from Phocaeicola
MAG2002	0.046	0.444444444	MAGs from other families
MAG22590	0.046	0.811447811	MAGs from other genus in Bacteroidaceae
MAG4235	0.046	0.643097643	MAGs from other families
MAG4906	0.046	0.326599327	MAGs from other families
MAG5163	0.046	0.218855219	MAGs from other families
MAG5303	0.046	0.491582492	MAGs from other families
MAG9907	0.046	0.34006734	MAGs from other families
MAG107	0.047	0.781144781	MAGs from other families
MAG12975	0.047	0.404040404	MAGs from other families
MAG13512	0.047	0.306397306	MAGs from other families
MAG13883	0.047	0.821548822	MAGs from other families
MAG17744	0.047	0.269360269	MAGs from other families
MAG20468	0.047	0.949494949	MAGs from other genus in Bacteroidaceae
MAG21479	0.047	0.2996633	MAGs from other families
MAG21826	0.047	0.818181818	MAGs from Phocaeicola
MAG27	0.047	0.915824916	MAGs from other families
MAG3111	0.047	0.865319865	MAGs from other families
MAG3342	0.047	0.835016835	MAGs from Phocaeicola
MAG3622	0.047	0.595959596	MAGs from Phocaeicola
MAG4894	0.047	0.865319865	MAGs from other families
MAG8283	0.047	0.326599327	MAGs from other families
MAG9052	0.047	0.818181818	MAGs from Phocaeicola
MAG11353	0.048	0.34006734	MAGs from other genus in Bacteroidaceae
MAG11424	0.048	0.781144781	MAGs from other families
MAG12047	0.048	0.276094276	MAGs from other families
MAG15441	0.048	0.447811448	MAGs from other families
MAG16352	0.048	0.767676768	MAGs from other families
MAG20237	0.048	0.814814815	MAGs from other families
MAG21051	0.048	0.696969697	MAGs from Phocaeicola
MAG21549	0.048	0.589225589	MAGs from other families
MAG22921	0.048	0.956228956	MAGs from other families
MAG2440	0.048	0.804713805	MAGs from other families
MAG4311	0.048	0.740740741	MAGs from other families
MAG7440	0.048	0.973063973	MAGs from other families
MAG7497	0.048	0.730639731	MAGs from other families
MAG8603	0.048	0.222222222	MAGs from other families
MAG11191	0.049	0.737373737	MAGs from other families
MAG11992	0.049	0.37037037	MAGs from other families
MAG13053	0.049	0.259259259	MAGs from other families
MAG14399	0.049	0.717171717	MAGs from other families
MAG14712	0.049	0.205387205	MAGs from other families
MAG16449	0.049	0.336700337	MAGs from other families
MAG17259	0.049	0.535353535	MAGs from other families
MAG20329	0.049	0.626262626	MAGs from Phocaeicola
MAG2744	0.049	0.336700337	MAGs from other families
MAG2954	0.049	0.356902357	MAGs from other families
MAG3948	0.049	0.232323232	MAGs from other families
MAG4152	0.049	0.925925926	MAGs from other genus in Bacteroidaceae
MAG4467	0.049	0.831649832	MAGs from other families
MAG570	0.049	0.323232323	MAGs from other families
MAG6524	0.049	0.855218855	MAGs from Phocaeicola
MAG6574	0.049	0.531986532	MAGs from Phocaeicola
MAG11636	0.05	0.417508418	MAGs from other genus in Bacteroidaceae
MAG13233	0.05	0.898989899	MAGs from other families
MAG14199	0.05	0.255892256	MAGs from other families
MAG14221	0.05	0.316498316	MAGs from other families
MAG14289	0.05	0.36026936	MAGs from other families
MAG14937	0.05	0.878787879	MAGs from other families
MAG15062	0.05	0.757575758	MAGs from Phocaeicola
MAG17245	0.05	0.996632997	MAGs from other families
MAG20123	0.05	0.95959596	MAGs from other families
MAG21578	0.05	0.457912458	MAGs from other families
MAG2211	0.05	0.232323232	MAGs from other families
MAG4383	0.05	0.909090909	MAGs from other families
MAG4797	0.05	0.454545455	MAGs from other families
MAG105	0.051	0.986531987	MAGs from other families
MAG11018	0.051	0.208754209	MAGs from other families
MAG11214	0.051	0.235690236	MAGs from other families
MAG11838	0.051	0.538720539	MAGs from other families
MAG16985	0.051	0.32996633	MAGs from other families
MAG5167	0.051	0.898989899	MAGs from other families
MAG5440	0.051	0.255892256	MAGs from other genus in Bacteroidaceae
MAG5558	0.051	0.865319865	MAGs from other families
MAG5659	0.051	0.95959596	MAGs from other genus in Bacteroidaceae
MAG709	0.051	0.353535354	MAGs from other families
MAG9693	0.051	0.885521886	MAGs from other families
MAG10804	0.052	0.471380471	MAGs from other families
MAG1192	0.052	0.441077441	MAGs from other families
MAG12892	0.052	0.841750842	MAGs from Phocaeicola
MAG13027	0.052	0.474747475	MAGs from other families
MAG13782	0.052	0.215488215	MAGs from other families
MAG15926	0.052	0.505050505	MAGs from other families
MAG16541	0.052	0.737373737	MAGs from other genus in Bacteroidaceae
MAG18614	0.052	0.841750842	MAGs from other families
MAG21587	0.052	0.259259259	MAGs from other families
MAG21595	0.052	0.265993266	MAGs from other genus in Bacteroidaceae
MAG22879	0.052	0.239057239	MAGs from other families
MAG4336	0.052	0.481481481	MAGs from other families
MAG4381	0.052	0.912457912	MAGs from other genus in Bacteroidaceae
MAG4724	0.052	0.387205387	MAGs from other families
MAG4916	0.052	0.747474747	MAGs from other families
MAG5074	0.052	0.663299663	MAGs from other families
MAG6937	0.052	0.2996633	MAGs from other families
MAG9266	0.052	0.875420875	MAGs from other families
MAG14340	0.053	0.632996633	MAGs from other families
MAG15372	0.053	0.71043771	MAGs from other families
MAG16116	0.053	0.727272727	MAGs from other families
MAG18056	0.053	0.855218855	MAGs from other genus in Bacteroidaceae
MAG19597	0.053	0.565656566	MAGs from other families
MAG22609	0.053	0.909090909	MAGs from Phocaeicola
MAG2705	0.053	0.791245791	MAGs from other families
MAG3421	0.053	0.595959596	MAGs from other families
MAG4029	0.053	0.7003367	MAGs from other families
MAG4487	0.053	0.939393939	MAGs from other genus in Bacteroidaceae
MAG5052	0.053	0.276094276	MAGs from other families
MAG5940	0.053	0.673400673	MAGs from other families
MAG6284	0.053	0.205387205	MAGs from other families
MAG9163	0.053	0.235690236	MAGs from other families
MAG9281	0.053	0.400673401	MAGs from other families
MAG9850	0.053	0.838383838	MAGs from other families
MAG10035	0.054	0.569023569	MAGs from other families
MAG10449	0.054	0.34006734	MAGs from other families
MAG12367	0.054	0.582491582	MAGs from other families
MAG15438	0.054	0.292929293	MAGs from other families
MAG2721	0.054	0.505050505	MAGs from other families
MAG4445	0.054	0.252525253	MAGs from other families
MAG4552	0.054	0.818181818	MAGs from other families
MAG4567	0.054	0.249158249	MAGs from other families
MAG5933	0.054	0.494949495	MAGs from other families
MAG8226	0.054	0.245791246	MAGs from other families
MAG10655	0.055	0.30976431	MAGs from other families
MAG13110	0.055	0.747474747	MAGs from other families
MAG14465	0.055	0.252525253	MAGs from other families
MAG1490	0.055	0.558922559	MAGs from other families
MAG18181	0.055	0.255892256	MAGs from other families
MAG3704	0.055	0.404040404	MAGs from Phocaeicola
MAG4096	0.055	0.626262626	MAGs from other families
MAG493	0.055	0.740740741	MAGs from other genus in Bacteroidaceae
MAG5275	0.055	0.249158249	MAGs from other families
MAG5781	0.055	0.96969697	MAGs from other families
MAG6061	0.055	0.28956229	MAGs from other families
MAG7502	0.055	0.942760943	MAGs from other families
MAG7822	0.055	0.333333333	MAGs from other genus in Bacteroidaceae
MAG14283	0.056	0.892255892	MAGs from other families
MAG14485	0.056	0.28956229	MAGs from other families
MAG16184	0.056	0.262626263	MAGs from other families
MAG16767	0.056	0.97979798	MAGs from other genus in Bacteroidaceae
MAG22733	0.056	0.838383838	MAGs from other families
MAG22866	0.056	0.966329966	MAGs from other genus in Bacteroidaceae
MAG2696	0.056	0.491582492	MAGs from other families
MAG2966	0.056	0.828282828	MAGs from Phocaeicola
MAG4761	0.056	0.582491582	MAGs from other families
MAG5831	0.056	0.555555556	MAGs from other families
MAG8367	0.056	0.30976431	MAGs from other families
MAG8898	0.056	0.558922559	MAGs from other families
MAG9748	0.056	0.390572391	MAGs from other genus in Bacteroidaceae
MAG10645	0.057	0.599326599	MAGs from other families
MAG12318	0.057	0.737373737	MAGs from other families
MAG12879	0.057	0.215488215	MAGs from other families
MAG13613	0.057	0.417508418	MAGs from other families
MAG15800	0.057	0.801346801	MAGs from other families
MAG17198	0.057	0.545454545	MAGs from other families
MAG22552	0.057	0.404040404	MAGs from other families
MAG6085	0.057	0.202020202	MAGs from other families
MAG8310	0.057	0.787878788	MAGs from other families
MAG8755	0.057	0.205387205	MAGs from other families
MAG8906	0.057	0.983164983	MAGs from Phocaeicola
MAG10110	0.058	0.32996633	MAGs from other families
MAG10600	0.058	1	MAGs from other genus in Bacteroidaceae
MAG11468	0.058	0.61952862	MAGs from other families
MAG11520	0.058	0.737373737	MAGs from other families
MAG11688	0.058	0.632996633	MAGs from other genus in Bacteroidaceae
MAG14709	0.058	0.966329966	MAGs from other genus in Bacteroidaceae
MAG20401	0.058	0.37037037	MAGs from other genus in Bacteroidaceae
MAG21628	0.058	0.276094276	MAGs from other families
MAG22516	0.058	0.646464646	MAGs from Phocaeicola
MAG22579	0.058	0.841750842	MAGs from other families
MAG12079	0.059	0.845117845	MAGs from other families
MAG12165	0.059	0.471380471	MAGs from other families
MAG13731	0.059	0.929292929	MAGs from other genus in Bacteroidaceae
MAG14396	0.059	0.420875421	MAGs from other families
MAG14427	0.059	0.626262626	MAGs from other families
MAG16153	0.059	0.686868687	MAGs from other families
MAG17205	0.059	0.407407407	MAGs from other families
MAG2952	0.059	0.377104377	MAGs from other families
MAG3200	0.059	0.38047138	MAGs from Phocaeicola
MAG4337	0.059	0.872053872	MAGs from other families
MAG465	0.059	0.973063973	MAGs from Phocaeicola
MAG4744	0.059	0.946127946	MAGs from other families
MAG5201	0.059	0.663299663	MAGs from other families
MAG5914	0.059	0.919191919	MAGs from other families
MAG5928	0.059	0.885521886	MAGs from other families
MAG6921	0.059	0.303030303	MAGs from other families
MAG6992	0.059	0.912457912	MAGs from Phocaeicola
MAG9070	0.059	0.872053872	MAGs from Phocaeicola
MAG9361	0.059	0.218855219	MAGs from other families
MAG11831	0.06	0.508417508	MAGs from other families
MAG12407	0.06	0.303030303	MAGs from other families
MAG15608	0.06	0.272727273	MAGs from other families
MAG18260	0.06	0.28956229	MAGs from other families
MAG22064	0.06	0.249158249	MAGs from other families
MAG4319	0.06	0.228956229	MAGs from other families
MAG7003	0.06	0.252525253	MAGs from other families
MAG866	0.06	0.215488215	MAGs from other families
MAG1012	0.061	0.750841751	MAGs from other families
MAG11122	0.061	0.878787879	MAGs from other families
MAG12656	0.061	0.794612795	MAGs from other families
MAG13698	0.061	0.946127946	MAGs from other families
MAG14408	0.061	0.282828283	MAGs from other families
MAG1612	0.061	0.63973064	MAGs from other genus in Bacteroidaceae
MAG17616	0.061	0.464646465	MAGs from other families
MAG17905	0.061	0.393939394	MAGs from other families
MAG2267	0.061	0.286195286	MAGs from other families
MAG2489	0.061	0.882154882	MAGs from other families
MAG7159	0.061	0.255892256	MAGs from other families
MAG922	0.061	0.703703704	MAGs from Phocaeicola
MAG12404	0.062	0.855218855	MAGs from other families
MAG12743	0.062	0.542087542	MAGs from other families
MAG13255	0.062	0.494949495	MAGs from other families
MAG13403	0.062	0.454545455	MAGs from other families
MAG13487	0.062	0.828282828	MAGs from other families
MAG1428	0.062	0.95959596	MAGs from other families
MAG15790	0.062	0.235690236	MAGs from other families
MAG17365	0.062	0.67003367	MAGs from other families
MAG2282	0.062	0.2996633	MAGs from other families
MAG3368	0.062	0.484848485	MAGs from other families
MAG3607	0.062	0.707070707	MAGs from other genus in Bacteroidaceae
MAG5394	0.062	0.575757576	MAGs from other families
MAG7528	0.062	0.36026936	MAGs from other families
MAG9406	0.062	0.303030303	MAGs from other families
MAG11241	0.063	0.97979798	MAGs from other families
MAG11318	0.063	0.97979798	MAGs from other families
MAG15809	0.063	0.272727273	MAGs from other families
MAG15965	0.063	0.720538721	MAGs from other families
MAG16409	0.063	0.622895623	MAGs from other families
MAG5739	0.063	0.976430976	MAGs from Phocaeicola
MAG10828	0.064	0.343434343	MAGs from other families
MAG14260	0.064	0.38047138	MAGs from other genus in Bacteroidaceae
MAG14449	0.064	0.764309764	MAGs from Phocaeicola
MAG16442	0.064	0.313131313	MAGs from other families
MAG3129	0.064	0.461279461	MAGs from other families
MAG4255	0.064	0.898989899	MAGs from other families
MAG5066	0.064	0.949494949	MAGs from other families
MAG5354	0.064	0.986531987	MAGs from other families
MAG8218	0.064	0.255892256	MAGs from other genus in Bacteroidaceae
MAG9892	0.064	0.303030303	MAGs from other families
MAG9901	0.064	0.838383838	MAGs from other families
MAG10229	0.065	0.616161616	MAGs from other families
MAG12583	0.065	0.579124579	MAGs from other genus in Bacteroidaceae
MAG13624	0.065	0.562289562	MAGs from other genus in Bacteroidaceae
MAG14962	0.065	0.686868687	MAGs from other families
MAG15381	0.065	0.720538721	MAGs from other genus in Bacteroidaceae
MAG22832	0.065	0.511784512	MAGs from other genus in Bacteroidaceae
MAG22884	0.065	0.96969697	MAGs from other families
MAG6265	0.065	0.387205387	MAGs from other families
MAG1041	0.066	0.811447811	MAGs from other genus in Bacteroidaceae
MAG10480	0.066	0.404040404	MAGs from other families
MAG12212	0.066	0.632996633	MAGs from Phocaeicola
MAG13046	0.066	0.420875421	MAGs from other genus in Bacteroidaceae
MAG13529	0.066	0.454545455	MAGs from other families
MAG14037	0.066	0.282828283	MAGs from other families
MAG14477	0.066	0.420875421	MAGs from other families
MAG18734	0.066	0.983164983	MAGs from other families
MAG22989	0.066	0.393939394	MAGs from other families
MAG4557	0.066	0.774410774	MAGs from other families
MAG5305	0.066	0.286195286	MAGs from other families
MAG715	0.066	0.481481481	MAGs from other families
MAG7280	0.066	0.740740741	MAGs from other families
MAG7287	0.066	0.828282828	MAGs from other families
MAG8672	0.066	0.558922559	MAGs from other genus in Bacteroidaceae
MAG9645	0.066	0.966329966	MAGs from other genus in Bacteroidaceae
MAG11579	0.067	0.451178451	MAGs from other families
MAG14040	0.067	0.62962963	MAGs from other families
MAG17640	0.067	0.498316498	MAGs from other families
MAG387	0.067	0.245791246	MAGs from other families
MAG4709	0.067	0.828282828	MAGs from other families
MAG5098	0.067	0.676767677	MAGs from other families
MAG7358	0.067	0.949494949	MAGs from other families
MAG7461	0.067	0.35016835	MAGs from other families
MAG8728	0.067	0.515151515	MAGs from other families
MAG8883	0.067	0.28956229	MAGs from other genus in Bacteroidaceae
MAG9669	0.067	0.387205387	MAGs from other families
MAG10296	0.068	0.595959596	MAGs from other families
MAG117	0.068	0.562289562	MAGs from other genus in Bacteroidaceae
MAG12032	0.068	0.996632997	MAGs from other families
MAG12132	0.068	0.707070707	MAGs from other families
MAG12576	0.068	0.69023569	MAGs from other families
MAG18254	0.068	0.771043771	MAGs from Phocaeicola
MAG19174	0.068	0.292929293	MAGs from other families
MAG21665	0.068	0.643097643	MAGs from other families
MAG4015	0.068	0.902356902	MAGs from other families
MAG4679	0.068	0.878787879	MAGs from other families
MAG7153	0.068	0.36026936	MAGs from other families
MAG7273	0.068	0.902356902	MAGs from other families
MAG7624	0.068	0.363636364	MAGs from other families
MAG772	0.068	0.276094276	MAGs from other families
MAG9448	0.068	0.461279461	MAGs from other families
MAG961	0.068	0.929292929	MAGs from other families
MAG10135	0.069	0.872053872	MAGs from other families
MAG10266	0.069	0.454545455	MAGs from Phocaeicola
MAG10759	0.069	0.824915825	MAGs from Phocaeicola
MAG1162	0.069	0.410774411	MAGs from other genus in Bacteroidaceae
MAG13501	0.069	0.222222222	MAGs from other families
MAG13627	0.069	0.218855219	MAGs from other families
MAG13659	0.069	0.673400673	MAGs from other families
MAG14243	0.069	0.976430976	MAGs from other families
MAG18106	0.069	0.845117845	MAGs from Phocaeicola
MAG737	0.069	0.696969697	MAGs from other genus in Bacteroidaceae
MAG8969	0.069	0.488215488	MAGs from other families
MAG13062	0.07	0.878787879	MAGs from other families
MAG14840	0.07	0.228956229	MAGs from other families
MAG15544	0.07	0.400673401	MAGs from Phocaeicola
MAG17323	0.07	0.95959596	MAGs from other genus in Bacteroidaceae
MAG17780	0.07	0.95959596	MAGs from other families
MAG19257	0.07	0.61952862	MAGs from other genus in Bacteroidaceae
MAG20190	0.07	0.986531987	MAGs from Phocaeicola
MAG20395	0.07	0.410774411	MAGs from other families
MAG7826	0.07	0.885521886	MAGs from other families
MAG9083	0.07	0.909090909	MAGs from other genus in Bacteroidaceae
MAG11793	0.071	0.555555556	MAGs from other families
MAG13315	0.071	0.824915825	MAGs from Phocaeicola
MAG14453	0.071	0.71043771	MAGs from other families
MAG14865	0.071	0.7003367	MAGs from other families
MAG16420	0.071	0.754208754	MAGs from other genus in Bacteroidaceae
MAG17315	0.071	0.326599327	MAGs from other families
MAG23065	0.071	0.831649832	MAGs from other families
MAG4033	0.071	0.882154882	MAGs from Phocaeicola
MAG4228	0.071	0.838383838	MAGs from other families
MAG9190	0.071	0.838383838	MAGs from other families
MAG9670	0.071	0.646464646	MAGs from other genus in Bacteroidaceae
MAG9773	0.071	0.912457912	MAGs from other families
MAG10360	0.072	0.61952862	MAGs from other families
MAG11248	0.072	0.451178451	MAGs from other genus in Bacteroidaceae
MAG12738	0.072	0.252525253	MAGs from other families
MAG15968	0.072	0.565656566	MAGs from other families
MAG16391	0.072	0.784511785	MAGs from other families
MAG17246	0.072	0.666666667	MAGs from other families
MAG1793	0.072	0.740740741	MAGs from Phocaeicola
MAG2051	0.072	0.562289562	MAGs from other genus in Bacteroidaceae
MAG20942	0.072	0.444444444	MAGs from other families
MAG2816	0.072	0.915824916	MAGs from other families
MAG4249	0.072	0.666666667	MAGs from other families
MAG4917	0.072	0.808080808	MAGs from other families
MAG5861	0.072	0.754208754	MAGs from other families
MAG5882	0.072	0.259259259	MAGs from other genus in Bacteroidaceae
MAG8370	0.072	0.259259259	MAGs from other families
MAG9068	0.072	0.28956229	MAGs from other families
MAG9507	0.072	0.572390572	MAGs from other families
MAG10598	0.073	1	MAGs from other genus in Bacteroidaceae
MAG12186	0.073	0.35016835	MAGs from other families
MAG16577	0.073	0.306397306	MAGs from other families
MAG17034	0.073	0.276094276	MAGs from other families
MAG17725	0.073	0.235690236	MAGs from other families
MAG19248	0.073	0.956228956	MAGs from other families
MAG22936	0.073	0.703703704	MAGs from other families
MAG4168	0.073	0.693602694	MAGs from other families
MAG4833	0.073	0.595959596	MAGs from other families
MAG5340	0.073	0.952861953	MAGs from other families
MAG6543	0.073	0.7003367	MAGs from other families
MAG9709	0.073	0.336700337	MAGs from other families
MAG9782	0.073	0.468013468	MAGs from other genus in Bacteroidaceae
MAG9806	0.073	0.589225589	MAGs from other genus in Bacteroidaceae
MAG10036	0.074	0.878787879	MAGs from Phocaeicola
MAG11128	0.074	0.582491582	MAGs from other families
MAG13828	0.074	0.538720539	MAGs from other families
MAG16470	0.074	0.983164983	MAGs from other families
MAG19740	0.074	0.420875421	MAGs from other families
MAG3186	0.074	0.228956229	MAGs from other families
MAG4706	0.074	0.865319865	MAGs from other families
MAG9206	0.074	0.781144781	MAGs from other families
MAG10166	0.075	0.474747475	MAGs from other families
MAG12757	0.075	0.461279461	MAGs from other genus in Bacteroidaceae
MAG15791	0.075	0.215488215	MAGs from other families
MAG17390	0.075	0.777777778	MAGs from other families
MAG21629	0.075	0.65993266	MAGs from Phocaeicola
MAG22906	0.075	0.212121212	MAGs from other families
MAG2671	0.075	0.333333333	MAGs from other families
MAG4890	0.075	0.228956229	MAGs from other families
MAG7378	0.075	0.902356902	MAGs from other families
MAG8530	0.075	0.265993266	MAGs from other families
MAG8930	0.075	0.791245791	MAGs from other genus in Bacteroidaceae
MAG10233	0.076	0.265993266	MAGs from other families
MAG10314	0.076	0.437710438	MAGs from other families
MAG12994	0.076	0.36026936	MAGs from other families
MAG13935	0.076	0.828282828	MAGs from other families
MAG14051	0.076	0.686868687	MAGs from other families
MAG14965	0.076	0.464646465	MAGs from other genus in Bacteroidaceae
MAG15663	0.076	0.848484848	MAGs from Phocaeicola
MAG16386	0.076	0.720538721	MAGs from other families
MAG18922	0.076	0.269360269	MAGs from other families
MAG2226	0.076	0.582491582	MAGs from Phocaeicola
MAG5704	0.076	0.892255892	MAGs from other families
MAG9194	0.076	0.885521886	MAGs from other families
MAG9356	0.076	0.276094276	MAGs from other families
MAG10837	0.077	0.531986532	MAGs from other genus in Bacteroidaceae
MAG13115	0.077	0.491582492	MAGs from other families
MAG1342	0.077	0.855218855	MAGs from other families
MAG15160	0.077	0.585858586	MAGs from other families
MAG23088	0.077	0.952861953	MAGs from Phocaeicola
MAG2740	0.077	0.245791246	MAGs from other families
MAG2933	0.077	0.279461279	MAGs from other families
MAG5589	0.077	0.845117845	MAGs from other families
MAG9610	0.077	0.2996633	MAGs from other genus in Bacteroidaceae
MAG11062	0.078	0.286195286	MAGs from other families
MAG11151	0.078	0.929292929	MAGs from other families
MAG14155	0.078	0.35016835	MAGs from other families
MAG14343	0.078	0.65993266	MAGs from other families
MAG17385	0.078	0.377104377	MAGs from other families
MAG18492	0.078	0.255892256	MAGs from other families
MAG19069	0.078	0.272727273	MAGs from other families
MAG19361	0.078	0.424242424	MAGs from other families
MAG22638	0.078	0.875420875	MAGs from Phocaeicola
MAG2787	0.078	0.468013468	MAGs from other families
MAG3246	0.078	0.531986532	MAGs from other families
MAG3781	0.078	0.787878788	MAGs from other families
MAG5839	0.078	0.589225589	MAGs from Phocaeicola
MAG14019	0.079	0.750841751	MAGs from other families
MAG21790	0.079	0.663299663	MAGs from Phocaeicola
MAG3017	0.079	0.962962963	MAGs from other families
MAG3951	0.079	0.781144781	MAGs from other families
MAG494	0.079	0.925925926	MAGs from other families
MAG5148	0.079	0.636363636	MAGs from other families
MAG5830	0.079	0.703703704	MAGs from other families
MAG6541	0.079	0.902356902	MAGs from other genus in Bacteroidaceae
MAG8163	0.079	0.356902357	MAGs from other families
MAG8667	0.079	0.892255892	MAGs from Phocaeicola
MAG10090	0.08	0.7003367	MAGs from other genus in Bacteroidaceae
MAG11653	0.08	0.912457912	MAGs from other genus in Bacteroidaceae
MAG2238	0.08	0.454545455	MAGs from Phocaeicola
MAG3932	0.08	0.202020202	MAGs from other families
MAG8415	0.08	0.861952862	MAGs from other families
MAG10860	0.081	0.427609428	MAGs from other families
MAG11271	0.081	0.265993266	MAGs from other families
MAG11911	0.081	0.397306397	MAGs from other families
MAG12665	0.081	0.303030303	MAGs from other families
MAG1318	0.081	0.636363636	MAGs from other families
MAG15557	0.081	0.653198653	MAGs from other families
MAG16304	0.081	0.7003367	MAGs from other families
MAG16431	0.081	0.279461279	MAGs from other families
MAG19301	0.081	0.956228956	MAGs from other genus in Bacteroidaceae
MAG22301	0.081	0.548821549	MAGs from other families
MAG22714	0.081	0.205387205	MAGs from other families
MAG8897	0.081	0.410774411	MAGs from other families
MAG9683	0.081	0.508417508	MAGs from other families
MAG12678	0.082	0.343434343	MAGs from other families
MAG14193	0.082	0.212121212	MAGs from other families
MAG14200	0.082	0.36026936	MAGs from other families
MAG14520	0.082	0.781144781	MAGs from Phocaeicola
MAG19898	0.082	0.754208754	MAGs from other families
MAG2236	0.082	0.279461279	MAGs from other families
MAG23362	0.082	0.696969697	MAGs from other families
MAG3931	0.082	0.929292929	MAGs from Phocaeicola
MAG5247	0.082	0.225589226	MAGs from other families
MAG10589	0.083	0.259259259	MAGs from other families
MAG13934	0.083	0.882154882	MAGs from other families
MAG17201	0.083	0.582491582	MAGs from other families
MAG17645	0.083	0.558922559	MAGs from other families
MAG20340	0.083	0.252525253	MAGs from other families
MAG22999	0.083	0.962962963	MAGs from other families
MAG3023	0.083	0.888888889	MAGs from other families
MAG4832	0.083	0.612794613	MAGs from other families
MAG7730	0.083	0.276094276	MAGs from other families
MAG8481	0.083	0.269360269	MAGs from other families
MAG9734	0.083	0.215488215	MAGs from other families
MAG13214	0.084	0.565656566	MAGs from other families
MAG158	0.084	0.515151515	MAGs from other genus in Bacteroidaceae
MAG16514	0.084	0.582491582	MAGs from other families
MAG17627	0.084	0.363636364	MAGs from other families
MAG17891	0.084	0.215488215	MAGs from other families
MAG2762	0.084	0.235690236	MAGs from other families
MAG3674	0.084	0.434343434	MAGs from other families
MAG3904	0.084	0.424242424	MAGs from other genus in Bacteroidaceae
MAG8743	0.084	0.501683502	MAGs from other genus in Bacteroidaceae
MAG12131	0.085	0.95959596	MAGs from other families
MAG13477	0.085	0.343434343	MAGs from other families
MAG15661	0.085	0.498316498	MAGs from other genus in Bacteroidaceae
MAG17152	0.085	0.28956229	MAGs from other families
MAG20015	0.085	0.821548822	MAGs from other families
MAG21228	0.085	0.407407407	MAGs from other genus in Bacteroidaceae
MAG4723	0.085	0.861952862	MAGs from other genus in Bacteroidaceae
MAG6701	0.085	0.720538721	MAGs from other families
MAG13405	0.086	0.609427609	MAGs from other families
MAG14263	0.086	0.36026936	MAGs from other families
MAG14280	0.086	0.202020202	MAGs from other families
MAG17003	0.086	0.821548822	MAGs from other genus in Bacteroidaceae
MAG2484	0.086	0.323232323	MAGs from other families
MAG5073	0.086	0.63973064	MAGs from other families
MAG8405	0.086	0.898989899	MAGs from other genus in Bacteroidaceae
MAG9919	0.086	0.505050505	MAGs from other families
MAG10647	0.087	0.323232323	MAGs from other families
MAG1325	0.087	0.592592593	MAGs from other families
MAG21996	0.087	0.269360269	MAGs from other families
MAG4509	0.087	0.272727273	MAGs from other families
MAG5790	0.087	0.784511785	MAGs from other families
MAG8525	0.087	0.356902357	MAGs from other families
MAG10519	0.088	0.265993266	MAGs from other families
MAG1317	0.088	0.488215488	MAGs from other families
MAG13988	0.088	0.387205387	MAGs from other families
MAG16238	0.088	0.38047138	MAGs from other families
MAG17507	0.088	0.242424242	MAGs from other families
MAG18619	0.088	0.892255892	MAGs from other families
MAG6021	0.088	0.892255892	MAGs from other families
MAG9099	0.088	0.68013468	MAGs from other families
MAG10656	0.089	0.242424242	MAGs from other families
MAG13015	0.089	0.838383838	MAGs from Phocaeicola
MAG15110	0.089	0.464646465	MAGs from other families
MAG16560	0.089	0.245791246	MAGs from other families
MAG19271	0.089	0.68013468	MAGs from other families
MAG4391	0.089	0.249158249	MAGs from other families
MAG4483	0.089	0.377104377	MAGs from other families
MAG4633	0.089	0.905723906	MAGs from other families
MAG676	0.089	0.377104377	MAGs from other families
MAG7263	0.089	0.595959596	MAGs from other families
MAG8966	0.089	0.400673401	MAGs from other families
MAG15285	0.09	0.31986532	MAGs from other families
MAG19506	0.09	0.468013468	MAGs from other families
MAG19995	0.09	0.865319865	MAGs from other genus in Bacteroidaceae
MAG2044	0.09	0.232323232	MAGs from other families
MAG20529	0.09	0.764309764	MAGs from other families
MAG21902	0.09	0.279461279	MAGs from other families
MAG22	0.09	0.794612795	MAGs from other families
MAG4294	0.09	0.720538721	MAGs from other families
MAG4693	0.09	0.383838384	MAGs from other families
MAG9319	0.09	0.643097643	MAGs from other families
MAG10725	0.091	0.232323232	MAGs from other families
MAG11470	0.091	0.390572391	MAGs from other families
MAG11987	0.091	0.407407407	MAGs from other families
MAG14138	0.091	0.245791246	MAGs from other families
MAG15010	0.091	0.34006734	MAGs from other families
MAG17806	0.091	0.447811448	MAGs from other families
MAG19290	0.091	0.323232323	MAGs from other genus in Bacteroidaceae
MAG5161	0.091	0.276094276	MAGs from other families
MAG8515	0.091	0.30976431	MAGs from other families
MAG8938	0.091	0.225589226	MAGs from other genus in Bacteroidaceae
MAG12525	0.092	0.303030303	MAGs from other families
MAG13585	0.092	0.774410774	MAGs from other genus in Bacteroidaceae
MAG16947	0.092	0.2996633	MAGs from other families
MAG17729	0.092	0.545454545	MAGs from Phocaeicola
MAG18301	0.092	0.757575758	MAGs from other families
MAG18677	0.092	0.898989899	MAGs from other families
MAG21390	0.092	0.545454545	MAGs from other genus in Bacteroidaceae
MAG5278	0.092	0.252525253	MAGs from other families
MAG5593	0.092	0.976430976	MAGs from other families
MAG7886	0.092	0.215488215	MAGs from other families
MAG9959	0.092	0.255892256	MAGs from other families
MAG10352	0.093	0.212121212	MAGs from other families
MAG11032	0.093	0.966329966	MAGs from other genus in Bacteroidaceae
MAG11501	0.093	0.461279461	MAGs from other families
MAG11733	0.093	0.303030303	MAGs from other families
MAG13224	0.093	0.609427609	MAGs from other genus in Bacteroidaceae
MAG14278	0.093	0.417508418	MAGs from other families
MAG14285	0.093	0.222222222	MAGs from other families
MAG16016	0.093	0.292929293	MAGs from other families
MAG17233	0.093	0.336700337	MAGs from other families
MAG23012	0.093	0.215488215	MAGs from other genus in Bacteroidaceae
MAG4158	0.093	0.202020202	MAGs from other families
MAG5097	0.093	0.255892256	MAGs from other families
MAG9441	0.093	0.38047138	MAGs from other families
MAG10840	0.094	0.343434343	MAGs from other families
MAG11328	0.094	0.242424242	MAGs from other families
MAG11607	0.094	0.38047138	MAGs from other families
MAG12817	0.094	0.245791246	MAGs from other families
MAG22687	0.094	0.356902357	MAGs from other families
MAG3233	0.094	0.585858586	MAGs from other genus in Bacteroidaceae
MAG4534	0.094	0.96969697	MAGs from other families
MAG5585	0.094	0.787878788	MAGs from other families
MAG7462	0.094	0.713804714	MAGs from other families
MAG8907	0.094	0.595959596	MAGs from other families
MAG9764	0.094	0.61952862	MAGs from other families
MAG10053	0.095	0.232323232	MAGs from other families
MAG10247	0.095	0.713804714	MAGs from other families
MAG11233	0.095	0.548821549	MAGs from other families
MAG19971	0.095	0.424242424	MAGs from other families
MAG21612	0.095	0.558922559	MAGs from other genus in Bacteroidaceae
MAG22911	0.095	0.673400673	MAGs from other genus in Bacteroidaceae
MAG3667	0.095	0.973063973	MAGs from Phocaeicola
MAG4203	0.095	0.878787879	MAGs from other families
MAG4583	0.095	0.397306397	MAGs from other families
MAG6371	0.095	0.346801347	MAGs from other families
MAG7094	0.095	0.447811448	MAGs from other families
MAG7433	0.095	0.286195286	MAGs from other families
MAG8764	0.095	0.34006734	MAGs from other families
MAG10720	0.096	0.333333333	MAGs from other families
MAG12170	0.096	0.501683502	MAGs from other genus in Bacteroidaceae
MAG12580	0.096	0.7003367	MAGs from other families
MAG15986	0.096	0.952861953	MAGs from other families
MAG18334	0.096	0.232323232	MAGs from other genus in Bacteroidaceae
MAG2292	0.096	0.28956229	MAGs from Phocaeicola
MAG23221	0.096	0.936026936	MAGs from Phocaeicola
MAG3027	0.096	0.222222222	MAGs from other families
MAG324	0.096	0.814814815	MAGs from Phocaeicola
MAG3355	0.096	0.956228956	MAGs from other families
MAG4110	0.096	0.356902357	MAGs from other families
MAG5557	0.096	0.841750842	MAGs from other genus in Bacteroidaceae
MAG7463	0.096	0.952861953	MAGs from other families
MAG11036	0.097	0.377104377	MAGs from other families
MAG12031	0.097	0.252525253	MAGs from other families
MAG12249	0.097	0.377104377	MAGs from other families
MAG12653	0.097	0.97979798	MAGs from other families
MAG14863	0.097	0.437710438	MAGs from other families
MAG15029	0.097	0.36026936	MAGs from other families
MAG15407	0.097	0.734006734	MAGs from other families
MAG17122	0.097	0.595959596	MAGs from other families
MAG593	0.097	0.905723906	MAGs from Phocaeicola
MAG9237	0.097	0.542087542	MAGs from other genus in Bacteroidaceae
MAG12890	0.098	0.838383838	MAGs from Phocaeicola
MAG16165	0.098	0.636363636	MAGs from other families
MAG17163	0.098	0.255892256	MAGs from other families
MAG17611	0.098	0.222222222	MAGs from other families
MAG19731	0.098	0.828282828	MAGs from other families
MAG20718	0.098	0.69023569	MAGs from Phocaeicola
MAG22728	0.098	0.949494949	MAGs from Phocaeicola
MAG4379	0.098	0.801346801	MAGs from other families
MAG5194	0.098	0.653198653	MAGs from other families
MAG9191	0.098	0.239057239	MAGs from other families
MAG10676	0.099	0.808080808	MAGs from other genus in Bacteroidaceae
MAG10995	0.099	0.521885522	MAGs from other families
MAG12387	0.099	0.599326599	MAGs from other families
MAG12780	0.099	0.400673401	MAGs from other genus in Bacteroidaceae
MAG14157	0.099	0.531986532	MAGs from other families
MAG15201	0.099	0.343434343	MAGs from other families
MAG16927	0.099	0.552188552	MAGs from other families
MAG22894	0.099	0.38047138	MAGs from other families
MAG2377	0.099	0.390572391	MAGs from other families
MAG4537	0.099	0.612794613	MAGs from Phocaeicola
MAG848	0.099	0.616161616	MAGs from other families
MAG9770	0.099	0.865319865	MAGs from other families
MAG10028	0.1	0.983164983	MAGs from other families
MAG10155	0.1	0.592592593	MAGs from other genus in Bacteroidaceae
MAG1117	0.1	0.498316498	MAGs from other families
MAG11221	0.1	0.740740741	MAGs from other families
MAG12320	0.1	0.228956229	MAGs from other families
MAG12393	0.1	0.589225589	MAGs from other families
MAG12476	0.1	0.562289562	MAGs from other families
MAG132	0.1	0.286195286	MAGs from other families
MAG13836	0.1	0.898989899	MAGs from Phocaeicola
MAG13948	0.1	0.986531987	MAGs from other families
MAG15359	0.1	0.326599327	MAGs from other families
MAG15523	0.1	0.855218855	MAGs from other families
MAG15726	0.1	0.63973064	MAGs from Phocaeicola
MAG16521	0.1	0.858585859	MAGs from other families
MAG16597	0.1	0.811447811	MAGs from other genus in Bacteroidaceae
MAG16682	0.1	0.565656566	MAGs from other families
MAG16851	0.1	0.774410774	MAGs from other families
MAG16969	0.1	0.909090909	MAGs from other families
MAG17202	0.1	0.737373737	MAGs from other families
MAG17607	0.1	0.720538721	MAGs from other families
MAG17753	0.1	0.734006734	MAGs from other families
MAG17826	0.1	0.754208754	MAGs from other families
MAG18129	0.1	0.333333333	MAGs from other families
MAG19299	0.1	0.488215488	MAGs from other families
MAG19911	0.1	0.417508418	MAGs from other families
MAG20292	0.1	0.225589226	MAGs from other families
MAG20895	0.1	0.245791246	MAGs from other genus in Bacteroidaceae
MAG22069	0.1	0.225589226	MAGs from other families
MAG22673	0.1	0.663299663	MAGs from other families
MAG2473	0.1	0.208754209	MAGs from other families
MAG2850	0.1	0.882154882	MAGs from other families
MAG3064	0.1	0.858585859	MAGs from other families
MAG3127	0.1	0.653198653	MAGs from other families
MAG3481	0.1	0.575757576	MAGs from other families
MAG3516	0.1	0.929292929	MAGs from Phocaeicola
MAG4202	0.1	0.494949495	MAGs from other genus in Bacteroidaceae
MAG4205	0.1	0.952861953	MAGs from other families
MAG4300	0.1	0.202020202	MAGs from other families
MAG4579	0.1	0.666666667	MAGs from other genus in Bacteroidaceae
MAG4628	0.1	0.962962963	MAGs from Phocaeicola
MAG470	0.1	0.757575758	MAGs from other genus in Bacteroidaceae
MAG5549	0.1	0.875420875	MAGs from other families
MAG5950	0.1	0.774410774	MAGs from other families
MAG5997	0.1	0.424242424	MAGs from other families
MAG6066	0.1	0.747474747	MAGs from other families
MAG6314	0.1	0.205387205	MAGs from other families
MAG697	0.1	0.757575758	MAGs from other genus in Bacteroidaceae
MAG7239	0.1	0.98989899	MAGs from other genus in Bacteroidaceae
MAG7384	0.1	0.37037037	MAGs from other genus in Bacteroidaceae
MAG7591	0.1	0.333333333	MAGs from other families
MAG8282	0.1	0.373737374	MAGs from other families
MAG8567	0.1	0.225589226	MAGs from other families
MAG9149	0.1	0.592592593	MAGs from other genus in Bacteroidaceae
MAG9314	0.1	0.508417508	MAGs from Phocaeicola
MAG9345	0.1	0.356902357	MAGs from other families
MAG949	0.1	0.427609428	MAGs from other families
MAG10226	0.11	0.393939394	MAGs from other families
MAG10236	0.11	0.2996633	MAGs from other families
MAG10382	0.11	0.202020202	MAGs from other families
MAG10540	0.11	0.272727273	MAGs from other families
MAG1067	0.11	0.791245791	MAGs from other genus in Bacteroidaceae
MAG10895	0.11	0.282828283	MAGs from other genus in Bacteroidaceae
MAG10991	0.11	0.326599327	MAGs from other families
MAG11115	0.11	0.222222222	MAGs from other families
MAG11219	0.11	0.771043771	MAGs from other families
MAG11538	0.11	0.326599327	MAGs from other families
MAG11605	0.11	0.626262626	MAGs from other families
MAG11680	0.11	0.555555556	MAGs from other families
MAG11954	0.11	0.478114478	MAGs from other families
MAG12095	0.11	0.67003367	MAGs from other families
MAG12232	0.11	0.326599327	MAGs from other families
MAG13026	0.11	0.225589226	MAGs from other families
MAG13064	0.11	0.303030303	MAGs from other families
MAG13524	0.11	0.64983165	MAGs from other families
MAG13556	0.11	1	MAGs from other families
MAG13578	0.11	0.417508418	MAGs from other genus in Bacteroidaceae
MAG13797	0.11	0.252525253	MAGs from other families
MAG13813	0.11	0.249158249	MAGs from other families
MAG14056	0.11	0.653198653	MAGs from other families
MAG14425	0.11	0.932659933	MAGs from other families
MAG15027	0.11	0.498316498	MAGs from other families
MAG15083	0.11	0.525252525	MAGs from other families
MAG15815	0.11	0.316498316	MAGs from other families
MAG16114	0.11	0.65993266	MAGs from other families
MAG16154	0.11	0.562289562	MAGs from other families
MAG16324	0.11	0.494949495	MAGs from other families
MAG16455	0.11	0.922558923	MAGs from other families
MAG16491	0.11	0.98989899	MAGs from other families
MAG17436	0.11	0.69023569	MAGs from other families
MAG17463	0.11	0.286195286	MAGs from other families
MAG17464	0.11	0.235690236	MAGs from other families
MAG17869	0.11	0.269360269	MAGs from other families
MAG18583	0.11	0.212121212	MAGs from other families
MAG18597	0.11	0.481481481	MAGs from other families
MAG18724	0.11	0.929292929	MAGs from other families
MAG19365	0.11	0.919191919	MAGs from Phocaeicola
MAG19584	0.11	0.595959596	MAGs from other families
MAG19594	0.11	0.888888889	MAGs from other families
MAG19701	0.11	0.474747475	MAGs from other families
MAG19880	0.11	0.962962963	MAGs from other genus in Bacteroidaceae
MAG1996	0.11	0.851851852	MAGs from other families
MAG2049	0.11	0.912457912	MAGs from other families
MAG20555	0.11	0.313131313	MAGs from other families
MAG20561	0.11	0.255892256	MAGs from Phocaeicola
MAG20590	0.11	0.905723906	MAGs from other genus in Bacteroidaceae
MAG20727	0.11	0.215488215	MAGs from other genus in Bacteroidaceae
MAG20987	0.11	0.373737374	MAGs from other families
MAG21520	0.11	0.457912458	MAGs from other genus in Bacteroidaceae
MAG21648	0.11	0.265993266	MAGs from other families
MAG22365	0.11	0.215488215	MAGs from other genus in Bacteroidaceae
MAG22507	0.11	0.518518519	MAGs from other families
MAG22880	0.11	0.249158249	MAGs from other families
MAG2534	0.11	0.336700337	MAGs from other families
MAG2687	0.11	0.61952862	MAGs from other families
MAG3120	0.11	0.37037037	MAGs from other families
MAG3176	0.11	0.205387205	MAGs from other families
MAG3555	0.11	0.336700337	MAGs from Phocaeicola
MAG3919	0.11	0.764309764	MAGs from other genus in Bacteroidaceae
MAG4456	0.11	0.471380471	MAGs from other families
MAG4506	0.11	0.68013468	MAGs from other families
MAG4581	0.11	0.535353535	MAGs from other genus in Bacteroidaceae
MAG4624	0.11	0.821548822	MAGs from Phocaeicola
MAG4688	0.11	0.252525253	MAGs from other genus in Bacteroidaceae
MAG4725	0.11	0.952861953	MAGs from other families
MAG4737	0.11	0.265993266	MAGs from other genus in Bacteroidaceae
MAG4847	0.11	0.703703704	MAGs from other families
MAG5132	0.11	0.28956229	MAGs from other families
MAG5396	0.11	0.973063973	MAGs from other families
MAG5454	0.11	0.279461279	MAGs from other families
MAG5515	0.11	0.653198653	MAGs from other families
MAG5719	0.11	0.63973064	MAGs from other families
MAG6509	0.11	0.208754209	MAGs from other families
MAG6676	0.11	0.225589226	MAGs from other families
MAG7247	0.11	0.818181818	MAGs from other genus in Bacteroidaceae
MAG7270	0.11	0.468013468	MAGs from other families
MAG7278	0.11	0.895622896	MAGs from Phocaeicola
MAG7309	0.11	0.269360269	MAGs from other families
MAG7339	0.11	0.424242424	MAGs from other families
MAG7482	0.11	0.265993266	MAGs from other genus in Bacteroidaceae
MAG8176	0.11	0.898989899	MAGs from other genus in Bacteroidaceae
MAG8343	0.11	0.218855219	MAGs from other families
MAG8441	0.11	0.808080808	MAGs from other families
MAG8493	0.11	0.602693603	MAGs from other families
MAG8879	0.11	0.868686869	MAGs from other families
MAG8917	0.11	0.895622896	MAGs from other families
MAG9202	0.11	0.636363636	MAGs from other families
MAG934	0.11	0.434343434	MAGs from other families
MAG9350	0.11	0.666666667	MAGs from other families
MAG9411	0.11	0.922558923	MAGs from other families
MAG9452	0.11	0.774410774	MAGs from other families
MAG957	0.11	0.454545455	MAGs from other families
MAG9634	0.11	0.478114478	MAGs from other families
MAG9694	0.11	0.276094276	MAGs from other families
MAG9779	0.11	0.734006734	MAGs from other families
MAG9851	0.11	0.279461279	MAGs from other families
MAG9946	0.11	0.696969697	MAGs from Phocaeicola
MAG10234	0.12	0.865319865	MAGs from other families
MAG10421	0.12	0.774410774	MAGs from other genus in Bacteroidaceae
MAG10445	0.12	0.993265993	MAGs from other genus in Bacteroidaceae
MAG1048	0.12	0.279461279	MAGs from other families
MAG11146	0.12	0.377104377	MAGs from other families
MAG11465	0.12	0.28956229	MAGs from other families
MAG11543	0.12	0.2996633	MAGs from other families
MAG11750	0.12	0.757575758	MAGs from other families
MAG11783	0.12	0.996632997	MAGs from other genus in Bacteroidaceae
MAG11787	0.12	0.996632997	MAGs from other families
MAG11977	0.12	0.744107744	MAGs from other families
MAG12072	0.12	0.400673401	MAGs from other families
MAG12479	0.12	0.575757576	MAGs from other families
MAG12542	0.12	0.821548822	MAGs from Phocaeicola
MAG12764	0.12	0.205387205	MAGs from other families
MAG13032	0.12	0.696969697	MAGs from other families
MAG13235	0.12	0.562289562	MAGs from other families
MAG13284	0.12	0.855218855	MAGs from other families
MAG13310	0.12	0.521885522	MAGs from other families
MAG13362	0.12	0.498316498	MAGs from other families
MAG13531	0.12	0.218855219	MAGs from other families
MAG13795	0.12	0.259259259	MAGs from other families
MAG13859	0.12	0.306397306	MAGs from other families
MAG14126	0.12	0.255892256	MAGs from other families
MAG14164	0.12	0.737373737	MAGs from other families
MAG15295	0.12	0.2996633	MAGs from other families
MAG15786	0.12	0.791245791	MAGs from other families
MAG16299	0.12	0.208754209	MAGs from other families
MAG16351	0.12	0.36026936	MAGs from other families
MAG16427	0.12	0.225589226	MAGs from other families
MAG16543	0.12	0.474747475	MAGs from other genus in Bacteroidaceae
MAG16573	0.12	0.521885522	MAGs from other families
MAG16803	0.12	0.609427609	MAGs from other families
MAG16868	0.12	0.404040404	MAGs from other families
MAG16907	0.12	0.973063973	MAGs from other families
MAG17304	0.12	0.720538721	MAGs from other families
MAG17403	0.12	0.252525253	MAGs from other families
MAG17532	0.12	0.707070707	MAGs from Phocaeicola
MAG17845	0.12	0.474747475	MAGs from other families
MAG17982	0.12	0.232323232	MAGs from other families
MAG19517	0.12	0.2996633	MAGs from other families
MAG19688	0.12	0.208754209	MAGs from other families
MAG19868	0.12	0.939393939	MAGs from Phocaeicola
MAG20110	0.12	0.343434343	MAGs from other families
MAG20210	0.12	0.818181818	MAGs from other families
MAG20276	0.12	0.205387205	MAGs from other families
MAG20448	0.12	0.259259259	MAGs from other families
MAG20514	0.12	0.767676768	MAGs from other genus in Bacteroidaceae
MAG21322	0.12	0.797979798	MAGs from other families
MAG21809	0.12	0.35016835	MAGs from other families
MAG2261	0.12	0.491582492	MAGs from other families
MAG22652	0.12	0.606060606	MAGs from other families
MAG2704	0.12	0.750841751	MAGs from other families
MAG2919	0.12	0.282828283	MAGs from other families
MAG3016	0.12	0.262626263	MAGs from other families
MAG3283	0.12	0.491582492	MAGs from other families
MAG3414	0.12	0.67003367	MAGs from other families
MAG3426	0.12	0.38047138	MAGs from other families
MAG3436	0.12	0.292929293	MAGs from other families
MAG3443	0.12	0.96969697	MAGs from other families
MAG380	0.12	0.771043771	MAGs from other families
MAG4067	0.12	0.232323232	MAGs from other families
MAG4309	0.12	0.511784512	MAGs from other families
MAG4317	0.12	0.292929293	MAGs from other families
MAG4361	0.12	0.589225589	MAGs from other genus in Bacteroidaceae
MAG4374	0.12	0.228956229	MAGs from other families
MAG4626	0.12	0.804713805	MAGs from other families
MAG4653	0.12	0.437710438	MAGs from other families
MAG4878	0.12	0.228956229	MAGs from other families
MAG4984	0.12	0.28956229	MAGs from other families
MAG5034	0.12	0.754208754	MAGs from other families
MAG5279	0.12	0.255892256	MAGs from other families
MAG5806	0.12	0.612794613	MAGs from other families
MAG5857	0.12	0.279461279	MAGs from other families
MAG6511	0.12	0.760942761	MAGs from other families
MAG6774	0.12	0.511784512	MAGs from other families
MAG6920	0.12	0.811447811	MAGs from other genus in Bacteroidaceae
MAG7284	0.12	0.323232323	MAGs from other families
MAG7520	0.12	0.222222222	MAGs from other families
MAG8256	0.12	0.444444444	MAGs from other families
MAG826	0.12	0.562289562	MAGs from other families
MAG8460	0.12	0.239057239	MAGs from other families
MAG861	0.12	0.96969697	MAGs from other families
MAG8714	0.12	0.37037037	MAGs from other families
MAG8802	0.12	0.202020202	MAGs from other families
MAG9147	0.12	0.218855219	MAGs from other families
MAG9271	0.12	0.212121212	MAGs from other families
MAG9347	0.12	0.804713805	MAGs from other families
MAG9643	0.12	0.595959596	MAGs from other families
MAG984	0.12	0.373737374	MAGs from other families
MAG9911	0.12	0.36026936	MAGs from other families
MAG9915	0.12	0.410774411	MAGs from other families
MAG9976	0.12	0.750841751	MAGs from other families
MAG10187	0.13	0.30976431	MAGs from other families
MAG10257	0.13	0.296296296	MAGs from other genus in Bacteroidaceae
MAG10306	0.13	0.905723906	MAGs from other genus in Bacteroidaceae
MAG10312	0.13	0.589225589	MAGs from other families
MAG10794	0.13	0.925925926	MAGs from other families
MAG10807	0.13	0.96969697	MAGs from other families
MAG10983	0.13	0.508417508	MAGs from other families
MAG11199	0.13	0.508417508	MAGs from other families
MAG11738	0.13	0.723905724	MAGs from other families
MAG11900	0.13	0.420875421	MAGs from other genus in Bacteroidaceae
MAG11907	0.13	0.255892256	MAGs from other families
MAG11955	0.13	0.313131313	MAGs from other families
MAG12358	0.13	0.407407407	MAGs from other families
MAG12639	0.13	0.757575758	MAGs from other families
MAG1288	0.13	0.400673401	MAGs from other families
MAG13468	0.13	0.585858586	MAGs from other genus in Bacteroidaceae
MAG13582	0.13	0.373737374	MAGs from other families
MAG13622	0.13	0.966329966	MAGs from other families
MAG13685	0.13	0.686868687	MAGs from other families
MAG13719	0.13	0.323232323	MAGs from other families
MAG13823	0.13	0.976430976	MAGs from other families
MAG14013	0.13	0.373737374	MAGs from other families
MAG14174	0.13	0.791245791	MAGs from other families
MAG14403	0.13	0.249158249	MAGs from other families
MAG14448	0.13	0.966329966	MAGs from other families
MAG14551	0.13	0.478114478	MAGs from other families
MAG14788	0.13	0.242424242	MAGs from other families
MAG15204	0.13	0.558922559	MAGs from other families
MAG15308	0.13	0.62962963	MAGs from other families
MAG15486	0.13	0.956228956	MAGs from other genus in Bacteroidaceae
MAG15567	0.13	0.518518519	MAGs from other families
MAG15820	0.13	0.696969697	MAGs from Phocaeicola
MAG15931	0.13	0.420875421	MAGs from other families
MAG16195	0.13	0.202020202	MAGs from other families
MAG16397	0.13	0.323232323	MAGs from other families
MAG16480	0.13	0.734006734	MAGs from Phocaeicola
MAG16638	0.13	0.235690236	MAGs from other families
MAG16761	0.13	0.387205387	MAGs from other genus in Bacteroidaceae
MAG16954	0.13	0.239057239	MAGs from other families
MAG17055	0.13	0.323232323	MAGs from other families
MAG17362	0.13	0.333333333	MAGs from other families
MAG17549	0.13	0.245791246	MAGs from other families
MAG17716	0.13	0.225589226	MAGs from other families
MAG17781	0.13	0.252525253	MAGs from other families
MAG18029	0.13	0.259259259	MAGs from other families
MAG19240	0.13	0.461279461	MAGs from other families
MAG19292	0.13	0.63973064	MAGs from other families
MAG19669	0.13	0.390572391	MAGs from other families
MAG20108	0.13	0.589225589	MAGs from other families
MAG20176	0.13	0.895622896	MAGs from Phocaeicola
MAG20601	0.13	0.356902357	MAGs from other families
MAG20657	0.13	0.367003367	MAGs from other genus in Bacteroidaceae
MAG21650	0.13	0.538720539	MAGs from Phocaeicola
MAG21692	0.13	0.262626263	MAGs from other genus in Bacteroidaceae
MAG21694	0.13	0.548821549	MAGs from Phocaeicola
MAG22091	0.13	0.592592593	MAGs from other families
MAG22499	0.13	0.262626263	MAGs from other families
MAG22948	0.13	0.205387205	MAGs from other families
MAG23241	0.13	0.208754209	MAGs from other families
MAG2406	0.13	0.353535354	MAGs from other families
MAG2438	0.13	0.390572391	MAGs from other families
MAG252	0.13	0.872053872	MAGs from other families
MAG2830	0.13	0.545454545	MAGs from other families
MAG3071	0.13	0.855218855	MAGs from Phocaeicola
MAG3101	0.13	0.255892256	MAGs from Phocaeicola
MAG3184	0.13	0.306397306	MAGs from other families
MAG3244	0.13	0.760942761	MAGs from other families
MAG378	0.13	0.919191919	MAGs from other genus in Bacteroidaceae
MAG4108	0.13	0.481481481	MAGs from other families
MAG4489	0.13	0.609427609	MAGs from other genus in Bacteroidaceae
MAG4757	0.13	0.245791246	MAGs from other families
MAG4776	0.13	0.915824916	MAGs from other families
MAG4881	0.13	0.323232323	MAGs from other families
MAG5229	0.13	0.538720539	MAGs from other families
MAG5533	0.13	0.723905724	MAGs from other families
MAG5567	0.13	0.676767677	MAGs from other families
MAG5655	0.13	0.417508418	MAGs from other families
MAG5668	0.13	0.986531987	MAGs from other genus in Bacteroidaceae
MAG6143	0.13	0.222222222	MAGs from other families
MAG730	0.13	0.575757576	MAGs from Phocaeicola
MAG7341	0.13	0.777777778	MAGs from other families
MAG8327	0.13	0.484848485	MAGs from other families
MAG8506	0.13	0.225589226	MAGs from other families
MAG8912	0.13	0.205387205	MAGs from other families
MAG9046	0.13	0.232323232	MAGs from other families
MAG9277	0.13	0.232323232	MAGs from other families
MAG9335	0.13	0.747474747	MAGs from other families
MAG9786	0.13	0.61952862	MAGs from other families
MAG10383	0.14	0.538720539	MAGs from other families
MAG10465	0.14	0.262626263	MAGs from other families
MAG10493	0.14	0.242424242	MAGs from other families
MAG10686	0.14	0.781144781	MAGs from other families
MAG10778	0.14	0.511784512	MAGs from other genus in Bacteroidaceae
MAG10783	0.14	0.804713805	MAGs from other families
MAG10941	0.14	0.296296296	MAGs from other genus in Bacteroidaceae
MAG10981	0.14	0.646464646	MAGs from other families
MAG11174	0.14	0.602693603	MAGs from other families
MAG11350	0.14	0.646464646	MAGs from other families
MAG11421	0.14	0.835016835	MAGs from other families
MAG11426	0.14	0.202020202	MAGs from other families
MAG12022	0.14	0.626262626	MAGs from other families
MAG12179	0.14	0.205387205	MAGs from other families
MAG12294	0.14	0.276094276	MAGs from other families
MAG12330	0.14	0.255892256	MAGs from other families
MAG12356	0.14	0.740740741	MAGs from other families
MAG12364	0.14	0.824915825	MAGs from other families
MAG12438	0.14	0.208754209	MAGs from other families
MAG12507	0.14	0.451178451	MAGs from other families
MAG12621	0.14	0.306397306	MAGs from other families
MAG12703	0.14	0.36026936	MAGs from other genus in Bacteroidaceae
MAG12940	0.14	0.404040404	MAGs from other genus in Bacteroidaceae
MAG13207	0.14	0.306397306	MAGs from other families
MAG13605	0.14	0.208754209	MAGs from other families
MAG13720	0.14	0.508417508	MAGs from other families
MAG13784	0.14	0.390572391	MAGs from other families
MAG138	0.14	0.215488215	MAGs from other families
MAG13831	0.14	0.407407407	MAGs from other families
MAG14006	0.14	0.208754209	MAGs from other families
MAG1455	0.14	0.259259259	MAGs from other families
MAG14607	0.14	0.666666667	MAGs from other families
MAG14833	0.14	0.212121212	MAGs from other families
MAG15319	0.14	0.929292929	MAGs from other genus in Bacteroidaceae
MAG15363	0.14	0.501683502	MAGs from other families
MAG15913	0.14	0.259259259	MAGs from other families
MAG16019	0.14	0.38047138	MAGs from other families
MAG16313	0.14	0.35016835	MAGs from other families
MAG16644	0.14	0.259259259	MAGs from other families
MAG16666	0.14	0.744107744	MAGs from other families
MAG16846	0.14	0.245791246	MAGs from other families
MAG16906	0.14	0.269360269	MAGs from other genus in Bacteroidaceae
MAG17093	0.14	0.545454545	MAGs from other families
MAG17383	0.14	0.572390572	MAGs from other families
MAG1754	0.14	0.915824916	MAGs from Phocaeicola
MAG17704	0.14	0.245791246	MAGs from other families
MAG17755	0.14	0.612794613	MAGs from other families
MAG17861	0.14	0.505050505	MAGs from other families
MAG18143	0.14	0.296296296	MAGs from other families
MAG18329	0.14	0.333333333	MAGs from other families
MAG18488	0.14	0.286195286	MAGs from other families
MAG18989	0.14	0.303030303	MAGs from other families
MAG19721	0.14	0.407407407	MAGs from other families
MAG19919	0.14	0.757575758	MAGs from other families
MAG20269	0.14	0.855218855	MAGs from other families
MAG21297	0.14	0.962962963	MAGs from other families
MAG22610	0.14	0.336700337	MAGs from other genus in Bacteroidaceae
MAG22820	0.14	0.484848485	MAGs from other families
MAG2633	0.14	0.983164983	MAGs from other genus in Bacteroidaceae
MAG2906	0.14	0.316498316	MAGs from other genus in Bacteroidaceae
MAG2972	0.14	0.31986532	MAGs from other families
MAG3145	0.14	0.478114478	MAGs from other families
MAG3698	0.14	0.202020202	MAGs from Phocaeicola
MAG4114	0.14	0.313131313	MAGs from other families
MAG4327	0.14	0.643097643	MAGs from other families
MAG4406	0.14	0.841750842	MAGs from other families
MAG4458	0.14	0.592592593	MAGs from Phocaeicola
MAG4472	0.14	0.821548822	MAGs from Phocaeicola
MAG4500	0.14	0.861952862	MAGs from Phocaeicola
MAG4882	0.14	0.437710438	MAGs from other families
MAG4909	0.14	0.232323232	MAGs from other families
MAG5586	0.14	0.98989899	MAGs from other genus in Bacteroidaceae
MAG5687	0.14	0.565656566	MAGs from other families
MAG6268	0.14	0.222222222	MAGs from other families
MAG6504	0.14	0.410774411	MAGs from other families
MAG6990	0.14	0.831649832	MAGs from other families
MAG7788	0.14	0.410774411	MAGs from other families
MAG8326	0.14	0.865319865	MAGs from Phocaeicola
MAG8372	0.14	0.464646465	MAGs from other families
MAG8542	0.14	0.912457912	MAGs from other families
MAG8717	0.14	0.313131313	MAGs from other families
MAG8841	0.14	0.373737374	MAGs from other families
MAG8928	0.14	0.794612795	MAGs from Phocaeicola
MAG9094	0.14	1	MAGs from other genus in Bacteroidaceae
MAG9711	0.14	0.713804714	MAGs from other families
MAG9914	0.14	0.451178451	MAGs from other families
MAG10095	0.15	0.65993266	MAGs from other families
MAG10159	0.15	0.232323232	MAGs from other families
MAG10178	0.15	0.218855219	MAGs from other families
MAG10399	0.15	0.723905724	MAGs from other families
MAG10502	0.15	0.855218855	MAGs from other genus in Bacteroidaceae
MAG10594	0.15	0.292929293	MAGs from other families
MAG11010	0.15	0.898989899	MAGs from other families
MAG11064	0.15	0.249158249	MAGs from other genus in Bacteroidaceae
MAG11132	0.15	0.323232323	MAGs from other genus in Bacteroidaceae
MAG11149	0.15	0.885521886	MAGs from other genus in Bacteroidaceae
MAG11229	0.15	0.784511785	MAGs from Phocaeicola
MAG11334	0.15	0.801346801	MAGs from other families
MAG1144	0.15	0.828282828	MAGs from other genus in Bacteroidaceae
MAG11694	0.15	0.272727273	MAGs from other families
MAG11946	0.15	0.249158249	MAGs from other families
MAG12449	0.15	0.336700337	MAGs from other genus in Bacteroidaceae
MAG12906	0.15	0.215488215	MAGs from other families
MAG12938	0.15	0.932659933	MAGs from Phocaeicola
MAG13400	0.15	0.61952862	MAGs from other genus in Bacteroidaceae
MAG13412	0.15	0.377104377	MAGs from other families
MAG13453	0.15	0.68013468	MAGs from other families
MAG13515	0.15	0.707070707	MAGs from Phocaeicola
MAG13726	0.15	0.212121212	MAGs from other families
MAG13741	0.15	0.68013468	MAGs from other families
MAG13840	0.15	0.208754209	MAGs from other families
MAG13925	0.15	0.65993266	MAGs from other families
MAG14150	0.15	0.205387205	MAGs from other families
MAG14190	0.15	0.353535354	MAGs from other families
MAG14691	0.15	0.326599327	MAGs from other families
MAG15272	0.15	0.636363636	MAGs from other families
MAG16142	0.15	0.316498316	MAGs from other genus in Bacteroidaceae
MAG16319	0.15	0.222222222	MAGs from other families
MAG16342	0.15	0.96969697	MAGs from other families
MAG1639	0.15	0.30976431	MAGs from other families
MAG17041	0.15	0.552188552	MAGs from other genus in Bacteroidaceae
MAG17068	0.15	0.643097643	MAGs from other families
MAG17121	0.15	0.464646465	MAGs from other families
MAG17124	0.15	0.242424242	MAGs from other families
MAG17293	0.15	0.292929293	MAGs from other families
MAG17375	0.15	0.740740741	MAGs from other families
MAG17382	0.15	0.727272727	MAGs from other families
MAG17465	0.15	0.993265993	MAGs from other families
MAG17624	0.15	0.872053872	MAGs from other families
MAG17868	0.15	0.521885522	MAGs from other families
MAG19303	0.15	0.791245791	MAGs from other genus in Bacteroidaceae
MAG19615	0.15	0.885521886	MAGs from other families
MAG19974	0.15	0.555555556	MAGs from other families
MAG20099	0.15	0.326599327	MAGs from other families
MAG20240	0.15	0.95959596	MAGs from other families
MAG20522	0.15	0.885521886	MAGs from other genus in Bacteroidaceae
MAG21127	0.15	0.32996633	MAGs from other families
MAG22318	0.15	0.28956229	MAGs from other families
MAG22333	0.15	0.323232323	MAGs from other families
MAG22455	0.15	0.437710438	MAGs from other families
MAG22517	0.15	0.976430976	MAGs from other families
MAG23000	0.15	0.38047138	MAGs from other families
MAG2855	0.15	0.239057239	MAGs from other families
MAG3096	0.15	0.323232323	MAGs from other families
MAG3397	0.15	0.222222222	MAGs from other families
MAG3537	0.15	0.393939394	MAGs from other families
MAG4262	0.15	0.303030303	MAGs from other families
MAG4271	0.15	0.696969697	MAGs from other families
MAG4275	0.15	0.397306397	MAGs from other families
MAG4315	0.15	0.912457912	MAGs from other families
MAG4356	0.15	0.96969697	MAGs from other families
MAG4545	0.15	0.575757576	MAGs from other families
MAG5169	0.15	0.255892256	MAGs from other families
MAG5260	0.15	0.333333333	MAGs from other families
MAG5285	0.15	0.414141414	MAGs from other families
MAG5468	0.15	0.909090909	MAGs from other genus in Bacteroidaceae
MAG5575	0.15	0.249158249	MAGs from other families
MAG5605	0.15	0.434343434	MAGs from other families
MAG5690	0.15	0.902356902	MAGs from other families
MAG5718	0.15	0.511784512	MAGs from other families
MAG5841	0.15	0.787878788	MAGs from other families
MAG6809	0.15	0.296296296	MAGs from other families
MAG7381	0.15	0.259259259	MAGs from other families
MAG742	0.15	0.831649832	MAGs from Phocaeicola
MAG8112	0.15	0.451178451	MAGs from other families
MAG8239	0.15	0.36026936	MAGs from other families
MAG8368	0.15	0.508417508	MAGs from other families
MAG8457	0.15	0.595959596	MAGs from Phocaeicola
MAG8486	0.15	0.208754209	MAGs from other families
MAG8550	0.15	0.2996633	MAGs from other families
MAG8712	0.15	0.383838384	MAGs from other families
MAG8855	0.15	0.292929293	MAGs from other families
MAG8986	0.15	0.202020202	MAGs from other families
MAG9776	0.15	0.269360269	MAGs from other families
MAG9941	0.15	0.646464646	MAGs from other families
MAG9969	0.15	0.272727273	MAGs from other families
MAG1005	0.16	0.952861953	MAGs from other families
MAG10138	0.16	0.457912458	MAGs from other families
MAG10249	0.16	0.427609428	MAGs from other families
MAG10587	0.16	0.316498316	MAGs from other families
MAG10746	0.16	0.306397306	MAGs from other families
MAG10793	0.16	0.781144781	MAGs from other families
MAG11118	0.16	0.414141414	MAGs from other families
MAG11147	0.16	0.316498316	MAGs from other families
MAG11197	0.16	0.558922559	MAGs from other families
MAG11211	0.16	0.239057239	MAGs from other families
MAG11365	0.16	0.212121212	MAGs from other families
MAG11661	0.16	0.956228956	MAGs from other families
MAG11775	0.16	0.875420875	MAGs from other families
MAG11959	0.16	0.457912458	MAGs from other families
MAG12366	0.16	0.730639731	MAGs from other families
MAG12473	0.16	0.228956229	MAGs from other families
MAG12773	0.16	0.703703704	MAGs from other genus in Bacteroidaceae
MAG12795	0.16	0.269360269	MAGs from other families
MAG12811	0.16	0.542087542	MAGs from other families
MAG13105	0.16	0.404040404	MAGs from other families
MAG13484	0.16	0.599326599	MAGs from other families
MAG13557	0.16	0.457912458	MAGs from other families
MAG13606	0.16	0.68013468	MAGs from other families
MAG13994	0.16	0.508417508	MAGs from other families
MAG14112	0.16	0.737373737	MAGs from other families
MAG14593	0.16	0.202020202	MAGs from other families
MAG14733	0.16	0.316498316	MAGs from other families
MAG15389	0.16	0.63973064	MAGs from other genus in Bacteroidaceae
MAG15782	0.16	0.32996633	MAGs from other families
MAG15944	0.16	0.771043771	MAGs from other families
MAG15954	0.16	0.707070707	MAGs from other families
MAG16150	0.16	0.851851852	MAGs from other families
MAG16225	0.16	0.656565657	MAGs from other genus in Bacteroidaceae
MAG16349	0.16	0.343434343	MAGs from other families
MAG16366	0.16	0.471380471	MAGs from other families
MAG16722	0.16	0.397306397	MAGs from other families
MAG16836	0.16	0.36026936	MAGs from other families
MAG16946	0.16	0.28956229	MAGs from other families
MAG17349	0.16	0.346801347	MAGs from other genus in Bacteroidaceae
MAG17358	0.16	0.69023569	MAGs from other families
MAG17366	0.16	0.296296296	MAGs from other families
MAG17469	0.16	0.936026936	MAGs from other families
MAG17543	0.16	0.767676768	MAGs from other families
MAG17662	0.16	0.582491582	MAGs from other families
MAG18049	0.16	0.787878788	MAGs from other genus in Bacteroidaceae
MAG18373	0.16	0.434343434	MAGs from other families
MAG18693	0.16	0.397306397	MAGs from other families
MAG19574	0.16	0.609427609	MAGs from other families
MAG20016	0.16	0.95959596	MAGs from other families
MAG20473	0.16	0.835016835	MAGs from Phocaeicola
MAG20577	0.16	0.562289562	MAGs from other genus in Bacteroidaceae
MAG2121	0.16	0.61952862	MAGs from Phocaeicola
MAG21403	0.16	0.501683502	MAGs from Phocaeicola
MAG21441	0.16	0.255892256	MAGs from other families
MAG21524	0.16	0.494949495	MAGs from Phocaeicola
MAG21593	0.16	0.966329966	MAGs from other families
MAG2241	0.16	0.356902357	MAGs from Phocaeicola
MAG22523	0.16	0.828282828	MAGs from other genus in Bacteroidaceae
MAG22707	0.16	0.976430976	MAGs from Phocaeicola
MAG22945	0.16	0.986531987	MAGs from other families
MAG23316	0.16	0.535353535	MAGs from other families
MAG2664	0.16	0.494949495	MAGs from other families
MAG2707	0.16	0.316498316	MAGs from other families
MAG3052	0.16	0.744107744	MAGs from other families
MAG3089	0.16	0.723905724	MAGs from other genus in Bacteroidaceae
MAG4077	0.16	0.538720539	MAGs from other families
MAG4288	0.16	0.548821549	MAGs from other families
MAG4345	0.16	0.683501684	MAGs from other families
MAG4377	0.16	0.808080808	MAGs from other families
MAG4460	0.16	0.858585859	MAGs from Phocaeicola
MAG4540	0.16	0.390572391	MAGs from other families
MAG4738	0.16	0.939393939	MAGs from other families
MAG4788	0.16	0.215488215	MAGs from other families
MAG4880	0.16	0.249158249	MAGs from other families
MAG4946	0.16	0.730639731	MAGs from other families
MAG5041	0.16	0.744107744	MAGs from other families
MAG5224	0.16	0.252525253	MAGs from other families
MAG5592	0.16	0.636363636	MAGs from other families
MAG5614	0.16	0.616161616	MAGs from other families
MAG5724	0.16	0.599326599	MAGs from other families
MAG5809	0.16	0.888888889	MAGs from other families
MAG5817	0.16	0.228956229	MAGs from other families
MAG6239	0.16	0.858585859	MAGs from other families
MAG6966	0.16	0.249158249	MAGs from other families
MAG7110	0.16	0.239057239	MAGs from other families
MAG8406	0.16	0.481481481	MAGs from other families
MAG9027	0.16	0.225589226	MAGs from other families
MAG9044	0.16	0.259259259	MAGs from other families
MAG9195	0.16	0.424242424	MAGs from other families
MAG9280	0.16	0.427609428	MAGs from other families
MAG9292	0.16	0.909090909	MAGs from other families
MAG9471	0.16	0.515151515	MAGs from other families
MAG9840	0.16	0.356902357	MAGs from other genus in Bacteroidaceae
MAG9921	0.16	0.242424242	MAGs from other families
MAG9958	0.16	0.824915825	MAGs from other genus in Bacteroidaceae
MAG10062	0.17	0.282828283	MAGs from other families
MAG10213	0.17	0.404040404	MAGs from other families
MAG10403	0.17	0.306397306	MAGs from other families
MAG10617	0.17	0.202020202	MAGs from other families
MAG10875	0.17	0.333333333	MAGs from other families
MAG11186	0.17	0.292929293	MAGs from other families
MAG11239	0.17	0.215488215	MAGs from other families
MAG11320	0.17	0.562289562	MAGs from other families
MAG11727	0.17	0.693602694	MAGs from other families
MAG11897	0.17	0.333333333	MAGs from other families
MAG12156	0.17	0.878787879	MAGs from Phocaeicola
MAG12339	0.17	0.252525253	MAGs from other families
MAG12442	0.17	0.34006734	MAGs from other families
MAG12508	0.17	0.276094276	MAGs from other families
MAG12611	0.17	0.215488215	MAGs from other families
MAG12698	0.17	0.912457912	MAGs from other genus in Bacteroidaceae
MAG12716	0.17	0.582491582	MAGs from other families
MAG12747	0.17	0.225589226	MAGs from other families
MAG12803	0.17	0.303030303	MAGs from Phocaeicola
MAG12882	0.17	0.434343434	MAGs from other families
MAG13502	0.17	0.491582492	MAGs from other families
MAG13816	0.17	0.316498316	MAGs from other families
MAG13923	0.17	0.387205387	MAGs from other families
MAG13998	0.17	0.255892256	MAGs from other families
MAG14058	0.17	0.848484848	MAGs from other families
MAG14338	0.17	0.232323232	MAGs from other families
MAG14667	0.17	0.212121212	MAGs from other families
MAG14739	0.17	0.572390572	MAGs from other families
MAG15497	0.17	0.686868687	MAGs from other families
MAG15502	0.17	0.548821549	MAGs from other families
MAG15600	0.17	0.323232323	MAGs from other families
MAG15615	0.17	0.326599327	MAGs from other genus in Bacteroidaceae
MAG15635	0.17	0.202020202	MAGs from other families
MAG15771	0.17	0.491582492	MAGs from other families
MAG16004	0.17	0.323232323	MAGs from other families
MAG16039	0.17	0.760942761	MAGs from other families
MAG16356	0.17	0.713804714	MAGs from other families
MAG16672	0.17	0.35016835	MAGs from other genus in Bacteroidaceae
MAG16710	0.17	0.242424242	MAGs from other families
MAG16737	0.17	0.478114478	MAGs from other families
MAG16886	0.17	0.626262626	MAGs from other families
MAG17396	0.17	0.861952862	MAGs from Phocaeicola
MAG17529	0.17	0.471380471	MAGs from other families
MAG17540	0.17	0.713804714	MAGs from other families
MAG17542	0.17	0.797979798	MAGs from other families
MAG17558	0.17	0.545454545	MAGs from other families
MAG17764	0.17	0.2996633	MAGs from other families
MAG17832	0.17	0.424242424	MAGs from other families
MAG17909	0.17	0.589225589	MAGs from other families
MAG18173	0.17	0.286195286	MAGs from other genus in Bacteroidaceae
MAG18201	0.17	0.740740741	MAGs from other genus in Bacteroidaceae
MAG18584	0.17	0.720538721	MAGs from other families
MAG1881	0.17	0.400673401	MAGs from other families
MAG18844	0.17	0.71043771	MAGs from other families
MAG18984	0.17	0.367003367	MAGs from other families
MAG19338	0.17	0.865319865	MAGs from Phocaeicola
MAG20063	0.17	0.821548822	MAGs from other families
MAG20121	0.17	0.622895623	MAGs from other families
MAG20430	0.17	0.851851852	MAGs from other families
MAG20586	0.17	0.838383838	MAGs from other genus in Bacteroidaceae
MAG20984	0.17	0.511784512	MAGs from Phocaeicola
MAG21606	0.17	0.878787879	MAGs from other families
MAG22046	0.17	0.569023569	MAGs from other families
MAG2205	0.17	0.35016835	MAGs from other genus in Bacteroidaceae
MAG22549	0.17	0.905723906	MAGs from other families
MAG22702	0.17	0.249158249	MAGs from other families
MAG22935	0.17	0.505050505	MAGs from other families
MAG22969	0.17	0.30976431	MAGs from other families
MAG23225	0.17	0.205387205	MAGs from other families
MAG254	0.17	0.404040404	MAGs from other families
MAG3235	0.17	0.363636364	MAGs from other families
MAG4046	0.17	0.609427609	MAGs from Phocaeicola
MAG4185	0.17	0.811447811	MAGs from other families
MAG4305	0.17	0.518518519	MAGs from other genus in Bacteroidaceae
MAG4444	0.17	0.993265993	MAGs from other families
MAG510	0.17	0.447811448	MAGs from other genus in Bacteroidaceae
MAG5110	0.17	0.962962963	MAGs from other families
MAG5155	0.17	0.919191919	MAGs from other families
MAG5573	0.17	0.942760943	MAGs from other genus in Bacteroidaceae
MAG574	0.17	0.2996633	MAGs from other families
MAG5862	0.17	0.212121212	MAGs from other families
MAG6049	0.17	0.303030303	MAGs from other families
MAG6194	0.17	0.2996633	MAGs from other families
MAG8240	0.17	0.265993266	MAGs from other families
MAG8517	0.17	0.218855219	MAGs from other families
MAG9310	0.17	0.585858586	MAGs from other families
MAG9607	0.17	0.535353535	MAGs from Phocaeicola
MAG9987	0.17	0.841750842	MAGs from other genus in Bacteroidaceae
MAG10106	0.18	0.377104377	MAGs from other families
MAG10434	0.18	0.69023569	MAGs from Phocaeicola
MAG10495	0.18	0.212121212	MAGs from other families
MAG1054	0.18	0.255892256	MAGs from other families
MAG11105	0.18	0.218855219	MAGs from other families
MAG11127	0.18	0.65993266	MAGs from other families
MAG1129	0.18	0.97979798	MAGs from other families
MAG11298	0.18	0.36026936	MAGs from other families
MAG11331	0.18	0.397306397	MAGs from other families
MAG11438	0.18	0.569023569	MAGs from other families
MAG11503	0.18	0.501683502	MAGs from other families
MAG11932	0.18	0.296296296	MAGs from other families
MAG11980	0.18	0.245791246	MAGs from other families
MAG12297	0.18	0.235690236	MAGs from other families
MAG12333	0.18	0.225589226	MAGs from other families
MAG12729	0.18	0.797979798	MAGs from other families
MAG12799	0.18	0.71043771	MAGs from other families
MAG12963	0.18	0.363636364	MAGs from other families
MAG13281	0.18	0.727272727	MAGs from other families
MAG13368	0.18	0.468013468	MAGs from other families
MAG13424	0.18	0.218855219	MAGs from other families
MAG13649	0.18	0.313131313	MAGs from other families
MAG13953	0.18	0.393939394	MAGs from other families
MAG14010	0.18	0.417508418	MAGs from other families
MAG14367	0.18	0.363636364	MAGs from other families
MAG14478	0.18	0.30976431	MAGs from other families
MAG14903	0.18	0.316498316	MAGs from other families
MAG14942	0.18	0.252525253	MAGs from other families
MAG15296	0.18	0.872053872	MAGs from other families
MAG15324	0.18	0.636363636	MAGs from other families
MAG1578	0.18	0.262626263	MAGs from other families
MAG15795	0.18	0.713804714	MAGs from other families
MAG15824	0.18	0.808080808	MAGs from other families
MAG16193	0.18	0.855218855	MAGs from other families
MAG16290	0.18	0.276094276	MAGs from other families
MAG16355	0.18	0.326599327	MAGs from other families
MAG16365	0.18	0.488215488	MAGs from other families
MAG16758	0.18	0.424242424	MAGs from other families
MAG16895	0.18	0.508417508	MAGs from other families
MAG16925	0.18	0.437710438	MAGs from other genus in Bacteroidaceae
MAG17100	0.18	0.208754209	MAGs from other families
MAG17145	0.18	0.249158249	MAGs from other families
MAG17630	0.18	0.481481481	MAGs from other families
MAG17757	0.18	0.767676768	MAGs from other genus in Bacteroidaceae
MAG18290	0.18	0.296296296	MAGs from other families
MAG19687	0.18	0.265993266	MAGs from other families
MAG19907	0.18	0.464646465	MAGs from other families
MAG2005	0.18	0.986531987	MAGs from other families
MAG20134	0.18	0.65993266	MAGs from other families
MAG2035	0.18	0.801346801	MAGs from other families
MAG20516	0.18	0.333333333	MAGs from other families
MAG20634	0.18	0.38047138	MAGs from other families
MAG20749	0.18	0.28956229	MAGs from other families
MAG21965	0.18	0.720538721	MAGs from other families
MAG22449	0.18	0.707070707	MAGs from other families
MAG22814	0.18	0.249158249	MAGs from other families
MAG22881	0.18	0.28956229	MAGs from other genus in Bacteroidaceae
MAG22979	0.18	0.595959596	MAGs from other families
MAG2453	0.18	0.323232323	MAGs from other families
MAG2674	0.18	0.632996633	MAGs from other families
MAG3152	0.18	0.905723906	MAGs from other families
MAG3293	0.18	0.242424242	MAGs from other genus in Bacteroidaceae
MAG3370	0.18	0.915824916	MAGs from other families
MAG3532	0.18	0.481481481	MAGs from other genus in Bacteroidaceae
MAG3743	0.18	0.2996633	MAGs from other families
MAG3892	0.18	0.424242424	MAGs from other families
MAG3929	0.18	0.696969697	MAGs from other families
MAG5099	0.18	0.912457912	MAGs from Phocaeicola
MAG5205	0.18	0.468013468	MAGs from other families
MAG5315	0.18	0.966329966	MAGs from other families
MAG5525	0.18	0.932659933	MAGs from other families
MAG583	0.18	0.582491582	MAGs from other families
MAG6157	0.18	0.387205387	MAGs from Phocaeicola
MAG6244	0.18	0.393939394	MAGs from other genus in Bacteroidaceae
MAG7000	0.18	0.269360269	MAGs from other families
MAG7237	0.18	0.451178451	MAGs from other families
MAG7653	0.18	0.205387205	MAGs from other families
MAG818	0.18	0.531986532	MAGs from other families
MAG8209	0.18	0.915824916	MAGs from other families
MAG8211	0.18	0.356902357	MAGs from other families
MAG8289	0.18	0.212121212	MAGs from other families
MAG8454	0.18	0.632996633	MAGs from other families
MAG9020	0.18	0.946127946	MAGs from other genus in Bacteroidaceae
MAG9064	0.18	0.713804714	MAGs from other families
MAG9192	0.18	0.494949495	MAGs from other families
MAG9218	0.18	0.326599327	MAGs from other families
MAG9348	0.18	0.242424242	MAGs from other families
MAG9571	0.18	0.468013468	MAGs from other families
MAG9803	0.18	0.245791246	MAGs from other families
MAG10849	0.19	0.35016835	MAGs from other families
MAG11170	0.19	0.595959596	MAGs from other families
MAG11308	0.19	0.222222222	MAGs from other families
MAG11342	0.19	0.215488215	MAGs from other families
MAG11464	0.19	0.269360269	MAGs from other families
MAG11766	0.19	0.501683502	MAGs from other families
MAG11966	0.19	0.61952862	MAGs from other families
MAG12215	0.19	0.249158249	MAGs from other families
MAG12454	0.19	0.286195286	MAGs from other families
MAG12634	0.19	0.488215488	MAGs from other genus in Bacteroidaceae
MAG12777	0.19	0.851851852	MAGs from Phocaeicola
MAG13154	0.19	0.562289562	MAGs from other families
MAG13231	0.19	0.973063973	MAGs from other families
MAG13625	0.19	0.373737374	MAGs from other families
MAG13738	0.19	0.410774411	MAGs from other families
MAG14834	0.19	0.686868687	MAGs from other families
MAG15107	0.19	0.538720539	MAGs from other families
MAG15442	0.19	0.784511785	MAGs from other families
MAG1565	0.19	0.797979798	MAGs from other families
MAG16897	0.19	0.208754209	MAGs from other families
MAG16929	0.19	0.356902357	MAGs from other families
MAG17115	0.19	0.259259259	MAGs from other families
MAG17175	0.19	0.895622896	MAGs from Phocaeicola
MAG17371	0.19	0.336700337	MAGs from other families
MAG17384	0.19	0.801346801	MAGs from other families
MAG17659	0.19	0.447811448	MAGs from other families
MAG18163	0.19	0.38047138	MAGs from other genus in Bacteroidaceae
MAG18698	0.19	0.279461279	MAGs from other families
MAG19035	0.19	0.390572391	MAGs from other families
MAG19528	0.19	0.255892256	MAGs from other families
MAG19738	0.19	0.993265993	MAGs from other families
MAG19938	0.19	0.804713805	MAGs from Phocaeicola
MAG20327	0.19	0.511784512	MAGs from other families
MAG21476	0.19	0.367003367	MAGs from other families
MAG22628	0.19	0.424242424	MAGs from other genus in Bacteroidaceae
MAG2300	0.19	0.235690236	MAGs from other families
MAG2495	0.19	0.279461279	MAGs from other families
MAG3528	0.19	0.909090909	MAGs from other families
MAG3531	0.19	0.787878788	MAGs from other families
MAG3808	0.19	0.696969697	MAGs from other genus in Bacteroidaceae
MAG397	0.19	0.202020202	MAGs from other families
MAG4385	0.19	0.592592593	MAGs from other families
MAG4754	0.19	0.65993266	MAGs from other families
MAG4862	0.19	0.397306397	MAGs from other genus in Bacteroidaceae
MAG520	0.19	0.282828283	MAGs from other families
MAG5638	0.19	0.222222222	MAGs from other families
MAG5691	0.19	0.545454545	MAGs from other families
MAG6570	0.19	0.269360269	MAGs from other families
MAG7466	0.19	0.511784512	MAGs from other families
MAG7652	0.19	0.592592593	MAGs from other families
MAG7795	0.19	0.62962963	MAGs from other families
MAG8251	0.19	0.282828283	MAGs from other families
MAG8531	0.19	0.962962963	MAGs from other families
MAG926	0.19	0.885521886	MAGs from other families
MAG9378	0.19	0.292929293	MAGs from other families
MAG10391	0.2	0.902356902	MAGs from other families
MAG10551	0.2	0.292929293	MAGs from other families
MAG10555	0.2	0.316498316	MAGs from other families
MAG10740	0.2	0.767676768	MAGs from other families
MAG11528	0.2	0.235690236	MAGs from other families
MAG12026	0.2	0.202020202	MAGs from other families
MAG12055	0.2	0.511784512	MAGs from other genus in Bacteroidaceae
MAG12247	0.2	0.363636364	MAGs from other families
MAG12478	0.2	0.478114478	MAGs from Phocaeicola
MAG12667	0.2	0.420875421	MAGs from other families
MAG13266	0.2	0.548821549	MAGs from other families
MAG13283	0.2	0.787878788	MAGs from other families
MAG13388	0.2	0.757575758	MAGs from other families
MAG13435	0.2	0.212121212	MAGs from other families
MAG13669	0.2	0.326599327	MAGs from other families
MAG13849	0.2	0.589225589	MAGs from other genus in Bacteroidaceae
MAG13941	0.2	0.356902357	MAGs from other families
MAG14177	0.2	0.451178451	MAGs from other families
MAG14281	0.2	0.781144781	MAGs from other families
MAG14832	0.2	0.925925926	MAGs from other families
MAG14926	0.2	0.62962963	MAGs from other families
MAG15180	0.2	0.2996633	MAGs from other families
MAG15504	0.2	0.781144781	MAGs from other families
MAG16031	0.2	0.713804714	MAGs from other families
MAG16571	0.2	0.96969697	MAGs from other families
MAG16673	0.2	0.481481481	MAGs from other families
MAG17184	0.2	0.387205387	MAGs from other families
MAG17191	0.2	0.326599327	MAGs from other families
MAG17192	0.2	0.316498316	MAGs from Phocaeicola
MAG17411	0.2	0.750841751	MAGs from other families
MAG17413	0.2	0.498316498	MAGs from other families
MAG17604	0.2	0.303030303	MAGs from other families
MAG17728	0.2	0.488215488	MAGs from other genus in Bacteroidaceae
MAG17815	0.2	0.292929293	MAGs from other families
MAG18174	0.2	0.212121212	MAGs from other families
MAG18203	0.2	0.427609428	MAGs from other genus in Bacteroidaceae
MAG18778	0.2	0.208754209	MAGs from other families
MAG19031	0.2	0.461279461	MAGs from other families
MAG19152	0.2	0.410774411	MAGs from other families
MAG19230	0.2	0.259259259	MAGs from other families
MAG19232	0.2	0.562289562	MAGs from other families
MAG19233	0.2	0.272727273	MAGs from other families
MAG19484	0.2	0.437710438	MAGs from other families
MAG19940	0.2	0.488215488	MAGs from other families
MAG20940	0.2	0.400673401	MAGs from other families
MAG20994	0.2	0.306397306	MAGs from other families
MAG22848	0.2	0.286195286	MAGs from other genus in Bacteroidaceae
MAG22919	0.2	0.414141414	MAGs from other families
MAG22956	0.2	0.356902357	MAGs from other genus in Bacteroidaceae
MAG23217	0.2	0.69023569	MAGs from other families
MAG2464	0.2	0.228956229	MAGs from other families
MAG2468	0.2	0.936026936	MAGs from other families
MAG2829	0.2	0.336700337	MAGs from other families
MAG283	0.2	0.32996633	MAGs from other families
MAG4443	0.2	0.962962963	MAGs from other families
MAG4796	0.2	0.390572391	MAGs from other families
MAG5196	0.2	0.437710438	MAGs from other families
MAG5283	0.2	0.606060606	MAGs from Phocaeicola
MAG5649	0.2	0.612794613	MAGs from other families
MAG5972	0.2	0.525252525	MAGs from other families
MAG6711	0.2	0.218855219	MAGs from other families
MAG684	0.2	0.69023569	MAGs from other families
MAG7254	0.2	0.936026936	MAGs from other genus in Bacteroidaceae
MAG739	0.2	0.538720539	MAGs from other families
MAG8417	0.2	0.558922559	MAGs from other families
MAG8698	0.2	0.202020202	MAGs from other families
MAG8791	0.2	0.558922559	MAGs from other families
MAG8803	0.2	0.303030303	MAGs from other families
MAG8835	0.2	0.673400673	MAGs from other genus in Bacteroidaceae
MAG8842	0.2	0.202020202	MAGs from other families
MAG9211	0.2	0.511784512	MAGs from other families
MAG9263	0.2	0.242424242	MAGs from other families
MAG9303	0.2	0.481481481	MAGs from other families
MAG9816	0.2	0.225589226	MAGs from other genus in Bacteroidaceae
MAG10190	0.21	0.286195286	MAGs from other families
MAG10612	0.21	0.589225589	MAGs from other families
MAG11216	0.21	0.212121212	MAGs from other families
MAG11284	0.21	0.259259259	MAGs from other families
MAG11401	0.21	0.255892256	MAGs from other families
MAG11476	0.21	0.2996633	MAGs from other families
MAG11989	0.21	0.202020202	MAGs from other families
MAG12023	0.21	0.518518519	MAGs from other families
MAG12038	0.21	0.269360269	MAGs from other families
MAG12710	0.21	0.848484848	MAGs from other families
MAG12947	0.21	0.356902357	MAGs from other families
MAG13058	0.21	0.407407407	MAGs from other families
MAG13101	0.21	0.626262626	MAGs from other families
MAG13165	0.21	0.333333333	MAGs from other families
MAG13261	0.21	0.336700337	MAGs from other families
MAG13488	0.21	0.946127946	MAGs from other families
MAG13639	0.21	0.32996633	MAGs from other families
MAG13666	0.21	0.764309764	MAGs from other families
MAG13827	0.21	0.949494949	MAGs from other families
MAG13881	0.21	0.343434343	MAGs from other families
MAG14360	0.21	0.35016835	MAGs from other families
MAG14412	0.21	0.781144781	MAGs from other genus in Bacteroidaceae
MAG15061	0.21	0.336700337	MAGs from other families
MAG1550	0.21	0.794612795	MAGs from other genus in Bacteroidaceae
MAG15939	0.21	0.498316498	MAGs from other families
MAG16115	0.21	0.249158249	MAGs from other families
MAG16159	0.21	0.885521886	MAGs from other families
MAG16309	0.21	0.218855219	MAGs from other families
MAG16392	0.21	0.343434343	MAGs from other families
MAG16559	0.21	0.37037037	MAGs from other families
MAG16634	0.21	0.774410774	MAGs from other families
MAG16818	0.21	0.962962963	MAGs from other families
MAG16893	0.21	0.915824916	MAGs from other families
MAG17180	0.21	0.242424242	MAGs from other families
MAG17282	0.21	0.343434343	MAGs from other families
MAG17294	0.21	0.313131313	MAGs from other families
MAG17452	0.21	0.508417508	MAGs from other families
MAG17746	0.21	0.471380471	MAGs from other families
MAG18754	0.21	0.730639731	MAGs from other families
MAG18783	0.21	0.754208754	MAGs from other families
MAG19311	0.21	0.28956229	MAGs from other families
MAG19507	0.21	0.208754209	MAGs from other families
MAG19878	0.21	0.986531987	MAGs from other families
MAG20343	0.21	0.212121212	MAGs from other families
MAG20776	0.21	0.528619529	MAGs from Phocaeicola
MAG21381	0.21	0.707070707	MAGs from Phocaeicola
MAG23008	0.21	0.841750842	MAGs from other genus in Bacteroidaceae
MAG2471	0.21	0.245791246	MAGs from other families
MAG2686	0.21	0.62962963	MAGs from other families
MAG2837	0.21	0.323232323	MAGs from other families
MAG3297	0.21	0.28956229	MAGs from other families
MAG3474	0.21	0.498316498	MAGs from other genus in Bacteroidaceae
MAG3544	0.21	0.848484848	MAGs from other genus in Bacteroidaceae
MAG4169	0.21	0.744107744	MAGs from other families
MAG4533	0.21	0.875420875	MAGs from other families
MAG4766	0.21	0.821548822	MAGs from other families
MAG5000	0.21	0.562289562	MAGs from other families
MAG5025	0.21	0.915824916	MAGs from other families
MAG5101	0.21	0.356902357	MAGs from other families
MAG5292	0.21	0.98989899	MAGs from other families
MAG5442	0.21	0.205387205	MAGs from other families
MAG6018	0.21	0.242424242	MAGs from other families
MAG7629	0.21	0.468013468	MAGs from Phocaeicola
MAG7724	0.21	0.952861953	MAGs from other families
MAG8340	0.21	0.895622896	MAGs from other families
MAG8649	0.21	0.64983165	MAGs from other families
MAG9080	0.21	0.804713805	MAGs from other families
MAG9224	0.21	0.249158249	MAGs from other families
MAG959	0.21	0.377104377	MAGs from other families
MAG9927	0.21	0.471380471	MAGs from other genus in Bacteroidaceae
MAG10195	0.22	0.36026936	MAGs from other families
MAG10228	0.22	0.38047138	MAGs from other families
MAG10870	0.22	0.393939394	MAGs from other families
MAG11392	0.22	0.491582492	MAGs from other families
MAG11778	0.22	0.851851852	MAGs from other families
MAG1186	0.22	0.461279461	MAGs from other families
MAG11940	0.22	0.333333333	MAGs from other families
MAG12453	0.22	0.37037037	MAGs from other families
MAG12587	0.22	0.599326599	MAGs from other families
MAG12691	0.22	0.249158249	MAGs from other families
MAG12790	0.22	0.494949495	MAGs from other families
MAG13020	0.22	0.323232323	MAGs from other families
MAG13467	0.22	0.474747475	MAGs from other families
MAG13521	0.22	0.925925926	MAGs from other families
MAG13773	0.22	0.202020202	MAGs from other families
MAG13909	0.22	0.902356902	MAGs from other families
MAG13955	0.22	0.272727273	MAGs from other families
MAG14374	0.22	0.255892256	MAGs from other families
MAG14385	0.22	0.202020202	MAGs from other families
MAG1439	0.22	0.215488215	MAGs from other families
MAG14597	0.22	0.69023569	MAGs from other families
MAG14603	0.22	0.592592593	MAGs from other genus in Bacteroidaceae
MAG14871	0.22	0.848484848	MAGs from other families
MAG14877	0.22	0.713804714	MAGs from other families
MAG14892	0.22	0.734006734	MAGs from other families
MAG15379	0.22	0.205387205	MAGs from other families
MAG15432	0.22	0.205387205	MAGs from other families
MAG15604	0.22	0.734006734	MAGs from other families
MAG15667	0.22	0.434343434	MAGs from Phocaeicola
MAG15821	0.22	0.7003367	MAGs from other families
MAG15849	0.22	0.276094276	MAGs from other families
MAG16068	0.22	0.838383838	MAGs from other genus in Bacteroidaceae
MAG16125	0.22	0.282828283	MAGs from other families
MAG16190	0.22	0.279461279	MAGs from other families
MAG16447	0.22	0.936026936	MAGs from other families
MAG16475	0.22	0.572390572	MAGs from other families
MAG16489	0.22	0.64983165	MAGs from other families
MAG16495	0.22	0.919191919	MAGs from other families
MAG16532	0.22	0.498316498	MAGs from other families
MAG17043	0.22	0.225589226	MAGs from other families
MAG17159	0.22	0.212121212	MAGs from other families
MAG17188	0.22	0.353535354	MAGs from other families
MAG17470	0.22	0.474747475	MAGs from other families
MAG17679	0.22	0.28956229	MAGs from other families
MAG17830	0.22	0.296296296	MAGs from other genus in Bacteroidaceae
MAG17850	0.22	0.464646465	MAGs from other families
MAG18440	0.22	0.915824916	MAGs from other families
MAG18506	0.22	0.313131313	MAGs from other families
MAG19965	0.22	0.831649832	MAGs from other genus in Bacteroidaceae
MAG20242	0.22	0.737373737	MAGs from other families
MAG20444	0.22	0.430976431	MAGs from other families
MAG20618	0.22	0.272727273	MAGs from other families
MAG21055	0.22	0.296296296	MAGs from other families
MAG21104	0.22	0.609427609	MAGs from other families
MAG22359	0.22	0.818181818	MAGs from Phocaeicola
MAG2275	0.22	0.478114478	MAGs from other families
MAG22996	0.22	0.32996633	MAGs from other families
MAG2621	0.22	0.272727273	MAGs from other families
MAG3005	0.22	0.390572391	MAGs from other families
MAG3452	0.22	0.868686869	MAGs from other families
MAG4253	0.22	0.437710438	MAGs from other families
MAG5010	0.22	0.922558923	MAGs from other families
MAG5063	0.22	0.61952862	MAGs from other families
MAG5296	0.22	0.461279461	MAGs from other families
MAG5360	0.22	0.430976431	MAGs from other genus in Bacteroidaceae
MAG5581	0.22	0.939393939	MAGs from other genus in Bacteroidaceae
MAG5640	0.22	0.505050505	MAGs from other families
MAG5794	0.22	0.222222222	MAGs from other families
MAG5827	0.22	0.474747475	MAGs from other families
MAG8553	0.22	0.858585859	MAGs from Phocaeicola
MAG859	0.22	0.208754209	MAGs from other families
MAG8688	0.22	0.265993266	MAGs from other families
MAG8971	0.22	0.707070707	MAGs from other families
MAG9193	0.22	0.336700337	MAGs from other families
MAG9369	0.22	0.346801347	MAGs from other families
MAG9925	0.22	0.811447811	MAGs from other genus in Bacteroidaceae
MAG10104	0.23	0.444444444	MAGs from other families
MAG10297	0.23	0.249158249	MAGs from other families
MAG10500	0.23	0.713804714	MAGs from other families
MAG10700	0.23	0.377104377	MAGs from other families
MAG10872	0.23	0.37037037	MAGs from other families
MAG11	0.23	0.424242424	MAGs from other families
MAG11202	0.23	0.781144781	MAGs from other genus in Bacteroidaceae
MAG11236	0.23	0.363636364	MAGs from Phocaeicola
MAG11975	0.23	0.373737374	MAGs from other families
MAG1346	0.23	0.276094276	MAGs from other families
MAG1365	0.23	0.609427609	MAGs from other families
MAG13756	0.23	0.404040404	MAGs from other families
MAG13885	0.23	0.444444444	MAGs from other families
MAG14322	0.23	0.505050505	MAGs from other families
MAG14450	0.23	0.265993266	MAGs from other families
MAG14633	0.23	0.572390572	MAGs from other families
MAG14755	0.23	0.811447811	MAGs from other families
MAG15	0.23	0.38047138	MAGs from other families
MAG15096	0.23	0.269360269	MAGs from other families
MAG15693	0.23	0.589225589	MAGs from other families
MAG16363	0.23	0.232323232	MAGs from other families
MAG16837	0.23	0.451178451	MAGs from other families
MAG16891	0.23	0.316498316	MAGs from other families
MAG17044	0.23	0.794612795	MAGs from other families
MAG17250	0.23	0.740740741	MAGs from other families
MAG17336	0.23	0.683501684	MAGs from Phocaeicola
MAG17692	0.23	0.262626263	MAGs from other families
MAG17839	0.23	0.851851852	MAGs from other families
MAG18779	0.23	0.420875421	MAGs from other families
MAG19011	0.23	0.208754209	MAGs from other families
MAG19502	0.23	0.676767677	MAGs from other families
MAG19865	0.23	0.501683502	MAGs from other families
MAG2017	0.23	0.882154882	MAGs from other families
MAG20481	0.23	0.976430976	MAGs from other genus in Bacteroidaceae
MAG21292	0.23	0.356902357	MAGs from other families
MAG21342	0.23	0.683501684	MAGs from other families
MAG21416	0.23	0.468013468	MAGs from other families
MAG22017	0.23	0.441077441	MAGs from other families
MAG22268	0.23	0.703703704	MAGs from other families
MAG22912	0.23	0.599326599	MAGs from other families
MAG2443	0.23	0.872053872	MAGs from other genus in Bacteroidaceae
MAG2528	0.23	0.878787879	MAGs from other families
MAG2685	0.23	0.474747475	MAGs from other families
MAG2797	0.23	0.888888889	MAGs from other families
MAG319	0.23	0.478114478	MAGs from other families
MAG3193	0.23	0.249158249	MAGs from other families
MAG3699	0.23	0.346801347	MAGs from Phocaeicola
MAG3953	0.23	0.373737374	MAGs from other families
MAG4277	0.23	0.481481481	MAGs from other families
MAG4542	0.23	0.730639731	MAGs from other families
MAG4547	0.23	0.589225589	MAGs from other families
MAG4971	0.23	0.296296296	MAGs from other families
MAG5234	0.23	0.760942761	MAGs from other families
MAG5357	0.23	0.373737374	MAGs from other families
MAG5448	0.23	0.754208754	MAGs from other families
MAG564	0.23	0.468013468	MAGs from other families
MAG5686	0.23	0.898989899	MAGs from other families
MAG6054	0.23	0.804713805	MAGs from other families
MAG7562	0.23	0.686868687	MAGs from other families
MAG7677	0.23	0.528619529	MAGs from other genus in Bacteroidaceae
MAG8418	0.23	0.808080808	MAGs from other families
MAG8551	0.23	0.356902357	MAGs from other genus in Bacteroidaceae
MAG8792	0.23	0.212121212	MAGs from other families
MAG8807	0.23	0.912457912	MAGs from other families
MAG8952	0.23	0.454545455	MAGs from other families
MAG10267	0.24	0.599326599	MAGs from other families
MAG10791	0.24	0.868686869	MAGs from other families
MAG10801	0.24	0.414141414	MAGs from other families
MAG10854	0.24	0.404040404	MAGs from other families
MAG1106	0.24	0.279461279	MAGs from other families
MAG11451	0.24	0.242424242	MAGs from other families
MAG12013	0.24	0.390572391	MAGs from other families
MAG1205	0.24	0.222222222	MAGs from other families
MAG12216	0.24	0.255892256	MAGs from other families
MAG1233	0.24	0.905723906	MAGs from other genus in Bacteroidaceae
MAG12630	0.24	0.326599327	MAGs from other families
MAG12699	0.24	0.218855219	MAGs from other families
MAG13063	0.24	0.228956229	MAGs from other families
MAG13268	0.24	0.468013468	MAGs from other families
MAG13549	0.24	0.996632997	MAGs from other families
MAG13911	0.24	0.797979798	MAGs from other families
MAG14370	0.24	0.306397306	MAGs from other families
MAG15048	0.24	0.228956229	MAGs from other families
MAG15146	0.24	0.548821549	MAGs from other families
MAG15260	0.24	0.565656566	MAGs from other families
MAG15271	0.24	0.730639731	MAGs from other families
MAG15728	0.24	0.656565657	MAGs from other families
MAG15825	0.24	0.356902357	MAGs from other families
MAG15957	0.24	0.336700337	MAGs from other families
MAG16587	0.24	0.208754209	MAGs from other families
MAG17015	0.24	0.464646465	MAGs from other families
MAG17143	0.24	0.37037037	MAGs from other families
MAG17270	0.24	0.64983165	MAGs from other families
MAG18331	0.24	0.239057239	MAGs from other families
MAG19703	0.24	0.511784512	MAGs from other families
MAG20132	0.24	0.215488215	MAGs from other families
MAG20545	0.24	0.383838384	MAGs from other genus in Bacteroidaceae
MAG20899	0.24	0.875420875	MAGs from other families
MAG21025	0.24	0.262626263	MAGs from Phocaeicola
MAG21671	0.24	0.898989899	MAGs from other families
MAG22504	0.24	0.494949495	MAGs from other families
MAG22824	0.24	0.417508418	MAGs from other families
MAG22960	0.24	0.420875421	MAGs from other families
MAG2298	0.24	0.494949495	MAGs from other families
MAG2782	0.24	0.535353535	MAGs from other families
MAG3056	0.24	0.939393939	MAGs from other genus in Bacteroidaceae
MAG3585	0.24	0.851851852	MAGs from other families
MAG4123	0.24	0.245791246	MAGs from other families
MAG4187	0.24	0.592592593	MAGs from other families
MAG4207	0.24	0.437710438	MAGs from other families
MAG4292	0.24	0.96969697	MAGs from other families
MAG4303	0.24	0.488215488	MAGs from other families
MAG4306	0.24	0.717171717	MAGs from other families
MAG4335	0.24	0.808080808	MAGs from other families
MAG4358	0.24	0.872053872	MAGs from other families
MAG4535	0.24	0.851851852	MAGs from other genus in Bacteroidaceae
MAG4731	0.24	0.400673401	MAGs from other families
MAG5364	0.24	0.616161616	MAGs from Phocaeicola
MAG5368	0.24	0.71043771	MAGs from other families
MAG5574	0.24	0.478114478	MAGs from other families
MAG8338	0.24	0.393939394	MAGs from other families
MAG8357	0.24	0.895622896	MAGs from other genus in Bacteroidaceae
MAG8552	0.24	0.673400673	MAGs from other families
MAG8910	0.24	0.38047138	MAGs from other families
MAG9043	0.24	0.232323232	MAGs from other genus in Bacteroidaceae
MAG9409	0.24	0.252525253	MAGs from other families
MAG9679	0.24	0.488215488	MAGs from other families
MAG9891	0.24	0.474747475	MAGs from other families
MAG10150	0.25	0.912457912	MAGs from other families
MAG10459	0.25	0.491582492	MAGs from other families
MAG10661	0.25	0.282828283	MAGs from other families
MAG10679	0.25	0.744107744	MAGs from other genus in Bacteroidaceae
MAG10914	0.25	0.393939394	MAGs from other families
MAG11371	0.25	0.31986532	MAGs from other families
MAG11375	0.25	0.750841751	MAGs from other families
MAG11734	0.25	0.235690236	MAGs from other families
MAG12061	0.25	0.31986532	MAGs from other families
MAG12436	0.25	0.494949495	MAGs from other families
MAG12578	0.25	0.36026936	MAGs from other genus in Bacteroidaceae
MAG12637	0.25	0.653198653	MAGs from other families
MAG13225	0.25	0.387205387	MAGs from other families
MAG13971	0.25	0.215488215	MAGs from other families
MAG14421	0.25	0.545454545	MAGs from other families
MAG14438	0.25	0.2996633	MAGs from other families
MAG14673	0.25	0.643097643	MAGs from other families
MAG14956	0.25	0.565656566	MAGs from other families
MAG15550	0.25	0.262626263	MAGs from other families
MAG16162	0.25	0.555555556	MAGs from other families
MAG16347	0.25	0.582491582	MAGs from other families
MAG16484	0.25	0.356902357	MAGs from other families
MAG16516	0.25	0.212121212	MAGs from other families
MAG16528	0.25	0.808080808	MAGs from other families
MAG16575	0.25	0.885521886	MAGs from other genus in Bacteroidaceae
MAG16615	0.25	0.212121212	MAGs from other genus in Bacteroidaceae
MAG16755	0.25	0.202020202	MAGs from Phocaeicola
MAG17367	0.25	0.717171717	MAGs from other genus in Bacteroidaceae
MAG17703	0.25	0.542087542	MAGs from other families
MAG17844	0.25	0.457912458	MAGs from other families
MAG19043	0.25	0.259259259	MAGs from other families
MAG20070	0.25	0.555555556	MAGs from other families
MAG2046	0.25	0.272727273	MAGs from other families
MAG20539	0.25	0.269360269	MAGs from other families
MAG21783	0.25	0.720538721	MAGs from other genus in Bacteroidaceae
MAG22039	0.25	0.205387205	MAGs from other families
MAG22213	0.25	0.202020202	MAGs from other families
MAG22561	0.25	0.592592593	MAGs from other families
MAG22777	0.25	0.538720539	MAGs from Phocaeicola
MAG2670	0.25	0.973063973	MAGs from Phocaeicola
MAG2843	0.25	0.861952862	MAGs from other genus in Bacteroidaceae
MAG3259	0.25	0.777777778	MAGs from other families
MAG330	0.25	0.397306397	MAGs from other families
MAG3378	0.25	0.774410774	MAGs from other families
MAG3404	0.25	0.272727273	MAGs from other families
MAG3731	0.25	0.37037037	MAGs from other families
MAG424	0.25	0.63973064	MAGs from other families
MAG4313	0.25	0.952861953	MAGs from other families
MAG4636	0.25	0.582491582	MAGs from other families
MAG4842	0.25	0.400673401	MAGs from other genus in Bacteroidaceae
MAG4896	0.25	0.232323232	MAGs from other families
MAG5114	0.25	0.868686869	MAGs from other families
MAG5436	0.25	0.38047138	MAGs from other families
MAG5630	0.25	0.232323232	MAGs from other families
MAG5646	0.25	0.962962963	MAGs from other families
MAG6007	0.25	0.494949495	MAGs from other families
MAG6098	0.25	0.377104377	MAGs from other families
MAG681	0.25	0.845117845	MAGs from other families
MAG6925	0.25	0.521885522	MAGs from other families
MAG7350	0.25	0.478114478	MAGs from other families
MAG7484	0.25	0.835016835	MAGs from other families
MAG7576	0.25	0.996632997	MAGs from other families
MAG795	0.25	0.202020202	MAGs from other families
MAG8154	0.25	0.616161616	MAGs from other families
MAG8501	0.25	0.222222222	MAGs from other families
MAG8890	0.25	0.272727273	MAGs from other families
MAG8914	0.25	0.265993266	MAGs from other families
MAG9307	0.25	0.30976431	MAGs from other genus in Bacteroidaceae
MAG935	0.25	0.878787879	MAGs from other families
MAG9559	0.25	0.286195286	MAGs from other families
MAG9569	0.25	0.602693603	MAGs from other families
MAG9577	0.25	0.666666667	MAGs from other families
MAG9703	0.25	0.902356902	MAGs from other families
MAG9886	0.25	0.915824916	MAGs from other families
MAG989	0.25	0.528619529	MAGs from other families
MAG9947	0.25	0.734006734	MAGs from other families
MAG10446	0.26	0.303030303	MAGs from other families
MAG1061	0.26	0.528619529	MAGs from other families
MAG11038	0.26	0.555555556	MAGs from other families
MAG11192	0.26	0.861952862	MAGs from other families
MAG11220	0.26	0.225589226	MAGs from other families
MAG11561	0.26	0.31986532	MAGs from other families
MAG11618	0.26	0.868686869	MAGs from other genus in Bacteroidaceae
MAG11620	0.26	0.400673401	MAGs from other families
MAG12129	0.26	0.245791246	MAGs from other families
MAG12242	0.26	0.353535354	MAGs from other families
MAG13042	0.26	0.98989899	MAGs from other families
MAG13177	0.26	0.34006734	MAGs from other families
MAG13479	0.26	0.397306397	MAGs from other families
MAG14021	0.26	0.542087542	MAGs from other families
MAG14087	0.26	0.255892256	MAGs from other families
MAG14135	0.26	0.279461279	MAGs from other families
MAG14211	0.26	0.218855219	MAGs from other families
MAG14257	0.26	0.835016835	MAGs from other families
MAG14620	0.26	0.606060606	MAGs from other families
MAG14672	0.26	0.353535354	MAGs from other families
MAG14752	0.26	0.336700337	MAGs from other families
MAG14867	0.26	0.279461279	MAGs from other families
MAG15313	0.26	0.797979798	MAGs from other genus in Bacteroidaceae
MAG15586	0.26	0.255892256	MAGs from other families
MAG15590	0.26	0.367003367	MAGs from other families
MAG15989	0.26	0.616161616	MAGs from other families
MAG16088	0.26	0.508417508	MAGs from other genus in Bacteroidaceae
MAG16354	0.26	0.848484848	MAGs from other families
MAG16357	0.26	0.791245791	MAGs from other families
MAG16510	0.26	0.215488215	MAGs from other genus in Bacteroidaceae
MAG16524	0.26	0.38047138	MAGs from other families
MAG16747	0.26	0.228956229	MAGs from other families
MAG1681	0.26	0.750841751	MAGs from other families
MAG17462	0.26	0.225589226	MAGs from other families
MAG17551	0.26	0.215488215	MAGs from other families
MAG17719	0.26	0.205387205	MAGs from other families
MAG17928	0.26	0.427609428	MAGs from other families
MAG19260	0.26	0.616161616	MAGs from other families
MAG19302	0.26	0.595959596	MAGs from other families
MAG19309	0.26	0.235690236	MAGs from other genus in Bacteroidaceae
MAG19785	0.26	0.939393939	MAGs from other families
MAG20	0.26	0.548821549	MAGs from other families
MAG20309	0.26	0.922558923	MAGs from other families
MAG21026	0.26	0.518518519	MAGs from other genus in Bacteroidaceae
MAG21461	0.26	0.885521886	MAGs from other families
MAG22302	0.26	0.851851852	MAGs from other families
MAG2326	0.26	0.208754209	MAGs from other families
MAG2729	0.26	0.676767677	MAGs from Phocaeicola
MAG3654	0.26	0.212121212	MAGs from other families
MAG3725	0.26	0.983164983	MAGs from other families
MAG3759	0.26	0.61952862	MAGs from other families
MAG4055	0.26	0.461279461	MAGs from other families
MAG4121	0.26	0.663299663	MAGs from other families
MAG4176	0.26	0.36026936	MAGs from other families
MAG4227	0.26	0.925925926	MAGs from other families
MAG4261	0.26	0.397306397	MAGs from other families
MAG4433	0.26	0.259259259	MAGs from other families
MAG4477	0.26	0.909090909	MAGs from other families
MAG4649	0.26	0.218855219	MAGs from other families
MAG4692	0.26	0.643097643	MAGs from other families
MAG5151	0.26	0.744107744	MAGs from other families
MAG5924	0.26	0.932659933	MAGs from other families
MAG5930	0.26	0.521885522	MAGs from other families
MAG6278	0.26	0.292929293	MAGs from other families
MAG6405	0.26	0.313131313	MAGs from other genus in Bacteroidaceae
MAG6572	0.26	0.313131313	MAGs from other families
MAG7377	0.26	0.774410774	MAGs from other families
MAG7450	0.26	0.851851852	MAGs from other families
MAG871	0.26	0.323232323	MAGs from other families
MAG9066	0.26	0.333333333	MAGs from other families
MAG9176	0.26	0.346801347	MAGs from other families
MAG9423	0.26	0.282828283	MAGs from other families
MAG9544	0.26	0.272727273	MAGs from other families
MAG9722	0.26	0.898989899	MAGs from other families
MAG9910	0.26	0.218855219	MAGs from other families
MAG10067	0.27	0.249158249	MAGs from other families
MAG1070	0.27	0.498316498	MAGs from other families
MAG10796	0.27	0.531986532	MAGs from other families
MAG11485	0.27	0.831649832	MAGs from other genus in Bacteroidaceae
MAG11593	0.27	0.232323232	MAGs from other families
MAG12324	0.27	0.212121212	MAGs from other families
MAG12327	0.27	0.393939394	MAGs from other families
MAG12471	0.27	0.787878788	MAGs from other families
MAG13423	0.27	0.265993266	MAGs from other families
MAG13926	0.27	0.276094276	MAGs from other families
MAG13991	0.27	0.434343434	MAGs from other families
MAG14245	0.27	0.461279461	MAGs from other families
MAG14382	0.27	0.535353535	MAGs from other families
MAG14410	0.27	0.323232323	MAGs from other families
MAG14740	0.27	0.602693603	MAGs from other families
MAG14767	0.27	0.249158249	MAGs from other families
MAG14872	0.27	0.323232323	MAGs from other families
MAG15192	0.27	0.589225589	MAGs from other families
MAG15819	0.27	0.808080808	MAGs from other families
MAG15918	0.27	0.589225589	MAGs from other families
MAG16046	0.27	0.38047138	MAGs from Phocaeicola
MAG16567	0.27	0.397306397	MAGs from other families
MAG16641	0.27	0.30976431	MAGs from other families
MAG1724	0.27	0.7003367	MAGs from other families
MAG17673	0.27	0.676767677	MAGs from other families
MAG18534	0.27	0.420875421	MAGs from other families
MAG18644	0.27	0.228956229	MAGs from other families
MAG20396	0.27	0.367003367	MAGs from other families
MAG20681	0.27	0.222222222	MAGs from other genus in Bacteroidaceae
MAG21043	0.27	0.461279461	MAGs from other families
MAG22479	0.27	0.393939394	MAGs from other families
MAG23296	0.27	0.595959596	MAGs from other families
MAG2361	0.27	0.245791246	MAGs from other families
MAG2369	0.27	0.37037037	MAGs from other families
MAG2401	0.27	0.518518519	MAGs from other families
MAG4085	0.27	0.693602694	MAGs from other families
MAG4156	0.27	0.946127946	MAGs from other families
MAG5171	0.27	0.888888889	MAGs from other genus in Bacteroidaceae
MAG5470	0.27	0.37037037	MAGs from other families
MAG5721	0.27	0.713804714	MAGs from other families
MAG6445	0.27	0.265993266	MAGs from other families
MAG7097	0.27	0.569023569	MAGs from other families
MAG7192	0.27	0.424242424	MAGs from other families
MAG7340	0.27	0.303030303	MAGs from other families
MAG7561	0.27	0.269360269	MAGs from other families
MAG7660	0.27	0.521885522	MAGs from other families
MAG833	0.27	0.464646465	MAGs from other families
MAG8463	0.27	0.673400673	MAGs from other families
MAG8775	0.27	0.771043771	MAGs from other families
MAG8850	0.27	0.478114478	MAGs from other families
MAG8894	0.27	0.245791246	MAGs from other families
MAG8903	0.27	0.774410774	MAGs from other families
MAG8990	0.27	0.646464646	MAGs from other families
MAG9265	0.27	0.225589226	MAGs from other families
MAG9442	0.27	0.434343434	MAGs from other families
MAG9570	0.27	0.235690236	MAGs from other families
MAG9804	0.27	0.323232323	MAGs from other families
MAG10483	0.28	0.548821549	MAGs from other families
MAG10917	0.28	0.36026936	MAGs from other families
MAG11023	0.28	0.31986532	MAGs from other families
MAG1107	0.28	0.922558923	MAGs from other genus in Bacteroidaceae
MAG11779	0.28	0.858585859	MAGs from other families
MAG11814	0.28	0.410774411	MAGs from other families
MAG11871	0.28	0.63973064	MAGs from other families
MAG12462	0.28	0.245791246	MAGs from other families
MAG12463	0.28	0.252525253	MAGs from other families
MAG12712	0.28	0.326599327	MAGs from other families
MAG13380	0.28	0.609427609	MAGs from other families
MAG14535	0.28	0.824915825	MAGs from other families
MAG14741	0.28	0.750841751	MAGs from other families
MAG14843	0.28	0.367003367	MAGs from other families
MAG14981	0.28	0.518518519	MAGs from other families
MAG15197	0.28	0.861952862	MAGs from other families
MAG15346	0.28	0.797979798	MAGs from other families
MAG15373	0.28	0.242424242	MAGs from other families
MAG15453	0.28	0.777777778	MAGs from other families
MAG16042	0.28	0.228956229	MAGs from other families
MAG16181	0.28	0.740740741	MAGs from other families
MAG16227	0.28	0.545454545	MAGs from other families
MAG16333	0.28	0.242424242	MAGs from other genus in Bacteroidaceae
MAG16408	0.28	0.713804714	MAGs from other families
MAG16536	0.28	0.427609428	MAGs from other genus in Bacteroidaceae
MAG16702	0.28	0.205387205	MAGs from other families
MAG16909	0.28	0.962962963	MAGs from other genus in Bacteroidaceae
MAG17036	0.28	0.363636364	MAGs from other families
MAG17474	0.28	0.218855219	MAGs from other families
MAG17687	0.28	0.215488215	MAGs from other families
MAG18861	0.28	0.98989899	MAGs from other families
MAG18901	0.28	0.794612795	MAGs from other families
MAG19675	0.28	0.454545455	MAGs from other families
MAG19697	0.28	0.663299663	MAGs from other families
MAG22559	0.28	0.757575758	MAGs from other families
MAG2404	0.28	0.323232323	MAGs from other families
MAG2467	0.28	0.696969697	MAGs from other families
MAG3255	0.28	0.437710438	MAGs from other families
MAG3427	0.28	0.202020202	MAGs from other families
MAG3541	0.28	0.531986532	MAGs from other families
MAG4931	0.28	0.821548822	MAGs from other families
MAG4960	0.28	0.525252525	MAGs from other families
MAG6251	0.28	0.252525253	MAGs from other families
MAG7789	0.28	0.592592593	MAGs from other families
MAG808	0.28	0.461279461	MAGs from other genus in Bacteroidaceae
MAG8409	0.28	0.720538721	MAGs from other families
MAG8475	0.28	0.265993266	MAGs from other families
MAG8483	0.28	0.353535354	MAGs from other families
MAG8489	0.28	0.272727273	MAGs from other families
MAG8617	0.28	0.28956229	MAGs from other families
MAG875	0.28	0.96969697	MAGs from other families
MAG8819	0.28	0.932659933	MAGs from other genus in Bacteroidaceae
MAG9146	0.28	0.249158249	MAGs from other families
MAG9180	0.28	0.242424242	MAGs from other families
MAG9302	0.28	0.545454545	MAGs from other families
MAG10073	0.29	0.208754209	MAGs from other families
MAG10174	0.29	0.286195286	MAGs from other families
MAG10203	0.29	0.542087542	MAGs from other families
MAG10219	0.29	0.730639731	MAGs from other families
MAG1080	0.29	0.202020202	MAGs from other genus in Bacteroidaceae
MAG10880	0.29	0.262626263	MAGs from other families
MAG10977	0.29	0.68013468	MAGs from other genus in Bacteroidaceae
MAG11311	0.29	0.471380471	MAGs from other families
MAG11366	0.29	0.468013468	MAGs from other families
MAG11655	0.29	0.757575758	MAGs from other families
MAG12313	0.29	0.397306397	MAGs from other families
MAG12322	0.29	0.835016835	MAGs from other families
MAG12385	0.29	0.306397306	MAGs from other families
MAG13031	0.29	0.663299663	MAGs from other families
MAG13132	0.29	0.218855219	MAGs from other families
MAG13238	0.29	0.468013468	MAGs from other genus in Bacteroidaceae
MAG133	0.29	0.643097643	MAGs from other families
MAG13327	0.29	0.222222222	MAGs from other families
MAG13873	0.29	0.471380471	MAGs from other families
MAG13878	0.29	0.259259259	MAGs from other families
MAG14400	0.29	0.727272727	MAGs from other families
MAG14442	0.29	0.222222222	MAGs from other families
MAG14590	0.29	0.508417508	MAGs from other families
MAG14659	0.29	0.28956229	MAGs from other families
MAG15041	0.29	0.505050505	MAGs from other families
MAG15089	0.29	0.468013468	MAGs from other families
MAG15164	0.29	0.673400673	MAGs from other families
MAG15489	0.29	0.31986532	MAGs from other families
MAG15678	0.29	0.68013468	MAGs from other families
MAG15701	0.29	0.367003367	MAGs from other families
MAG16686	0.29	0.37037037	MAGs from other genus in Bacteroidaceae
MAG16921	0.29	0.400673401	MAGs from other families
MAG17256	0.29	0.542087542	MAGs from other families
MAG1731	0.29	0.851851852	MAGs from other families
MAG17448	0.29	0.212121212	MAGs from other families
MAG17657	0.29	0.252525253	MAGs from other families
MAG18336	0.29	0.424242424	MAGs from other families
MAG18456	0.29	0.208754209	MAGs from other families
MAG19236	0.29	0.205387205	MAGs from other genus in Bacteroidaceae
MAG19412	0.29	0.202020202	MAGs from other families
MAG19464	0.29	0.818181818	MAGs from other genus in Bacteroidaceae
MAG19599	0.29	0.787878788	MAGs from other families
MAG20225	0.29	0.35016835	MAGs from other families
MAG21471	0.29	0.282828283	MAGs from other families
MAG22341	0.29	0.326599327	MAGs from other families
MAG22444	0.29	0.703703704	MAGs from other genus in Bacteroidaceae
MAG2253	0.29	0.481481481	MAGs from other families
MAG2259	0.29	0.427609428	MAGs from other families
MAG22871	0.29	0.353535354	MAGs from Phocaeicola
MAG23284	0.29	0.478114478	MAGs from other families
MAG23366	0.29	0.30976431	MAGs from other families
MAG2652	0.29	0.457912458	MAGs from other families
MAG3010	0.29	0.457912458	MAGs from other families
MAG3054	0.29	0.64983165	MAGs from other families
MAG3173	0.29	0.420875421	MAGs from other genus in Bacteroidaceae
MAG3589	0.29	0.235690236	MAGs from other genus in Bacteroidaceae
MAG3973	0.29	0.242424242	MAGs from other families
MAG521	0.29	0.232323232	MAGs from other families
MAG5330	0.29	0.946127946	MAGs from other families
MAG5383	0.29	0.666666667	MAGs from other families
MAG5455	0.29	0.848484848	MAGs from other families
MAG558	0.29	0.966329966	MAGs from other genus in Bacteroidaceae
MAG5824	0.29	0.286195286	MAGs from other families
MAG8196	0.29	0.528619529	MAGs from other families
MAG9049	0.29	0.865319865	MAGs from other genus in Bacteroidaceae
MAG9490	0.29	0.282828283	MAGs from other families
MAG9530	0.29	0.32996633	MAGs from other families
MAG974	0.29	0.730639731	MAGs from other families
MAG9880	0.29	0.437710438	MAGs from other families
MAG9930	0.29	0.71043771	MAGs from other families
MAG10009	0.3	0.898989899	MAGs from other families
MAG10560	0.3	0.835016835	MAGs from other families
MAG1084	0.3	0.296296296	MAGs from other families
MAG10915	0.3	0.235690236	MAGs from other families
MAG11042	0.3	0.2996633	MAGs from other families
MAG11398	0.3	0.723905724	MAGs from other families
MAG11668	0.3	0.404040404	MAGs from other families
MAG12135	0.3	0.272727273	MAGs from other families
MAG12140	0.3	0.255892256	MAGs from other families
MAG12171	0.3	0.64983165	MAGs from other families
MAG12195	0.3	0.292929293	MAGs from other families
MAG12300	0.3	0.208754209	MAGs from other families
MAG127	0.3	0.252525253	MAGs from other families
MAG12794	0.3	0.218855219	MAGs from other families
MAG13029	0.3	0.373737374	MAGs from other families
MAG13185	0.3	0.851851852	MAGs from other genus in Bacteroidaceae
MAG13550	0.3	0.343434343	MAGs from other families
MAG13553	0.3	0.973063973	MAGs from other genus in Bacteroidaceae
MAG13642	0.3	0.468013468	MAGs from other families
MAG13793	0.3	0.235690236	MAGs from other families
MAG13794	0.3	0.235690236	MAGs from other families
MAG14030	0.3	0.740740741	MAGs from other families
MAG14362	0.3	0.390572391	MAGs from other families
MAG15135	0.3	0.575757576	MAGs from other families
MAG15187	0.3	0.404040404	MAGs from other families
MAG15214	0.3	0.279461279	MAGs from other families
MAG15935	0.3	0.326599327	MAGs from other families
MAG16099	0.3	0.454545455	MAGs from other families
MAG17061	0.3	0.861952862	MAGs from other families
MAG17275	0.3	0.427609428	MAGs from other families
MAG17676	0.3	0.373737374	MAGs from other families
MAG18598	0.3	0.63973064	MAGs from other families
MAG19229	0.3	0.218855219	MAGs from other families
MAG20236	0.3	0.986531987	MAGs from other families
MAG20384	0.3	0.447811448	MAGs from other genus in Bacteroidaceae
MAG20507	0.3	0.447811448	MAGs from other families
MAG21102	0.3	0.909090909	MAGs from other genus in Bacteroidaceae
MAG21326	0.3	0.457912458	MAGs from other families
MAG21482	0.3	0.707070707	MAGs from other families
MAG22896	0.3	0.2996633	MAGs from other families
MAG2562	0.3	0.656565657	MAGs from other families
MAG3057	0.3	0.417508418	MAGs from other families
MAG3928	0.3	0.949494949	MAGs from Phocaeicola
MAG4089	0.3	0.730639731	MAGs from other families
MAG4778	0.3	0.538720539	MAGs from other genus in Bacteroidaceae
MAG4950	0.3	0.572390572	MAGs from other families
MAG4963	0.3	0.239057239	MAGs from other families
MAG5473	0.3	0.228956229	MAGs from other families
MAG5795	0.3	0.62962963	MAGs from other families
MAG6058	0.3	0.343434343	MAGs from other families
MAG7483	0.3	0.306397306	MAGs from other families
MAG8179	0.3	0.326599327	MAGs from other families
MAG8578	0.3	0.333333333	MAGs from other families
MAG8651	0.3	0.686868687	MAGs from other families
MAG8694	0.3	0.612794613	MAGs from other families
MAG9007	0.3	0.272727273	MAGs from Phocaeicola
MAG9101	0.3	0.993265993	MAGs from other families
MAG9712	0.3	0.265993266	MAGs from other families
MAG973	0.3	0.393939394	MAGs from other families
MAG9784	0.3	0.562289562	MAGs from other genus in Bacteroidaceae
MAG9871	0.3	0.363636364	MAGs from other families
MAG9905	0.3	0.97979798	MAGs from other genus in Bacteroidaceae
MAG9942	0.3	0.34006734	MAGs from other families
MAG10108	0.31	0.457912458	MAGs from other families
MAG10224	0.31	0.528619529	MAGs from other families
MAG10690	0.31	0.242424242	MAGs from other families
MAG11047	0.31	0.296296296	MAGs from other families
MAG11091	0.31	0.218855219	MAGs from other families
MAG11268	0.31	0.861952862	MAGs from other families
MAG11697	0.31	0.882154882	MAGs from other families
MAG12039	0.31	0.242424242	MAGs from other families
MAG12224	0.31	0.208754209	MAGs from other families
MAG12876	0.31	0.946127946	MAGs from other genus in Bacteroidaceae
MAG13429	0.31	0.632996633	MAGs from other families
MAG13908	0.31	0.205387205	MAGs from other families
MAG14251	0.31	0.400673401	MAGs from other genus in Bacteroidaceae
MAG14276	0.31	0.932659933	MAGs from other families
MAG14346	0.31	0.208754209	MAGs from other families
MAG14514	0.31	0.387205387	MAGs from other families
MAG14677	0.31	0.936026936	MAGs from other families
MAG14732	0.31	0.346801347	MAGs from other families
MAG148	0.31	0.946127946	MAGs from Phocaeicola
MAG14883	0.31	0.356902357	MAGs from other families
MAG15391	0.31	0.713804714	MAGs from other families
MAG15444	0.31	0.69023569	MAGs from other families
MAG15514	0.31	0.575757576	MAGs from other genus in Bacteroidaceae
MAG15563	0.31	0.343434343	MAGs from other families
MAG16028	0.31	0.471380471	MAGs from other families
MAG16051	0.31	0.353535354	MAGs from other families
MAG16695	0.31	0.282828283	MAGs from other families
MAG16728	0.31	0.377104377	MAGs from other families
MAG16862	0.31	0.343434343	MAGs from other families
MAG16942	0.31	0.387205387	MAGs from other families
MAG17321	0.31	0.461279461	MAGs from other families
MAG17578	0.31	0.417508418	MAGs from other families
MAG17828	0.31	0.865319865	MAGs from other families
MAG17956	0.31	0.444444444	MAGs from other families
MAG18624	0.31	0.562289562	MAGs from other families
MAG18991	0.31	0.410774411	MAGs from other families
MAG19427	0.31	0.410774411	MAGs from other families
MAG20038	0.31	0.757575758	MAGs from other families
MAG20966	0.31	0.245791246	MAGs from other genus in Bacteroidaceae
MAG211	0.31	0.666666667	MAGs from other families
MAG22916	0.31	0.855218855	MAGs from other families
MAG2712	0.31	0.323232323	MAGs from other families
MAG3026	0.31	0.262626263	MAGs from other families
MAG338	0.31	0.417508418	MAGs from other families
MAG4107	0.31	0.942760943	MAGs from other families
MAG429	0.31	0.232323232	MAGs from other families
MAG4392	0.31	0.259259259	MAGs from other families
MAG4464	0.31	0.723905724	MAGs from Phocaeicola
MAG4481	0.31	0.919191919	MAGs from other families
MAG4585	0.31	0.767676768	MAGs from other families
MAG4622	0.31	0.28956229	MAGs from other families
MAG4888	0.31	0.585858586	MAGs from other families
MAG8410	0.31	0.34006734	MAGs from other families
MAG8929	0.31	0.932659933	MAGs from other families
MAG9000	0.31	0.804713805	MAGs from other families
MAG9089	0.31	0.824915825	MAGs from other families
MAG9884	0.31	0.808080808	MAGs from other families
MAG10583	0.32	0.888888889	MAGs from other families
MAG10757	0.32	0.838383838	MAGs from other families
MAG11347	0.32	0.861952862	MAGs from other families
MAG12103	0.32	0.592592593	MAGs from other families
MAG12128	0.32	0.505050505	MAGs from other families
MAG12192	0.32	0.734006734	MAGs from other families
MAG12346	0.32	0.808080808	MAGs from other families
MAG12614	0.32	0.37037037	MAGs from other families
MAG13005	0.32	0.239057239	MAGs from other families
MAG13125	0.32	0.225589226	MAGs from other families
MAG13141	0.32	0.703703704	MAGs from other families
MAG14234	0.32	0.215488215	MAGs from other families
MAG14619	0.32	0.952861953	MAGs from other families
MAG15035	0.32	0.488215488	MAGs from other families
MAG15040	0.32	0.222222222	MAGs from other families
MAG15289	0.32	0.404040404	MAGs from other families
MAG15716	0.32	0.245791246	MAGs from other families
MAG15848	0.32	0.65993266	MAGs from other families
MAG15893	0.32	0.764309764	MAGs from other families
MAG15999	0.32	0.36026936	MAGs from other families
MAG16361	0.32	0.713804714	MAGs from other families
MAG16471	0.32	0.707070707	MAGs from other families
MAG16558	0.32	0.225589226	MAGs from other families
MAG16706	0.32	0.565656566	MAGs from other families
MAG16766	0.32	0.222222222	MAGs from other families
MAG16848	0.32	0.28956229	MAGs from other families
MAG17164	0.32	0.531986532	MAGs from other genus in Bacteroidaceae
MAG17827	0.32	0.936026936	MAGs from other families
MAG18623	0.32	0.538720539	MAGs from other families
MAG18814	0.32	0.494949495	MAGs from other families
MAG19307	0.32	0.683501684	MAGs from other families
MAG19975	0.32	0.717171717	MAGs from other families
MAG20133	0.32	0.235690236	MAGs from other families
MAG20148	0.32	0.505050505	MAGs from other families
MAG21834	0.32	0.676767677	MAGs from other families
MAG2252	0.32	0.851851852	MAGs from other families
MAG23387	0.32	0.232323232	MAGs from other families
MAG2657	0.32	0.265993266	MAGs from other families
MAG2759	0.32	0.245791246	MAGs from other families
MAG3133	0.32	0.915824916	MAGs from other families
MAG354	0.32	0.841750842	MAGs from other families
MAG4039	0.32	0.356902357	MAGs from other families
MAG4042	0.32	0.393939394	MAGs from other families
MAG4172	0.32	0.245791246	MAGs from other families
MAG4768	0.32	0.861952862	MAGs from other genus in Bacteroidaceae
MAG4809	0.32	0.734006734	MAGs from other families
MAG4903	0.32	0.892255892	MAGs from other families
MAG5156	0.32	0.845117845	MAGs from other genus in Bacteroidaceae
MAG5341	0.32	0.67003367	MAGs from other families
MAG5489	0.32	0.410774411	MAGs from other families
MAG6589	0.32	0.30976431	MAGs from other genus in Bacteroidaceae
MAG8264	0.32	0.282828283	MAGs from other families
MAG8532	0.32	0.32996633	MAGs from other families
MAG9045	0.32	0.552188552	MAGs from other families
MAG9370	0.32	0.696969697	MAGs from other families
MAG10098	0.33	0.888888889	MAGs from other families
MAG10304	0.33	0.488215488	MAGs from other genus in Bacteroidaceae
MAG10709	0.33	0.208754209	MAGs from other families
MAG10784	0.33	0.31986532	MAGs from other families
MAG11246	0.33	0.915824916	MAGs from other families
MAG11420	0.33	0.925925926	MAGs from other families
MAG11427	0.33	0.905723906	MAGs from other genus in Bacteroidaceae
MAG11751	0.33	0.622895623	MAGs from other families
MAG11754	0.33	0.97979798	MAGs from other families
MAG12250	0.33	0.228956229	MAGs from other families
MAG12373	0.33	0.61952862	MAGs from other families
MAG12564	0.33	0.255892256	MAGs from other families
MAG12770	0.33	0.717171717	MAGs from other families
MAG12991	0.33	0.831649832	MAGs from other genus in Bacteroidaceae
MAG13018	0.33	0.356902357	MAGs from other families
MAG13292	0.33	0.400673401	MAGs from other families
MAG13350	0.33	0.582491582	MAGs from other families
MAG13398	0.33	0.232323232	MAGs from other families
MAG13740	0.33	0.252525253	MAGs from other families
MAG13777	0.33	0.259259259	MAGs from other families
MAG1396	0.33	0.296296296	MAGs from other families
MAG14230	0.33	0.228956229	MAGs from other families
MAG14904	0.33	0.235690236	MAGs from other families
MAG14915	0.33	0.885521886	MAGs from other families
MAG14922	0.33	0.98989899	MAGs from other genus in Bacteroidaceae
MAG15036	0.33	0.272727273	MAGs from other families
MAG15332	0.33	0.205387205	MAGs from other families
MAG15573	0.33	0.484848485	MAGs from other families
MAG15605	0.33	0.34006734	MAGs from other genus in Bacteroidaceae
MAG15900	0.33	0.383838384	MAGs from other families
MAG16102	0.33	0.272727273	MAGs from other families
MAG16182	0.33	0.434343434	MAGs from other families
MAG16339	0.33	0.397306397	MAGs from other families
MAG16487	0.33	0.966329966	MAGs from other genus in Bacteroidaceae
MAG16493	0.33	0.95959596	MAGs from other families
MAG16566	0.33	0.390572391	MAGs from other families
MAG16618	0.33	0.292929293	MAGs from other families
MAG16667	0.33	0.202020202	MAGs from other families
MAG16790	0.33	0.888888889	MAGs from other families
MAG17296	0.33	0.252525253	MAGs from other families
MAG17363	0.33	0.202020202	MAGs from other families
MAG17731	0.33	0.215488215	MAGs from other families
MAG1776	0.33	0.531986532	MAGs from other genus in Bacteroidaceae
MAG19542	0.33	0.808080808	MAGs from other families
MAG19792	0.33	0.491582492	MAGs from other families
MAG19807	0.33	0.67003367	MAGs from other families
MAG19989	0.33	0.208754209	MAGs from other families
MAG2024	0.33	0.235690236	MAGs from other families
MAG20243	0.33	0.781144781	MAGs from other families
MAG21391	0.33	0.579124579	MAGs from other families
MAG22923	0.33	1	MAGs from other families
MAG2353	0.33	0.353535354	MAGs from other families
MAG2457	0.33	0.845117845	MAGs from other families
MAG2594	0.33	0.434343434	MAGs from other families
MAG3793	0.33	0.38047138	MAGs from other families
MAG4092	0.33	0.966329966	MAGs from other families
MAG4190	0.33	0.481481481	MAGs from Phocaeicola
MAG4330	0.33	0.215488215	MAGs from other families
MAG4536	0.33	0.582491582	MAGs from other families
MAG5086	0.33	0.787878788	MAGs from other families
MAG5297	0.33	0.262626263	MAGs from other families
MAG5312	0.33	0.767676768	MAGs from other families
MAG5543	0.33	0.801346801	MAGs from other families
MAG5877	0.33	0.218855219	MAGs from other families
MAG5879	0.33	0.68013468	MAGs from other families
MAG5917	0.33	0.28956229	MAGs from other families
MAG7086	0.33	0.69023569	MAGs from other families
MAG7288	0.33	0.747474747	MAGs from other families
MAG8510	0.33	0.764309764	MAGs from other families
MAG9349	0.33	0.343434343	MAGs from other families
MAG9627	0.33	0.760942761	MAGs from other families
MAG9663	0.33	0.804713805	MAGs from other families
MAG9687	0.33	0.383838384	MAGs from other families
MAG1013	0.34	0.508417508	MAGs from other families
MAG10407	0.34	0.249158249	MAGs from other families
MAG10901	0.34	0.585858586	MAGs from other families
MAG1137	0.34	0.861952862	MAGs from other families
MAG11809	0.34	0.875420875	MAGs from other families
MAG11973	0.34	0.346801347	MAGs from other families
MAG12099	0.34	0.727272727	MAGs from other families
MAG12410	0.34	0.589225589	MAGs from other families
MAG1289	0.34	0.747474747	MAGs from other genus in Bacteroidaceae
MAG12996	0.34	0.565656566	MAGs from other families
MAG13367	0.34	0.447811448	MAGs from other families
MAG13427	0.34	0.202020202	MAGs from other families
MAG13899	0.34	0.323232323	MAGs from other families
MAG14395	0.34	0.404040404	MAGs from other families
MAG14488	0.34	0.582491582	MAGs from other families
MAG146	0.34	0.804713805	MAGs from other families
MAG14830	0.34	0.703703704	MAGs from other families
MAG15033	0.34	0.279461279	MAGs from other families
MAG15161	0.34	0.707070707	MAGs from other families
MAG15981	0.34	0.306397306	MAGs from other families
MAG16032	0.34	0.323232323	MAGs from other families
MAG16152	0.34	0.35016835	MAGs from other families
MAG16214	0.34	0.353535354	MAGs from other families
MAG1625	0.34	0.468013468	MAGs from other families
MAG16754	0.34	0.255892256	MAGs from other families
MAG16799	0.34	0.760942761	MAGs from other families
MAG17106	0.34	0.218855219	MAGs from other families
MAG17307	0.34	0.205387205	MAGs from other families
MAG17538	0.34	0.838383838	MAGs from other families
MAG17857	0.34	0.824915825	MAGs from other families
MAG18215	0.34	0.787878788	MAGs from other genus in Bacteroidaceae
MAG18414	0.34	0.32996633	MAGs from other families
MAG19343	0.34	0.437710438	MAGs from other genus in Bacteroidaceae
MAG19887	0.34	0.821548822	MAGs from other genus in Bacteroidaceae
MAG20476	0.34	0.64983165	MAGs from other families
MAG20508	0.34	0.68013468	MAGs from other families
MAG20862	0.34	0.373737374	MAGs from other families
MAG20972	0.34	0.814814815	MAGs from other genus in Bacteroidaceae
MAG2264	0.34	0.269360269	MAGs from other families
MAG23437	0.34	0.64983165	MAGs from other families
MAG2455	0.34	0.31986532	MAGs from other families
MAG2915	0.34	0.279461279	MAGs from other genus in Bacteroidaceae
MAG384	0.34	0.558922559	MAGs from other families
MAG4191	0.34	0.31986532	MAGs from other families
MAG4194	0.34	0.707070707	MAGs from other families
MAG4594	0.34	0.905723906	MAGs from other families
MAG5382	0.34	0.306397306	MAGs from other families
MAG5628	0.34	0.895622896	MAGs from other families
MAG6252	0.34	0.202020202	MAGs from other families
MAG6771	0.34	0.488215488	MAGs from other genus in Bacteroidaceae
MAG6946	0.34	0.434343434	MAGs from other families
MAG7242	0.34	0.996632997	MAGs from other families
MAG8776	0.34	0.484848485	MAGs from other families
MAG9078	0.34	0.34006734	MAGs from other families
MAG9275	0.34	0.313131313	MAGs from other genus in Bacteroidaceae
MAG9798	0.34	0.760942761	MAGs from other genus in Bacteroidaceae
MAG12334	0.35	0.37037037	MAGs from Phocaeicola
MAG12389	0.35	0.437710438	MAGs from other families
MAG12632	0.35	0.417508418	MAGs from other families
MAG12758	0.35	0.942760943	MAGs from other families
MAG13013	0.35	0.245791246	MAGs from other families
MAG13444	0.35	0.407407407	MAGs from other families
MAG13854	0.35	0.367003367	MAGs from other families
MAG14252	0.35	0.235690236	MAGs from other families
MAG14812	0.35	0.303030303	MAGs from other families
MAG15095	0.35	0.693602694	MAGs from other families
MAG15845	0.35	0.326599327	MAGs from other families
MAG15862	0.35	0.757575758	MAGs from other families
MAG15966	0.35	0.208754209	MAGs from other families
MAG16041	0.35	0.885521886	MAGs from other families
MAG16572	0.35	0.474747475	MAGs from other families
MAG16797	0.35	0.218855219	MAGs from other families
MAG16911	0.35	0.239057239	MAGs from other families
MAG17045	0.35	0.28956229	MAGs from other families
MAG17196	0.35	0.218855219	MAGs from other families
MAG17264	0.35	0.400673401	MAGs from other families
MAG17330	0.35	0.235690236	MAGs from other families
MAG17356	0.35	0.808080808	MAGs from other families
MAG17441	0.35	0.242424242	MAGs from other families
MAG17653	0.35	0.235690236	MAGs from other families
MAG19015	0.35	0.663299663	MAGs from other families
MAG19959	0.35	0.96969697	MAGs from other genus in Bacteroidaceae
MAG20065	0.35	0.437710438	MAGs from other families
MAG21573	0.35	0.727272727	MAGs from other families
MAG22472	0.35	0.390572391	MAGs from other families
MAG22618	0.35	0.481481481	MAGs from other genus in Bacteroidaceae
MAG2680	0.35	0.929292929	MAGs from other families
MAG2715	0.35	0.909090909	MAGs from other genus in Bacteroidaceae
MAG2839	0.35	0.845117845	MAGs from other families
MAG3390	0.35	0.653198653	MAGs from other families
MAG352	0.35	0.202020202	MAGs from other families
MAG3599	0.35	0.750841751	MAGs from other genus in Bacteroidaceae
MAG4316	0.35	0.932659933	MAGs from other families
MAG4986	0.35	0.915824916	MAGs from other genus in Bacteroidaceae
MAG5212	0.35	0.797979798	MAGs from other families
MAG5594	0.35	0.202020202	MAGs from other families
MAG5722	0.35	0.797979798	MAGs from other families
MAG577	0.35	0.703703704	MAGs from other families
MAG5865	0.35	0.643097643	MAGs from other families
MAG5896	0.35	0.343434343	MAGs from other families
MAG6067	0.35	0.286195286	MAGs from other families
MAG6466	0.35	0.215488215	MAGs from other families
MAG7818	0.35	0.464646465	MAGs from other families
MAG8699	0.35	0.356902357	MAGs from other families
MAG9111	0.35	0.228956229	MAGs from other families
MAG9385	0.35	0.673400673	MAGs from other families
MAG9436	0.35	0.272727273	MAGs from other families
MAG9589	0.35	0.208754209	MAGs from other families
MAG9797	0.35	0.259259259	MAGs from other families
MAG9809	0.35	0.787878788	MAGs from other families
MAG9895	0.35	0.676767677	MAGs from other families
MAG9983	0.35	0.457912458	MAGs from other families
MAG10004	0.36	0.744107744	MAGs from other families
MAG1004	0.36	0.595959596	MAGs from other families
MAG10170	0.36	0.505050505	MAGs from other families
MAG10823	0.36	0.222222222	MAGs from other families
MAG10882	0.36	0.427609428	MAGs from other families
MAG11382	0.36	0.265993266	MAGs from other families
MAG11557	0.36	0.898989899	MAGs from other families
MAG11862	0.36	0.878787879	MAGs from other families
MAG12226	0.36	0.69023569	MAGs from other genus in Bacteroidaceae
MAG12397	0.36	0.764309764	MAGs from other families
MAG12745	0.36	0.420875421	MAGs from other families
MAG13056	0.36	0.404040404	MAGs from other families
MAG13753	0.36	0.34006734	MAGs from other families
MAG13761	0.36	0.767676768	MAGs from other families
MAG13763	0.36	0.572390572	MAGs from other families
MAG14096	0.36	0.235690236	MAGs from other families
MAG14102	0.36	0.38047138	MAGs from other families
MAG14204	0.36	0.245791246	MAGs from other families
MAG14256	0.36	0.208754209	MAGs from other families
MAG14359	0.36	0.579124579	MAGs from other families
MAG14750	0.36	0.34006734	MAGs from other families
MAG14890	0.36	0.393939394	MAGs from other families
MAG15341	0.36	0.505050505	MAGs from other families
MAG15508	0.36	0.488215488	MAGs from other families
MAG15727	0.36	0.929292929	MAGs from other families
MAG15812	0.36	0.518518519	MAGs from other families
MAG15842	0.36	0.488215488	MAGs from other families
MAG15887	0.36	0.784511785	MAGs from other families
MAG15950	0.36	0.303030303	MAGs from other families
MAG16135	0.36	0.494949495	MAGs from other families
MAG16148	0.36	0.313131313	MAGs from other families
MAG16272	0.36	0.437710438	MAGs from other families
MAG16362	0.36	0.336700337	MAGs from other families
MAG16892	0.36	0.363636364	MAGs from other families
MAG16965	0.36	0.63973064	MAGs from other families
MAG17075	0.36	0.414141414	MAGs from other genus in Bacteroidaceae
MAG17123	0.36	0.269360269	MAGs from other families
MAG17172	0.36	0.855218855	MAGs from other genus in Bacteroidaceae
MAG17482	0.36	0.925925926	MAGs from other families
MAG17818	0.36	0.292929293	MAGs from other families
MAG18832	0.36	0.579124579	MAGs from other families
MAG19771	0.36	0.383838384	MAGs from other families
MAG20366	0.36	0.872053872	MAGs from other families
MAG20491	0.36	0.558922559	MAGs from other families
MAG20492	0.36	0.515151515	MAGs from other families
MAG20808	0.36	0.804713805	MAGs from other families
MAG21557	0.36	0.565656566	MAGs from other families
MAG22313	0.36	0.828282828	MAGs from other families
MAG2841	0.36	0.2996633	MAGs from other families
MAG3159	0.36	0.272727273	MAGs from other families
MAG3248	0.36	0.252525253	MAGs from other genus in Bacteroidaceae
MAG4218	0.36	0.63973064	MAGs from other families
MAG4643	0.36	0.942760943	MAGs from other families
MAG4661	0.36	0.895622896	MAGs from other families
MAG5189	0.36	0.528619529	MAGs from other families
MAG6596	0.36	0.609427609	MAGs from other families
MAG8352	0.36	0.595959596	MAGs from other families
MAG8750	0.36	0.818181818	MAGs from other genus in Bacteroidaceae
MAG8767	0.36	0.387205387	MAGs from other families
MAG8772	0.36	0.37037037	MAGs from other families
MAG9306	0.36	0.498316498	MAGs from other genus in Bacteroidaceae
MAG9433	0.36	0.61952862	MAGs from other families
MAG9744	0.36	0.2996633	MAGs from other families
MAG9860	0.36	0.316498316	MAGs from other families
MAG10100	0.37	0.296296296	MAGs from other families
MAG10116	0.37	0.387205387	MAGs from other families
MAG10288	0.37	0.882154882	MAGs from other genus in Bacteroidaceae
MAG10556	0.37	0.760942761	MAGs from other families
MAG11352	0.37	0.205387205	MAGs from other families
MAG11858	0.37	0.215488215	MAGs from other genus in Bacteroidaceae
MAG11972	0.37	0.468013468	MAGs from other families
MAG12029	0.37	0.292929293	MAGs from other families
MAG12252	0.37	0.31986532	MAGs from other genus in Bacteroidaceae
MAG12256	0.37	0.383838384	MAGs from other families
MAG12829	0.37	0.464646465	MAGs from other genus in Bacteroidaceae
MAG12832	0.37	0.279461279	MAGs from other genus in Bacteroidaceae
MAG13089	0.37	0.228956229	MAGs from other families
MAG13143	0.37	0.505050505	MAGs from other families
MAG13197	0.37	0.249158249	MAGs from Phocaeicola
MAG13246	0.37	0.208754209	MAGs from other families
MAG13395	0.37	0.265993266	MAGs from other families
MAG13514	0.37	0.831649832	MAGs from other families
MAG13562	0.37	0.804713805	MAGs from other families
MAG1358	0.37	0.696969697	MAGs from other families
MAG14466	0.37	0.410774411	MAGs from other families
MAG14511	0.37	0.528619529	MAGs from other families
MAG14614	0.37	0.831649832	MAGs from other families
MAG15170	0.37	0.272727273	MAGs from other genus in Bacteroidaceae
MAG15553	0.37	0.457912458	MAGs from other families
MAG15645	0.37	0.811447811	MAGs from other families
MAG15937	0.37	0.454545455	MAGs from other families
MAG16350	0.37	0.602693603	MAGs from other families
MAG17010	0.37	0.909090909	MAGs from other families
MAG17133	0.37	0.218855219	MAGs from other families
MAG17568	0.37	0.582491582	MAGs from other families
MAG17834	0.37	0.973063973	MAGs from other families
MAG17858	0.37	0.666666667	MAGs from other families
MAG18888	0.37	0.98989899	MAGs from other families
MAG19012	0.37	0.636363636	MAGs from other families
MAG19275	0.37	0.242424242	MAGs from other families
MAG19605	0.37	0.30976431	MAGs from other families
MAG19720	0.37	0.208754209	MAGs from other families
MAG19764	0.37	0.494949495	MAGs from other families
MAG19894	0.37	0.202020202	MAGs from other families
MAG20139	0.37	0.824915825	MAGs from other families
MAG20147	0.37	0.956228956	MAGs from other families
MAG22761	0.37	0.249158249	MAGs from other families
MAG22902	0.37	0.915824916	MAGs from other genus in Bacteroidaceae
MAG23149	0.37	0.38047138	MAGs from other genus in Bacteroidaceae
MAG23311	0.37	0.316498316	MAGs from other families
MAG2360	0.37	0.420875421	MAGs from other families
MAG3296	0.37	0.272727273	MAGs from other families
MAG3367	0.37	0.616161616	MAGs from other families
MAG3597	0.37	0.208754209	MAGs from other families
MAG4017	0.37	0.333333333	MAGs from other families
MAG4210	0.37	0.205387205	MAGs from other genus in Bacteroidaceae
MAG4549	0.37	0.96969697	MAGs from other families
MAG4591	0.37	0.875420875	MAGs from other families
MAG4602	0.37	0.808080808	MAGs from other families
MAG4935	0.37	0.447811448	MAGs from other families
MAG4980	0.37	0.653198653	MAGs from other families
MAG5443	0.37	0.202020202	MAGs from other families
MAG6376	0.37	0.212121212	MAGs from other families
MAG6743	0.37	0.986531987	MAGs from other families
MAG7255	0.37	0.781144781	MAGs from other families
MAG7371	0.37	0.949494949	MAGs from other families
MAG8495	0.37	0.225589226	MAGs from other families
MAG8769	0.37	0.760942761	MAGs from other families
MAG9158	0.37	0.313131313	MAGs from other families
MAG9227	0.37	0.222222222	MAGs from other families
MAG9611	0.37	0.501683502	MAGs from other genus in Bacteroidaceae
MAG9625	0.37	0.34006734	MAGs from other families
MAG9681	0.37	0.703703704	MAGs from other families
MAG10109	0.38	0.898989899	MAGs from other families
MAG10357	0.38	0.31986532	MAGs from other families
MAG11422	0.38	0.353535354	MAGs from other families
MAG11784	0.38	0.949494949	MAGs from other genus in Bacteroidaceae
MAG12138	0.38	0.269360269	MAGs from other families
MAG1253	0.38	0.222222222	MAGs from other families
MAG12616	0.38	0.552188552	MAGs from other families
MAG12687	0.38	0.703703704	MAGs from other families
MAG12813	0.38	0.676767677	MAGs from other families
MAG12989	0.38	0.508417508	MAGs from other families
MAG13569	0.38	0.353535354	MAGs from other families
MAG13581	0.38	0.491582492	MAGs from other families
MAG14489	0.38	0.282828283	MAGs from other families
MAG14688	0.38	0.37037037	MAGs from other families
MAG1475	0.38	0.447811448	MAGs from other families
MAG14888	0.38	0.521885522	MAGs from other families
MAG15087	0.38	0.282828283	MAGs from other families
MAG15116	0.38	0.265993266	MAGs from other families
MAG16260	0.38	0.814814815	MAGs from other families
MAG16972	0.38	0.383838384	MAGs from other families
MAG16996	0.38	0.599326599	MAGs from other families
MAG17279	0.38	0.703703704	MAGs from other families
MAG17361	0.38	0.828282828	MAGs from Phocaeicola
MAG17447	0.38	0.218855219	MAGs from other families
MAG17491	0.38	0.68013468	MAGs from other families
MAG17634	0.38	0.259259259	MAGs from other families
MAG18048	0.38	0.32996633	MAGs from other genus in Bacteroidaceae
MAG19297	0.38	0.515151515	MAGs from other families
MAG20191	0.38	0.286195286	MAGs from other families
MAG20300	0.38	0.420875421	MAGs from other families
MAG20383	0.38	0.232323232	MAGs from other families
MAG21038	0.38	0.861952862	MAGs from other families
MAG21711	0.38	0.875420875	MAGs from other families
MAG22339	0.38	0.468013468	MAGs from other families
MAG22550	0.38	0.872053872	MAGs from other genus in Bacteroidaceae
MAG2660	0.38	0.976430976	MAGs from other families
MAG2714	0.38	0.848484848	MAGs from other families
MAG4059	0.38	0.407407407	MAGs from other families
MAG4082	0.38	0.845117845	MAGs from other families
MAG4281	0.38	0.794612795	MAGs from other families
MAG4468	0.38	0.535353535	MAGs from other families
MAG4793	0.38	0.525252525	MAGs from other families
MAG5119	0.38	0.245791246	MAGs from other families
MAG5219	0.38	0.259259259	MAGs from other families
MAG5308	0.38	0.249158249	MAGs from other families
MAG568	0.38	0.885521886	MAGs from other genus in Bacteroidaceae
MAG5965	0.38	0.841750842	MAGs from other genus in Bacteroidaceae
MAG6019	0.38	0.767676768	MAGs from other genus in Bacteroidaceae
MAG6401	0.38	0.562289562	MAGs from other families
MAG8287	0.38	0.821548822	MAGs from other families
MAG8640	0.38	0.222222222	MAGs from other families
MAG8821	0.38	1	MAGs from other genus in Bacteroidaceae
MAG9136	0.38	0.558922559	MAGs from Phocaeicola
MAG9342	0.38	0.511784512	MAGs from other families
MAG9383	0.38	0.35016835	MAGs from other families
MAG10367	0.39	0.255892256	MAGs from other families
MAG10372	0.39	0.858585859	MAGs from other genus in Bacteroidaceae
MAG10464	0.39	0.892255892	MAGs from other families
MAG10563	0.39	0.205387205	MAGs from other families
MAG10782	0.39	0.888888889	MAGs from other genus in Bacteroidaceae
MAG11096	0.39	0.98989899	MAGs from other families
MAG11587	0.39	0.265993266	MAGs from other families
MAG11682	0.39	0.404040404	MAGs from other families
MAG12359	0.39	0.222222222	MAGs from other families
MAG12742	0.39	0.579124579	MAGs from other genus in Bacteroidaceae
MAG12883	0.39	0.653198653	MAGs from other families
MAG13068	0.39	0.228956229	MAGs from other families
MAG1320	0.39	0.228956229	MAGs from other families
MAG13247	0.39	0.333333333	MAGs from other families
MAG14063	0.39	0.417508418	MAGs from other families
MAG14229	0.39	0.646464646	MAGs from other families
MAG14439	0.39	0.343434343	MAGs from other families
MAG14987	0.39	0.262626263	MAGs from other families
MAG15030	0.39	0.390572391	MAGs from other families
MAG15377	0.39	0.272727273	MAGs from other families
MAG15703	0.39	0.32996633	MAGs from other families
MAG15978	0.39	0.845117845	MAGs from other families
MAG16149	0.39	0.858585859	MAGs from other families
MAG16372	0.39	0.636363636	MAGs from other families
MAG16664	0.39	0.35016835	MAGs from other families
MAG16725	0.39	0.356902357	MAGs from other families
MAG16958	0.39	0.616161616	MAGs from other families
MAG16961	0.39	0.505050505	MAGs from other families
MAG17288	0.39	0.457912458	MAGs from other families
MAG17295	0.39	0.212121212	MAGs from other families
MAG18482	0.39	0.225589226	MAGs from other genus in Bacteroidaceae
MAG18513	0.39	0.64983165	MAGs from other families
MAG18714	0.39	0.35016835	MAGs from other families
MAG20085	0.39	0.441077441	MAGs from other families
MAG21640	0.39	0.239057239	MAGs from other families
MAG22029	0.39	0.777777778	MAGs from other genus in Bacteroidaceae
MAG22544	0.39	0.239057239	MAGs from other families
MAG22600	0.39	0.343434343	MAGs from other families
MAG22898	0.39	0.265993266	MAGs from other families
MAG22899	0.39	0.545454545	MAGs from other families
MAG2678	0.39	0.212121212	MAGs from other families
MAG3868	0.39	0.235690236	MAGs from other families
MAG5894	0.39	0.676767677	MAGs from other families
MAG6044	0.39	0.949494949	MAGs from other families
MAG6077	0.39	0.387205387	MAGs from other families
MAG6984	0.39	0.643097643	MAGs from other genus in Bacteroidaceae
MAG8261	0.39	0.208754209	MAGs from other families
MAG8400	0.39	0.336700337	MAGs from other families
MAG8701	0.39	0.444444444	MAGs from other families
MAG9333	0.39	0.323232323	MAGs from other families
MAG9715	0.39	0.414141414	MAGs from other families
MAG9728	0.39	0.414141414	MAGs from other families
MAG10698	0.4	0.784511785	MAGs from other families
MAG10820	0.4	0.548821549	MAGs from other families
MAG10954	0.4	0.754208754	MAGs from other families
MAG11019	0.4	0.835016835	MAGs from other genus in Bacteroidaceae
MAG11139	0.4	0.64983165	MAGs from other families
MAG12033	0.4	0.730639731	MAGs from Phocaeicola
MAG12066	0.4	0.7003367	MAGs from other families
MAG12523	0.4	0.457912458	MAGs from other families
MAG13285	0.4	0.292929293	MAGs from other families
MAG13645	0.4	0.259259259	MAGs from other families
MAG14125	0.4	0.276094276	MAGs from other families
MAG14223	0.4	0.636363636	MAGs from other families
MAG14351	0.4	0.636363636	MAGs from other families
MAG14563	0.4	0.922558923	MAGs from other families
MAG14656	0.4	0.255892256	MAGs from other families
MAG14696	0.4	0.252525253	MAGs from other families
MAG14718	0.4	0.303030303	MAGs from other families
MAG14794	0.4	0.276094276	MAGs from other families
MAG15044	0.4	0.565656566	MAGs from other families
MAG15094	0.4	0.835016835	MAGs from other families
MAG15153	0.4	0.545454545	MAGs from other families
MAG15186	0.4	0.225589226	MAGs from other families
MAG15374	0.4	0.737373737	MAGs from other families
MAG16197	0.4	0.279461279	MAGs from other families
MAG16359	0.4	0.474747475	MAGs from other families
MAG16526	0.4	0.771043771	MAGs from other families
MAG16614	0.4	0.454545455	MAGs from other families
MAG16987	0.4	0.235690236	MAGs from other families
MAG17355	0.4	0.952861953	MAGs from other families
MAG17665	0.4	0.259259259	MAGs from other families
MAG17698	0.4	0.905723906	MAGs from other families
MAG18114	0.4	0.245791246	MAGs from other families
MAG20722	0.4	0.404040404	MAGs from other families
MAG20806	0.4	0.797979798	MAGs from other families
MAG22534	0.4	0.531986532	MAGs from other families
MAG22868	0.4	0.592592593	MAGs from other families
MAG23351	0.4	0.225589226	MAGs from other families
MAG2487	0.4	0.481481481	MAGs from other families
MAG2912	0.4	0.599326599	MAGs from other families
MAG3249	0.4	0.430976431	MAGs from other families
MAG3819	0.4	0.784511785	MAGs from other families
MAG4296	0.4	0.878787879	MAGs from other families
MAG4571	0.4	0.286195286	MAGs from other families
MAG4647	0.4	0.464646465	MAGs from other families
MAG4728	0.4	0.383838384	MAGs from other families
MAG5060	0.4	0.703703704	MAGs from other genus in Bacteroidaceae
MAG5143	0.4	0.946127946	MAGs from other families
MAG5166	0.4	0.430976431	MAGs from other families
MAG5902	0.4	0.259259259	MAGs from other families
MAG7632	0.4	0.215488215	MAGs from other families
MAG769	0.4	0.579124579	MAGs from other families
MAG8222	0.4	0.420875421	MAGs from other families
MAG8296	0.4	0.851851852	MAGs from other families
MAG8710	0.4	0.602693603	MAGs from other families
MAG8744	0.4	0.494949495	MAGs from other families
MAG8781	0.4	0.451178451	MAGs from other families
MAG9065	0.4	0.646464646	MAGs from other families
MAG9259	0.4	0.794612795	MAGs from other genus in Bacteroidaceae
MAG9944	0.4	0.249158249	MAGs from other families
MAG10038	0.41	0.202020202	MAGs from other families
MAG10128	0.41	0.569023569	MAGs from other families
MAG10732	0.41	0.208754209	MAGs from other families
MAG11203	0.41	0.205387205	MAGs from other families
MAG11243	0.41	0.676767677	MAGs from Phocaeicola
MAG11669	0.41	0.616161616	MAGs from other families
MAG11819	0.41	0.434343434	MAGs from other genus in Bacteroidaceae
MAG12046	0.41	0.2996633	MAGs from other families
MAG12076	0.41	0.387205387	MAGs from other genus in Bacteroidaceae
MAG12491	0.41	0.875420875	MAGs from other genus in Bacteroidaceae
MAG12550	0.41	0.36026936	MAGs from other families
MAG12719	0.41	0.34006734	MAGs from other families
MAG12767	0.41	0.235690236	MAGs from other families
MAG12789	0.41	0.848484848	MAGs from other genus in Bacteroidaceae
MAG12857	0.41	0.569023569	MAGs from other families
MAG12915	0.41	0.646464646	MAGs from other families
MAG13066	0.41	0.430976431	MAGs from other families
MAG13480	0.41	0.333333333	MAGs from other families
MAG13689	0.41	0.407407407	MAGs from other families
MAG13800	0.41	0.622895623	MAGs from other families
MAG13807	0.41	0.367003367	MAGs from other families
MAG14149	0.41	0.387205387	MAGs from other families
MAG14290	0.41	0.323232323	MAGs from other families
MAG14302	0.41	0.528619529	MAGs from other families
MAG14571	0.41	0.373737374	MAGs from other genus in Bacteroidaceae
MAG14580	0.41	0.286195286	MAGs from other families
MAG14668	0.41	0.683501684	MAGs from other families
MAG14799	0.41	0.488215488	MAGs from other families
MAG15323	0.41	0.606060606	MAGs from other families
MAG15536	0.41	0.202020202	MAGs from other families
MAG15562	0.41	0.498316498	MAGs from other families
MAG15710	0.41	0.64983165	MAGs from other families
MAG15852	0.41	0.737373737	MAGs from other families
MAG1586	0.41	0.255892256	MAGs from other genus in Bacteroidaceae
MAG15929	0.41	0.255892256	MAGs from other families
MAG16138	0.41	0.693602694	MAGs from other genus in Bacteroidaceae
MAG16243	0.41	0.410774411	MAGs from other families
MAG16432	0.41	0.222222222	MAGs from other families
MAG16552	0.41	0.282828283	MAGs from other families
MAG16718	0.41	0.383838384	MAGs from other families
MAG16735	0.41	0.498316498	MAGs from other families
MAG16827	0.41	0.797979798	MAGs from other families
MAG16916	0.41	0.353535354	MAGs from other families
MAG17391	0.41	0.262626263	MAGs from other families
MAG17555	0.41	0.400673401	MAGs from other families
MAG17606	0.41	0.801346801	MAGs from other families
MAG18666	0.41	0.942760943	MAGs from other families
MAG18782	0.41	0.272727273	MAGs from other families
MAG19279	0.41	0.602693603	MAGs from other families
MAG20094	0.41	0.279461279	MAGs from other families
MAG21421	0.41	0.222222222	MAGs from other genus in Bacteroidaceae
MAG2170	0.41	0.71043771	MAGs from other families
MAG21954	0.41	0.794612795	MAGs from other families
MAG22312	0.41	0.420875421	MAGs from other families
MAG22461	0.41	0.404040404	MAGs from other families
MAG22492	0.41	0.228956229	MAGs from other families
MAG22515	0.41	0.356902357	MAGs from other families
MAG22660	0.41	0.31986532	MAGs from other families
MAG22738	0.41	0.858585859	MAGs from other families
MAG2459	0.41	0.296296296	MAGs from other families
MAG2554	0.41	0.235690236	MAGs from other families
MAG2921	0.41	0.996632997	MAGs from other families
MAG2974	0.41	0.215488215	MAGs from other families
MAG323	0.41	0.646464646	MAGs from other families
MAG3305	0.41	0.912457912	MAGs from other genus in Bacteroidaceae
MAG3472	0.41	0.225589226	MAGs from other families
MAG3524	0.41	0.922558923	MAGs from other genus in Bacteroidaceae
MAG3945	0.41	0.30976431	MAGs from other families
MAG4144	0.41	0.383838384	MAGs from other families
MAG4157	0.41	0.902356902	MAGs from other families
MAG489	0.41	0.222222222	MAGs from other families
MAG502	0.41	0.555555556	MAGs from other families
MAG5310	0.41	0.68013468	MAGs from other families
MAG5346	0.41	0.996632997	MAGs from Phocaeicola
MAG5540	0.41	0.404040404	MAGs from other families
MAG5812	0.41	0.228956229	MAGs from other families
MAG5964	0.41	0.791245791	MAGs from other families
MAG7261	0.41	0.865319865	MAGs from other families
MAG7474	0.41	0.767676768	MAGs from other families
MAG788	0.41	0.548821549	MAGs from other families
MAG8329	0.41	0.383838384	MAGs from other families
MAG8380	0.41	0.548821549	MAGs from other families
MAG8425	0.41	0.538720539	MAGs from other genus in Bacteroidaceae
MAG8621	0.41	0.215488215	MAGs from other families
MAG8824	0.41	0.488215488	MAGs from other families
MAG8957	0.41	0.828282828	MAGs from other families
MAG9375	0.41	0.367003367	MAGs from other families
MAG9430	0.41	0.821548822	MAGs from other families
MAG9446	0.41	0.616161616	MAGs from other families
MAG9466	0.41	0.430976431	MAGs from other families
MAG1104	0.42	0.212121212	MAGs from other families
MAG11729	0.42	0.292929293	MAGs from other families
MAG11830	0.42	0.222222222	MAGs from other families
MAG12511	0.42	0.265993266	MAGs from other families
MAG12895	0.42	0.202020202	MAGs from other families
MAG13011	0.42	0.993265993	MAGs from other families
MAG13481	0.42	0.774410774	MAGs from other families
MAG13780	0.42	0.28956229	MAGs from other families
MAG13997	0.42	0.673400673	MAGs from other families
MAG14361	0.42	0.663299663	MAGs from other families
MAG14452	0.42	0.653198653	MAGs from other families
MAG14469	0.42	0.824915825	MAGs from other families
MAG15114	0.42	0.218855219	MAGs from other families
MAG15203	0.42	0.28956229	MAGs from other families
MAG15287	0.42	0.208754209	MAGs from other families
MAG15434	0.42	0.501683502	MAGs from other families
MAG15559	0.42	0.282828283	MAGs from other families
MAG15870	0.42	0.333333333	MAGs from other families
MAG16011	0.42	0.367003367	MAGs from other families
MAG16194	0.42	0.255892256	MAGs from other families
MAG16237	0.42	0.437710438	MAGs from other families
MAG16490	0.42	0.555555556	MAGs from other families
MAG16627	0.42	0.851851852	MAGs from other families
MAG17161	0.42	0.579124579	MAGs from other families
MAG17181	0.42	0.353535354	MAGs from other families
MAG17518	0.42	0.518518519	MAGs from other genus in Bacteroidaceae
MAG17712	0.42	0.585858586	MAGs from other families
MAG18477	0.42	0.265993266	MAGs from other families
MAG18530	0.42	0.249158249	MAGs from other families
MAG18723	0.42	0.750841751	MAGs from other families
MAG19161	0.42	0.616161616	MAGs from other families
MAG20546	0.42	0.845117845	MAGs from Phocaeicola
MAG20636	0.42	0.946127946	MAGs from other genus in Bacteroidaceae
MAG21708	0.42	0.242424242	MAGs from other families
MAG2201	0.42	0.925925926	MAGs from other families
MAG22304	0.42	0.232323232	MAGs from other families
MAG22563	0.42	0.235690236	MAGs from other families
MAG22676	0.42	0.754208754	MAGs from other families
MAG2270	0.42	0.292929293	MAGs from other families
MAG2364	0.42	0.383838384	MAGs from other families
MAG2512	0.42	0.390572391	MAGs from other families
MAG2603	0.42	0.31986532	MAGs from other families
MAG2720	0.42	0.693602694	MAGs from other families
MAG3595	0.42	0.245791246	MAGs from other families
MAG4318	0.42	0.61952862	MAGs from other families
MAG4333	0.42	0.993265993	MAGs from other families
MAG4346	0.42	0.316498316	MAGs from other families
MAG4794	0.42	0.303030303	MAGs from Phocaeicola
MAG4873	0.42	0.804713805	MAGs from other families
MAG5257	0.42	0.491582492	MAGs from other families
MAG5760	0.42	0.265993266	MAGs from other families
MAG5885	0.42	0.35016835	MAGs from other families
MAG6497	0.42	0.279461279	MAGs from other families
MAG6783	0.42	0.208754209	MAGs from other families
MAG7809	0.42	0.303030303	MAGs from other families
MAG8247	0.42	0.296296296	MAGs from other families
MAG8301	0.42	0.326599327	MAGs from other families
MAG8823	0.42	0.851851852	MAGs from other families
MAG9526	0.42	0.535353535	MAGs from other families
MAG9560	0.42	0.481481481	MAGs from other families
MAG9805	0.42	0.878787879	MAGs from other families
MAG10046	0.43	0.356902357	MAGs from other families
MAG1018	0.43	0.824915825	MAGs from other families
MAG11102	0.43	0.589225589	MAGs from other families
MAG11435	0.43	0.905723906	MAGs from other families
MAG11746	0.43	0.269360269	MAGs from other families
MAG12254	0.43	0.801346801	MAGs from other families
MAG12259	0.43	0.632996633	MAGs from other families
MAG12493	0.43	0.292929293	MAGs from other families
MAG12681	0.43	0.505050505	MAGs from other families
MAG1295	0.43	0.922558923	MAGs from other families
MAG13264	0.43	0.65993266	MAGs from other families
MAG13317	0.43	0.228956229	MAGs from other families
MAG14388	0.43	0.387205387	MAGs from other families
MAG14543	0.43	0.202020202	MAGs from other families
MAG14612	0.43	0.942760943	MAGs from other families
MAG14906	0.43	0.441077441	MAGs from other families
MAG14954	0.43	0.346801347	MAGs from other families
MAG14996	0.43	0.508417508	MAGs from other families
MAG15531	0.43	0.558922559	MAGs from other families
MAG15637	0.43	0.851851852	MAGs from other families
MAG15868	0.43	0.255892256	MAGs from other families
MAG16364	0.43	0.414141414	MAGs from other families
MAG16775	0.43	0.814814815	MAGs from other families
MAG16855	0.43	0.252525253	MAGs from other families
MAG16955	0.43	0.548821549	MAGs from other families
MAG17418	0.43	0.333333333	MAGs from other families
MAG17527	0.43	0.919191919	MAGs from Phocaeicola
MAG17554	0.43	0.410774411	MAGs from other families
MAG18802	0.43	0.595959596	MAGs from other families
MAG19298	0.43	0.276094276	MAGs from other families
MAG19521	0.43	0.595959596	MAGs from other families
MAG20365	0.43	0.976430976	MAGs from other families
MAG21014	0.43	0.367003367	MAGs from other families
MAG21295	0.43	0.272727273	MAGs from other families
MAG21705	0.43	0.202020202	MAGs from other families
MAG22026	0.43	0.757575758	MAGs from other families
MAG22406	0.43	0.61952862	MAGs from other families
MAG22457	0.43	0.242424242	MAGs from other families
MAG22480	0.43	0.353535354	MAGs from other families
MAG22568	0.43	0.885521886	MAGs from other families
MAG22847	0.43	0.414141414	MAGs from other families
MAG23162	0.43	0.430976431	MAGs from other families
MAG2842	0.43	0.831649832	MAGs from other families
MAG2929	0.43	0.65993266	MAGs from other families
MAG3797	0.43	0.821548822	MAGs from other families
MAG4231	0.43	0.922558923	MAGs from other families
MAG4658	0.43	0.942760943	MAGs from other families
MAG5289	0.43	0.239057239	MAGs from other families
MAG5323	0.43	0.363636364	MAGs from other families
MAG5331	0.43	0.936026936	MAGs from other genus in Bacteroidaceae
MAG6006	0.43	0.636363636	MAGs from other families
MAG6217	0.43	0.249158249	MAGs from other families
MAG6454	0.43	0.303030303	MAGs from other families
MAG7265	0.43	0.95959596	MAGs from other genus in Bacteroidaceae
MAG7322	0.43	0.457912458	MAGs from other families
MAG8281	0.43	0.208754209	MAGs from other families
MAG8293	0.43	0.212121212	MAGs from other families
MAG8432	0.43	0.239057239	MAGs from other families
MAG8607	0.43	0.730639731	MAGs from other families
MAG8704	0.43	0.491582492	MAGs from other families
MAG8953	0.43	0.202020202	MAGs from other families
MAG9114	0.43	0.303030303	MAGs from other families
MAG915	0.43	0.609427609	MAGs from other genus in Bacteroidaceae
MAG9351	0.43	0.279461279	MAGs from other families
MAG9443	0.43	0.865319865	MAGs from other families
MAG9843	0.43	0.666666667	MAGs from other families
MAG9965	0.43	0.222222222	MAGs from other families
MAG10013	0.44	0.37037037	MAGs from other families
MAG10142	0.44	0.535353535	MAGs from other families
MAG10295	0.44	0.777777778	MAGs from other families
MAG10704	0.44	0.235690236	MAGs from other families
MAG10869	0.44	0.397306397	MAGs from other genus in Bacteroidaceae
MAG11007	0.44	0.228956229	MAGs from other families
MAG11213	0.44	0.474747475	MAGs from other families
MAG11390	0.44	0.279461279	MAGs from other families
MAG11486	0.44	0.457912458	MAGs from other families
MAG11544	0.44	0.30976431	MAGs from other families
MAG11577	0.44	0.239057239	MAGs from other families
MAG12041	0.44	0.36026936	MAGs from other families
MAG12137	0.44	0.30976431	MAGs from other families
MAG12494	0.44	0.225589226	MAGs from other families
MAG12609	0.44	0.37037037	MAGs from other families
MAG13059	0.44	0.575757576	MAGs from other families
MAG1347	0.44	0.296296296	MAGs from other families
MAG14064	0.44	0.471380471	MAGs from other families
MAG14420	0.44	0.430976431	MAGs from other families
MAG14629	0.44	0.892255892	MAGs from Phocaeicola
MAG14728	0.44	0.336700337	MAGs from other families
MAG14770	0.44	0.218855219	MAGs from other families
MAG14945	0.44	0.572390572	MAGs from other families
MAG15307	0.44	0.363636364	MAGs from other families
MAG159	0.44	0.67003367	MAGs from other genus in Bacteroidaceae
MAG15948	0.44	0.383838384	MAGs from other families
MAG16095	0.44	0.306397306	MAGs from other families
MAG16393	0.44	0.363636364	MAGs from other families
MAG17009	0.44	0.218855219	MAGs from other families
MAG1715	0.44	0.882154882	MAGs from other families
MAG17302	0.44	0.212121212	MAGs from other families
MAG17531	0.44	0.269360269	MAGs from other families
MAG1811	0.44	0.215488215	MAGs from other families
MAG1821	0.44	0.441077441	MAGs from other families
MAG19999	0.44	0.471380471	MAGs from other families
MAG20420	0.44	0.249158249	MAGs from other families
MAG20581	0.44	0.303030303	MAGs from other families
MAG23077	0.44	0.821548822	MAGs from other genus in Bacteroidaceae
MAG2420	0.44	0.333333333	MAGs from Phocaeicola
MAG2513	0.44	0.420875421	MAGs from other families
MAG2857	0.44	0.794612795	MAGs from other families
MAG3051	0.44	0.97979798	MAGs from other genus in Bacteroidaceae
MAG3310	0.44	0.373737374	MAGs from other families
MAG3745	0.44	0.353535354	MAGs from other families
MAG4399	0.44	0.31986532	MAGs from Phocaeicola
MAG5182	0.44	0.410774411	MAGs from other families
MAG5390	0.44	0.62962963	MAGs from other families
MAG5969	0.44	0.562289562	MAGs from other families
MAG6336	0.44	0.242424242	MAGs from other families
MAG7343	0.44	0.377104377	MAGs from other families
MAG758	0.44	0.272727273	MAGs from other families
MAG802	0.44	0.407407407	MAGs from other families
MAG8241	0.44	0.784511785	MAGs from other families
MAG864	0.44	0.949494949	MAGs from other families
MAG9852	0.44	0.367003367	MAGs from other families
MAG10005	0.45	0.865319865	MAGs from other families
MAG10156	0.45	0.235690236	MAGs from other families
MAG10414	0.45	0.397306397	MAGs from other families
MAG10719	0.45	0.205387205	MAGs from other families
MAG11254	0.45	0.249158249	MAGs from other families
MAG11854	0.45	0.252525253	MAGs from other families
MAG12110	0.45	0.919191919	MAGs from other families
MAG12351	0.45	0.673400673	MAGs from other families
MAG12819	0.45	0.208754209	MAGs from other families
MAG13805	0.45	0.255892256	MAGs from other families
MAG13993	0.45	0.2996633	MAGs from other families
MAG14008	0.45	0.400673401	MAGs from other families
MAG14065	0.45	0.622895623	MAGs from other families
MAG14148	0.45	0.343434343	MAGs from other families
MAG14207	0.45	0.363636364	MAGs from other families
MAG14328	0.45	0.646464646	MAGs from other families
MAG14504	0.45	0.454545455	MAGs from other families
MAG14564	0.45	0.478114478	MAGs from other families
MAG14582	0.45	0.68013468	MAGs from other genus in Bacteroidaceae
MAG14681	0.45	0.286195286	MAGs from other families
MAG14723	0.45	0.255892256	MAGs from other families
MAG15137	0.45	0.387205387	MAGs from other families
MAG15173	0.45	0.222222222	MAGs from other families
MAG15181	0.45	0.367003367	MAGs from other families
MAG15426	0.45	0.784511785	MAGs from other families
MAG15833	0.45	0.794612795	MAGs from other genus in Bacteroidaceae
MAG16198	0.45	0.481481481	MAGs from other families
MAG16407	0.45	0.457912458	MAGs from other families
MAG16580	0.45	0.855218855	MAGs from other families
MAG16589	0.45	0.242424242	MAGs from other families
MAG16647	0.45	0.326599327	MAGs from other families
MAG16841	0.45	0.946127946	MAGs from other genus in Bacteroidaceae
MAG16973	0.45	0.306397306	MAGs from other families
MAG17226	0.45	0.222222222	MAGs from other families
MAG17439	0.45	0.245791246	MAGs from other families
MAG18565	0.45	0.966329966	MAGs from other families
MAG18590	0.45	0.202020202	MAGs from other families
MAG19023	0.45	0.626262626	MAGs from other families
MAG19295	0.45	0.535353535	MAGs from other families
MAG2041	0.45	0.377104377	MAGs from other families
MAG21315	0.45	0.326599327	MAGs from other families
MAG21338	0.45	0.656565657	MAGs from other families
MAG22526	0.45	0.34006734	MAGs from other families
MAG23194	0.45	0.437710438	MAGs from Phocaeicola
MAG23279	0.45	0.464646465	MAGs from other families
MAG2365	0.45	0.531986532	MAGs from other families
MAG2967	0.45	0.542087542	MAGs from other families
MAG3061	0.45	0.915824916	MAGs from other genus in Bacteroidaceae
MAG3874	0.45	0.430976431	MAGs from other families
MAG4061	0.45	0.626262626	MAGs from other families
MAG4171	0.45	0.521885522	MAGs from other families
MAG4587	0.45	0.255892256	MAGs from other families
MAG4798	0.45	0.555555556	MAGs from other families
MAG4817	0.45	0.585858586	MAGs from other families
MAG5039	0.45	0.858585859	MAGs from other families
MAG5118	0.45	0.471380471	MAGs from other families
MAG5741	0.45	0.841750842	MAGs from other families
MAG5874	0.45	0.831649832	MAGs from other families
MAG5937	0.45	0.791245791	MAGs from other families
MAG6048	0.45	0.636363636	MAGs from other families
MAG6072	0.45	0.265993266	MAGs from other families
MAG6586	0.45	0.255892256	MAGs from other families
MAG7487	0.45	0.976430976	MAGs from other families
MAG7488	0.45	0.228956229	MAGs from other families
MAG8645	0.45	0.491582492	MAGs from other families
MAG8909	0.45	0.95959596	MAGs from other genus in Bacteroidaceae
MAG8937	0.45	0.363636364	MAGs from other families
MAG9516	0.45	0.905723906	MAGs from other families
MAG9749	0.45	0.363636364	MAGs from other families
MAG9867	0.45	0.292929293	MAGs from other families
MAG10002	0.46	0.313131313	MAGs from other families
MAG10384	0.46	0.417508418	MAGs from other families
MAG10469	0.46	0.296296296	MAGs from other families
MAG10973	0.46	0.296296296	MAGs from other families
MAG10980	0.46	0.909090909	MAGs from other genus in Bacteroidaceae
MAG11048	0.46	0.909090909	MAGs from other families
MAG11187	0.46	0.545454545	MAGs from other families
MAG11604	0.46	0.528619529	MAGs from other families
MAG12092	0.46	0.461279461	MAGs from other genus in Bacteroidaceae
MAG12104	0.46	0.444444444	MAGs from other families
MAG12149	0.46	0.205387205	MAGs from other families
MAG12164	0.46	0.562289562	MAGs from other families
MAG12571	0.46	0.427609428	MAGs from other families
MAG12776	0.46	0.861952862	MAGs from other families
MAG13116	0.46	0.774410774	MAGs from Phocaeicola
MAG13157	0.46	0.262626263	MAGs from other families
MAG13170	0.46	0.737373737	MAGs from other families
MAG13271	0.46	0.249158249	MAGs from other families
MAG13329	0.46	0.346801347	MAGs from other families
MAG13660	0.46	0.663299663	MAGs from other families
MAG14944	0.46	0.282828283	MAGs from other families
MAG15223	0.46	0.666666667	MAGs from other families
MAG15259	0.46	0.245791246	MAGs from other families
MAG15351	0.46	0.414141414	MAGs from other families
MAG15490	0.46	0.558922559	MAGs from other families
MAG15625	0.46	0.95959596	MAGs from other families
MAG16081	0.46	0.582491582	MAGs from other families
MAG16172	0.46	0.228956229	MAGs from other families
MAG16297	0.46	0.323232323	MAGs from other genus in Bacteroidaceae
MAG16423	0.46	0.249158249	MAGs from other families
MAG16857	0.46	0.501683502	MAGs from other families
MAG17797	0.46	0.552188552	MAGs from other families
MAG17838	0.46	0.282828283	MAGs from other families
MAG19784	0.46	0.2996633	MAGs from other families
MAG19833	0.46	0.63973064	MAGs from other families
MAG19853	0.46	0.427609428	MAGs from other families
MAG19908	0.46	0.895622896	MAGs from other families
MAG20985	0.46	0.252525253	MAGs from other families
MAG21448	0.46	0.855218855	MAGs from other genus in Bacteroidaceae
MAG2200	0.46	0.508417508	MAGs from other families
MAG2250	0.46	0.552188552	MAGs from other families
MAG23104	0.46	0.696969697	MAGs from other families
MAG2522	0.46	0.441077441	MAGs from other families
MAG2723	0.46	0.878787879	MAGs from other families
MAG3234	0.46	0.356902357	MAGs from other families
MAG334	0.46	0.740740741	MAGs from other families
MAG3466	0.46	0.222222222	MAGs from other families
MAG4287	0.46	0.925925926	MAGs from other families
MAG4601	0.46	0.585858586	MAGs from other families
MAG4784	0.46	0.37037037	MAGs from other families
MAG500	0.46	0.71043771	MAGs from other families
MAG5232	0.46	0.346801347	MAGs from other families
MAG5267	0.46	0.774410774	MAGs from other families
MAG5329	0.46	0.313131313	MAGs from other families
MAG5347	0.46	0.303030303	MAGs from other families
MAG5932	0.46	0.565656566	MAGs from other families
MAG8656	0.46	0.575757576	MAGs from other families
MAG8771	0.46	0.895622896	MAGs from other families
MAG8820	0.46	0.952861953	MAGs from other families
MAG9257	0.46	0.296296296	MAGs from other families
MAG9429	0.46	0.505050505	MAGs from other families
MAG9475	0.46	0.225589226	MAGs from other families
MAG9666	0.46	0.757575758	MAGs from other families
MAG9888	0.46	0.760942761	MAGs from other families
MAG100	0.47	0.552188552	MAGs from other families
MAG10206	0.47	0.218855219	MAGs from other families
MAG10597	0.47	0.983164983	MAGs from other genus in Bacteroidaceae
MAG10671	0.47	0.407407407	MAGs from other families
MAG10718	0.47	0.242424242	MAGs from other families
MAG10984	0.47	0.393939394	MAGs from other families
MAG11434	0.47	0.538720539	MAGs from other families
MAG11576	0.47	0.38047138	MAGs from other families
MAG11742	0.47	0.569023569	MAGs from other families
MAG11817	0.47	0.303030303	MAGs from other families
MAG11991	0.47	0.855218855	MAGs from other families
MAG12200	0.47	0.491582492	MAGs from other families
MAG12446	0.47	0.595959596	MAGs from other families
MAG12623	0.47	0.797979798	MAGs from other families
MAG12684	0.47	0.417508418	MAGs from other families
MAG12830	0.47	0.313131313	MAGs from other families
MAG12894	0.47	0.2996633	MAGs from other families
MAG1297	0.47	0.851851852	MAGs from other genus in Bacteroidaceae
MAG13094	0.47	0.818181818	MAGs from other families
MAG13206	0.47	0.67003367	MAGs from other families
MAG13353	0.47	0.282828283	MAGs from other families
MAG13672	0.47	0.676767677	MAGs from other families
MAG13684	0.47	0.292929293	MAGs from other genus in Bacteroidaceae
MAG14480	0.47	0.228956229	MAGs from other genus in Bacteroidaceae
MAG15603	0.47	0.306397306	MAGs from other families
MAG15712	0.47	0.208754209	MAGs from other families
MAG15741	0.47	0.373737374	MAGs from other families
MAG15798	0.47	0.515151515	MAGs from other families
MAG16072	0.47	0.279461279	MAGs from other families
MAG16617	0.47	0.326599327	MAGs from other families
MAG16663	0.47	0.259259259	MAGs from other families
MAG17023	0.47	0.397306397	MAGs from other families
MAG1725	0.47	0.565656566	MAGs from other families
MAG17521	0.47	0.794612795	MAGs from other families
MAG18703	0.47	0.861952862	MAGs from other families
MAG19772	0.47	0.35016835	MAGs from other families
MAG19817	0.47	0.616161616	MAGs from other families
MAG20144	0.47	0.983164983	MAGs from other families
MAG20286	0.47	0.296296296	MAGs from other families
MAG21004	0.47	0.612794613	MAGs from other families
MAG22905	0.47	0.232323232	MAGs from other families
MAG23283	0.47	0.481481481	MAGs from other families
MAG2460	0.47	0.868686869	MAGs from other families
MAG4195	0.47	0.400673401	MAGs from other families
MAG4650	0.47	0.905723906	MAGs from other genus in Bacteroidaceae
MAG4680	0.47	0.518518519	MAGs from other families
MAG4785	0.47	0.973063973	MAGs from other families
MAG6421	0.47	0.316498316	MAGs from other families
MAG7572	0.47	0.323232323	MAGs from other families
MAG7610	0.47	0.643097643	MAGs from other families
MAG810	0.47	0.205387205	MAGs from other families
MAG8184	0.47	0.939393939	MAGs from other genus in Bacteroidaceae
MAG8382	0.47	0.717171717	MAGs from other families
MAG8509	0.47	0.36026936	MAGs from other families
MAG8555	0.47	0.441077441	MAGs from other families
MAG8564	0.47	0.228956229	MAGs from other families
MAG8788	0.47	1	MAGs from other families
MAG8959	0.47	0.494949495	MAGs from other families
MAG9261	0.47	0.279461279	MAGs from other genus in Bacteroidaceae
MAG9380	0.47	0.814814815	MAGs from other genus in Bacteroidaceae
MAG9818	0.47	0.272727273	MAGs from other families
MAG10033	0.48	0.747474747	MAGs from other genus in Bacteroidaceae
MAG10220	0.48	0.31986532	MAGs from other families
MAG10327	0.48	0.851851852	MAGs from other families
MAG1039	0.48	0.279461279	MAGs from other families
MAG10861	0.48	0.861952862	MAGs from other families
MAG11313	0.48	0.38047138	MAGs from other families
MAG11876	0.48	0.245791246	MAGs from other families
MAG11967	0.48	0.333333333	MAGs from other families
MAG12223	0.48	0.484848485	MAGs from other families
MAG12452	0.48	0.410774411	MAGs from other families
MAG12782	0.48	0.572390572	MAGs from other families
MAG13084	0.48	0.383838384	MAGs from other families
MAG13131	0.48	0.592592593	MAGs from other families
MAG13584	0.48	0.35016835	MAGs from other families
MAG13879	0.48	0.35016835	MAGs from other families
MAG14161	0.48	0.222222222	MAGs from other families
MAG14574	0.48	0.306397306	MAGs from other families
MAG14914	0.48	0.316498316	MAGs from other families
MAG14986	0.48	0.34006734	MAGs from other families
MAG15396	0.48	0.616161616	MAGs from other families
MAG15829	0.48	0.249158249	MAGs from other families
MAG16295	0.48	0.393939394	MAGs from other families
MAG16384	0.48	0.28956229	MAGs from other families
MAG16389	0.48	0.464646465	MAGs from other families
MAG16512	0.48	0.387205387	MAGs from other families
MAG17157	0.48	0.212121212	MAGs from other families
MAG19036	0.48	0.407407407	MAGs from other families
MAG19395	0.48	0.326599327	MAGs from other families
MAG19629	0.48	0.447811448	MAGs from other families
MAG19849	0.48	0.855218855	MAGs from other families
MAG20429	0.48	0.673400673	MAGs from other families
MAG20495	0.48	0.740740741	MAGs from other families
MAG21159	0.48	0.222222222	MAGs from other genus in Bacteroidaceae
MAG21314	0.48	0.797979798	MAGs from other families
MAG3124	0.48	0.232323232	MAGs from other families
MAG3693	0.48	0.205387205	MAGs from other families
MAG4073	0.48	0.787878788	MAGs from other families
MAG418	0.48	0.7003367	MAGs from other families
MAG4461	0.48	0.868686869	MAGs from other genus in Bacteroidaceae
MAG4494	0.48	0.454545455	MAGs from other families
MAG4515	0.48	0.616161616	MAGs from other families
MAG478	0.48	0.872053872	MAGs from other families
MAG4834	0.48	0.306397306	MAGs from other families
MAG4851	0.48	0.898989899	MAGs from other families
MAG5197	0.48	0.936026936	MAGs from other families
MAG5223	0.48	0.653198653	MAGs from other families
MAG5434	0.48	0.323232323	MAGs from other families
MAG6254	0.48	0.356902357	MAGs from other families
MAG7468	0.48	0.542087542	MAGs from other families
MAG7472	0.48	0.713804714	MAGs from other families
MAG8416	0.48	0.760942761	MAGs from other families
MAG8583	0.48	0.265993266	MAGs from other families
MAG8595	0.48	0.993265993	MAGs from other genus in Bacteroidaceae
MAG8799	0.48	0.956228956	MAGs from other families
MAG8954	0.48	0.703703704	MAGs from other families
MAG8980	0.48	0.814814815	MAGs from other families
MAG9399	0.48	0.235690236	MAGs from other families
MAG9416	0.48	0.885521886	MAGs from other families
MAG972	0.48	0.855218855	MAGs from other genus in Bacteroidaceae
MAG9857	0.48	0.65993266	MAGs from other families
MAG10016	0.49	0.565656566	MAGs from other families
MAG10299	0.49	0.249158249	MAGs from other families
MAG10605	0.49	0.34006734	MAGs from other families
MAG10727	0.49	0.225589226	MAGs from other families
MAG10815	0.49	0.417508418	MAGs from other families
MAG11154	0.49	0.589225589	MAGs from other families
MAG11176	0.49	0.62962963	MAGs from other families
MAG11386	0.49	0.225589226	MAGs from other families
MAG11995	0.49	0.720538721	MAGs from other families
MAG12133	0.49	0.249158249	MAGs from other families
MAG12760	0.49	0.531986532	MAGs from other families
MAG12825	0.49	0.367003367	MAGs from other families
MAG1338	0.49	0.750841751	MAGs from other families
MAG13658	0.49	0.468013468	MAGs from other families
MAG14111	0.49	0.595959596	MAGs from other genus in Bacteroidaceae
MAG14218	0.49	0.249158249	MAGs from other families
MAG14946	0.49	0.515151515	MAGs from other families
MAG15054	0.49	0.96969697	MAGs from other families
MAG15450	0.49	0.616161616	MAGs from other families
MAG15479	0.49	0.451178451	MAGs from other families
MAG15674	0.49	0.606060606	MAGs from other families
MAG15958	0.49	0.404040404	MAGs from other families
MAG17073	0.49	0.542087542	MAGs from other families
MAG17389	0.49	0.333333333	MAGs from other families
MAG17754	0.49	0.222222222	MAGs from other families
MAG18370	0.49	0.353535354	MAGs from other families
MAG19846	0.49	0.441077441	MAGs from other families
MAG19876	0.49	0.521885522	MAGs from other families
MAG20013	0.49	0.888888889	MAGs from other families
MAG20090	0.49	0.249158249	MAGs from other families
MAG20104	0.49	0.34006734	MAGs from other families
MAG20472	0.49	0.373737374	MAGs from other families
MAG20664	0.49	0.696969697	MAGs from other families
MAG21714	0.49	0.205387205	MAGs from other families
MAG22144	0.49	0.296296296	MAGs from other families
MAG22189	0.49	0.898989899	MAGs from other families
MAG22574	0.49	0.232323232	MAGs from other families
MAG22635	0.49	0.865319865	MAGs from other families
MAG3053	0.49	0.868686869	MAGs from other families
MAG4293	0.49	0.387205387	MAGs from other families
MAG4525	0.49	0.259259259	MAGs from other families
MAG4854	0.49	0.383838384	MAGs from other families
MAG5499	0.49	0.34006734	MAGs from other families
MAG8386	0.49	0.34006734	MAGs from other families
MAG8519	0.49	0.296296296	MAGs from other families
MAG8696	0.49	0.377104377	MAGs from other families
MAG8815	0.49	0.956228956	MAGs from other families
MAG9381	0.49	0.269360269	MAGs from other families
MAG9488	0.49	0.407407407	MAGs from other families
MAG9978	0.49	0.98989899	MAGs from other genus in Bacteroidaceae
MAG9999	0.49	0.63973064	MAGs from other families
MAG10181	0.5	0.740740741	MAGs from other families
MAG10280	0.5	0.781144781	MAGs from other families
MAG10416	0.5	0.313131313	MAGs from other families
MAG10640	0.5	0.676767677	MAGs from other families
MAG10692	0.5	0.259259259	MAGs from other genus in Bacteroidaceae
MAG1103	0.5	0.36026936	MAGs from other families
MAG11093	0.5	0.885521886	MAGs from other families
MAG1122	0.5	0.36026936	MAGs from other families
MAG11361	0.5	0.323232323	MAGs from other families
MAG11502	0.5	0.35016835	MAGs from other families
MAG11556	0.5	0.377104377	MAGs from other families
MAG11803	0.5	0.383838384	MAGs from other families
MAG11938	0.5	0.390572391	MAGs from other families
MAG12432	0.5	0.676767677	MAGs from other families
MAG12619	0.5	0.262626263	MAGs from other families
MAG12666	0.5	0.255892256	MAGs from other families
MAG12981	0.5	0.387205387	MAGs from other families
MAG13430	0.5	0.353535354	MAGs from other families
MAG13455	0.5	0.262626263	MAGs from other families
MAG13558	0.5	0.282828283	MAGs from other families
MAG13656	0.5	0.740740741	MAGs from other families
MAG13727	0.5	0.410774411	MAGs from other families
MAG13735	0.5	0.531986532	MAGs from other families
MAG14674	0.5	0.316498316	MAGs from other families
MAG15154	0.5	0.245791246	MAGs from other families
MAG15649	0.5	0.609427609	MAGs from other families
MAG15675	0.5	0.902356902	MAGs from other families
MAG15979	0.5	0.31986532	MAGs from other families
MAG1615	0.5	0.31986532	MAGs from other families
MAG16371	0.5	0.632996633	MAGs from other families
MAG16483	0.5	0.98989899	MAGs from other families
MAG16602	0.5	0.494949495	MAGs from other families
MAG16662	0.5	0.572390572	MAGs from other families
MAG16962	0.5	0.814814815	MAGs from other families
MAG17020	0.5	0.582491582	MAGs from other families
MAG17033	0.5	0.777777778	MAGs from other families
MAG17053	0.5	0.434343434	MAGs from other families
MAG17065	0.5	0.868686869	MAGs from other families
MAG17225	0.5	0.367003367	MAGs from other families
MAG17372	0.5	0.424242424	MAGs from other families
MAG17468	0.5	0.2996633	MAGs from other families
MAG17595	0.5	0.542087542	MAGs from other families
MAG17601	0.5	0.515151515	MAGs from other families
MAG17690	0.5	0.228956229	MAGs from other families
MAG20007	0.5	0.292929293	MAGs from other families
MAG20504	0.5	0.232323232	MAGs from other families
MAG4667	0.5	0.292929293	MAGs from other families
MAG4764	0.5	0.696969697	MAGs from other families
MAG4933	0.5	0.451178451	MAGs from other families
MAG5750	0.5	0.316498316	MAGs from other families
MAG5785	0.5	0.636363636	MAGs from other families
MAG6609	0.5	0.656565657	MAGs from other families
MAG738	0.5	0.306397306	MAGs from other families
MAG8252	0.5	0.417508418	MAGs from other families
MAG8794	0.5	0.787878788	MAGs from other families
MAG8812	0.5	0.410774411	MAGs from other families
MAG8901	0.5	0.212121212	MAGs from other families
MAG8933	0.5	0.249158249	MAGs from other families
MAG8961	0.5	0.730639731	MAGs from other families
MAG9673	0.5	0.30976431	MAGs from other families
MAG9836	0.5	0.387205387	MAGs from other families
MAG9935	0.5	0.501683502	MAGs from other families
MAG10082	0.51	0.595959596	MAGs from other families
MAG10144	0.51	0.30976431	MAGs from other families
MAG10607	0.51	0.225589226	MAGs from other families
MAG10638	0.51	0.215488215	MAGs from other families
MAG10966	0.51	0.225589226	MAGs from other families
MAG10987	0.51	0.393939394	MAGs from other families
MAG1111	0.51	0.848484848	MAGs from other genus in Bacteroidaceae
MAG11303	0.51	0.932659933	MAGs from other families
MAG11423	0.51	0.2996633	MAGs from other families
MAG11841	0.51	0.205387205	MAGs from other families
MAG12121	0.51	0.292929293	MAGs from other families
MAG12675	0.51	0.228956229	MAGs from other families
MAG12853	0.51	0.239057239	MAGs from other families
MAG13240	0.51	0.478114478	MAGs from other families
MAG13634	0.51	0.397306397	MAGs from other families
MAG13783	0.51	0.235690236	MAGs from other families
MAG13826	0.51	0.956228956	MAGs from other families
MAG13904	0.51	0.757575758	MAGs from other families
MAG14558	0.51	0.265993266	MAGs from other families
MAG14717	0.51	0.491582492	MAGs from other families
MAG14804	0.51	0.202020202	MAGs from other families
MAG15015	0.51	0.228956229	MAGs from other families
MAG15171	0.51	0.218855219	MAGs from other families
MAG15526	0.51	0.501683502	MAGs from other families
MAG15602	0.51	0.30976431	MAGs from other families
MAG15652	0.51	0.7003367	MAGs from other families
MAG15704	0.51	0.794612795	MAGs from other families
MAG15933	0.51	0.36026936	MAGs from other families
MAG16207	0.51	0.356902357	MAGs from other families
MAG16240	0.51	0.548821549	MAGs from other families
MAG16444	0.51	0.696969697	MAGs from other families
MAG16464	0.51	0.323232323	MAGs from other families
MAG16549	0.51	0.582491582	MAGs from other families
MAG17118	0.51	0.757575758	MAGs from other families
MAG17455	0.51	0.68013468	MAGs from other families
MAG18300	0.51	0.228956229	MAGs from other families
MAG19866	0.51	0.865319865	MAGs from other families
MAG19993	0.51	0.427609428	MAGs from other families
MAG20184	0.51	0.942760943	MAGs from other families
MAG22632	0.51	0.30976431	MAGs from other families
MAG22826	0.51	0.774410774	MAGs from other families
MAG23369	0.51	0.215488215	MAGs from other families
MAG4143	0.51	0.71043771	MAGs from other families
MAG4819	0.51	0.218855219	MAGs from other families
MAG4872	0.51	0.922558923	MAGs from other genus in Bacteroidaceae
MAG5222	0.51	0.63973064	MAGs from other families
MAG5510	0.51	0.925925926	MAGs from other families
MAG5544	0.51	0.242424242	MAGs from other families
MAG5604	0.51	0.38047138	MAGs from other families
MAG7127	0.51	0.505050505	MAGs from other families
MAG8350	0.51	0.515151515	MAGs from other families
MAG8407	0.51	0.744107744	MAGs from other families
MAG8934	0.51	0.228956229	MAGs from other families
MAG9551	0.51	0.255892256	MAGs from other families
MAG9558	0.51	0.915824916	MAGs from other genus in Bacteroidaceae
MAG9791	0.51	0.28956229	MAGs from other families
MAG9881	0.51	0.249158249	MAGs from other families
MAG9912	0.51	0.265993266	MAGs from other families
MAG10310	0.52	0.696969697	MAGs from other families
MAG10499	0.52	0.269360269	MAGs from other families
MAG10501	0.52	0.653198653	MAGs from other families
MAG10625	0.52	0.663299663	MAGs from other families
MAG11325	0.52	0.7003367	MAGs from other families
MAG11428	0.52	0.346801347	MAGs from other families
MAG11832	0.52	0.498316498	MAGs from other families
MAG12146	0.52	0.663299663	MAGs from other genus in Bacteroidaceae
MAG12360	0.52	0.410774411	MAGs from other families
MAG12557	0.52	0.390572391	MAGs from other families
MAG12953	0.52	0.609427609	MAGs from other families
MAG13087	0.52	0.407407407	MAGs from other genus in Bacteroidaceae
MAG13375	0.52	0.841750842	MAGs from other families
MAG13434	0.52	0.410774411	MAGs from other families
MAG13774	0.52	0.265993266	MAGs from other families
MAG1380	0.52	0.269360269	MAGs from other families
MAG14242	0.52	0.626262626	MAGs from other families
MAG14494	0.52	0.414141414	MAGs from other families
MAG14687	0.52	0.831649832	MAGs from other families
MAG14939	0.52	0.555555556	MAGs from other families
MAG15315	0.52	0.885521886	MAGs from other families
MAG15470	0.52	0.414141414	MAGs from other families
MAG15940	0.52	0.804713805	MAGs from other families
MAG15947	0.52	0.346801347	MAGs from other genus in Bacteroidaceae
MAG16676	0.52	0.377104377	MAGs from other families
MAG16701	0.52	0.326599327	MAGs from other families
MAG17480	0.52	0.767676768	MAGs from Phocaeicola
MAG17895	0.52	0.367003367	MAGs from other families
MAG19321	0.52	0.276094276	MAGs from Phocaeicola
MAG19480	0.52	0.367003367	MAGs from other families
MAG1984	0.52	0.912457912	MAGs from other families
MAG19967	0.52	0.239057239	MAGs from other families
MAG20129	0.52	0.643097643	MAGs from other families
MAG20875	0.52	0.212121212	MAGs from other families
MAG21579	0.52	0.252525253	MAGs from other families
MAG22795	0.52	0.407407407	MAGs from other genus in Bacteroidaceae
MAG23040	0.52	0.259259259	MAGs from other genus in Bacteroidaceae
MAG23078	0.52	0.255892256	MAGs from other families
MAG3976	0.52	0.249158249	MAGs from other families
MAG420	0.52	0.387205387	MAGs from other families
MAG4563	0.52	0.572390572	MAGs from other families
MAG4755	0.52	0.845117845	MAGs from other families
MAG5428	0.52	0.811447811	MAGs from other families
MAG5514	0.52	0.956228956	MAGs from other families
MAG5547	0.52	0.491582492	MAGs from other families
MAG5580	0.52	0.730639731	MAGs from other families
MAG5650	0.52	0.228956229	MAGs from other families
MAG6237	0.52	0.515151515	MAGs from other families
MAG6610	0.52	0.259259259	MAGs from other families
MAG7372	0.52	0.474747475	MAGs from other families
MAG789	0.52	0.865319865	MAGs from other genus in Bacteroidaceae
MAG8278	0.52	0.451178451	MAGs from other families
MAG8474	0.52	0.249158249	MAGs from other families
MAG8482	0.52	0.545454545	MAGs from other families
MAG8722	0.52	0.501683502	MAGs from other families
MAG8747	0.52	0.683501684	MAGs from other families
MAG9274	0.52	0.592592593	MAGs from other families
MAG9495	0.52	0.32996633	MAGs from other families
MAG9523	0.52	0.656565657	MAGs from other families
MAG9853	0.52	0.774410774	MAGs from other families
MAG10205	0.53	0.454545455	MAGs from other families
MAG10248	0.53	0.814814815	MAGs from other families
MAG10279	0.53	0.696969697	MAGs from other families
MAG10345	0.53	0.205387205	MAGs from other families
MAG10368	0.53	0.239057239	MAGs from other families
MAG10455	0.53	0.205387205	MAGs from other families
MAG10721	0.53	0.589225589	MAGs from other families
MAG11130	0.53	0.225589226	MAGs from other families
MAG11387	0.53	0.313131313	MAGs from other families
MAG11505	0.53	0.367003367	MAGs from other families
MAG11611	0.53	0.252525253	MAGs from other families
MAG11698	0.53	0.525252525	MAGs from other families
MAG11782	0.53	0.801346801	MAGs from other families
MAG13067	0.53	0.525252525	MAGs from other families
MAG1337	0.53	0.242424242	MAGs from other families
MAG13471	0.53	0.713804714	MAGs from other families
MAG13474	0.53	0.390572391	MAGs from other families
MAG13492	0.53	0.441077441	MAGs from other families
MAG13591	0.53	0.28956229	MAGs from other families
MAG13673	0.53	0.356902357	MAGs from other families
MAG14145	0.53	0.558922559	MAGs from other families
MAG1444	0.53	0.471380471	MAGs from other families
MAG14828	0.53	0.602693603	MAGs from other families
MAG15159	0.53	0.265993266	MAGs from other families
MAG15892	0.53	0.249158249	MAGs from other families
MAG15914	0.53	0.454545455	MAGs from other families
MAG17325	0.53	0.239057239	MAGs from other families
MAG17708	0.53	0.323232323	MAGs from other families
MAG17734	0.53	0.393939394	MAGs from other families
MAG18355	0.53	0.2996633	MAGs from other families
MAG18781	0.53	0.936026936	MAGs from other families
MAG18848	0.53	0.410774411	MAGs from other families
MAG19950	0.53	0.407407407	MAGs from other families
MAG20314	0.53	0.498316498	MAGs from other families
MAG20501	0.53	0.942760943	MAGs from other genus in Bacteroidaceae
MAG20802	0.53	0.255892256	MAGs from other genus in Bacteroidaceae
MAG22314	0.53	0.32996633	MAGs from other families
MAG22456	0.53	0.262626263	MAGs from other families
MAG22932	0.53	0.814814815	MAGs from other families
MAG23105	0.53	0.784511785	MAGs from other families
MAG2688	0.53	0.552188552	MAGs from other families
MAG3217	0.53	0.36026936	MAGs from other families
MAG3253	0.53	0.313131313	MAGs from other families
MAG4201	0.53	0.612794613	MAGs from other families
MAG4560	0.53	0.599326599	MAGs from other families
MAG4694	0.53	0.2996633	MAGs from other families
MAG4877	0.53	0.249158249	MAGs from other families
MAG508	0.53	0.316498316	MAGs from other families
MAG5112	0.53	0.356902357	MAGs from other families
MAG5517	0.53	0.454545455	MAGs from other families
MAG5629	0.53	0.323232323	MAGs from other families
MAG5738	0.53	0.393939394	MAGs from other families
MAG5742	0.53	0.552188552	MAGs from other families
MAG5755	0.53	0.272727273	MAGs from other families
MAG6555	0.53	0.326599327	MAGs from other families
MAG8601	0.53	0.367003367	MAGs from other families
MAG8869	0.53	0.373737374	MAGs from other families
MAG8999	0.53	0.434343434	MAGs from other families
MAG9138	0.53	0.771043771	MAGs from other families
MAG9332	0.53	0.326599327	MAGs from other families
MAG9952	0.53	0.632996633	MAGs from other families
MAG10140	0.54	0.602693603	MAGs from other genus in Bacteroidaceae
MAG10440	0.54	0.976430976	MAGs from other genus in Bacteroidaceae
MAG10496	0.54	0.656565657	MAGs from other families
MAG10808	0.54	0.686868687	MAGs from other families
MAG10928	0.54	0.212121212	MAGs from other genus in Bacteroidaceae
MAG11238	0.54	0.996632997	MAGs from other families
MAG1151	0.54	0.531986532	MAGs from other families
MAG11629	0.54	0.464646465	MAGs from other families
MAG11667	0.54	0.912457912	MAGs from other genus in Bacteroidaceae
MAG11927	0.54	0.276094276	MAGs from other families
MAG13051	0.54	0.71043771	MAGs from other families
MAG13299	0.54	0.730639731	MAGs from other families
MAG14020	0.54	0.64983165	MAGs from other families
MAG14158	0.54	0.478114478	MAGs from other families
MAG14331	0.54	0.235690236	MAGs from other families
MAG14546	0.54	0.249158249	MAGs from other families
MAG14851	0.54	0.838383838	MAGs from other genus in Bacteroidaceae
MAG15330	0.54	0.31986532	MAGs from other families
MAG15348	0.54	0.326599327	MAGs from other families
MAG15781	0.54	0.656565657	MAGs from Phocaeicola
MAG15788	0.54	0.269360269	MAGs from other families
MAG15854	0.54	0.343434343	MAGs from other families
MAG16289	0.54	0.508417508	MAGs from other families
MAG16717	0.54	0.37037037	MAGs from other families
MAG17272	0.54	0.262626263	MAGs from other families
MAG17565	0.54	0.787878788	MAGs from other families
MAG1810	0.54	0.228956229	MAGs from other families
MAG18559	0.54	0.595959596	MAGs from other families
MAG1858	0.54	0.313131313	MAGs from other families
MAG1971	0.54	0.65993266	MAGs from other families
MAG19735	0.54	0.98989899	MAGs from other families
MAG19904	0.54	0.262626263	MAGs from other families
MAG2001	0.54	0.417508418	MAGs from other genus in Bacteroidaceae
MAG20053	0.54	0.387205387	MAGs from other families
MAG20414	0.54	0.437710438	MAGs from other families
MAG21214	0.54	0.202020202	MAGs from other genus in Bacteroidaceae
MAG21290	0.54	0.31986532	MAGs from other genus in Bacteroidaceae
MAG21543	0.54	0.478114478	MAGs from Phocaeicola
MAG21873	0.54	0.818181818	MAGs from other genus in Bacteroidaceae
MAG21937	0.54	0.632996633	MAGs from other families
MAG22454	0.54	0.444444444	MAGs from other families
MAG23155	0.54	0.922558923	MAGs from other families
MAG2892	0.54	0.249158249	MAGs from other families
MAG3394	0.54	0.905723906	MAGs from other families
MAG3477	0.54	0.31986532	MAGs from other families
MAG3527	0.54	0.64983165	MAGs from other families
MAG3798	0.54	0.952861953	MAGs from other families
MAG4569	0.54	0.858585859	MAGs from other families
MAG4780	0.54	0.218855219	MAGs from other families
MAG714	0.54	0.286195286	MAGs from other families
MAG8557	0.54	0.252525253	MAGs from other families
MAG8806	0.54	0.525252525	MAGs from other families
MAG8948	0.54	0.750841751	MAGs from other families
MAG9343	0.54	0.202020202	MAGs from other families
MAG9427	0.54	0.286195286	MAGs from other families
MAG9463	0.54	0.225589226	MAGs from other families
MAG10264	0.55	0.34006734	MAGs from other families
MAG10744	0.55	0.441077441	MAGs from other families
MAG10846	0.55	0.760942761	MAGs from other families
MAG10907	0.55	0.292929293	MAGs from other families
MAG11278	0.55	0.232323232	MAGs from other families
MAG11417	0.55	0.30976431	MAGs from other families
MAG11594	0.55	0.228956229	MAGs from other families
MAG11913	0.55	0.919191919	MAGs from other families
MAG11993	0.55	0.397306397	MAGs from other families
MAG12391	0.55	0.286195286	MAGs from other families
MAG12566	0.55	0.252525253	MAGs from other families
MAG12841	0.55	0.30976431	MAGs from other families
MAG13586	0.55	0.845117845	MAGs from other families
MAG13682	0.55	0.296296296	MAGs from other families
MAG14393	0.55	0.397306397	MAGs from other families
MAG14694	0.55	0.996632997	MAGs from other families
MAG15034	0.55	0.424242424	MAGs from other genus in Bacteroidaceae
MAG15216	0.55	0.333333333	MAGs from other families
MAG15916	0.55	0.316498316	MAGs from other families
MAG15960	0.55	0.323232323	MAGs from other families
MAG15982	0.55	0.225589226	MAGs from other families
MAG16069	0.55	0.249158249	MAGs from other families
MAG16219	0.55	0.316498316	MAGs from other genus in Bacteroidaceae
MAG16507	0.55	0.222222222	MAGs from other families
MAG16555	0.55	0.427609428	MAGs from other families
MAG16786	0.55	0.30976431	MAGs from other families
MAG17678	0.55	0.282828283	MAGs from other families
MAG1817	0.55	0.400673401	MAGs from other genus in Bacteroidaceae
MAG18386	0.55	0.333333333	MAGs from other families
MAG18807	0.55	0.723905724	MAGs from other families
MAG19418	0.55	0.468013468	MAGs from other families
MAG19593	0.55	0.552188552	MAGs from other families
MAG19835	0.55	0.922558923	MAGs from other families
MAG19861	0.55	0.767676768	MAGs from other families
MAG21484	0.55	0.377104377	MAGs from other families
MAG23336	0.55	0.228956229	MAGs from other families
MAG23359	0.55	0.262626263	MAGs from other families
MAG2491	0.55	0.245791246	MAGs from other families
MAG3031	0.55	0.898989899	MAGs from other families
MAG4234	0.55	0.592592593	MAGs from other genus in Bacteroidaceae
MAG4599	0.55	0.784511785	MAGs from other families
MAG4853	0.55	0.30976431	MAGs from other families
MAG5466	0.55	0.572390572	MAGs from other families
MAG5559	0.55	0.828282828	MAGs from other families
MAG5725	0.55	0.548821549	MAGs from other families
MAG8245	0.55	0.501683502	MAGs from other genus in Bacteroidaceae
MAG8397	0.55	0.855218855	MAGs from other families
MAG8893	0.55	0.377104377	MAGs from other families
MAG10093	0.56	0.784511785	MAGs from other genus in Bacteroidaceae
MAG10127	0.56	0.31986532	MAGs from other families
MAG10553	0.56	0.62962963	MAGs from other families
MAG10841	0.56	0.501683502	MAGs from other families
MAG11100	0.56	0.225589226	MAGs from other families
MAG11249	0.56	0.316498316	MAGs from other families
MAG11323	0.56	0.494949495	MAGs from other families
MAG11411	0.56	0.606060606	MAGs from other families
MAG11469	0.56	0.363636364	MAGs from other families
MAG11519	0.56	0.801346801	MAGs from other families
MAG11925	0.56	0.34006734	MAGs from other families
MAG12093	0.56	0.468013468	MAGs from other families
MAG12877	0.56	0.316498316	MAGs from other families
MAG13419	0.56	0.202020202	MAGs from other families
MAG13599	0.56	0.841750842	MAGs from other families
MAG13680	0.56	0.592592593	MAGs from other genus in Bacteroidaceae
MAG13749	0.56	0.663299663	MAGs from other families
MAG14418	0.56	0.451178451	MAGs from other families
MAG14422	0.56	0.282828283	MAGs from other families
MAG14428	0.56	0.696969697	MAGs from other families
MAG14808	0.56	0.976430976	MAGs from other genus in Bacteroidaceae
MAG15140	0.56	0.259259259	MAGs from other families
MAG1570	0.56	0.552188552	MAGs from other families
MAG15930	0.56	0.451178451	MAGs from other families
MAG16108	0.56	0.437710438	MAGs from other families
MAG16220	0.56	0.292929293	MAGs from other families
MAG16458	0.56	0.515151515	MAGs from other families
MAG17017	0.56	0.397306397	MAGs from other families
MAG17211	0.56	0.323232323	MAGs from other families
MAG17283	0.56	0.427609428	MAGs from other families
MAG1747	0.56	0.31986532	MAGs from other families
MAG21064	0.56	0.228956229	MAGs from other families
MAG21071	0.56	0.363636364	MAGs from other families
MAG2132	0.56	0.245791246	MAGs from other families
MAG21560	0.56	0.420875421	MAGs from other families
MAG21935	0.56	0.528619529	MAGs from other families
MAG22035	0.56	0.235690236	MAGs from other families
MAG22264	0.56	0.461279461	MAGs from other families
MAG22855	0.56	0.804713805	MAGs from other families
MAG2592	0.56	0.215488215	MAGs from other families
MAG3066	0.56	0.801346801	MAGs from other families
MAG4490	0.56	0.461279461	MAGs from other families
MAG4632	0.56	0.747474747	MAGs from other families
MAG4678	0.56	0.575757576	MAGs from other families
MAG4769	0.56	0.414141414	MAGs from other families
MAG4981	0.56	0.35016835	MAGs from other families
MAG7373	0.56	1	MAGs from other families
MAG7929	0.56	0.609427609	MAGs from other families
MAG8720	0.56	0.737373737	MAGs from other families
MAG9169	0.56	0.414141414	MAGs from other families
MAG9745	0.56	0.437710438	MAGs from other families
MAG9793	0.56	0.259259259	MAGs from other families
MAG9986	0.56	0.498316498	MAGs from other families
MAG10271	0.57	0.784511785	MAGs from other families
MAG10615	0.57	0.367003367	MAGs from other families
MAG10687	0.57	0.249158249	MAGs from other families
MAG10702	0.57	0.552188552	MAGs from other families
MAG1093	0.57	0.942760943	MAGs from other families
MAG11078	0.57	0.272727273	MAGs from other families
MAG11748	0.57	0.878787879	MAGs from other families
MAG11753	0.57	0.61952862	MAGs from other families
MAG11880	0.57	0.31986532	MAGs from other families
MAG12401	0.57	0.346801347	MAGs from other families
MAG1246	0.57	0.562289562	MAGs from other families
MAG12500	0.57	0.245791246	MAGs from other families
MAG12736	0.57	0.831649832	MAGs from other families
MAG12919	0.57	0.2996633	MAGs from other families
MAG13088	0.57	0.471380471	MAGs from other families
MAG13107	0.57	0.441077441	MAGs from other families
MAG13217	0.57	0.313131313	MAGs from other families
MAG14611	0.57	0.592592593	MAGs from other families
MAG14880	0.57	0.242424242	MAGs from other families
MAG15145	0.57	0.286195286	MAGs from other families
MAG15234	0.57	0.34006734	MAGs from other families
MAG15533	0.57	0.468013468	MAGs from other genus in Bacteroidaceae
MAG15831	0.57	0.599326599	MAGs from other families
MAG16134	0.57	0.282828283	MAGs from other families
MAG16337	0.57	0.595959596	MAGs from other families
MAG16690	0.57	0.828282828	MAGs from other families
MAG16977	0.57	0.65993266	MAGs from other families
MAG16989	0.57	0.612794613	MAGs from other families
MAG17063	0.57	0.936026936	MAGs from other families
MAG17506	0.57	0.747474747	MAGs from other families
MAG17510	0.57	0.511784512	MAGs from other families
MAG17605	0.57	0.252525253	MAGs from other families
MAG17752	0.57	0.279461279	MAGs from other families
MAG19020	0.57	0.262626263	MAGs from other families
MAG19252	0.57	0.38047138	MAGs from other families
MAG19864	0.57	0.400673401	MAGs from other families
MAG20095	0.57	0.942760943	MAGs from other families
MAG20182	0.57	0.498316498	MAGs from other families
MAG20362	0.57	0.265993266	MAGs from other families
MAG22904	0.57	0.265993266	MAGs from other genus in Bacteroidaceae
MAG23030	0.57	0.471380471	MAGs from other families
MAG350	0.57	0.410774411	MAGs from other families
MAG3747	0.57	0.326599327	MAGs from other families
MAG4237	0.57	0.838383838	MAGs from other families
MAG4543	0.57	0.272727273	MAGs from other families
MAG4707	0.57	0.962962963	MAGs from other families
MAG505	0.57	0.515151515	MAGs from other families
MAG5139	0.57	0.565656566	MAGs from other families
MAG5445	0.57	0.232323232	MAGs from other families
MAG651	0.57	0.282828283	MAGs from other families
MAG7231	0.57	0.797979798	MAGs from other families
MAG8225	0.57	0.663299663	MAGs from other families
MAG8330	0.57	0.252525253	MAGs from other families
MAG8881	0.57	0.35016835	MAGs from other genus in Bacteroidaceae
MAG9005	0.57	0.531986532	MAGs from other families
MAG9098	0.57	0.713804714	MAGs from other families
MAG9772	0.57	0.565656566	MAGs from other families
MAG10235	0.58	0.222222222	MAGs from other families
MAG10256	0.58	0.205387205	MAGs from other families
MAG10826	0.58	0.771043771	MAGs from other families
MAG11638	0.58	0.316498316	MAGs from other families
MAG1172	0.58	0.255892256	MAGs from other families
MAG11744	0.58	0.569023569	MAGs from other genus in Bacteroidaceae
MAG1195	0.58	0.653198653	MAGs from other families
MAG11957	0.58	0.2996633	MAGs from other families
MAG12549	0.58	0.521885522	MAGs from other families
MAG12921	0.58	0.367003367	MAGs from other families
MAG1301	0.58	0.952861953	MAGs from other families
MAG13016	0.58	0.239057239	MAGs from other families
MAG13040	0.58	0.767676768	MAGs from other families
MAG13408	0.58	0.562289562	MAGs from other families
MAG13448	0.58	0.232323232	MAGs from other families
MAG13506	0.58	0.36026936	MAGs from other families
MAG13806	0.58	0.787878788	MAGs from other families
MAG14202	0.58	0.616161616	MAGs from other families
MAG14279	0.58	0.457912458	MAGs from other families
MAG15668	0.58	0.478114478	MAGs from other families
MAG15731	0.58	0.468013468	MAGs from other families
MAG16126	0.58	0.346801347	MAGs from other families
MAG16186	0.58	0.707070707	MAGs from other families
MAG16215	0.58	0.511784512	MAGs from other families
MAG16217	0.58	0.36026936	MAGs from other families
MAG16488	0.58	0.993265993	MAGs from other families
MAG16858	0.58	0.535353535	MAGs from other families
MAG17524	0.58	0.35016835	MAGs from other families
MAG17654	0.58	0.868686869	MAGs from other families
MAG17856	0.58	0.952861953	MAGs from other families
MAG17974	0.58	0.215488215	MAGs from other families
MAG18632	0.58	0.589225589	MAGs from other families
MAG18878	0.58	0.986531987	MAGs from other families
MAG18881	0.58	0.838383838	MAGs from other families
MAG19668	0.58	0.276094276	MAGs from other families
MAG19839	0.58	0.531986532	MAGs from other families
MAG21905	0.58	0.225589226	MAGs from other genus in Bacteroidaceae
MAG2219	0.58	0.28956229	MAGs from other families
MAG22332	0.58	0.222222222	MAGs from Phocaeicola
MAG4060	0.58	0.723905724	MAGs from other families
MAG4112	0.58	0.212121212	MAGs from other families
MAG4135	0.58	0.717171717	MAGs from other genus in Bacteroidaceae
MAG4746	0.58	0.30976431	MAGs from other families
MAG4814	0.58	0.36026936	MAGs from other families
MAG512	0.58	0.841750842	MAGs from other genus in Bacteroidaceae
MAG5570	0.58	0.363636364	MAGs from other families
MAG9018	0.58	0.373737374	MAGs from other families
MAG9022	0.58	0.754208754	MAGs from other families
MAG9213	0.58	0.454545455	MAGs from other families
MAG9708	0.58	0.885521886	MAGs from other families
MAG10419	0.59	0.262626263	MAGs from other families
MAG10677	0.59	0.555555556	MAGs from other families
MAG10761	0.59	0.808080808	MAGs from other families
MAG10894	0.59	0.367003367	MAGs from other families
MAG11578	0.59	0.228956229	MAGs from other families
MAG12209	0.59	0.760942761	MAGs from other families
MAG12353	0.59	0.377104377	MAGs from other families
MAG12448	0.59	0.373737374	MAGs from other families
MAG13028	0.59	0.292929293	MAGs from other families
MAG13166	0.59	0.71043771	MAGs from other families
MAG14347	0.59	0.225589226	MAGs from other families
MAG14455	0.59	0.276094276	MAGs from other families
MAG14461	0.59	0.821548822	MAGs from other families
MAG14550	0.59	0.606060606	MAGs from other families
MAG14556	0.59	0.673400673	MAGs from other genus in Bacteroidaceae
MAG14676	0.59	0.787878788	MAGs from other families
MAG15023	0.59	0.363636364	MAGs from other families
MAG15248	0.59	0.683501684	MAGs from other families
MAG15362	0.59	0.693602694	MAGs from other families
MAG15801	0.59	0.898989899	MAGs from other families
MAG16411	0.59	0.437710438	MAGs from other families
MAG17080	0.59	0.703703704	MAGs from other families
MAG17705	0.59	0.488215488	MAGs from other families
MAG17782	0.59	0.858585859	MAGs from other genus in Bacteroidaceae
MAG18267	0.59	0.720538721	MAGs from other families
MAG18743	0.59	0.232323232	MAGs from other families
MAG20105	0.59	0.249158249	MAGs from other families
MAG21309	0.59	0.542087542	MAGs from other families
MAG21924	0.59	0.265993266	MAGs from other families
MAG22124	0.59	0.286195286	MAGs from other families
MAG22278	0.59	0.511784512	MAGs from other genus in Bacteroidaceae
MAG2508	0.59	0.569023569	MAGs from other families
MAG2519	0.59	0.498316498	MAGs from other families
MAG302	0.59	0.292929293	MAGs from other families
MAG4322	0.59	0.535353535	MAGs from other genus in Bacteroidaceae
MAG4719	0.59	0.905723906	MAGs from other genus in Bacteroidaceae
MAG8711	0.59	0.417508418	MAGs from other families
MAG9120	0.59	0.282828283	MAGs from other families
MAG9124	0.59	0.235690236	MAGs from other families
MAG9210	0.59	0.242424242	MAGs from other genus in Bacteroidaceae
MAG9528	0.59	0.249158249	MAGs from other families
MAG9557	0.59	0.2996633	MAGs from other families
MAG9858	0.59	0.484848485	MAGs from other families
MAG10315	0.6	0.377104377	MAGs from other families
MAG10566	0.6	0.272727273	MAGs from other families
MAG10873	0.6	0.643097643	MAGs from other families
MAG10956	0.6	0.491582492	MAGs from other families
MAG11081	0.6	0.292929293	MAGs from other families
MAG11632	0.6	0.528619529	MAGs from other families
MAG12098	0.6	0.343434343	MAGs from other families
MAG12134	0.6	0.494949495	MAGs from other families
MAG12569	0.6	0.225589226	MAGs from other families
MAG12613	0.6	0.292929293	MAGs from other families
MAG12761	0.6	0.296296296	MAGs from other families
MAG12929	0.6	0.282828283	MAGs from other families
MAG13047	0.6	0.32996633	MAGs from other families
MAG13330	0.6	0.387205387	MAGs from other families
MAG13770	0.6	0.464646465	MAGs from other families
MAG14341	0.6	0.393939394	MAGs from other families
MAG14581	0.6	0.205387205	MAGs from other families
MAG14616	0.6	0.400673401	MAGs from other families
MAG15149	0.6	0.292929293	MAGs from other families
MAG15516	0.6	0.569023569	MAGs from other families
MAG16229	0.6	0.245791246	MAGs from other families
MAG16320	0.6	0.313131313	MAGs from other families
MAG17024	0.6	0.508417508	MAGs from other families
MAG17335	0.6	0.245791246	MAGs from other families
MAG17429	0.6	0.397306397	MAGs from other families
MAG17588	0.6	0.242424242	MAGs from other families
MAG17620	0.6	0.744107744	MAGs from other families
MAG17621	0.6	0.269360269	MAGs from other families
MAG18760	0.6	0.454545455	MAGs from other families
MAG20122	0.6	0.208754209	MAGs from other families
MAG21436	0.6	0.313131313	MAGs from other families
MAG23370	0.6	0.63973064	MAGs from other families
MAG3018	0.6	0.585858586	MAGs from other families
MAG3306	0.6	0.410774411	MAGs from other families
MAG3890	0.6	0.757575758	MAGs from other families
MAG4748	0.6	0.696969697	MAGs from other families
MAG5273	0.6	0.454545455	MAGs from other families
MAG5400	0.6	0.276094276	MAGs from other families
MAG736	0.6	0.215488215	MAGs from other families
MAG8167	0.6	0.791245791	MAGs from other families
MAG8403	0.6	0.282828283	MAGs from other families
MAG8498	0.6	0.272727273	MAGs from other genus in Bacteroidaceae
MAG8798	0.6	0.282828283	MAGs from other families
MAG9129	0.6	0.242424242	MAGs from other families
MAG9139	0.6	0.531986532	MAGs from other families
MAG9204	0.6	0.976430976	MAGs from other families
MAG941	0.6	0.316498316	MAGs from other families
MAG9512	0.6	0.872053872	MAGs from other families
MAG9844	0.6	0.282828283	MAGs from other families
MAG1036	0.61	0.61952862	MAGs from other genus in Bacteroidaceae
MAG10390	0.61	0.420875421	MAGs from other families
MAG12390	0.61	0.239057239	MAGs from other families
MAG12707	0.61	0.565656566	MAGs from other families
MAG13291	0.61	0.272727273	MAGs from other families
MAG13465	0.61	0.31986532	MAGs from other families
MAG14560	0.61	0.228956229	MAGs from other families
MAG14982	0.61	0.434343434	MAGs from other families
MAG16002	0.61	0.451178451	MAGs from other families
MAG16091	0.61	0.542087542	MAGs from other families
MAG16113	0.61	0.414141414	MAGs from other families
MAG16390	0.61	0.292929293	MAGs from other families
MAG17099	0.61	0.35016835	MAGs from other families
MAG17571	0.61	0.929292929	MAGs from other families
MAG1833	0.61	0.212121212	MAGs from other families
MAG19312	0.61	0.750841751	MAGs from other families
MAG19325	0.61	0.939393939	MAGs from other families
MAG19429	0.61	0.208754209	MAGs from other families
MAG20045	0.61	0.569023569	MAGs from other families
MAG20346	0.61	0.296296296	MAGs from other families
MAG21450	0.61	0.797979798	MAGs from other families
MAG2183	0.61	0.569023569	MAGs from other families
MAG21940	0.61	0.323232323	MAGs from other families
MAG23193	0.61	0.316498316	MAGs from other families
MAG23223	0.61	0.821548822	MAGs from other families
MAG23281	0.61	0.427609428	MAGs from other families
MAG23358	0.61	0.38047138	MAGs from other families
MAG3454	0.61	0.730639731	MAGs from other genus in Bacteroidaceae
MAG3501	0.61	0.932659933	MAGs from other families
MAG4068	0.61	0.488215488	MAGs from other families
MAG5134	0.61	0.983164983	MAGs from other families
MAG517	0.61	0.407407407	MAGs from other families
MAG5697	0.61	0.494949495	MAGs from other families
MAG5733	0.61	0.387205387	MAGs from other families
MAG603	0.61	0.501683502	MAGs from other families
MAG6599	0.61	0.205387205	MAGs from other families
MAG7044	0.61	0.552188552	MAGs from other families
MAG8371	0.61	0.417508418	MAGs from other families
MAG9105	0.61	1	MAGs from other genus in Bacteroidaceae
MAG9903	0.61	0.898989899	MAGs from other families
MAG10243	0.62	0.30976431	MAGs from other families
MAG11195	0.62	0.410774411	MAGs from other families
MAG11807	0.62	0.356902357	MAGs from other families
MAG11867	0.62	0.205387205	MAGs from other genus in Bacteroidaceae
MAG12464	0.62	0.801346801	MAGs from other families
MAG12505	0.62	0.909090909	MAGs from other families
MAG12601	0.62	0.872053872	MAGs from other families
MAG12674	0.62	0.326599327	MAGs from other families
MAG12697	0.62	0.616161616	MAGs from other families
MAG12867	0.62	0.461279461	MAGs from other families
MAG13347	0.62	0.202020202	MAGs from other families
MAG13499	0.62	0.653198653	MAGs from other families
MAG13940	0.62	0.777777778	MAGs from other families
MAG14356	0.62	0.855218855	MAGs from other families
MAG14824	0.62	0.313131313	MAGs from other families
MAG14991	0.62	0.323232323	MAGs from other families
MAG15249	0.62	0.498316498	MAGs from Phocaeicola
MAG15255	0.62	0.292929293	MAGs from other genus in Bacteroidaceae
MAG15659	0.62	0.272727273	MAGs from other families
MAG16465	0.62	0.535353535	MAGs from other families
MAG16551	0.62	0.521885522	MAGs from other families
MAG17381	0.62	0.292929293	MAGs from other families
MAG18727	0.62	0.208754209	MAGs from other families
MAG18899	0.62	0.791245791	MAGs from other families
MAG19654	0.62	0.36026936	MAGs from other families
MAG20856	0.62	0.888888889	MAGs from other families
MAG22588	0.62	0.245791246	MAGs from other families
MAG22599	0.62	0.595959596	MAGs from other families
MAG22764	0.62	0.417508418	MAGs from other families
MAG22901	0.62	0.791245791	MAGs from other families
MAG23198	0.62	0.393939394	MAGs from other families
MAG2654	0.62	0.824915825	MAGs from other families
MAG3164	0.62	0.202020202	MAGs from other families
MAG3895	0.62	0.377104377	MAGs from other families
MAG4321	0.62	0.235690236	MAGs from other families
MAG4565	0.62	0.592592593	MAGs from other families
MAG4841	0.62	0.235690236	MAGs from other families
MAG5135	0.62	0.202020202	MAGs from other families
MAG5433	0.62	0.235690236	MAGs from other families
MAG544	0.62	0.218855219	MAGs from other families
MAG5677	0.62	0.215488215	MAGs from other families
MAG5915	0.62	0.535353535	MAGs from other families
MAG76	0.62	0.632996633	MAGs from other families
MAG8535	0.62	0.878787879	MAGs from other families
MAG9133	0.62	0.794612795	MAGs from other families
MAG9344	0.62	0.636363636	MAGs from other families
MAG9407	0.62	0.511784512	MAGs from other families
MAG9483	0.62	0.346801347	MAGs from other families
MAG1153	0.63	0.235690236	MAGs from other families
MAG12001	0.63	0.64983165	MAGs from other families
MAG12174	0.63	0.400673401	MAGs from other families
MAG12529	0.63	0.868686869	MAGs from other families
MAG12641	0.63	0.245791246	MAGs from other families
MAG12646	0.63	0.262626263	MAGs from other families
MAG12673	0.63	0.393939394	MAGs from other families
MAG12905	0.63	0.848484848	MAGs from other families
MAG13189	0.63	0.242424242	MAGs from other families
MAG13191	0.63	0.612794613	MAGs from other families
MAG13320	0.63	0.346801347	MAGs from other families
MAG13472	0.63	0.498316498	MAGs from other families
MAG13564	0.63	0.202020202	MAGs from other families
MAG13897	0.63	0.377104377	MAGs from other families
MAG14366	0.63	0.235690236	MAGs from other families
MAG14413	0.63	0.457912458	MAGs from other families
MAG14458	0.63	0.424242424	MAGs from other families
MAG14463	0.63	0.269360269	MAGs from other families
MAG15011	0.63	0.437710438	MAGs from other families
MAG15352	0.63	0.269360269	MAGs from other families
MAG15507	0.63	0.232323232	MAGs from other families
MAG1575	0.63	0.62962963	MAGs from other families
MAG15784	0.63	0.356902357	MAGs from other families
MAG16180	0.63	0.30976431	MAGs from other families
MAG16302	0.63	0.545454545	MAGs from Phocaeicola
MAG16326	0.63	0.993265993	MAGs from other families
MAG16379	0.63	0.404040404	MAGs from other families
MAG16608	0.63	0.232323232	MAGs from other families
MAG16882	0.63	0.34006734	MAGs from other families
MAG17026	0.63	0.565656566	MAGs from other families
MAG17132	0.63	0.262626263	MAGs from other families
MAG17563	0.63	0.205387205	MAGs from other families
MAG17713	0.63	0.744107744	MAGs from other families
MAG18880	0.63	0.225589226	MAGs from other families
MAG19093	0.63	0.579124579	MAGs from other families
MAG19896	0.63	0.346801347	MAGs from other families
MAG22506	0.63	0.912457912	MAGs from other families
MAG22722	0.63	0.296296296	MAGs from other families
MAG23274	0.63	0.316498316	MAGs from other families
MAG3480	0.63	0.713804714	MAGs from other families
MAG4240	0.63	0.993265993	MAGs from other families
MAG4522	0.63	0.269360269	MAGs from other families
MAG4824	0.63	0.404040404	MAGs from other families
MAG4869	0.63	0.71043771	MAGs from other families
MAG5089	0.63	0.444444444	MAGs from other families
MAG5363	0.63	0.387205387	MAGs from other families
MAG5632	0.63	0.575757576	MAGs from other families
MAG6206	0.63	0.410774411	MAGs from other families
MAG6391	0.63	0.326599327	MAGs from other families
MAG6594	0.63	0.437710438	MAGs from other families
MAG6928	0.63	0.228956229	MAGs from other families
MAG722	0.63	0.343434343	MAGs from other families
MAG804	0.63	0.750841751	MAGs from other families
MAG8314	0.63	0.518518519	MAGs from other families
MAG8528	0.63	0.225589226	MAGs from other families
MAG8875	0.63	0.363636364	MAGs from other families
MAG8927	0.63	0.484848485	MAGs from other families
MAG9116	0.63	0.218855219	MAGs from other families
MAG9157	0.63	0.983164983	MAGs from other families
MAG9233	0.63	0.373737374	MAGs from other families
MAG9457	0.63	0.363636364	MAGs from other genus in Bacteroidaceae
MAG9750	0.63	0.215488215	MAGs from other families
MAG9998	0.63	0.215488215	MAGs from other families
MAG10012	0.64	0.441077441	MAGs from other families
MAG10051	0.64	0.525252525	MAGs from other families
MAG10146	0.64	0.632996633	MAGs from other families
MAG104	0.64	0.34006734	MAGs from other families
MAG10457	0.64	0.505050505	MAGs from other families
MAG10578	0.64	0.878787879	MAGs from other families
MAG11167	0.64	0.232323232	MAGs from other families
MAG11786	0.64	0.814814815	MAGs from other families
MAG11928	0.64	0.212121212	MAGs from other families
MAG12594	0.64	0.824915825	MAGs from other genus in Bacteroidaceae
MAG12866	0.64	0.222222222	MAGs from other families
MAG13298	0.64	0.410774411	MAGs from other families
MAG13332	0.64	0.808080808	MAGs from other families
MAG13628	0.64	0.336700337	MAGs from other genus in Bacteroidaceae
MAG13801	0.64	0.205387205	MAGs from other families
MAG13893	0.64	0.276094276	MAGs from other families
MAG13928	0.64	0.71043771	MAGs from other families
MAG13933	0.64	0.249158249	MAGs from other families
MAG14259	0.64	0.925925926	MAGs from other families
MAG14776	0.64	0.34006734	MAGs from other families
MAG14820	0.64	0.34006734	MAGs from other families
MAG14931	0.64	0.407407407	MAGs from other families
MAG16151	0.64	0.424242424	MAGs from other families
MAG16548	0.64	0.481481481	MAGs from other families
MAG16648	0.64	0.62962963	MAGs from other families
MAG16854	0.64	0.579124579	MAGs from other families
MAG16948	0.64	0.265993266	MAGs from other families
MAG1767	0.64	0.602693603	MAGs from other genus in Bacteroidaceae
MAG1771	0.64	0.939393939	MAGs from other genus in Bacteroidaceae
MAG17798	0.64	0.313131313	MAGs from other families
MAG17822	0.64	0.595959596	MAGs from other families
MAG17879	0.64	0.552188552	MAGs from other families
MAG19624	0.64	0.693602694	MAGs from other families
MAG19825	0.64	0.35016835	MAGs from other families
MAG1991	0.64	0.31986532	MAGs from other families
MAG20051	0.64	0.515151515	MAGs from other families
MAG20370	0.64	0.96969697	MAGs from other families
MAG2583	0.64	0.255892256	MAGs from other families
MAG2607	0.64	0.942760943	MAGs from other families
MAG4652	0.64	0.336700337	MAGs from other families
MAG5057	0.64	0.228956229	MAGs from other genus in Bacteroidaceae
MAG5111	0.64	0.363636364	MAGs from other families
MAG5298	0.64	0.218855219	MAGs from other families
MAG5406	0.64	0.225589226	MAGs from other families
MAG5452	0.64	0.552188552	MAGs from other families
MAG5732	0.64	0.558922559	MAGs from other families
MAG5953	0.64	0.518518519	MAGs from other families
MAG6348	0.64	0.528619529	MAGs from other families
MAG7628	0.64	0.65993266	MAGs from other families
MAG792	0.64	0.235690236	MAGs from other families
MAG867	0.64	0.313131313	MAGs from other families
MAG876	0.64	0.202020202	MAGs from other families
MAG8774	0.64	0.777777778	MAGs from other families
MAG9244	0.64	0.575757576	MAGs from other families
MAG9401	0.64	0.356902357	MAGs from other families
MAG10397	0.65	0.38047138	MAGs from other families
MAG10461	0.65	0.606060606	MAGs from other families
MAG10812	0.65	0.255892256	MAGs from other families
MAG11009	0.65	0.313131313	MAGs from other families
MAG11736	0.65	0.68013468	MAGs from other families
MAG11770	0.65	0.292929293	MAGs from other families
MAG11857	0.65	0.71043771	MAGs from other families
MAG11956	0.65	0.858585859	MAGs from other genus in Bacteroidaceae
MAG12278	0.65	0.441077441	MAGs from other families
MAG12408	0.65	0.313131313	MAGs from other families
MAG12818	0.65	0.218855219	MAGs from other families
MAG12939	0.65	0.208754209	MAGs from other families
MAG13120	0.65	0.666666667	MAGs from other families
MAG13172	0.65	0.242424242	MAGs from other families
MAG14464	0.65	0.63973064	MAGs from other families
MAG14695	0.65	0.292929293	MAGs from other families
MAG14821	0.65	0.417508418	MAGs from other families
MAG14968	0.65	0.313131313	MAGs from other families
MAG15291	0.65	0.202020202	MAGs from other families
MAG1580	0.65	0.286195286	MAGs from other families
MAG15912	0.65	0.292929293	MAGs from other genus in Bacteroidaceae
MAG16226	0.65	0.336700337	MAGs from other families
MAG16373	0.65	0.885521886	MAGs from other families
MAG16527	0.65	0.225589226	MAGs from other families
MAG1664	0.65	0.225589226	MAGs from other families
MAG16649	0.65	0.427609428	MAGs from other families
MAG1703	0.65	0.929292929	MAGs from other families
MAG17587	0.65	0.249158249	MAGs from other families
MAG18696	0.65	0.245791246	MAGs from other families
MAG18798	0.65	0.245791246	MAGs from other families
MAG19474	0.65	0.646464646	MAGs from other families
MAG19579	0.65	0.451178451	MAGs from other families
MAG22485	0.65	0.518518519	MAGs from other families
MAG2318	0.65	0.898989899	MAGs from other families
MAG2331	0.65	0.962962963	MAGs from other families
MAG23412	0.65	0.34006734	MAGs from other families
MAG2676	0.65	0.962962963	MAGs from other families
MAG4349	0.65	0.212121212	MAGs from other genus in Bacteroidaceae
MAG4574	0.65	0.202020202	MAGs from other genus in Bacteroidaceae
MAG5358	0.65	0.949494949	MAGs from other families
MAG5524	0.65	0.205387205	MAGs from other families
MAG5769	0.65	0.30976431	MAGs from other families
MAG5844	0.65	0.363636364	MAGs from other families
MAG7236	0.65	1	MAGs from other families
MAG820	0.65	0.468013468	MAGs from other families
MAG8389	0.65	0.555555556	MAGs from other families
MAG8462	0.65	0.2996633	MAGs from other families
MAG8600	0.65	0.252525253	MAGs from other families
MAG8680	0.65	0.407407407	MAGs from other families
MAG910	0.65	0.562289562	MAGs from other families
MAG9199	0.65	0.36026936	MAGs from other families
MAG9235	0.65	0.215488215	MAGs from other families
MAG9605	0.65	0.663299663	MAGs from other families
MAG9667	0.65	0.939393939	MAGs from other genus in Bacteroidaceae
MAG10055	0.66	0.262626263	MAGs from other families
MAG10188	0.66	0.205387205	MAGs from other families
MAG10197	0.66	0.353535354	MAGs from other families
MAG10356	0.66	0.205387205	MAGs from other families
MAG10447	0.66	0.824915825	MAGs from other families
MAG11056	0.66	0.38047138	MAGs from other families
MAG11099	0.66	0.316498316	MAGs from other families
MAG11184	0.66	0.814814815	MAGs from other families
MAG12054	0.66	0.303030303	MAGs from other families
MAG12056	0.66	0.555555556	MAGs from other families
MAG12136	0.66	0.208754209	MAGs from other families
MAG12208	0.66	0.390572391	MAGs from other families
MAG12528	0.66	0.703703704	MAGs from other families
MAG13009	0.66	0.269360269	MAGs from other families
MAG13156	0.66	0.895622896	MAGs from other families
MAG13950	0.66	0.353535354	MAGs from other families
MAG13960	0.66	0.434343434	MAGs from other families
MAG14069	0.66	0.367003367	MAGs from other families
MAG14187	0.66	0.410774411	MAGs from other families
MAG14807	0.66	0.249158249	MAGs from other families
MAG14859	0.66	0.377104377	MAGs from other families
MAG14920	0.66	0.545454545	MAGs from Phocaeicola
MAG15461	0.66	0.363636364	MAGs from other genus in Bacteroidaceae
MAG15561	0.66	0.434343434	MAGs from other families
MAG15698	0.66	0.306397306	MAGs from other families
MAG15822	0.66	0.447811448	MAGs from other families
MAG15976	0.66	0.683501684	MAGs from other families
MAG15997	0.66	0.730639731	MAGs from other families
MAG16171	0.66	0.7003367	MAGs from other families
MAG19291	0.66	0.925925926	MAGs from other families
MAG19607	0.66	0.63973064	MAGs from other families
MAG22858	0.66	0.747474747	MAGs from other families
MAG23418	0.66	0.242424242	MAGs from other families
MAG2584	0.66	0.555555556	MAGs from other families
MAG3353	0.66	0.296296296	MAGs from other families
MAG4050	0.66	0.407407407	MAGs from other families
MAG4572	0.66	0.417508418	MAGs from other families
MAG4699	0.66	0.417508418	MAGs from other genus in Bacteroidaceae
MAG4923	0.66	0.383838384	MAGs from other families
MAG4938	0.66	0.707070707	MAGs from other families
MAG5103	0.66	0.212121212	MAGs from other families
MAG565	0.66	0.363636364	MAGs from other families
MAG5693	0.66	0.2996633	MAGs from other families
MAG5820	0.66	0.245791246	MAGs from other families
MAG5858	0.66	0.239057239	MAGs from Phocaeicola
MAG6378	0.66	0.32996633	MAGs from other families
MAG680	0.66	0.494949495	MAGs from other families
MAG7663	0.66	0.202020202	MAGs from other families
MAG8197	0.66	0.400673401	MAGs from other families
MAG8205	0.66	0.521885522	MAGs from other families
MAG8244	0.66	0.565656566	MAGs from other families
MAG8960	0.66	0.316498316	MAGs from other families
MAG9017	0.66	0.656565657	MAGs from other families
MAG9028	0.66	0.296296296	MAGs from other families
MAG9140	0.66	0.252525253	MAGs from other families
MAG9144	0.66	0.218855219	MAGs from other families
MAG9402	0.66	0.32996633	MAGs from other genus in Bacteroidaceae
MAG9455	0.66	0.589225589	MAGs from other families
MAG10168	0.67	0.208754209	MAGs from other families
MAG10999	0.67	0.488215488	MAGs from other families
MAG11077	0.67	0.387205387	MAGs from other families
MAG11400	0.67	0.292929293	MAGs from other families
MAG11873	0.67	0.208754209	MAGs from other families
MAG12153	0.67	0.794612795	MAGs from other families
MAG12245	0.67	0.71043771	MAGs from other families
MAG12402	0.67	0.427609428	MAGs from other families
MAG13411	0.67	0.239057239	MAGs from other families
MAG13664	0.67	0.797979798	MAGs from other families
MAG14035	0.67	0.400673401	MAGs from other families
MAG14143	0.67	0.528619529	MAGs from other families
MAG14169	0.67	0.518518519	MAGs from other families
MAG14531	0.67	0.245791246	MAGs from other families
MAG14734	0.67	0.265993266	MAGs from other families
MAG15049	0.67	0.232323232	MAGs from other families
MAG15385	0.67	0.67003367	MAGs from other families
MAG15732	0.67	0.562289562	MAGs from other genus in Bacteroidaceae
MAG15758	0.67	0.269360269	MAGs from other families
MAG15799	0.67	0.242424242	MAGs from other families
MAG17	0.67	0.468013468	MAGs from other families
MAG17096	0.67	0.390572391	MAGs from other families
MAG17564	0.67	0.393939394	MAGs from other families
MAG17661	0.67	0.400673401	MAGs from other families
MAG17789	0.67	0.373737374	MAGs from other families
MAG17824	0.67	0.208754209	MAGs from other families
MAG18622	0.67	0.582491582	MAGs from other families
MAG18767	0.67	0.962962963	MAGs from other families
MAG18811	0.67	0.552188552	MAGs from other families
MAG18893	0.67	0.929292929	MAGs from other families
MAG19050	0.67	0.242424242	MAGs from other families
MAG19403	0.67	0.424242424	MAGs from other families
MAG19897	0.67	0.457912458	MAGs from other families
MAG2003	0.67	0.740740741	MAGs from other families
MAG2162	0.67	0.377104377	MAGs from other families
MAG23047	0.67	0.272727273	MAGs from other families
MAG23337	0.67	0.276094276	MAGs from other families
MAG3705	0.67	0.34006734	MAGs from other families
MAG4127	0.67	0.265993266	MAGs from other families
MAG4370	0.67	0.538720539	MAGs from other families
MAG4442	0.67	0.95959596	MAGs from other genus in Bacteroidaceae
MAG4577	0.67	0.292929293	MAGs from other families
MAG5048	0.67	0.282828283	MAGs from other families
MAG5411	0.67	0.249158249	MAGs from other families
MAG5696	0.67	0.521885522	MAGs from other families
MAG7479	0.67	0.505050505	MAGs from other families
MAG8214	0.67	0.235690236	MAGs from other families
MAG8570	0.67	0.222222222	MAGs from other families
MAG8588	0.67	0.336700337	MAGs from other families
MAG8707	0.67	0.430976431	MAGs from other families
MAG8902	0.67	0.727272727	MAGs from other families
MAG9565	0.67	0.259259259	MAGs from other families
MAG9613	0.67	0.272727273	MAGs from other families
MAG9721	0.67	0.333333333	MAGs from other families
MAG9909	0.67	0.31986532	MAGs from other families
MAG10107	0.68	0.303030303	MAGs from other families
MAG10341	0.68	0.218855219	MAGs from other families
MAG10406	0.68	0.801346801	MAGs from other families
MAG10569	0.68	0.683501684	MAGs from other families
MAG10683	0.68	0.208754209	MAGs from other families
MAG11599	0.68	0.71043771	MAGs from other families
MAG11839	0.68	0.801346801	MAGs from other families
MAG12657	0.68	0.255892256	MAGs from other families
MAG1280	0.68	0.602693603	MAGs from other families
MAG13050	0.68	0.872053872	MAGs from other families
MAG13443	0.68	0.346801347	MAGs from other families
MAG13647	0.68	0.202020202	MAGs from other families
MAG13834	0.68	0.35016835	MAGs from other families
MAG14404	0.68	0.252525253	MAGs from other families
MAG14707	0.68	0.468013468	MAGs from other families
MAG14897	0.68	0.885521886	MAGs from other families
MAG15174	0.68	0.343434343	MAGs from other families
MAG15213	0.68	0.417508418	MAGs from other families
MAG15395	0.68	0.38047138	MAGs from other genus in Bacteroidaceae
MAG15512	0.68	0.265993266	MAGs from other families
MAG15646	0.68	0.69023569	MAGs from other families
MAG15670	0.68	0.346801347	MAGs from other families
MAG15855	0.68	0.565656566	MAGs from other families
MAG16291	0.68	0.521885522	MAGs from other families
MAG16740	0.68	0.676767677	MAGs from other families
MAG16941	0.68	0.31986532	MAGs from other families
MAG17393	0.68	0.313131313	MAGs from other families
MAG17519	0.68	0.720538721	MAGs from other families
MAG18688	0.68	0.28956229	MAGs from other families
MAG2032	0.68	0.892255892	MAGs from other families
MAG20397	0.68	0.818181818	MAGs from other families
MAG20547	0.68	0.939393939	MAGs from other genus in Bacteroidaceae
MAG21992	0.68	0.434343434	MAGs from other families
MAG3486	0.68	0.437710438	MAGs from other families
MAG3659	0.68	0.218855219	MAGs from other families
MAG4103	0.68	0.474747475	MAGs from other families
MAG4159	0.68	0.609427609	MAGs from other genus in Bacteroidaceae
MAG4434	0.68	0.457912458	MAGs from other families
MAG4758	0.68	0.98989899	MAGs from other families
MAG4991	0.68	0.37037037	MAGs from other families
MAG5737	0.68	0.545454545	MAGs from other families
MAG5849	0.68	0.481481481	MAGs from other families
MAG8311	0.68	0.427609428	MAGs from other families
MAG8378	0.68	0.205387205	MAGs from other genus in Bacteroidaceae
MAG8846	0.68	0.757575758	MAGs from other families
MAG9316	0.68	0.447811448	MAGs from other families
MAG9574	0.68	0.925925926	MAGs from other genus in Bacteroidaceae
MAG10513	0.69	0.202020202	MAGs from other families
MAG10906	0.69	0.491582492	MAGs from other families
MAG11185	0.69	0.235690236	MAGs from other families
MAG11678	0.69	0.208754209	MAGs from other families
MAG11713	0.69	0.242424242	MAGs from other families
MAG12081	0.69	0.228956229	MAGs from other families
MAG12496	0.69	0.582491582	MAGs from other families
MAG12851	0.69	0.552188552	MAGs from other genus in Bacteroidaceae
MAG13294	0.69	0.895622896	MAGs from other families
MAG13589	0.69	0.673400673	MAGs from other families
MAG13631	0.69	0.797979798	MAGs from other families
MAG13728	0.69	0.265993266	MAGs from other families
MAG13833	0.69	0.707070707	MAGs from other families
MAG14416	0.69	0.30976431	MAGs from other families
MAG14555	0.69	0.484848485	MAGs from other families
MAG14652	0.69	0.65993266	MAGs from other families
MAG14725	0.69	0.353535354	MAGs from other families
MAG14727	0.69	0.269360269	MAGs from other families
MAG14736	0.69	0.323232323	MAGs from other families
MAG14936	0.69	0.484848485	MAGs from other genus in Bacteroidaceae
MAG15017	0.69	0.612794613	MAGs from other families
MAG15144	0.69	0.306397306	MAGs from other families
MAG15356	0.69	0.636363636	MAGs from other families
MAG15416	0.69	0.548821549	MAGs from other families
MAG15724	0.69	0.377104377	MAGs from other families
MAG15908	0.69	0.579124579	MAGs from other families
MAG18314	0.69	0.643097643	MAGs from other families
MAG18483	0.69	0.303030303	MAGs from other families
MAG19611	0.69	0.97979798	MAGs from other families
MAG20519	0.69	0.225589226	MAGs from other families
MAG2052	0.69	0.531986532	MAGs from other families
MAG20924	0.69	0.377104377	MAGs from other families
MAG22411	0.69	0.973063973	MAGs from other families
MAG23467	0.69	0.225589226	MAGs from other families
MAG4520	0.69	0.767676768	MAGs from other families
MAG4619	0.69	0.939393939	MAGs from other families
MAG5172	0.69	0.535353535	MAGs from other genus in Bacteroidaceae
MAG530	0.69	0.404040404	MAGs from other families
MAG5695	0.69	0.612794613	MAGs from other families
MAG5826	0.69	0.521885522	MAGs from other families
MAG6969	0.69	0.228956229	MAGs from other families
MAG8444	0.69	0.323232323	MAGs from other families
MAG8690	0.69	0.272727273	MAGs from other families
MAG8921	0.69	0.713804714	MAGs from other families
MAG9304	0.69	0.38047138	MAGs from other families
MAG9608	0.69	0.808080808	MAGs from other families
MAG9767	0.69	0.589225589	MAGs from other families
MAG9785	0.69	0.437710438	MAGs from other families
MAG985	0.69	0.282828283	MAGs from other families
MAG10180	0.7	0.468013468	MAGs from other families
MAG10258	0.7	0.316498316	MAGs from other families
MAG10919	0.7	0.279461279	MAGs from other families
MAG11762	0.7	0.861952862	MAGs from other families
MAG11878	0.7	0.424242424	MAGs from other families
MAG122	0.7	0.235690236	MAGs from other families
MAG12386	0.7	0.424242424	MAGs from other families
MAG12518	0.7	0.383838384	MAGs from other families
MAG12642	0.7	0.494949495	MAGs from other families
MAG12807	0.7	0.265993266	MAGs from other families
MAG12873	0.7	0.821548822	MAGs from other families
MAG13164	0.7	0.464646465	MAGs from other families
MAG13700	0.7	0.942760943	MAGs from other families
MAG1404	0.7	0.239057239	MAGs from other families
MAG14500	0.7	0.447811448	MAGs from other families
MAG14538	0.7	0.727272727	MAGs from other families
MAG14744	0.7	0.946127946	MAGs from other families
MAG15093	0.7	0.218855219	MAGs from other families
MAG15658	0.7	0.62962963	MAGs from other genus in Bacteroidaceae
MAG15873	0.7	0.488215488	MAGs from other families
MAG16199	0.7	0.242424242	MAGs from other families
MAG16236	0.7	0.259259259	MAGs from other families
MAG16463	0.7	0.821548822	MAGs from other families
MAG16980	0.7	0.252525253	MAGs from other families
MAG17319	0.7	0.417508418	MAGs from other families
MAG17392	0.7	0.323232323	MAGs from other families
MAG17655	0.7	0.936026936	MAGs from other families
MAG18707	0.7	0.68013468	MAGs from other families
MAG18763	0.7	0.373737374	MAGs from other families
MAG19572	0.7	0.420875421	MAGs from other families
MAG19626	0.7	0.313131313	MAGs from other families
MAG1987	0.7	0.505050505	MAGs from other families
MAG20458	0.7	0.946127946	MAGs from other genus in Bacteroidaceae
MAG20489	0.7	0.34006734	MAGs from other families
MAG20753	0.7	0.202020202	MAGs from other families
MAG2315	0.7	0.286195286	MAGs from other families
MAG2335	0.7	0.592592593	MAGs from other families
MAG2518	0.7	0.656565657	MAGs from other families
MAG353	0.7	0.333333333	MAGs from other families
MAG3658	0.7	0.471380471	MAGs from other families
MAG4686	0.7	0.915824916	MAGs from other families
MAG5158	0.7	0.936026936	MAGs from other families
MAG5203	0.7	0.282828283	MAGs from other families
MAG5398	0.7	0.808080808	MAGs from other genus in Bacteroidaceae
MAG5416	0.7	0.983164983	MAGs from other families
MAG5493	0.7	0.983164983	MAGs from other families
MAG5714	0.7	0.925925926	MAGs from other families
MAG5880	0.7	0.245791246	MAGs from other families
MAG5983	0.7	0.212121212	MAGs from other families
MAG6530	0.7	0.481481481	MAGs from other families
MAG6534	0.7	0.602693603	MAGs from other families
MAG7387	0.7	0.437710438	MAGs from other families
MAG8488	0.7	0.205387205	MAGs from other families
MAG8511	0.7	0.656565657	MAGs from other families
MAG8522	0.7	0.558922559	MAGs from other families
MAG8810	0.7	0.713804714	MAGs from other families
MAG9288	0.7	0.582491582	MAGs from other families
MAG9795	0.7	0.552188552	MAGs from other families
MAG10674	0.71	0.602693603	MAGs from other families
MAG10853	0.71	0.582491582	MAGs from other genus in Bacteroidaceae
MAG10876	0.71	0.457912458	MAGs from other families
MAG11474	0.71	0.491582492	MAGs from other families
MAG12268	0.71	0.272727273	MAGs from other families
MAG12868	0.71	0.239057239	MAGs from other families
MAG12967	0.71	0.2996633	MAGs from other families
MAG13212	0.71	0.208754209	MAGs from other families
MAG13305	0.71	0.424242424	MAGs from other families
MAG1362	0.71	0.437710438	MAGs from other families
MAG14071	0.71	0.208754209	MAGs from other families
MAG14544	0.71	0.811447811	MAGs from other families
MAG14881	0.71	0.333333333	MAGs from other families
MAG14935	0.71	0.34006734	MAGs from other families
MAG15475	0.71	0.272727273	MAGs from other families
MAG15688	0.71	0.518518519	MAGs from other families
MAG15773	0.71	0.505050505	MAGs from other families
MAG16650	0.71	0.265993266	MAGs from other families
MAG16671	0.71	0.208754209	MAGs from other families
MAG16757	0.71	0.962962963	MAGs from other families
MAG16922	0.71	0.34006734	MAGs from other families
MAG17656	0.71	0.393939394	MAGs from other families
MAG18839	0.71	0.592592593	MAGs from other families
MAG19770	0.71	0.781144781	MAGs from other families
MAG20406	0.71	0.912457912	MAGs from other families
MAG20445	0.71	0.316498316	MAGs from other families
MAG21581	0.71	0.424242424	MAGs from other families
MAG22215	0.71	0.242424242	MAGs from other families
MAG22371	0.71	0.205387205	MAGs from other families
MAG23107	0.71	0.34006734	MAGs from other families
MAG23260	0.71	0.424242424	MAGs from other families
MAG23306	0.71	0.505050505	MAGs from other families
MAG2672	0.71	0.205387205	MAGs from other families
MAG2802	0.71	0.430976431	MAGs from other families
MAG3716	0.71	0.430976431	MAGs from other families
MAG4308	0.71	0.555555556	MAGs from other families
MAG5294	0.71	0.353535354	MAGs from other families
MAG5319	0.71	0.279461279	MAGs from other families
MAG5441	0.71	0.932659933	MAGs from other genus in Bacteroidaceae
MAG5546	0.71	0.407407407	MAGs from other families
MAG5552	0.71	0.606060606	MAGs from other families
MAG7567	0.71	0.373737374	MAGs from other families
MAG8337	0.71	0.838383838	MAGs from other genus in Bacteroidaceae
MAG8579	0.71	0.296296296	MAGs from other families
MAG8616	0.71	0.265993266	MAGs from other families
MAG9201	0.71	0.734006734	MAGs from other families
MAG9219	0.71	0.218855219	MAGs from other families
MAG929	0.71	0.841750842	MAGs from other families
MAG9290	0.71	0.740740741	MAGs from other families
MAG9424	0.71	0.501683502	MAGs from other families
MAG9445	0.71	0.31986532	MAGs from other families
MAG10064	0.72	0.377104377	MAGs from other families
MAG10410	0.72	0.367003367	MAGs from other families
MAG10986	0.72	0.272727273	MAGs from other families
MAG11442	0.72	0.535353535	MAGs from other families
MAG11549	0.72	0.235690236	MAGs from other families
MAG11737	0.72	0.835016835	MAGs from other families
MAG11836	0.72	0.730639731	MAGs from other families
MAG12801	0.72	0.326599327	MAGs from other genus in Bacteroidaceae
MAG13279	0.72	0.377104377	MAGs from other families
MAG14462	0.72	0.30976431	MAGs from other families
MAG15239	0.72	0.205387205	MAGs from other families
MAG15503	0.72	0.387205387	MAGs from other families
MAG15594	0.72	0.306397306	MAGs from other families
MAG16139	0.72	0.518518519	MAGs from other families
MAG16176	0.72	0.400673401	MAGs from other families
MAG16867	0.72	0.68013468	MAGs from other families
MAG17037	0.72	0.286195286	MAGs from other families
MAG17347	0.72	0.434343434	MAGs from other families
MAG17825	0.72	0.632996633	MAGs from other families
MAG18730	0.72	0.447811448	MAGs from other families
MAG19162	0.72	0.861952862	MAGs from other families
MAG19306	0.72	0.202020202	MAGs from other families
MAG21600	0.72	0.367003367	MAGs from other families
MAG22536	0.72	0.31986532	MAGs from other families
MAG2475	0.72	0.265993266	MAGs from other families
MAG2643	0.72	0.986531987	MAGs from other genus in Bacteroidaceae
MAG2697	0.72	0.747474747	MAGs from other families
MAG4401	0.72	0.272727273	MAGs from other families
MAG4783	0.72	0.501683502	MAGs from other families
MAG5044	0.72	0.892255892	MAGs from other genus in Bacteroidaceae
MAG5153	0.72	0.932659933	MAGs from other families
MAG5595	0.72	0.363636364	MAGs from other families
MAG8569	0.72	0.569023569	MAGs from other families
MAG8643	0.72	0.626262626	MAGs from other families
MAG8840	0.72	0.683501684	MAGs from other families
MAG9041	0.72	0.255892256	MAGs from other families
MAG9617	0.72	0.511784512	MAGs from other families
MAG9702	0.72	0.276094276	MAGs from other families
MAG10349	0.73	0.481481481	MAGs from other families
MAG10518	0.73	0.259259259	MAGs from other families
MAG10549	0.73	0.521885522	MAGs from other families
MAG10570	0.73	0.902356902	MAGs from other genus in Bacteroidaceae
MAG10663	0.73	0.616161616	MAGs from other families
MAG10950	0.73	0.616161616	MAGs from other families
MAG11177	0.73	0.346801347	MAGs from other families
MAG11504	0.73	0.545454545	MAGs from other families
MAG12443	0.73	0.228956229	MAGs from other families
MAG12509	0.73	0.313131313	MAGs from other families
MAG12659	0.73	0.259259259	MAGs from other families
MAG13074	0.73	0.235690236	MAGs from other families
MAG13809	0.73	0.427609428	MAGs from other families
MAG14042	0.73	0.245791246	MAGs from other families
MAG1406	0.73	0.508417508	MAGs from other genus in Bacteroidaceae
MAG15222	0.73	0.269360269	MAGs from other families
MAG15328	0.73	0.545454545	MAGs from other families
MAG15606	0.73	0.693602694	MAGs from other families
MAG15607	0.73	0.313131313	MAGs from other families
MAG15807	0.73	0.64983165	MAGs from other families
MAG15817	0.73	0.683501684	MAGs from other families
MAG16111	0.73	0.306397306	MAGs from other families
MAG16267	0.73	0.232323232	MAGs from other families
MAG16376	0.73	0.686868687	MAGs from other families
MAG16477	0.73	0.912457912	MAGs from other families
MAG16800	0.73	0.734006734	MAGs from other families
MAG17067	0.73	0.239057239	MAGs from other families
MAG17761	0.73	0.895622896	MAGs from other families
MAG18843	0.73	0.656565657	MAGs from other families
MAG19300	0.73	0.966329966	MAGs from other genus in Bacteroidaceae
MAG19329	0.73	0.454545455	MAGs from other families
MAG19394	0.73	0.579124579	MAGs from other families
MAG1980	0.73	0.242424242	MAGs from other families
MAG21504	0.73	0.286195286	MAGs from other families
MAG22050	0.73	0.397306397	MAGs from other families
MAG23303	0.73	0.65993266	MAGs from other families
MAG3922	0.73	0.824915825	MAGs from other families
MAG4075	0.73	0.262626263	MAGs from other families
MAG4179	0.73	0.249158249	MAGs from other families
MAG4226	0.73	0.430976431	MAGs from other families
MAG5300	0.73	0.703703704	MAGs from other families
MAG5404	0.73	0.353535354	MAGs from other families
MAG5457	0.73	0.946127946	MAGs from other genus in Bacteroidaceae
MAG5647	0.73	0.387205387	MAGs from other families
MAG5729	0.73	0.400673401	MAGs from other families
MAG6891	0.73	0.34006734	MAGs from other families
MAG7281	0.73	0.521885522	MAGs from other families
MAG8189	0.73	0.343434343	MAGs from other families
MAG9159	0.73	0.353535354	MAGs from other genus in Bacteroidaceae
MAG9468	0.73	0.414141414	MAGs from other families
MAG9856	0.73	0.282828283	MAGs from other families
MAG10006	0.74	0.31986532	MAGs from other families
MAG10169	0.74	0.410774411	MAGs from other families
MAG10286	0.74	0.326599327	MAGs from other families
MAG10404	0.74	0.32996633	MAGs from other families
MAG10924	0.74	0.296296296	MAGs from other families
MAG11267	0.74	0.212121212	MAGs from other families
MAG11364	0.74	0.28956229	MAGs from other families
MAG11541	0.74	0.417508418	MAGs from other families
MAG11696	0.74	0.306397306	MAGs from other families
MAG12695	0.74	0.265993266	MAGs from other families
MAG12897	0.74	0.202020202	MAGs from other families
MAG13413	0.74	0.599326599	MAGs from other families
MAG13422	0.74	0.373737374	MAGs from other families
MAG13540	0.74	0.760942761	MAGs from other families
MAG13566	0.74	0.279461279	MAGs from other families
MAG13733	0.74	0.215488215	MAGs from other families
MAG14805	0.74	0.602693603	MAGs from other families
MAG15639	0.74	0.34006734	MAGs from other families
MAG15971	0.74	0.202020202	MAGs from other genus in Bacteroidaceae
MAG16519	0.74	0.377104377	MAGs from other families
MAG16691	0.74	0.434343434	MAGs from other families
MAG16918	0.74	0.212121212	MAGs from other families
MAG17308	0.74	0.38047138	MAGs from other families
MAG19655	0.74	0.764309764	MAGs from other families
MAG19781	0.74	0.407407407	MAGs from other families
MAG19918	0.74	0.855218855	MAGs from other families
MAG20358	0.74	0.478114478	MAGs from other families
MAG21638	0.74	0.939393939	MAGs from other families
MAG22967	0.74	0.96969697	MAGs from other genus in Bacteroidaceae
MAG23137	0.74	0.797979798	MAGs from other families
MAG23384	0.74	0.575757576	MAGs from other families
MAG2885	0.74	0.794612795	MAGs from other families
MAG3281	0.74	0.515151515	MAGs from other families
MAG4486	0.74	0.36026936	MAGs from other families
MAG5125	0.74	0.346801347	MAGs from other families
MAG5249	0.74	0.468013468	MAGs from other families
MAG5634	0.74	0.373737374	MAGs from other families
MAG5735	0.74	0.730639731	MAGs from other families
MAG6261	0.74	0.36026936	MAGs from other genus in Bacteroidaceae
MAG6611	0.74	0.242424242	MAGs from other families
MAG8353	0.74	0.242424242	MAGs from other families
MAG8718	0.74	0.905723906	MAGs from other genus in Bacteroidaceae
MAG9025	0.74	0.239057239	MAGs from other families
MAG9036	0.74	0.511784512	MAGs from other families
MAG9619	0.74	0.818181818	MAGs from other genus in Bacteroidaceae
MAG9620	0.74	0.245791246	MAGs from other families
MAG9849	0.74	0.343434343	MAGs from other families
MAG9908	0.74	0.279461279	MAGs from other families
MAG10026	0.75	0.292929293	MAGs from other families
MAG10060	0.75	0.32996633	MAGs from other families
MAG10263	0.75	0.37037037	MAGs from other families
MAG10847	0.75	0.232323232	MAGs from other families
MAG10955	0.75	0.606060606	MAGs from other families
MAG11106	0.75	0.68013468	MAGs from other families
MAG11133	0.75	0.37037037	MAGs from other families
MAG11612	0.75	0.548821549	MAGs from other families
MAG1197	0.75	0.454545455	MAGs from other families
MAG11983	0.75	0.336700337	MAGs from other genus in Bacteroidaceae
MAG11999	0.75	0.666666667	MAGs from other families
MAG12124	0.75	0.383838384	MAGs from other families
MAG13069	0.75	0.447811448	MAGs from other families
MAG13382	0.75	0.885521886	MAGs from other genus in Bacteroidaceae
MAG13633	0.75	0.696969697	MAGs from other families
MAG13734	0.75	0.215488215	MAGs from other families
MAG14057	0.75	0.225589226	MAGs from other families
MAG14358	0.75	0.326599327	MAGs from other families
MAG14423	0.75	0.760942761	MAGs from other families
MAG15045	0.75	0.451178451	MAGs from other families
MAG15207	0.75	0.31986532	MAGs from other families
MAG15967	0.75	0.424242424	MAGs from other families
MAG16228	0.75	0.508417508	MAGs from other families
MAG16525	0.75	0.239057239	MAGs from other families
MAG17047	0.75	0.245791246	MAGs from other families
MAG17048	0.75	0.28956229	MAGs from other families
MAG17644	0.75	0.37037037	MAGs from other genus in Bacteroidaceae
MAG17689	0.75	0.606060606	MAGs from other families
MAG17726	0.75	0.713804714	MAGs from other families
MAG18872	0.75	0.511784512	MAGs from other families
MAG19237	0.75	0.929292929	MAGs from other families
MAG19269	0.75	0.212121212	MAGs from other families
MAG19334	0.75	0.28956229	MAGs from other families
MAG19767	0.75	0.491582492	MAGs from other families
MAG20335	0.75	0.208754209	MAGs from other families
MAG21661	0.75	0.306397306	MAGs from other families
MAG3072	0.75	0.895622896	MAGs from other families
MAG3229	0.75	0.646464646	MAGs from other families
MAG3902	0.75	0.562289562	MAGs from other families
MAG4052	0.75	0.202020202	MAGs from other families
MAG4165	0.75	0.414141414	MAGs from other families
MAG4197	0.75	0.707070707	MAGs from other families
MAG4900	0.75	0.892255892	MAGs from other families
MAG5421	0.75	0.222222222	MAGs from other families
MAG5474	0.75	0.269360269	MAGs from other families
MAG6012	0.75	0.262626263	MAGs from other families
MAG6592	0.75	0.875420875	MAGs from other families
MAG7230	0.75	0.336700337	MAGs from other families
MAG7452	0.75	0.612794613	MAGs from other families
MAG7796	0.75	0.245791246	MAGs from other families
MAG831	0.75	0.242424242	MAGs from other families
MAG8941	0.75	0.727272727	MAGs from other families
MAG911	0.75	0.306397306	MAGs from other families
MAG9346	0.75	0.885521886	MAGs from other genus in Bacteroidaceae
MAG10018	0.76	0.552188552	MAGs from other families
MAG10332	0.76	0.242424242	MAGs from other families
MAG10733	0.76	0.417508418	MAGs from other genus in Bacteroidaceae
MAG11000	0.76	0.373737374	MAGs from other families
MAG11152	0.76	0.845117845	MAGs from other families
MAG11935	0.76	0.296296296	MAGs from other families
MAG12575	0.76	0.531986532	MAGs from other families
MAG12693	0.76	0.68013468	MAGs from other families
MAG12878	0.76	0.63973064	MAGs from other families
MAG13301	0.76	0.387205387	MAGs from other families
MAG13903	0.76	0.575757576	MAGs from other families
MAG14484	0.76	0.471380471	MAGs from other families
MAG14896	0.76	0.397306397	MAGs from other families
MAG15000	0.76	0.303030303	MAGs from other families
MAG15143	0.76	0.592592593	MAGs from other families
MAG15493	0.76	0.306397306	MAGs from other families
MAG16100	0.76	0.336700337	MAGs from other genus in Bacteroidaceae
MAG16360	0.76	0.404040404	MAGs from other families
MAG16730	0.76	0.562289562	MAGs from other families
MAG16810	0.76	0.400673401	MAGs from other families
MAG16997	0.76	0.407407407	MAGs from other families
MAG17013	0.76	0.249158249	MAGs from other families
MAG17027	0.76	0.454545455	MAGs from other families
MAG17652	0.76	0.531986532	MAGs from other families
MAG18587	0.76	0.892255892	MAGs from other families
MAG18627	0.76	0.925925926	MAGs from other families
MAG18715	0.76	0.582491582	MAGs from other families
MAG19631	0.76	0.484848485	MAGs from other families
MAG19672	0.76	0.939393939	MAGs from other families
MAG19757	0.76	0.38047138	MAGs from other families
MAG21415	0.76	0.286195286	MAGs from other families
MAG2192	0.76	0.202020202	MAGs from other families
MAG22311	0.76	0.272727273	MAGs from other families
MAG23043	0.76	0.491582492	MAGs from other families
MAG2454	0.76	0.265993266	MAGs from other families
MAG3937	0.76	0.717171717	MAGs from other families
MAG4222	0.76	0.835016835	MAGs from other families
MAG4558	0.76	0.215488215	MAGs from other families
MAG5136	0.76	0.831649832	MAGs from other families
MAG5375	0.76	0.323232323	MAGs from other families
MAG6536	0.76	0.717171717	MAGs from other families
MAG7082	0.76	0.966329966	MAGs from other families
MAG757	0.76	0.488215488	MAGs from other genus in Bacteroidaceae
MAG7800	0.76	0.37037037	MAGs from other families
MAG8391	0.76	0.249158249	MAGs from other families
MAG8713	0.76	0.865319865	MAGs from other families
MAG8862	0.76	0.511784512	MAGs from other families
MAG9131	0.76	0.67003367	MAGs from other families
MAG9377	0.76	0.764309764	MAGs from other families
MAG945	0.76	0.323232323	MAGs from other families
MAG9600	0.76	0.451178451	MAGs from other families
MAG10192	0.77	0.393939394	MAGs from other families
MAG10392	0.77	0.313131313	MAGs from other families
MAG10538	0.77	0.545454545	MAGs from other families
MAG10910	0.77	0.292929293	MAGs from other families
MAG11609	0.77	0.31986532	MAGs from other families
MAG12203	0.77	0.205387205	MAGs from other families
MAG12635	0.77	0.232323232	MAGs from other families
MAG12930	0.77	0.427609428	MAGs from other families
MAG13139	0.77	0.676767677	MAGs from other families
MAG13379	0.77	0.484848485	MAGs from other families
MAG13721	0.77	0.208754209	MAGs from other families
MAG13924	0.77	0.316498316	MAGs from other families
MAG13965	0.77	0.781144781	MAGs from other families
MAG14061	0.77	0.208754209	MAGs from other families
MAG14813	0.77	0.37037037	MAGs from other families
MAG14949	0.77	0.249158249	MAGs from other families
MAG15209	0.77	0.585858586	MAGs from other families
MAG15566	0.77	0.35016835	MAGs from other families
MAG16498	0.77	0.993265993	MAGs from other families
MAG17236	0.77	0.760942761	MAGs from other families
MAG17423	0.77	0.316498316	MAGs from other families
MAG17677	0.77	0.272727273	MAGs from other families
MAG18756	0.77	0.804713805	MAGs from other families
MAG18855	0.77	0.558922559	MAGs from other families
MAG19447	0.77	0.252525253	MAGs from other families
MAG1981	0.77	0.34006734	MAGs from other families
MAG19964	0.77	0.32996633	MAGs from other families
MAG21824	0.77	0.252525253	MAGs from other families
MAG22765	0.77	0.333333333	MAGs from other families
MAG3795	0.77	0.208754209	MAGs from other families
MAG4273	0.77	0.333333333	MAGs from other families
MAG4302	0.77	0.296296296	MAGs from other families
MAG4507	0.77	0.538720539	MAGs from other families
MAG5105	0.77	0.38047138	MAGs from other families
MAG5271	0.77	0.531986532	MAGs from other families
MAG5854	0.77	0.377104377	MAGs from other families
MAG6986	0.77	0.417508418	MAGs from other families
MAG7109	0.77	0.713804714	MAGs from other families
MAG7311	0.77	0.242424242	MAGs from other families
MAG8201	0.77	0.848484848	MAGs from other families
MAG8249	0.77	0.632996633	MAGs from other families
MAG8716	0.77	0.235690236	MAGs from other genus in Bacteroidaceae
MAG8926	0.77	0.36026936	MAGs from other families
MAG9042	0.77	0.777777778	MAGs from other families
MAG9248	0.77	0.404040404	MAGs from other genus in Bacteroidaceae
MAG9278	0.77	0.323232323	MAGs from other families
MAG10044	0.78	0.2996633	MAGs from other families
MAG10047	0.78	0.387205387	MAGs from other families
MAG10175	0.78	0.424242424	MAGs from other families
MAG1052	0.78	0.292929293	MAGs from other families
MAG10691	0.78	0.572390572	MAGs from other families
MAG10714	0.78	0.451178451	MAGs from other families
MAG11446	0.78	0.511784512	MAGs from other families
MAG11613	0.78	0.276094276	MAGs from other families
MAG11847	0.78	0.296296296	MAGs from other families
MAG12169	0.78	0.28956229	MAGs from other families
MAG12211	0.78	0.595959596	MAGs from other families
MAG12314	0.78	0.474747475	MAGs from other families
MAG125	0.78	0.949494949	MAGs from other genus in Bacteroidaceae
MAG12559	0.78	0.67003367	MAGs from other families
MAG12718	0.78	0.632996633	MAGs from other families
MAG12918	0.78	0.336700337	MAGs from other families
MAG13901	0.78	0.373737374	MAGs from other families
MAG14433	0.78	0.235690236	MAGs from other genus in Bacteroidaceae
MAG14491	0.78	0.333333333	MAGs from other families
MAG14553	0.78	0.296296296	MAGs from other families
MAG14648	0.78	0.612794613	MAGs from other families
MAG14907	0.78	0.313131313	MAGs from other genus in Bacteroidaceae
MAG15240	0.78	0.760942761	MAGs from other families
MAG15270	0.78	0.437710438	MAGs from other families
MAG15993	0.78	0.346801347	MAGs from other families
MAG16419	0.78	0.222222222	MAGs from other families
MAG16426	0.78	0.420875421	MAGs from other families
MAG16500	0.78	0.599326599	MAGs from other genus in Bacteroidaceae
MAG16743	0.78	0.424242424	MAGs from other families
MAG16944	0.78	0.296296296	MAGs from other families
MAG172	0.78	0.205387205	MAGs from other families
MAG17280	0.78	0.481481481	MAGs from other families
MAG1737	0.78	0.343434343	MAGs from other families
MAG17501	0.78	0.410774411	MAGs from other families
MAG18617	0.78	0.400673401	MAGs from other families
MAG18862	0.78	0.831649832	MAGs from other families
MAG1966	0.78	0.717171717	MAGs from other families
MAG20096	0.78	0.855218855	MAGs from other families
MAG20119	0.78	0.387205387	MAGs from other families
MAG21182	0.78	0.259259259	MAGs from other families
MAG21459	0.78	0.387205387	MAGs from other families
MAG21803	0.78	0.245791246	MAGs from other families
MAG22274	0.78	0.218855219	MAGs from other families
MAG22334	0.78	0.61952862	MAGs from other families
MAG2343	0.78	0.215488215	MAGs from other families
MAG2422	0.78	0.232323232	MAGs from other families
MAG2642	0.78	0.222222222	MAGs from other families
MAG2713	0.78	0.757575758	MAGs from other families
MAG4264	0.78	0.373737374	MAGs from other families
MAG4983	0.78	0.222222222	MAGs from other families
MAG5140	0.78	0.390572391	MAGs from other families
MAG5409	0.78	0.37037037	MAGs from other families
MAG8408	0.78	0.212121212	MAGs from other families
MAG8843	0.78	0.235690236	MAGs from other families
MAG8868	0.78	0.501683502	MAGs from other families
MAG1029	0.79	0.37037037	MAGs from other families
MAG10412	0.79	0.286195286	MAGs from other families
MAG10430	0.79	0.326599327	MAGs from Phocaeicola
MAG10786	0.79	0.437710438	MAGs from other families
MAG11034	0.79	0.272727273	MAGs from other families
MAG11190	0.79	0.461279461	MAGs from other families
MAG1124	0.79	0.885521886	MAGs from other families
MAG11403	0.79	0.791245791	MAGs from other families
MAG11625	0.79	0.771043771	MAGs from other families
MAG11978	0.79	0.242424242	MAGs from other families
MAG12246	0.79	0.222222222	MAGs from other families
MAG12917	0.79	0.38047138	MAGs from other families
MAG13671	0.79	0.488215488	MAGs from other families
MAG13930	0.79	0.32996633	MAGs from other families
MAG13947	0.79	0.454545455	MAGs from other families
MAG14172	0.79	0.528619529	MAGs from other families
MAG14432	0.79	0.589225589	MAGs from other families
MAG14782	0.79	0.225589226	MAGs from other families
MAG15342	0.79	0.212121212	MAGs from other families
MAG15439	0.79	0.232323232	MAGs from other families
MAG15861	0.79	0.501683502	MAGs from other families
MAG16082	0.79	0.202020202	MAGs from other families
MAG16143	0.79	0.804713805	MAGs from other families
MAG16403	0.79	0.208754209	MAGs from other families
MAG16588	0.79	0.323232323	MAGs from other families
MAG16611	0.79	0.303030303	MAGs from other families
MAG1701	0.79	0.511784512	MAGs from other families
MAG17714	0.79	0.478114478	MAGs from other families
MAG17762	0.79	0.612794613	MAGs from other families
MAG17829	0.79	0.239057239	MAGs from other families
MAG18772	0.79	0.97979798	MAGs from other families
MAG19492	0.79	0.215488215	MAGs from other families
MAG19810	0.79	0.515151515	MAGs from other families
MAG20626	0.79	0.306397306	MAGs from other families
MAG22605	0.79	0.269360269	MAGs from other families
MAG22736	0.79	0.646464646	MAGs from other families
MAG22768	0.79	0.791245791	MAGs from other genus in Bacteroidaceae
MAG23415	0.79	0.323232323	MAGs from other families
MAG2997	0.79	0.377104377	MAGs from other families
MAG3068	0.79	0.740740741	MAGs from other families
MAG4488	0.79	0.966329966	MAGs from other genus in Bacteroidaceae
MAG4767	0.79	0.235690236	MAGs from other families
MAG490	0.79	0.632996633	MAGs from other families
MAG4967	0.79	0.966329966	MAGs from other genus in Bacteroidaceae
MAG5094	0.79	0.420875421	MAGs from other families
MAG5170	0.79	0.292929293	MAGs from other families
MAG5338	0.79	0.242424242	MAGs from other families
MAG5995	0.79	0.225589226	MAGs from other families
MAG6052	0.79	0.730639731	MAGs from other families
MAG7643	0.79	0.521885522	MAGs from other families
MAG8316	0.79	0.265993266	MAGs from other families
MAG8472	0.79	0.343434343	MAGs from other families
MAG9434	0.79	0.417508418	MAGs from other families
MAG9824	0.79	0.434343434	MAGs from other families
MAG10218	0.8	0.208754209	MAGs from other families
MAG11171	0.8	0.902356902	MAGs from other families
MAG11272	0.8	0.31986532	MAGs from other families
MAG11687	0.8	0.343434343	MAGs from other families
MAG12466	0.8	0.454545455	MAGs from other families
MAG12717	0.8	0.518518519	MAGs from other families
MAG12755	0.8	0.491582492	MAGs from other families
MAG13150	0.8	0.797979798	MAGs from other families
MAG13290	0.8	0.471380471	MAGs from other families
MAG13851	0.8	0.333333333	MAGs from other families
MAG14176	0.8	0.232323232	MAGs from other families
MAG14509	0.8	0.367003367	MAGs from other genus in Bacteroidaceae
MAG14758	0.8	0.441077441	MAGs from other families
MAG14874	0.8	0.791245791	MAGs from other families
MAG15537	0.8	0.484848485	MAGs from other genus in Bacteroidaceae
MAG15705	0.8	0.37037037	MAGs from other families
MAG15871	0.8	0.383838384	MAGs from other families
MAG16241	0.8	0.693602694	MAGs from other families
MAG1628	0.8	0.239057239	MAGs from other families
MAG16675	0.8	0.222222222	MAGs from other families
MAG16726	0.8	0.653198653	MAGs from other families
MAG17031	0.8	0.303030303	MAGs from other families
MAG17341	0.8	0.35016835	MAGs from other families
MAG17577	0.8	0.313131313	MAGs from other families
MAG17685	0.8	0.579124579	MAGs from other families
MAG18035	0.8	0.259259259	MAGs from other families
MAG18757	0.8	0.259259259	MAGs from other families
MAG19871	0.8	0.228956229	MAGs from other families
MAG21163	0.8	0.373737374	MAGs from other families
MAG2728	0.8	0.212121212	MAGs from other families
MAG2743	0.8	0.343434343	MAGs from other families
MAG3032	0.8	0.831649832	MAGs from other families
MAG329	0.8	0.407407407	MAGs from other families
MAG356	0.8	0.215488215	MAGs from other families
MAG4025	0.8	0.575757576	MAGs from other families
MAG4252	0.8	0.925925926	MAGs from other families
MAG4539	0.8	0.919191919	MAGs from other families
MAG4610	0.8	0.511784512	MAGs from other families
MAG469	0.8	0.306397306	MAGs from other families
MAG4789	0.8	0.96969697	MAGs from other families
MAG4850	0.8	0.925925926	MAGs from other families
MAG5083	0.8	0.367003367	MAGs from other genus in Bacteroidaceae
MAG5129	0.8	0.286195286	MAGs from other families
MAG5138	0.8	0.437710438	MAGs from other families
MAG5327	0.8	0.872053872	MAGs from other families
MAG5405	0.8	0.272727273	MAGs from other families
MAG5497	0.8	0.622895623	MAGs from other families
MAG8503	0.8	0.441077441	MAGs from other families
MAG944	0.8	0.272727273	MAGs from other families
MAG9842	0.8	0.744107744	MAGs from other families
MAG10122	0.81	0.212121212	MAGs from other families
MAG10363	0.81	0.404040404	MAGs from other families
MAG10565	0.81	0.535353535	MAGs from other families
MAG11022	0.81	0.444444444	MAGs from other families
MAG11529	0.81	0.804713805	MAGs from other families
MAG12498	0.81	0.481481481	MAGs from other families
MAG12680	0.81	0.356902357	MAGs from other families
MAG12797	0.81	0.471380471	MAGs from other families
MAG12805	0.81	0.62962963	MAGs from other families
MAG12865	0.81	0.387205387	MAGs from other families
MAG13127	0.81	0.693602694	MAGs from other families
MAG13179	0.81	0.28956229	MAGs from other families
MAG13245	0.81	0.515151515	MAGs from other families
MAG13547	0.81	0.32996633	MAGs from other families
MAG14180	0.81	0.282828283	MAGs from other families
MAG14532	0.81	0.336700337	MAGs from other families
MAG14983	0.81	0.336700337	MAGs from other families
MAG15219	0.81	0.528619529	MAGs from other families
MAG15266	0.81	0.215488215	MAGs from other families
MAG15269	0.81	0.404040404	MAGs from other families
MAG15494	0.81	0.373737374	MAGs from other families
MAG16263	0.81	0.62962963	MAGs from other families
MAG16400	0.81	0.343434343	MAGs from other families
MAG16900	0.81	0.336700337	MAGs from other families
MAG16990	0.81	0.898989899	MAGs from other families
MAG17042	0.81	0.306397306	MAGs from other genus in Bacteroidaceae
MAG18704	0.81	0.373737374	MAGs from other families
MAG18735	0.81	0.205387205	MAGs from other families
MAG18876	0.81	0.754208754	MAGs from other families
MAG19844	0.81	0.494949495	MAGs from other families
MAG19932	0.81	0.447811448	MAGs from other families
MAG20197	0.81	0.313131313	MAGs from other families
MAG20819	0.81	0.575757576	MAGs from other families
MAG22671	0.81	0.454545455	MAGs from other families
MAG22818	0.81	0.279461279	MAGs from other families
MAG2840	0.81	0.343434343	MAGs from other families
MAG3487	0.81	0.451178451	MAGs from other families
MAG3498	0.81	0.865319865	MAGs from other families
MAG3707	0.81	0.272727273	MAGs from other families
MAG4065	0.81	0.390572391	MAGs from other families
MAG4802	0.81	0.461279461	MAGs from other families
MAG4823	0.81	0.303030303	MAGs from other families
MAG5539	0.81	0.589225589	MAGs from other families
MAG5949	0.81	0.946127946	MAGs from other genus in Bacteroidaceae
MAG6811	0.81	0.239057239	MAGs from other genus in Bacteroidaceae
MAG6914	0.81	0.222222222	MAGs from other families
MAG7443	0.81	0.471380471	MAGs from other families
MAG8387	0.81	0.282828283	MAGs from other families
MAG8658	0.81	0.383838384	MAGs from other families
MAG9003	0.81	0.525252525	MAGs from other families
MAG9137	0.81	0.811447811	MAGs from other families
MAG9182	0.81	0.259259259	MAGs from other families
MAG9221	0.81	0.269360269	MAGs from other families
MAG9247	0.81	0.333333333	MAGs from other families
MAG9575	0.81	0.259259259	MAGs from other families
MAG10117	0.82	0.64983165	MAGs from other genus in Bacteroidaceae
MAG10755	0.82	0.855218855	MAGs from other families
MAG1113	0.82	0.259259259	MAGs from other families
MAG11240	0.82	0.952861953	MAGs from other genus in Bacteroidaceae
MAG11781	0.82	0.262626263	MAGs from other families
MAG11802	0.82	0.259259259	MAGs from other families
MAG12123	0.82	0.521885522	MAGs from other genus in Bacteroidaceae
MAG12704	0.82	0.37037037	MAGs from other families
MAG12889	0.82	0.552188552	MAGs from Phocaeicola
MAG12976	0.82	0.531986532	MAGs from other families
MAG13144	0.82	0.393939394	MAGs from other families
MAG1327	0.82	0.228956229	MAGs from other families
MAG13296	0.82	0.542087542	MAGs from other families
MAG13847	0.82	0.400673401	MAGs from other families
MAG13866	0.82	0.222222222	MAGs from other families
MAG14255	0.82	0.888888889	MAGs from other genus in Bacteroidaceae
MAG14355	0.82	0.333333333	MAGs from other genus in Bacteroidaceae
MAG14566	0.82	0.306397306	MAGs from other families
MAG14632	0.82	0.282828283	MAGs from other families
MAG14679	0.82	0.437710438	MAGs from other families
MAG14772	0.82	0.717171717	MAGs from other families
MAG14998	0.82	0.542087542	MAGs from other families
MAG15310	0.82	0.919191919	MAGs from other genus in Bacteroidaceae
MAG15338	0.82	0.242424242	MAGs from other families
MAG15582	0.82	0.239057239	MAGs from other families
MAG15651	0.82	0.239057239	MAGs from other families
MAG15769	0.82	0.471380471	MAGs from other families
MAG17074	0.82	0.673400673	MAGs from other genus in Bacteroidaceae
MAG1710	0.82	0.579124579	MAGs from other families
MAG17580	0.82	0.218855219	MAGs from other families
MAG17641	0.82	0.838383838	MAGs from other families
MAG18570	0.82	0.461279461	MAGs from other families
MAG18636	0.82	0.942760943	MAGs from other families
MAG18745	0.82	0.276094276	MAGs from other families
MAG20103	0.82	0.851851852	MAGs from other genus in Bacteroidaceae
MAG21341	0.82	0.346801347	MAGs from other families
MAG21563	0.82	0.666666667	MAGs from other families
MAG23115	0.82	0.38047138	MAGs from other families
MAG2439	0.82	0.925925926	MAGs from other families
MAG3515	0.82	0.404040404	MAGs from other families
MAG4447	0.82	0.835016835	MAGs from other families
MAG4510	0.82	0.393939394	MAGs from other families
MAG4836	0.82	0.538720539	MAGs from other families
MAG5431	0.82	0.686868687	MAGs from other families
MAG5578	0.82	0.410774411	MAGs from other families
MAG5906	0.82	0.400673401	MAGs from other families
MAG6512	0.82	0.316498316	MAGs from other families
MAG8620	0.82	0.269360269	MAGs from other families
MAG8828	0.82	0.936026936	MAGs from Phocaeicola
MAG9616	0.82	0.653198653	MAGs from other families
MAG9730	0.82	0.562289562	MAGs from other families
MAG10069	0.83	0.535353535	MAGs from Phocaeicola
MAG10070	0.83	0.794612795	MAGs from other families
MAG10202	0.83	0.252525253	MAGs from other families
MAG10415	0.83	0.787878788	MAGs from other families
MAG10839	0.83	0.636363636	MAGs from other families
MAG1088	0.83	0.28956229	MAGs from other families
MAG10940	0.83	0.313131313	MAGs from other families
MAG11281	0.83	0.279461279	MAGs from other families
MAG11295	0.83	0.212121212	MAGs from other families
MAG11385	0.83	0.262626263	MAGs from other families
MAG11569	0.83	0.404040404	MAGs from other genus in Bacteroidaceae
MAG11647	0.83	0.239057239	MAGs from other families
MAG11965	0.83	0.31986532	MAGs from other families
MAG12239	0.83	0.390572391	MAGs from other families
MAG12350	0.83	0.430976431	MAGs from other families
MAG12426	0.83	0.205387205	MAGs from other families
MAG1259	0.83	0.771043771	MAGs from other families
MAG12618	0.83	0.555555556	MAGs from other families
MAG12685	0.83	0.316498316	MAGs from other families
MAG13431	0.83	0.946127946	MAGs from other families
MAG13438	0.83	0.218855219	MAGs from other families
MAG13574	0.83	0.444444444	MAGs from other families
MAG13915	0.83	0.488215488	MAGs from other families
MAG14137	0.83	0.666666667	MAGs from other families
MAG14171	0.83	0.222222222	MAGs from other families
MAG14864	0.83	0.296296296	MAGs from other families
MAG14878	0.83	0.929292929	MAGs from other families
MAG14894	0.83	0.656565657	MAGs from other families
MAG14966	0.83	0.417508418	MAGs from other families
MAG15864	0.83	0.464646465	MAGs from other families
MAG16212	0.83	0.599326599	MAGs from other families
MAG16550	0.83	0.872053872	MAGs from other families
MAG17062	0.83	0.235690236	MAGs from other families
MAG17077	0.83	0.353535354	MAGs from other families
MAG17113	0.83	0.28956229	MAGs from other families
MAG17576	0.83	0.225589226	MAGs from other families
MAG17608	0.83	0.232323232	MAGs from other families
MAG1788	0.83	0.239057239	MAGs from other families
MAG17923	0.83	0.245791246	MAGs from other families
MAG18	0.83	0.757575758	MAGs from other families
MAG18612	0.83	0.208754209	MAGs from other families
MAG18758	0.83	0.215488215	MAGs from other families
MAG18863	0.83	0.488215488	MAGs from other families
MAG1938	0.83	0.232323232	MAGs from other families
MAG20116	0.83	0.703703704	MAGs from other families
MAG2031	0.83	0.212121212	MAGs from other families
MAG22281	0.83	0.787878788	MAGs from other families
MAG22772	0.83	0.606060606	MAGs from other families
MAG2523	0.83	0.313131313	MAGs from other families
MAG3062	0.83	0.909090909	MAGs from other families
MAG3947	0.83	0.797979798	MAGs from other families
MAG4257	0.83	0.545454545	MAGs from other families
MAG4265	0.83	0.484848485	MAGs from other families
MAG4609	0.83	0.885521886	MAGs from other genus in Bacteroidaceae
MAG4927	0.83	0.397306397	MAGs from other families
MAG5209	0.83	0.282828283	MAGs from other families
MAG523	0.83	0.202020202	MAGs from other families
MAG5259	0.83	0.373737374	MAGs from other families
MAG5309	0.83	0.228956229	MAGs from other families
MAG7501	0.83	0.750841751	MAGs from other families
MAG8439	0.83	0.232323232	MAGs from other families
MAG8818	0.83	0.71043771	MAGs from other families
MAG9061	0.83	0.828282828	MAGs from other families
MAG9102	0.83	0.983164983	MAGs from Phocaeicola
MAG9431	0.83	0.205387205	MAGs from other families
MAG9541	0.83	0.727272727	MAGs from other families
MAG9658	0.83	0.481481481	MAGs from other families
MAG9739	0.83	0.599326599	MAGs from other families
MAG10061	0.84	0.912457912	MAGs from other families
MAG10068	0.84	0.417508418	MAGs from other families
MAG10431	0.84	0.767676768	MAGs from other families
MAG10775	0.84	0.218855219	MAGs from other families
MAG11005	0.84	0.774410774	MAGs from other families
MAG11324	0.84	0.582491582	MAGs from other families
MAG11444	0.84	0.602693603	MAGs from other families
MAG11714	0.84	0.232323232	MAGs from other families
MAG12235	0.84	0.468013468	MAGs from other families
MAG12325	0.84	0.986531987	MAGs from other families
MAG12535	0.84	0.511784512	MAGs from other families
MAG12536	0.84	0.865319865	MAGs from other families
MAG12670	0.84	0.525252525	MAGs from other families
MAG12784	0.84	0.35016835	MAGs from other families
MAG13061	0.84	0.215488215	MAGs from other families
MAG13140	0.84	0.602693603	MAGs from other genus in Bacteroidaceae
MAG13602	0.84	0.781144781	MAGs from other families
MAG14000	0.84	0.538720539	MAGs from other families
MAG14364	0.84	0.430976431	MAGs from other families
MAG14402	0.84	0.939393939	MAGs from other families
MAG14605	0.84	0.434343434	MAGs from other families
MAG14639	0.84	0.38047138	MAGs from other families
MAG14698	0.84	0.750841751	MAGs from other families
MAG14735	0.84	0.653198653	MAGs from other families
MAG14823	0.84	0.430976431	MAGs from other families
MAG14852	0.84	0.461279461	MAGs from other families
MAG15827	0.84	0.673400673	MAGs from other families
MAG15851	0.84	0.333333333	MAGs from other families
MAG15934	0.84	0.626262626	MAGs from other families
MAG16085	0.84	0.501683502	MAGs from other families
MAG16247	0.84	0.966329966	MAGs from other families
MAG16374	0.84	0.279461279	MAGs from other families
MAG16492	0.84	0.410774411	MAGs from other families
MAG16808	0.84	0.491582492	MAGs from other families
MAG16982	0.84	0.468013468	MAGs from other families
MAG17424	0.84	0.259259259	MAGs from other families
MAG17511	0.84	0.228956229	MAGs from other families
MAG17629	0.84	0.218855219	MAGs from other families
MAG17791	0.84	0.417508418	MAGs from other families
MAG18156	0.84	0.28956229	MAGs from other families
MAG1997	0.84	0.279461279	MAGs from other families
MAG2004	0.84	0.95959596	MAGs from other families
MAG21655	0.84	0.818181818	MAGs from other families
MAG2198	0.84	0.390572391	MAGs from other families
MAG23325	0.84	0.34006734	MAGs from other families
MAG2340	0.84	0.208754209	MAGs from other families
MAG4670	0.84	0.942760943	MAGs from other families
MAG5243	0.84	0.239057239	MAGs from other families
MAG5299	0.84	0.656565657	MAGs from other families
MAG5893	0.84	0.296296296	MAGs from other families
MAG8171	0.84	0.242424242	MAGs from other families
MAG8359	0.84	0.35016835	MAGs from other families
MAG8422	0.84	0.393939394	MAGs from other families
MAG8549	0.84	0.508417508	MAGs from other families
MAG10790	0.85	0.434343434	MAGs from other genus in Bacteroidaceae
MAG1133	0.85	0.602693603	MAGs from other families
MAG1136	0.85	0.713804714	MAGs from other families
MAG11461	0.85	0.333333333	MAGs from other genus in Bacteroidaceae
MAG11716	0.85	0.925925926	MAGs from other families
MAG11785	0.85	0.98989899	MAGs from other genus in Bacteroidaceae
MAG11822	0.85	0.872053872	MAGs from other families
MAG11837	0.85	0.34006734	MAGs from other families
MAG1187	0.85	0.265993266	MAGs from other families
MAG13006	0.85	0.228956229	MAGs from other families
MAG13545	0.85	0.865319865	MAGs from other families
MAG14151	0.85	0.393939394	MAGs from other families
MAG14440	0.85	0.542087542	MAGs from other families
MAG15267	0.85	0.255892256	MAGs from other families
MAG15311	0.85	0.71043771	MAGs from other families
MAG15333	0.85	0.437710438	MAGs from other families
MAG16076	0.85	0.925925926	MAGs from other families
MAG16329	0.85	0.895622896	MAGs from other families
MAG16369	0.85	0.750841751	MAGs from other families
MAG16410	0.85	0.451178451	MAGs from other families
MAG16601	0.85	0.336700337	MAGs from other families
MAG16887	0.85	0.306397306	MAGs from other families
MAG17810	0.85	0.296296296	MAGs from other families
MAG17823	0.85	0.205387205	MAGs from other families
MAG18864	0.85	0.97979798	MAGs from other families
MAG19409	0.85	0.471380471	MAGs from other families
MAG19704	0.85	0.286195286	MAGs from other families
MAG20187	0.85	0.952861953	MAGs from other families
MAG20387	0.85	0.228956229	MAGs from other families
MAG20659	0.85	0.252525253	MAGs from other families
MAG22667	0.85	0.316498316	MAGs from other families
MAG22692	0.85	0.508417508	MAGs from other families
MAG3278	0.85	0.32996633	MAGs from other families
MAG4196	0.85	0.898989899	MAGs from Phocaeicola
MAG4669	0.85	0.858585859	MAGs from other genus in Bacteroidaceae
MAG4771	0.85	0.814814815	MAGs from other families
MAG5130	0.85	0.552188552	MAGs from other families
MAG5233	0.85	0.393939394	MAGs from other families
MAG5391	0.85	0.208754209	MAGs from other families
MAG8328	0.85	0.2996633	MAGs from other families
MAG8972	0.85	0.488215488	MAGs from other families
MAG9001	0.85	0.353535354	MAGs from other families
MAG9245	0.85	0.808080808	MAGs from other genus in Bacteroidaceae
MAG9276	0.85	0.306397306	MAGs from other families
MAG9450	0.85	0.31986532	MAGs from other families
MAG9928	0.85	0.663299663	MAGs from other families
MAG9943	0.85	0.417508418	MAGs from other families
MAG10196	0.86	0.841750842	MAGs from other families
MAG10208	0.86	0.202020202	MAGs from other families
MAG11756	0.86	0.727272727	MAGs from other families
MAG11772	0.86	0.427609428	MAGs from other families
MAG11789	0.86	0.949494949	MAGs from other families
MAG11951	0.86	0.444444444	MAGs from other families
MAG12437	0.86	0.239057239	MAGs from other families
MAG12620	0.86	0.262626263	MAGs from other families
MAG12843	0.86	0.885521886	MAGs from other genus in Bacteroidaceae
MAG12962	0.86	0.390572391	MAGs from other families
MAG13138	0.86	0.34006734	MAGs from other families
MAG13946	0.86	0.835016835	MAGs from other families
MAG14146	0.86	0.414141414	MAGs from other families
MAG14156	0.86	0.259259259	MAGs from other families
MAG14339	0.86	0.757575758	MAGs from other families
MAG14626	0.86	0.794612795	MAGs from other families
MAG14742	0.86	0.326599327	MAGs from other families
MAG15380	0.86	0.393939394	MAGs from other families
MAG15779	0.86	0.279461279	MAGs from other families
MAG16101	0.86	0.279461279	MAGs from other families
MAG16256	0.86	0.28956229	MAGs from other families
MAG16590	0.86	0.242424242	MAGs from other families
MAG16603	0.86	0.239057239	MAGs from other families
MAG16753	0.86	0.404040404	MAGs from other families
MAG17416	0.86	0.737373737	MAGs from other families
MAG17486	0.86	0.966329966	MAGs from other families
MAG17535	0.86	0.461279461	MAGs from other families
MAG17759	0.86	0.922558923	MAGs from other families
MAG17993	0.86	0.239057239	MAGs from other families
MAG18710	0.86	0.68013468	MAGs from other families
MAG19246	0.86	0.451178451	MAGs from other families
MAG19573	0.86	0.851851852	MAGs from other families
MAG19759	0.86	0.939393939	MAGs from other genus in Bacteroidaceae
MAG20356	0.86	0.222222222	MAGs from other families
MAG20818	0.86	0.36026936	MAGs from other families
MAG20981	0.86	0.326599327	MAGs from other families
MAG21811	0.86	0.552188552	MAGs from other families
MAG22319	0.86	0.393939394	MAGs from other families
MAG22375	0.86	0.390572391	MAGs from other families
MAG2301	0.86	0.861952862	MAGs from other families
MAG240	0.86	0.343434343	MAGs from other families
MAG290	0.86	0.420875421	MAGs from other families
MAG4031	0.86	0.205387205	MAGs from other families
MAG4441	0.86	0.484848485	MAGs from other families
MAG4480	0.86	0.38047138	MAGs from other families
MAG5116	0.86	0.265993266	MAGs from other families
MAG5145	0.86	0.939393939	MAGs from other families
MAG5545	0.86	0.734006734	MAGs from other families
MAG5618	0.86	0.393939394	MAGs from other families
MAG5779	0.86	0.764309764	MAGs from other families
MAG6413	0.86	0.269360269	MAGs from other families
MAG8395	0.86	0.548821549	MAGs from other families
MAG8642	0.86	0.35016835	MAGs from other families
MAG9053	0.86	0.616161616	MAGs from other families
MAG9993	0.86	0.521885522	MAGs from other families
MAG10348	0.87	0.471380471	MAGs from other families
MAG10362	0.87	0.333333333	MAGs from other families
MAG10385	0.87	0.225589226	MAGs from other families
MAG10453	0.87	0.663299663	MAGs from other families
MAG10897	0.87	0.269360269	MAGs from other families
MAG11340	0.87	0.222222222	MAGs from other families
MAG11463	0.87	0.552188552	MAGs from Phocaeicola
MAG11641	0.87	0.363636364	MAGs from other families
MAG11684	0.87	0.454545455	MAGs from other genus in Bacteroidaceae
MAG11702	0.87	0.565656566	MAGs from other families
MAG11760	0.87	0.232323232	MAGs from other families
MAG12157	0.87	0.239057239	MAGs from other families
MAG12503	0.87	0.397306397	MAGs from other families
MAG12692	0.87	0.235690236	MAGs from other families
MAG12701	0.87	0.626262626	MAGs from other families
MAG12721	0.87	0.259259259	MAGs from other families
MAG12936	0.87	0.686868687	MAGs from other genus in Bacteroidaceae
MAG13118	0.87	0.538720539	MAGs from other families
MAG13293	0.87	0.727272727	MAGs from other families
MAG13428	0.87	0.447811448	MAGs from other families
MAG13450	0.87	0.471380471	MAGs from other families
MAG13476	0.87	0.30976431	MAGs from other families
MAG13705	0.87	0.276094276	MAGs from other families
MAG14127	0.87	0.808080808	MAGs from other families
MAG14661	0.87	0.64983165	MAGs from other families
MAG14748	0.87	0.336700337	MAGs from other families
MAG15251	0.87	0.34006734	MAGs from other families
MAG15746	0.87	0.410774411	MAGs from other families
MAG16119	0.87	0.252525253	MAGs from other families
MAG16473	0.87	0.31986532	MAGs from other families
MAG16479	0.87	0.831649832	MAGs from other families
MAG17129	0.87	0.32996633	MAGs from other families
MAG17648	0.87	0.202020202	MAGs from other families
MAG19783	0.87	0.548821549	MAGs from other families
MAG19924	0.87	0.468013468	MAGs from other families
MAG20259	0.87	0.2996633	MAGs from other families
MAG21481	0.87	0.595959596	MAGs from other families
MAG22817	0.87	0.326599327	MAGs from other families
MAG2504	0.87	0.400673401	MAGs from other families
MAG2960	0.87	0.222222222	MAGs from other families
MAG3276	0.87	0.316498316	MAGs from other families
MAG3839	0.87	0.760942761	MAGs from other families
MAG4200	0.87	0.612794613	MAGs from other families
MAG4478	0.87	0.296296296	MAGs from other families
MAG4659	0.87	0.296296296	MAGs from other families
MAG5757	0.87	0.2996633	MAGs from other families
MAG5993	0.87	0.491582492	MAGs from other families
MAG6473	0.87	0.202020202	MAGs from other families
MAG7839	0.87	0.205387205	MAGs from other genus in Bacteroidaceae
MAG8783	0.87	0.515151515	MAGs from other families
MAG8854	0.87	0.282828283	MAGs from other families
MAG8939	0.87	0.400673401	MAGs from other families
MAG9087	0.87	0.902356902	MAGs from other families
MAG9902	0.87	0.249158249	MAGs from other families
MAG10049	0.88	0.946127946	MAGs from other genus in Bacteroidaceae
MAG10398	0.88	0.744107744	MAGs from other families
MAG11021	0.88	0.202020202	MAGs from other families
MAG11289	0.88	0.303030303	MAGs from other families
MAG11521	0.88	0.272727273	MAGs from other families
MAG11755	0.88	0.420875421	MAGs from other families
MAG12019	0.88	0.215488215	MAGs from other families
MAG12706	0.88	0.505050505	MAGs from other families
MAG13133	0.88	0.599326599	MAGs from other families
MAG13253	0.88	0.451178451	MAGs from other families
MAG14377	0.88	0.232323232	MAGs from other families
MAG14528	0.88	0.292929293	MAGs from other genus in Bacteroidaceae
MAG14882	0.88	0.390572391	MAGs from other families
MAG14953	0.88	0.205387205	MAGs from other families
MAG14976	0.88	0.272727273	MAGs from other families
MAG15666	0.88	0.632996633	MAGs from other families
MAG15735	0.88	0.390572391	MAGs from other families
MAG16056	0.88	0.272727273	MAGs from other families
MAG16807	0.88	0.30976431	MAGs from other families
MAG16938	0.88	0.390572391	MAGs from other families
MAG1709	0.88	0.835016835	MAGs from other families
MAG20260	0.88	0.205387205	MAGs from other families
MAG20403	0.88	0.457912458	MAGs from other families
MAG20574	0.88	0.521885522	MAGs from other families
MAG20848	0.88	0.235690236	MAGs from other genus in Bacteroidaceae
MAG20852	0.88	0.498316498	MAGs from other families
MAG22242	0.88	0.239057239	MAGs from other families
MAG2240	0.88	0.205387205	MAGs from other families
MAG23172	0.88	0.245791246	MAGs from other families
MAG23385	0.88	0.35016835	MAGs from other families
MAG2493	0.88	0.303030303	MAGs from other families
MAG2854	0.88	0.323232323	MAGs from other families
MAG3768	0.88	0.235690236	MAGs from other families
MAG3806	0.88	0.457912458	MAGs from other families
MAG3918	0.88	0.407407407	MAGs from other families
MAG4596	0.88	0.286195286	MAGs from other families
MAG5612	0.88	0.2996633	MAGs from other families
MAG5971	0.88	0.225589226	MAGs from other families
MAG6527	0.88	0.255892256	MAGs from other families
MAG8319	0.88	0.528619529	MAGs from other families
MAG8480	0.88	0.323232323	MAGs from other families
MAG8536	0.88	0.734006734	MAGs from other families
MAG8562	0.88	0.239057239	MAGs from other families
MAG9641	0.88	0.609427609	MAGs from other families
MAG9736	0.88	0.683501684	MAGs from other families
MAG9967	0.88	0.35016835	MAGs from other families
MAG10087	0.89	0.218855219	MAGs from other families
MAG10344	0.89	0.555555556	MAGs from other families
MAG11583	0.89	0.542087542	MAGs from other families
MAG11631	0.89	0.434343434	MAGs from other genus in Bacteroidaceae
MAG11656	0.89	0.387205387	MAGs from other families
MAG11693	0.89	0.508417508	MAGs from other families
MAG11818	0.89	0.303030303	MAGs from other families
MAG11918	0.89	0.430976431	MAGs from other families
MAG12050	0.89	0.875420875	MAGs from other genus in Bacteroidaceae
MAG12429	0.89	0.316498316	MAGs from other families
MAG12625	0.89	0.609427609	MAGs from other families
MAG12750	0.89	0.424242424	MAGs from other families
MAG13090	0.89	0.336700337	MAGs from other families
MAG13151	0.89	0.202020202	MAGs from other families
MAG13208	0.89	0.98989899	MAGs from other families
MAG13311	0.89	0.245791246	MAGs from other families
MAG13785	0.89	0.28956229	MAGs from other genus in Bacteroidaceae
MAG13945	0.89	0.239057239	MAGs from other families
MAG14198	0.89	0.824915825	MAGs from other families
MAG14205	0.89	0.491582492	MAGs from other families
MAG14208	0.89	0.865319865	MAGs from other genus in Bacteroidaceae
MAG14376	0.89	0.818181818	MAGs from other families
MAG15546	0.89	0.414141414	MAGs from other families
MAG15936	0.89	0.38047138	MAGs from other families
MAG16141	0.89	0.632996633	MAGs from other families
MAG16235	0.89	0.929292929	MAGs from other families
MAG16668	0.89	0.397306397	MAGs from other families
MAG17285	0.89	0.861952862	MAGs from other families
MAG18729	0.89	0.400673401	MAGs from other families
MAG18796	0.89	0.946127946	MAGs from other families
MAG1935	0.89	0.481481481	MAGs from other families
MAG19814	0.89	0.71043771	MAGs from other families
MAG20235	0.89	0.30976431	MAGs from other families
MAG20494	0.89	0.535353535	MAGs from other families
MAG20497	0.89	0.925925926	MAGs from other families
MAG2166	0.89	0.723905724	MAGs from other families
MAG22106	0.89	0.518518519	MAGs from other families
MAG22489	0.89	0.333333333	MAGs from other families
MAG22551	0.89	0.35016835	MAGs from other families
MAG23372	0.89	0.663299663	MAGs from other families
MAG2507	0.89	0.32996633	MAGs from other families
MAG3539	0.89	0.313131313	MAGs from other families
MAG4131	0.89	0.323232323	MAGs from other families
MAG4290	0.89	0.410774411	MAGs from other families
MAG5351	0.89	0.262626263	MAGs from other families
MAG5621	0.89	0.316498316	MAGs from other families
MAG5703	0.89	0.279461279	MAGs from other families
MAG6004	0.89	0.242424242	MAGs from other families
MAG6015	0.89	0.606060606	MAGs from other families
MAG6584	0.89	0.875420875	MAGs from other families
MAG7477	0.89	0.895622896	MAGs from other families
MAG8590	0.89	0.632996633	MAGs from other families
MAG8602	0.89	0.245791246	MAGs from other families
MAG9107	0.89	0.245791246	MAGs from other families
MAG9487	0.89	0.626262626	MAGs from other families
MAG10321	0.9	0.575757576	MAGs from other families
MAG11377	0.9	0.346801347	MAGs from other families
MAG11526	0.9	0.673400673	MAGs from other families
MAG11985	0.9	0.582491582	MAGs from other families
MAG12527	0.9	0.420875421	MAGs from other families
MAG12652	0.9	0.276094276	MAGs from other genus in Bacteroidaceae
MAG12664	0.9	0.239057239	MAGs from other families
MAG12859	0.9	0.30976431	MAGs from other families
MAG12988	0.9	0.208754209	MAGs from other families
MAG13161	0.9	0.461279461	MAGs from other families
MAG13541	0.9	0.272727273	MAGs from other families
MAG13597	0.9	0.269360269	MAGs from other families
MAG13701	0.9	0.858585859	MAGs from other families
MAG14496	0.9	0.255892256	MAGs from other families
MAG14671	0.9	0.390572391	MAGs from other families
MAG14901	0.9	0.461279461	MAGs from other families
MAG15236	0.9	0.468013468	MAGs from other families
MAG15320	0.9	0.447811448	MAGs from other families
MAG156	0.9	0.606060606	MAGs from other families
MAG16164	0.9	0.265993266	MAGs from other families
MAG16283	0.9	0.252525253	MAGs from other families
MAG16336	0.9	0.410774411	MAGs from other families
MAG16460	0.9	0.727272727	MAGs from other families
MAG17613	0.9	0.484848485	MAGs from other families
MAG17638	0.9	0.37037037	MAGs from other families
MAG17748	0.9	0.754208754	MAGs from other families
MAG20140	0.9	0.585858586	MAGs from other families
MAG21551	0.9	0.845117845	MAGs from other genus in Bacteroidaceae
MAG21920	0.9	0.282828283	MAGs from other families
MAG22147	0.9	0.276094276	MAGs from other families
MAG22513	0.9	0.400673401	MAGs from other families
MAG3288	0.9	0.585858586	MAGs from other families
MAG4162	0.9	0.599326599	MAGs from other families
MAG4638	0.9	0.525252525	MAGs from other families
MAG4874	0.9	0.760942761	MAGs from other families
MAG5179	0.9	0.387205387	MAGs from other families
MAG5564	0.9	0.676767677	MAGs from other families
MAG5867	0.9	0.208754209	MAGs from other families
MAG7193	0.9	0.282828283	MAGs from other families
MAG8786	0.9	0.562289562	MAGs from other families
MAG9143	0.9	0.791245791	MAGs from other families
MAG9287	0.9	0.69023569	MAGs from other families
MAG9500	0.9	0.222222222	MAGs from other families
MAG9576	0.9	0.249158249	MAGs from other families
MAG1118	0.91	0.902356902	MAGs from other families
MAG12172	0.91	0.212121212	MAGs from other families
MAG13324	0.91	0.65993266	MAGs from other families
MAG13768	0.91	0.61952862	MAGs from other families
MAG1414	0.91	0.397306397	MAGs from other families
MAG14310	0.91	0.262626263	MAGs from other families
MAG14353	0.91	0.521885522	MAGs from other families
MAG14738	0.91	0.531986532	MAGs from other families
MAG14763	0.91	0.255892256	MAGs from other families
MAG14992	0.91	0.245791246	MAGs from other families
MAG15258	0.91	0.31986532	MAGs from other families
MAG15760	0.91	0.272727273	MAGs from other families
MAG1627	0.91	0.464646465	MAGs from other families
MAG16894	0.91	0.235690236	MAGs from other families
MAG1694	0.91	0.481481481	MAGs from Phocaeicola
MAG17005	0.91	0.259259259	MAGs from other families
MAG17240	0.91	0.562289562	MAGs from other families
MAG17598	0.91	0.212121212	MAGs from other families
MAG18886	0.91	0.878787879	MAGs from other families
MAG19339	0.91	0.696969697	MAGs from other families
MAG19388	0.91	0.323232323	MAGs from other families
MAG19529	0.91	0.484848485	MAGs from other families
MAG19766	0.91	0.390572391	MAGs from other families
MAG19780	0.91	0.390572391	MAGs from other families
MAG20020	0.91	0.30976431	MAGs from other families
MAG21299	0.91	0.818181818	MAGs from other families
MAG3643	0.91	0.417508418	MAGs from other families
MAG3954	0.91	0.410774411	MAGs from other families
MAG4949	0.91	0.336700337	MAGs from other families
MAG5108	0.91	0.787878788	MAGs from other families
MAG524	0.91	0.457912458	MAGs from other families
MAG5384	0.91	0.205387205	MAGs from Phocaeicola
MAG5480	0.91	0.484848485	MAGs from other families
MAG5837	0.91	0.276094276	MAGs from other families
MAG6349	0.91	0.2996633	MAGs from other families
MAG8339	0.91	0.447811448	MAGs from other families
MAG8624	0.91	0.38047138	MAGs from other families
MAG902	0.91	0.845117845	MAGs from other families
MAG9542	0.91	0.595959596	MAGs from other families
MAG9629	0.91	0.579124579	MAGs from other families
MAG10029	0.92	0.393939394	MAGs from other families
MAG10239	0.92	0.28956229	MAGs from other families
MAG10458	0.92	0.609427609	MAGs from other families
MAG10498	0.92	0.242424242	MAGs from other families
MAG10912	0.92	0.973063973	MAGs from other families
MAG11480	0.92	0.252525253	MAGs from other families
MAG11547	0.92	0.437710438	MAGs from other families
MAG12154	0.92	0.548821549	MAGs from other families
MAG12168	0.92	0.245791246	MAGs from other families
MAG12234	0.92	0.228956229	MAGs from other families
MAG12309	0.92	0.895622896	MAGs from other families
MAG12562	0.92	0.420875421	MAGs from other families
MAG13065	0.92	0.2996633	MAGs from other genus in Bacteroidaceae
MAG13469	0.92	0.508417508	MAGs from other families
MAG13667	0.92	0.98989899	MAGs from other families
MAG14033	0.92	0.249158249	MAGs from other families
MAG14059	0.92	0.949494949	MAGs from other families
MAG14203	0.92	0.531986532	MAGs from other families
MAG14407	0.92	0.602693603	MAGs from other families
MAG15277	0.92	0.68013468	MAGs from other families
MAG15915	0.92	0.306397306	MAGs from other families
MAG16010	0.92	0.367003367	MAGs from other families
MAG16170	0.92	0.28956229	MAGs from other families
MAG16472	0.92	0.737373737	MAGs from other genus in Bacteroidaceae
MAG16963	0.92	0.420875421	MAGs from other families
MAG16998	0.92	0.252525253	MAGs from other families
MAG17094	0.92	0.306397306	MAGs from other families
MAG17239	0.92	0.538720539	MAGs from other families
MAG17765	0.92	0.36026936	MAGs from other families
MAG18659	0.92	0.720538721	MAGs from other families
MAG19874	0.92	1	MAGs from other families
MAG2902	0.92	0.286195286	MAGs from other families
MAG4024	0.92	0.797979798	MAGs from other families
MAG5062	0.92	0.255892256	MAGs from other families
MAG5193	0.92	0.909090909	MAGs from other families
MAG5206	0.92	0.225589226	MAGs from other families
MAG6455	0.92	0.397306397	MAGs from other families
MAG689	0.92	0.414141414	MAGs from other families
MAG8574	0.92	0.417508418	MAGs from other genus in Bacteroidaceae
MAG8638	0.92	0.481481481	MAGs from other families
MAG9359	0.92	0.276094276	MAGs from other families
MAG9536	0.92	0.336700337	MAGs from other families
MAG9800	0.92	0.67003367	MAGs from other families
MAG9955	0.92	0.373737374	MAGs from other families
MAG9981	0.92	0.235690236	MAGs from other families
MAG10172	0.93	0.552188552	MAGs from other families
MAG10571	0.93	0.508417508	MAGs from other families
MAG11008	0.93	0.208754209	MAGs from other families
MAG11180	0.93	0.306397306	MAGs from other families
MAG12517	0.93	0.279461279	MAGs from other families
MAG14481	0.93	0.202020202	MAGs from other families
MAG14502	0.93	0.481481481	MAGs from other families
MAG14665	0.93	0.558922559	MAGs from other families
MAG14862	0.93	0.595959596	MAGs from other families
MAG14873	0.93	0.542087542	MAGs from other families
MAG15148	0.93	0.861952862	MAGs from other families
MAG15247	0.93	0.292929293	MAGs from other families
MAG15327	0.93	0.249158249	MAGs from other families
MAG15522	0.93	0.2996633	MAGs from other families
MAG15665	0.93	0.525252525	MAGs from other families
MAG15856	0.93	0.212121212	MAGs from other families
MAG16338	0.93	0.589225589	MAGs from other families
MAG16612	0.93	0.242424242	MAGs from other families
MAG17173	0.93	0.434343434	MAGs from other families
MAG17333	0.93	0.316498316	MAGs from other families
MAG17833	0.93	0.592592593	MAGs from other families
MAG18157	0.93	0.34006734	MAGs from other families
MAG19523	0.93	0.895622896	MAGs from other families
MAG20046	0.93	0.946127946	MAGs from other families
MAG21618	0.93	0.232323232	MAGs from other genus in Bacteroidaceae
MAG2281	0.93	0.397306397	MAGs from other families
MAG23275	0.93	0.296296296	MAGs from other families
MAG23282	0.93	0.353535354	MAGs from other families
MAG2446	0.93	0.838383838	MAGs from other families
MAG2610	0.93	0.69023569	MAGs from other families
MAG3139	0.93	0.474747475	MAGs from other families
MAG3796	0.93	0.966329966	MAGs from other families
MAG4054	0.93	0.491582492	MAGs from other families
MAG4258	0.93	0.508417508	MAGs from other families
MAG4721	0.93	0.95959596	MAGs from other genus in Bacteroidaceae
MAG4807	0.93	0.797979798	MAGs from other families
MAG4915	0.93	0.457912458	MAGs from other families
MAG5689	0.93	0.61952862	MAGs from other families
MAG5955	0.93	0.306397306	MAGs from other families
MAG7794	0.93	0.666666667	MAGs from other families
MAG8336	0.93	0.754208754	MAGs from other families
MAG8401	0.93	0.35016835	MAGs from other families
MAG8424	0.93	0.286195286	MAGs from other families
MAG9019	0.93	0.417508418	MAGs from other families
MAG9117	0.93	0.404040404	MAGs from other genus in Bacteroidaceae
MAG9212	0.93	0.28956229	MAGs from other families
MAG10130	0.94	0.464646465	MAGs from other families
MAG10630	0.94	0.36026936	MAGs from other families
MAG10693	0.94	0.208754209	MAGs from other families
MAG12015	0.94	0.599326599	MAGs from other families
MAG12030	0.94	0.286195286	MAGs from other families
MAG12502	0.94	0.562289562	MAGs from other families
MAG12510	0.94	0.427609428	MAGs from other families
MAG12552	0.94	0.272727273	MAGs from other families
MAG13162	0.94	0.390572391	MAGs from other families
MAG13173	0.94	0.444444444	MAGs from other families
MAG13482	0.94	0.239057239	MAGs from other families
MAG13929	0.94	0.932659933	MAGs from other genus in Bacteroidaceae
MAG14196	0.94	0.383838384	MAGs from other families
MAG14635	0.94	0.895622896	MAGs from other families
MAG14662	0.94	0.276094276	MAGs from other families
MAG15016	0.94	0.245791246	MAGs from other families
MAG15162	0.94	0.861952862	MAGs from other families
MAG15632	0.94	0.713804714	MAGs from other families
MAG15866	0.94	0.346801347	MAGs from other families
MAG16105	0.94	0.545454545	MAGs from other families
MAG16486	0.94	0.993265993	MAGs from other families
MAG16789	0.94	0.269360269	MAGs from other families
MAG17574	0.94	0.279461279	MAGs from other families
MAG17589	0.94	0.276094276	MAGs from other families
MAG18372	0.94	0.306397306	MAGs from other families
MAG18568	0.94	0.64983165	MAGs from other families
MAG18628	0.94	0.30976431	MAGs from other families
MAG19062	0.94	0.222222222	MAGs from other genus in Bacteroidaceae
MAG19617	0.94	0.400673401	MAGs from other families
MAG19923	0.94	0.430976431	MAGs from other families
MAG19958	0.94	0.713804714	MAGs from other families
MAG20352	0.94	0.747474747	MAGs from other families
MAG21565	0.94	0.276094276	MAGs from other families
MAG21591	0.94	0.457912458	MAGs from other families
MAG22887	0.94	0.478114478	MAGs from other families
MAG23228	0.94	0.461279461	MAGs from other families
MAG23288	0.94	0.383838384	MAGs from other families
MAG3706	0.94	0.838383838	MAGs from other families
MAG3804	0.94	0.235690236	MAGs from other families
MAG4448	0.94	0.744107744	MAGs from other families
MAG5245	0.94	0.333333333	MAGs from other families
MAG8272	0.94	0.269360269	MAGs from other families
MAG8507	0.94	0.882154882	MAGs from other families
MAG8817	0.94	0.518518519	MAGs from other families
MAG909	0.94	0.518518519	MAGs from other families
MAG10161	0.95	0.34006734	MAGs from other families
MAG10173	0.95	0.696969697	MAGs from other families
MAG10993	0.95	0.377104377	MAGs from other families
MAG11332	0.95	0.265993266	MAGs from other families
MAG11621	0.95	0.215488215	MAGs from other families
MAG12106	0.95	0.37037037	MAGs from other genus in Bacteroidaceae
MAG12214	0.95	0.814814815	MAGs from other families
MAG13021	0.95	0.626262626	MAGs from other families
MAG14330	0.95	0.400673401	MAGs from other families
MAG14879	0.95	0.703703704	MAGs from other families
MAG14885	0.95	0.531986532	MAGs from other families
MAG15043	0.95	0.437710438	MAGs from other families
MAG15318	0.95	0.255892256	MAGs from other families
MAG15660	0.95	0.848484848	MAGs from other families
MAG15713	0.95	0.252525253	MAGs from other families
MAG15823	0.95	0.208754209	MAGs from other families
MAG15932	0.95	0.744107744	MAGs from other families
MAG15998	0.95	0.383838384	MAGs from other families
MAG16020	0.95	0.942760943	MAGs from other families
MAG16318	0.95	0.744107744	MAGs from other families
MAG16398	0.95	0.383838384	MAGs from other families
MAG17066	0.95	0.420875421	MAGs from other families
MAG17398	0.95	0.353535354	MAGs from other genus in Bacteroidaceae
MAG17484	0.95	0.316498316	MAGs from other families
MAG17792	0.95	0.447811448	MAGs from other families
MAG19752	0.95	0.461279461	MAGs from other families
MAG19827	0.95	0.488215488	MAGs from other families
MAG19836	0.95	0.239057239	MAGs from other families
MAG20946	0.95	0.205387205	MAGs from other families
MAG22483	0.95	0.356902357	MAGs from other families
MAG22690	0.95	0.942760943	MAGs from other families
MAG3008	0.95	0.878787879	MAGs from other families
MAG3232	0.95	0.737373737	MAGs from other families
MAG3573	0.95	0.646464646	MAGs from other families
MAG4325	0.95	0.909090909	MAGs from other families
MAG5090	0.95	0.71043771	MAGs from other families
MAG5842	0.95	0.71043771	MAGs from other families
MAG7402	0.95	0.28956229	MAGs from other families
MAG7639	0.95	0.279461279	MAGs from other families
MAG8360	0.95	0.282828283	MAGs from other families
MAG8430	0.95	0.353535354	MAGs from other families
MAG8496	0.95	0.848484848	MAGs from other families
MAG8668	0.95	0.986531987	MAGs from other genus in Bacteroidaceae
MAG8746	0.95	0.599326599	MAGs from other families
MAG8849	0.95	0.259259259	MAGs from other genus in Bacteroidaceae
MAG8918	0.95	0.585858586	MAGs from other families
MAG9167	0.95	0.737373737	MAGs from other families
MAG9689	0.95	0.481481481	MAGs from other families
MAG9790	0.95	0.71043771	MAGs from other families
MAG9923	0.95	0.316498316	MAGs from other families
MAG10579	0.96	0.215488215	MAGs from other families
MAG10643	0.96	0.367003367	MAGs from other families
MAG11013	0.96	0.538720539	MAGs from other families
MAG11070	0.96	0.208754209	MAGs from other families
MAG11080	0.96	0.521885522	MAGs from other families
MAG11349	0.96	0.323232323	MAGs from other families
MAG11558	0.96	0.417508418	MAGs from other families
MAG12127	0.96	0.548821549	MAGs from other families
MAG12319	0.96	0.34006734	MAGs from other families
MAG12679	0.96	0.252525253	MAGs from other families
MAG12688	0.96	0.602693603	MAGs from other families
MAG12952	0.96	0.323232323	MAGs from other families
MAG12990	0.96	0.205387205	MAGs from other families
MAG13137	0.96	0.202020202	MAGs from other families
MAG13210	0.96	0.373737374	MAGs from other genus in Bacteroidaceae
MAG13307	0.96	0.2996633	MAGs from other families
MAG13874	0.96	0.430976431	MAGs from other families
MAG13905	0.96	0.673400673	MAGs from other families
MAG14534	0.96	0.35016835	MAGs from other families
MAG15232	0.96	0.232323232	MAGs from other families
MAG15316	0.96	0.7003367	MAGs from other families
MAG15473	0.96	0.208754209	MAGs from other families
MAG15754	0.96	0.367003367	MAGs from other families
MAG16307	0.96	0.898989899	MAGs from other families
MAG16643	0.96	0.245791246	MAGs from other families
MAG16777	0.96	0.962962963	MAGs from other families
MAG16974	0.96	0.265993266	MAGs from other families
MAG17138	0.96	0.771043771	MAGs from other families
MAG17642	0.96	0.407407407	MAGs from other families
MAG1903	0.96	0.31986532	MAGs from other genus in Bacteroidaceae
MAG19790	0.96	0.868686869	MAGs from other genus in Bacteroidaceae
MAG20097	0.96	0.35016835	MAGs from other families
MAG20474	0.96	0.202020202	MAGs from other families
MAG21105	0.96	0.538720539	MAGs from other families
MAG22776	0.96	0.2996633	MAGs from other families
MAG23106	0.96	0.424242424	MAGs from other families
MAG2694	0.96	0.356902357	MAGs from other families
MAG3422	0.96	0.390572391	MAGs from other families
MAG398	0.96	0.683501684	MAGs from other families
MAG4093	0.96	0.323232323	MAGs from other families
MAG4270	0.96	0.622895623	MAGs from other families
MAG5186	0.96	0.387205387	MAGs from other families
MAG5395	0.96	0.279461279	MAGs from other families
MAG5823	0.96	0.494949495	MAGs from other families
MAG5881	0.96	0.292929293	MAGs from other families
MAG5898	0.96	0.626262626	MAGs from other families
MAG6745	0.96	0.363636364	MAGs from other families
MAG8308	0.96	0.208754209	MAGs from other families
MAG8369	0.96	0.215488215	MAGs from other families
MAG8524	0.96	0.255892256	MAGs from other families
MAG9161	0.96	0.61952862	MAGs from other families
MAG9572	0.96	0.232323232	MAGs from other families
MAG9655	0.96	0.249158249	MAGs from other families
MAG9676	0.96	0.451178451	MAGs from other families
MAG9701	0.96	0.538720539	MAGs from other families
MAG10613	0.97	0.296296296	MAGs from other families
MAG10938	0.97	0.491582492	MAGs from other families
MAG11405	0.97	0.255892256	MAGs from other families
MAG11731	0.97	0.996632997	MAGs from other genus in Bacteroidaceae
MAG11768	0.97	0.848484848	MAGs from other families
MAG11868	0.97	0.373737374	MAGs from other families
MAG12213	0.97	0.202020202	MAGs from other families
MAG12450	0.97	0.744107744	MAGs from Phocaeicola
MAG13665	0.97	0.228956229	MAGs from other families
MAG13693	0.97	0.653198653	MAGs from other families
MAG14868	0.97	0.424242424	MAGs from other families
MAG14959	0.97	0.471380471	MAGs from other families
MAG15466	0.97	0.235690236	MAGs from other families
MAG15813	0.97	0.225589226	MAGs from other families
MAG15843	0.97	0.28956229	MAGs from other families
MAG16809	0.97	0.30976431	MAGs from other families
MAG17787	0.97	0.582491582	MAGs from other families
MAG1807	0.97	0.67003367	MAGs from other families
MAG1818	0.97	0.434343434	MAGs from other families
MAG18566	0.97	0.851851852	MAGs from other families
MAG19750	0.97	0.616161616	MAGs from other families
MAG20062	0.97	0.232323232	MAGs from other families
MAG20592	0.97	0.468013468	MAGs from other families
MAG21498	0.97	0.387205387	MAGs from other families
MAG22290	0.97	0.265993266	MAGs from other families
MAG23291	0.97	0.400673401	MAGs from other families
MAG23345	0.97	0.222222222	MAGs from other families
MAG23352	0.97	0.282828283	MAGs from other families
MAG2659	0.97	0.437710438	MAGs from other families
MAG317	0.97	0.296296296	MAGs from other families
MAG3860	0.97	0.202020202	MAGs from other families
MAG391	0.97	0.265993266	MAGs from other families
MAG4078	0.97	0.215488215	MAGs from other families
MAG4414	0.97	0.474747475	MAGs from other families
MAG4705	0.97	0.673400673	MAGs from other families
MAG4763	0.97	0.313131313	MAGs from other families
MAG5402	0.97	0.296296296	MAGs from other families
MAG5744	0.97	0.326599327	MAGs from other families
MAG7464	0.97	0.747474747	MAGs from other families
MAG8174	0.97	0.235690236	MAGs from other families
MAG9283	0.97	0.828282828	MAGs from other families
MAG9364	0.97	0.404040404	MAGs from other families
MAG9561	0.97	0.838383838	MAGs from other families
MAG9893	0.97	0.62962963	MAGs from other families
MAG9961	0.97	0.505050505	MAGs from other families
MAG10340	0.98	0.777777778	MAGs from other families
MAG10970	0.98	0.835016835	MAGs from other families
MAG11145	0.98	0.589225589	MAGs from other families
MAG11510	0.98	0.239057239	MAGs from other families
MAG11685	0.98	0.205387205	MAGs from other families
MAG11759	0.98	0.666666667	MAGs from other families
MAG11848	0.98	0.966329966	MAGs from other families
MAG11895	0.98	0.983164983	MAGs from other families
MAG12231	0.98	0.71043771	MAGs from other families
MAG12396	0.98	0.498316498	MAGs from other families
MAG12579	0.98	0.424242424	MAGs from other families
MAG12978	0.98	0.676767677	MAGs from other families
MAG13186	0.98	0.427609428	MAGs from other families
MAG13243	0.98	0.259259259	MAGs from other families
MAG13483	0.98	0.356902357	MAGs from other families
MAG15447	0.98	0.343434343	MAGs from other families
MAG15465	0.98	0.38047138	MAGs from other families
MAG15496	0.98	0.407407407	MAGs from other families
MAG15506	0.98	0.28956229	MAGs from other families
MAG15511	0.98	0.208754209	MAGs from other families
MAG15529	0.98	0.427609428	MAGs from other families
MAG15907	0.98	0.255892256	MAGs from other families
MAG16077	0.98	0.441077441	MAGs from other families
MAG16117	0.98	0.579124579	MAGs from other families
MAG16782	0.98	0.437710438	MAGs from other families
MAG16878	0.98	0.202020202	MAGs from other families
MAG17456	0.98	0.929292929	MAGs from other families
MAG17592	0.98	0.259259259	MAGs from other families
MAG1787	0.98	0.616161616	MAGs from other families
MAG18732	0.98	0.707070707	MAGs from other families
MAG18841	0.98	0.818181818	MAGs from other families
MAG19737	0.98	0.98989899	MAGs from other families
MAG20068	0.98	0.501683502	MAGs from other families
MAG2194	0.98	0.367003367	MAGs from other families
MAG22545	0.98	0.595959596	MAGs from other families
MAG23035	0.98	0.35016835	MAGs from other families
MAG23443	0.98	0.424242424	MAGs from other families
MAG2651	0.98	0.400673401	MAGs from other families
MAG2792	0.98	0.892255892	MAGs from other families
MAG3738	0.98	0.387205387	MAGs from other families
MAG4036	0.98	0.316498316	MAGs from other families
MAG4729	0.98	0.67003367	MAGs from other families
MAG5903	0.98	0.484848485	MAGs from other families
MAG6045	0.98	0.666666667	MAGs from other families
MAG6604	0.98	0.208754209	MAGs from other families
MAG7376	0.98	0.333333333	MAGs from other families
MAG7470	0.98	0.441077441	MAGs from other families
MAG8487	0.98	0.228956229	MAGs from other families
MAG8587	0.98	0.367003367	MAGs from other families
MAG8995	0.98	0.262626263	MAGs from other families
MAG9661	0.98	0.202020202	MAGs from other families
MAG9769	0.98	0.491582492	MAGs from other families
MAG10177	0.99	0.28956229	MAGs from other families
MAG10276	0.99	0.242424242	MAGs from other families
MAG10347	0.99	0.707070707	MAGs from other families
MAG108	0.99	0.622895623	MAGs from other families
MAG10813	0.99	0.32996633	MAGs from other families
MAG10982	0.99	0.454545455	MAGs from other families
MAG11761	0.99	0.242424242	MAGs from other families
MAG11764	0.99	0.656565657	MAGs from other families
MAG13433	0.99	0.407407407	MAGs from other families
MAG13452	0.99	0.34006734	MAGs from other families
MAG13703	0.99	0.37037037	MAGs from other families
MAG13737	0.99	0.474747475	MAGs from other families
MAG14194	0.99	0.397306397	MAGs from other families
MAG14527	0.99	0.326599327	MAGs from other families
MAG15022	0.99	0.222222222	MAGs from other families
MAG16544	0.99	0.986531987	MAGs from other families
MAG16651	0.99	0.356902357	MAGs from other families
MAG16678	0.99	0.28956229	MAGs from other families
MAG17300	0.99	0.32996633	MAGs from other families
MAG17747	0.99	0.808080808	MAGs from other families
MAG17852	0.99	0.474747475	MAGs from other families
MAG19786	0.99	0.441077441	MAGs from other genus in Bacteroidaceae
MAG20098	0.99	0.71043771	MAGs from other families
MAG217	0.99	0.326599327	MAGs from other families
MAG22345	0.99	0.909090909	MAGs from other families
MAG2256	0.99	0.848484848	MAGs from other families
MAG23087	0.99	0.269360269	MAGs from other families
MAG23165	0.99	0.531986532	MAGs from other families
MAG23343	0.99	0.249158249	MAGs from other families
MAG3785	0.99	0.696969697	MAGs from other families
MAG4519	0.99	0.356902357	MAGs from other families
MAG4897	0.99	0.390572391	MAGs from other families
MAG5124	0.99	0.282828283	MAGs from other families
MAG5534	0.99	0.232323232	MAGs from other families
MAG5825	0.99	0.888888889	MAGs from other families
MAG8662	0.99	0.491582492	MAGs from Phocaeicola
MAG9792	0.99	0.956228956	MAGs from other genus in Bacteroidaceae
MAG9963	0.99	0.205387205	MAGs from other families
MAG10426	1	0.616161616	MAGs from other genus in Bacteroidaceae
MAG10524	1	0.626262626	MAGs from other families
MAG11589	1	0.501683502	MAGs from other families
MAG11724	1	0.28956229	MAGs from other families
MAG12102	1	0.225589226	MAGs from other families
MAG14503	1	0.437710438	MAGs from other families
MAG14669	1	0.31986532	MAGs from other families
MAG15312	1	0.498316498	MAGs from other families
MAG15460	1	0.909090909	MAGs from Phocaeicola
MAG16140	1	0.565656566	MAGs from other families
MAG16327	1	0.265993266	MAGs from other families
MAG16697	1	0.296296296	MAGs from other families
MAG16830	1	0.323232323	MAGs from other families
MAG17907	1	0.282828283	MAGs from other families
MAG19847	1	0.390572391	MAGs from other families
MAG19859	1	0.259259259	MAGs from other families
MAG20069	1	0.478114478	MAGs from other families
MAG2235	1	0.824915825	MAGs from other families
MAG22716	1	0.757575758	MAGs from other families
MAG22928	1	0.996632997	MAGs from other families
MAG3899	1	0.259259259	MAGs from other families
MAG4404	1	0.336700337	MAGs from other families
MAG447	1	0.71043771	MAGs from other families
MAG4774	1	0.343434343	MAGs from other families
MAG9234	1	0.397306397	MAGs from other families
MAG9700	1	0.828282828	MAGs from other families
