Sample2,Sample1,Distance,Group1,Group2,GroupType
BKDN170793833-1A,BKDN170796420-1A,0.761573728,SPD,YXP,between_breed
BKDN170793833-1A,BKDN170796421-1A,0.596946425,SPD,YXP,between_breed
BKDN170793833-1A,BKDN170793837-1A,0.638202038,YXP,YXP,within_breed
BKDN170793833-1A,BKDN170796422-1A,0.740744148,SPD,YXP,between_breed
BKDN170793833-1A,BKDN170794394-1A,0.358924984,LCW,YXP,between_breed
BKDN170793833-1A,BKDN170795578-1A,0.583113801,ZSP,YXP,between_breed
BKDN170793833-1A,BKDN170794480-1A,0.250928006,PTB,YXP,between_breed
BKDN170793833-1A,BKDN170794551-1A,0.272218699,LCW,YXP,between_breed
BKDN170793833-1A,BKDN170793895-1A,0.311903687,MWD,YXP,between_breed
BKDN170793833-1A,BKDN170796085-1A,0.673526866,SPD,YXP,between_breed
BKDN170793833-1A,BKDN170793899-1A,0.728636036,MWD,YXP,between_breed
BKDN170793833-1A,BKDN170795745-1A,0.707095024,ZSP,YXP,between_breed
BKDN170793833-1A,BKDN170795577-1A,0.65358191,ZSP,YXP,between_breed
BKDN170793833-1A,BKDN170795836-1A,0.516829391,CHP,YXP,between_breed
BKDN170793833-1A,BKDN170794811-1A,0.426853304,JYP,YXP,between_breed
BKDN170793833-1A,BKDN170794002-1A,0.280889385,SXD,YXP,between_breed
BKDN170793833-1A,BKDN170793906-1A,0.310760276,JRD,YXP,between_breed
BKDN170793833-1A,BKDN170794152-1A,0.647756545,PTB,YXP,between_breed
BKDN170793833-1A,BKDN170796419-1A,0.413472331,SPD,YXP,between_breed
BKDN170793833-1A,BKDN170794548-1A,0.232188129,LCW,YXP,between_breed
BKDN170793833-1A,BKDN170795739-1A,0.674172089,ZSP,YXP,between_breed
BKDN170793833-1A,BKDN170796253-1A,0.59671582,SPD,YXP,between_breed
BKDN170793833-1A,BKDN170794066-1A,0.511693548,JRD,YXP,between_breed
BKDN170793833-1A,BKDN170793998-1A,0.40238218,SXD,YXP,between_breed
BKDN170793833-1A,BKDN170796249-1A,0.588565569,SPD,YXP,between_breed
BKDN170793833-1A,BKDN170796250-1A,0.683436227,SPD,YXP,between_breed
BKDN170793833-1A,BKDN170796251-1A,0.726749721,SPD,YXP,between_breed
BKDN170793833-1A,BKDN170795738-1A,0.667432398,ZSP,YXP,between_breed
BKDN170793833-1A,BKDN170796417-1A,0.747330056,SPD,YXP,between_breed
BKDN170793833-1A,BKDN170793904-1A,0.654853855,JRD,YXP,between_breed
BKDN170793833-1A,BKDN170793891-1A,0.658387455,MWD,YXP,between_breed
BKDN170793833-1A,BKDN170795911-1A,0.64028792,LSD,YXP,between_breed
BKDN170793833-1A,BKDN170796418-1A,0.730020537,SPD,YXP,between_breed
BKDN170793833-1A,BKDN170795742-1A,0.593039989,ZSP,YXP,between_breed
BKDN170793833-1A,BKDN170794161-1A,0.336907162,SXD,YXP,between_breed
BKDN170793833-1A,BKDN170793994-1A,0.692377957,YXP,YXP,within_breed
BKDN170793833-1A,BKDN170794067-1A,0.670163912,JRD,YXP,between_breed
BKDN170793833-1A,BKDN170795743-1A,0.505981649,ZSP,YXP,between_breed
BKDN170793833-1A,BKDN170794805-1A,0.47526439,JYP,YXP,between_breed
BKDN170793833-1A,BKDN170794054-1A,0.643301047,MWD,YXP,between_breed
BKDN170793833-1A,BKDN170795838-1A,0.525711136,CHP,YXP,between_breed
BKDN170793833-1A,BKDN170795147-1A,0.297499747,CHP,YXP,between_breed
BKDN170793833-1A,BKDN170794159-1A,0.355503747,SXD,YXP,between_breed
BKDN170793833-1A,BKDN170793840-1A,0.714694402,YXP,YXP,within_breed
BKDN170793833-1A,BKDN170796424-1A,0.601662684,SPD,YXP,between_breed
BKDN170793833-1A,BKDN170795916-1A,0.608856639,LSD,YXP,between_breed
BKDN170793833-1A,BKDN170793892-1A,0.141950153,MWD,YXP,between_breed
BKDN170793833-1A,BKDN170796004-1A,0.62329417,CHP,YXP,between_breed
BKDN170793833-1A,BKDN170795146-1A,0.476754258,CHP,YXP,between_breed
BKDN170793833-1A,BKDN170793835-1A,0.55265369,YXP,YXP,within_breed
BKDN170793833-1A,BKDN170794327-1A,0.534201896,TWD,YXP,between_breed
BKDN170793833-1A,BKDN170793898-1A,0.448852265,MWD,YXP,between_breed
BKDN170793833-1A,BKDN170795572-1A,0.274971103,ZSP,YXP,between_breed
BKDN170793833-1A,BKDN170794326-1A,0.663046429,TWD,YXP,between_breed
BKDN170793833-1A,BKDN170796245-1A,0.652137407,SPD,YXP,between_breed
BKDN170793833-1A,BKDN170795574-1A,0.296130897,ZSP,YXP,between_breed
BKDN170793833-1A,BKDN170794160-1A,0.35213052,SXD,YXP,between_breed
BKDN170793833-1A,BKDN170794387-1A,0.219262832,LCW,YXP,between_breed
BKDN170793833-1A,BKDN170794972-1A,0.510181398,JYP,YXP,between_breed
BKDN170793833-1A,BKDN170794156-1A,0.630705643,PTB,YXP,between_breed
BKDN170793833-1A,BKDN170795142-1A,0.51028075,JYP,YXP,between_breed
BKDN170793833-1A,BKDN170794393-1A,0.325984748,LCW,YXP,between_breed
BKDN170793833-1A,BKDN170796086-1A,0.629353016,SPD,YXP,between_breed
BKDN170793833-1A,BKDN170794164-1A,0.297860472,SXD,YXP,between_breed
BKDN170793833-1A,BKDN170794068-1A,0.401303819,JRD,YXP,between_breed
BKDN170793833-1A,BKDN170795740-1A,0.676764226,ZSP,YXP,between_breed
BKDN170793833-1A,BKDN170794158-1A,0.734056524,SXD,YXP,between_breed
BKDN170793833-1A,BKDN170793995-1A,0.699248156,YXP,YXP,within_breed
BKDN170793833-1A,BKDN170795907-1A,0.712522853,LSD,YXP,between_breed
BKDN170793833-1A,BKDN170795141-1A,0.522168362,JYP,YXP,between_breed
BKDN170793833-1A,BKDN170794058-1A,0.621381417,MWD,YXP,between_breed
BKDN170793833-1A,BKDN170795912-1A,0.717233372,LSD,YXP,between_breed
BKDN170793833-1A,BKDN170794057-1A,0.417053347,MWD,YXP,between_breed
BKDN170793833-1A,BKDN170796000-1A,0.512690044,CHP,YXP,between_breed
BKDN170793833-1A,BKDN170793894-1A,0.68690581,MWD,YXP,between_breed
BKDN170793833-1A,BKDN170796006-1A,0.496902698,CHP,YXP,between_breed
BKDN170793833-1A,BKDN170794553-1A,0.379396457,LCW,YXP,between_breed
BKDN170793833-1A,BKDN170796173-1A,0.546565497,CHP,YXP,between_breed
BKDN170793833-1A,BKDN170794148-1A,0.690902755,JRD,YXP,between_breed
BKDN170793833-1A,BKDN170795575-1A,0.680696488,ZSP,YXP,between_breed
BKDN170793833-1A,BKDN170795573-1A,0.363081207,ZSP,YXP,between_breed
BKDN170793833-1A,BKDN170795149-1A,0.465503689,CHP,YXP,between_breed
BKDN170793833-1A,BKDN170793902-1A,0.66731356,JRD,YXP,between_breed
BKDN170793833-1A,BKDN170795837-1A,0.279652964,CHP,YXP,between_breed
BKDN170793833-1A,BKDN170795999-1A,0.470427746,CHP,YXP,between_breed
BKDN170793833-1A,BKDN170793893-1A,0.657286943,MWD,YXP,between_breed
BKDN170793833-1A,BKDN170794065-1A,0.449043538,JRD,YXP,between_breed
BKDN170793833-1A,BKDN170794392-1A,0.609115316,LCW,YXP,between_breed
BKDN170793833-1A,BKDN170794163-1A,0.486379326,SXD,YXP,between_breed
BKDN170793833-1A,BKDN170796252-1A,0.374487047,SPD,YXP,between_breed
BKDN170793833-1A,BKDN170794165-1A,0.295609343,SXD,YXP,between_breed
BKDN170793833-1A,BKDN170793896-1A,0.680225652,MWD,YXP,between_breed
BKDN170793833-1A,BKDN170794149-1A,0.447105379,JRD,YXP,between_breed
BKDN170793833-1A,BKDN170795744-1A,0.495411786,ZSP,YXP,between_breed
BKDN170793833-1A,BKDN170794331-1A,0.182845285,TWD,YXP,between_breed
BKDN170793833-1A,BKDN170794385-1A,0.321922698,LCW,YXP,between_breed
BKDN170793833-1A,BKDN170796247-1A,0.69244279,SPD,YXP,between_breed
BKDN170793833-1A,BKDN170793908-1A,0.679651939,JRD,YXP,between_breed
BKDN170793833-1A,BKDN170793839-1A,0.652336101,YXP,YXP,within_breed
BKDN170793833-1A,BKDN170794001-1A,0.261336752,SXD,YXP,between_breed
BKDN170793833-1A,BKDN170795576-1A,0.698831982,ZSP,YXP,between_breed
BKDN170793833-1A,BKDN170793993-1A,0.709077746,JRD,YXP,between_breed
BKDN170793833-1A,BKDN170796413-1A,0.164445605,MWD,YXP,between_breed
BKDN170793833-1A,BKDN170793901-1A,0.755175511,JRD,YXP,between_breed
BKDN170793833-1A,BKDN170796080-1A,0.380639772,LSD,YXP,between_breed
BKDN170793833-1A,BKDN170794322-1A,0.62338962,PTB,YXP,between_breed
BKDN170793833-1A,BKDN170793903-1A,0.693764042,JRD,YXP,between_breed
BKDN170793833-1A,BKDN170793838-1A,0.380869195,YXP,YXP,within_breed
BKDN170793833-1A,BKDN170794329-1A,0.608509452,TWD,YXP,between_breed
BKDN170793833-1A,BKDN170794330-1A,0.339419042,TWD,YXP,between_breed
BKDN170793833-1A,BKDN170795910-1A,0.304473633,LSD,YXP,between_breed
BKDN170793833-1A,BKDN170795145-1A,0.374778827,CHP,YXP,between_breed
BKDN170793833-1A,BKDN170794056-1A,0.283050601,MWD,YXP,between_breed
BKDN170793833-1A,BKDN170795737-1A,0.698772584,ZSP,YXP,between_breed
BKDN170793833-1A,BKDN170794806-1A,0.56396371,JYP,YXP,between_breed
BKDN170793833-1A,BKDN170794554-1A,0.454709958,LCW,YXP,between_breed
BKDN170793833-1A,BKDN170795140-1A,0.28598346,JYP,YXP,between_breed
BKDN170793833-1A,BKDN170796077-1A,0.258624798,LSD,YXP,between_breed
BKDN170793833-1A,BKDN170794064-1A,0.592455305,JRD,YXP,between_breed
BKDN170793833-1A,BKDN170794228-1A,0.327677036,LCW,YXP,between_breed
BKDN170793833-1A,BKDN170793836-1A,0.643077507,YXP,YXP,within_breed
BKDN170793833-1A,BKDN170793909-1A,0.656437844,JRD,YXP,between_breed
BKDN170793833-1A,BKDN170793907-1A,0.517256035,JRD,YXP,between_breed
BKDN170793833-1A,BKDN170794809-1A,0.444365059,JYP,YXP,between_breed
BKDN170793833-1A,BKDN170796254-1A,0.506909297,SPD,YXP,between_breed
BKDN170793835-1A,BKDN170794165-1A,0.642659157,SXD,YXP,between_breed
BKDN170793835-1A,BKDN170795578-1A,0.629407576,ZSP,YXP,between_breed
BKDN170793835-1A,BKDN170794811-1A,0.415716405,JYP,YXP,between_breed
BKDN170793835-1A,BKDN170793894-1A,0.369451845,MWD,YXP,between_breed
BKDN170793835-1A,BKDN170793837-1A,0.321818262,YXP,YXP,within_breed
BKDN170793835-1A,BKDN170794149-1A,0.372661904,JRD,YXP,between_breed
BKDN170793835-1A,BKDN170795737-1A,0.597263359,ZSP,YXP,between_breed
BKDN170793835-1A,BKDN170796249-1A,0.587014056,SPD,YXP,between_breed
BKDN170793835-1A,BKDN170794054-1A,0.441947894,MWD,YXP,between_breed
BKDN170793835-1A,BKDN170794056-1A,0.733132492,MWD,YXP,between_breed
BKDN170793835-1A,BKDN170793895-1A,0.432600829,MWD,YXP,between_breed
BKDN170793835-1A,BKDN170794152-1A,0.461023655,PTB,YXP,between_breed
BKDN170793835-1A,BKDN170794480-1A,0.733672491,PTB,YXP,between_breed
BKDN170793835-1A,BKDN170793891-1A,0.323371252,MWD,YXP,between_breed
BKDN170793835-1A,BKDN170793899-1A,0.529029059,MWD,YXP,between_breed
BKDN170793835-1A,BKDN170794002-1A,0.61264309,SXD,YXP,between_breed
BKDN170793835-1A,BKDN170795836-1A,0.536775523,CHP,YXP,between_breed
BKDN170793835-1A,BKDN170794548-1A,0.702888235,LCW,YXP,between_breed
BKDN170793835-1A,BKDN170794068-1A,0.760761678,JRD,YXP,between_breed
BKDN170793835-1A,BKDN170796085-1A,0.508216358,SPD,YXP,between_breed
BKDN170793835-1A,BKDN170793838-1A,0.358051363,YXP,YXP,within_breed
BKDN170793835-1A,BKDN170793893-1A,0.393310947,MWD,YXP,between_breed
BKDN170793835-1A,BKDN170796253-1A,0.463119239,SPD,YXP,between_breed
BKDN170793835-1A,BKDN170794161-1A,0.674620834,SXD,YXP,between_breed
BKDN170793835-1A,BKDN170796417-1A,0.681280335,SPD,YXP,between_breed
BKDN170793835-1A,BKDN170796421-1A,0.560868436,SPD,YXP,between_breed
BKDN170793835-1A,BKDN170795572-1A,0.645197613,ZSP,YXP,between_breed
BKDN170793835-1A,BKDN170793840-1A,0.37590435,YXP,YXP,within_breed
BKDN170793835-1A,BKDN170796250-1A,0.725248296,SPD,YXP,between_breed
BKDN170793835-1A,BKDN170793909-1A,0.2520302,JRD,YXP,between_breed
BKDN170793835-1A,BKDN170794554-1A,0.316289414,LCW,YXP,between_breed
BKDN170793835-1A,BKDN170794806-1A,0.63929586,JYP,YXP,between_breed
BKDN170793835-1A,BKDN170794392-1A,0.459219312,LCW,YXP,between_breed
BKDN170793835-1A,BKDN170795738-1A,0.479885675,ZSP,YXP,between_breed
BKDN170793835-1A,BKDN170794394-1A,0.652829621,LCW,YXP,between_breed
BKDN170793835-1A,BKDN170793907-1A,0.32747046,JRD,YXP,between_breed
BKDN170793835-1A,BKDN170796006-1A,0.359454996,CHP,YXP,between_breed
BKDN170793835-1A,BKDN170794553-1A,0.691824117,LCW,YXP,between_breed
BKDN170793835-1A,BKDN170795142-1A,0.351196889,JYP,YXP,between_breed
BKDN170793835-1A,BKDN170794164-1A,0.658304225,SXD,YXP,between_breed
BKDN170793835-1A,BKDN170796080-1A,0.485419485,LSD,YXP,between_breed
BKDN170793835-1A,BKDN170795577-1A,0.566223312,ZSP,YXP,between_breed
BKDN170793835-1A,BKDN170796245-1A,0.542857139,SPD,YXP,between_breed
BKDN170793835-1A,BKDN170793892-1A,0.569647305,MWD,YXP,between_breed
BKDN170793835-1A,BKDN170793993-1A,0.473167576,JRD,YXP,between_breed
BKDN170793835-1A,BKDN170794057-1A,0.348990606,MWD,YXP,between_breed
BKDN170793835-1A,BKDN170794148-1A,0.372291857,JRD,YXP,between_breed
BKDN170793835-1A,BKDN170795141-1A,0.562109209,JYP,YXP,between_breed
BKDN170793835-1A,BKDN170796000-1A,0.62934067,CHP,YXP,between_breed
BKDN170793835-1A,BKDN170796419-1A,0.761326676,SPD,YXP,between_breed
BKDN170793835-1A,BKDN170795739-1A,0.524403086,ZSP,YXP,between_breed
BKDN170793835-1A,BKDN170794393-1A,0.729887013,LCW,YXP,between_breed
BKDN170793835-1A,BKDN170795912-1A,0.565440474,LSD,YXP,between_breed
BKDN170793835-1A,BKDN170795740-1A,0.453981721,ZSP,YXP,between_breed
BKDN170793835-1A,BKDN170793908-1A,0.303013271,JRD,YXP,between_breed
BKDN170793835-1A,BKDN170794058-1A,0.345316993,MWD,YXP,between_breed
BKDN170793835-1A,BKDN170795147-1A,0.733156853,CHP,YXP,between_breed
BKDN170793835-1A,BKDN170795145-1A,0.750733082,CHP,YXP,between_breed
BKDN170793835-1A,BKDN170793904-1A,0.322130051,JRD,YXP,between_breed
BKDN170793835-1A,BKDN170794329-1A,0.343875444,TWD,YXP,between_breed
BKDN170793835-1A,BKDN170796422-1A,0.642409932,SPD,YXP,between_breed
BKDN170793835-1A,BKDN170795744-1A,0.454928506,ZSP,YXP,between_breed
BKDN170793835-1A,BKDN170794067-1A,0.341550983,JRD,YXP,between_breed
BKDN170793835-1A,BKDN170795999-1A,0.435914449,CHP,YXP,between_breed
BKDN170793835-1A,BKDN170795916-1A,0.644276964,LSD,YXP,between_breed
BKDN170793835-1A,BKDN170794972-1A,0.372993572,JYP,YXP,between_breed
BKDN170793835-1A,BKDN170796420-1A,0.629775433,SPD,YXP,between_breed
BKDN170793835-1A,BKDN170795837-1A,0.665467135,CHP,YXP,between_breed
BKDN170793835-1A,BKDN170794066-1A,0.442800723,JRD,YXP,between_breed
BKDN170793835-1A,BKDN170795575-1A,0.509381845,ZSP,YXP,between_breed
BKDN170793835-1A,BKDN170794385-1A,0.705444422,LCW,YXP,between_breed
BKDN170793835-1A,BKDN170794327-1A,0.372822704,TWD,YXP,between_breed
BKDN170793835-1A,BKDN170794158-1A,0.522019597,SXD,YXP,between_breed
BKDN170793835-1A,BKDN170793898-1A,0.388151416,MWD,YXP,between_breed
BKDN170793835-1A,BKDN170794156-1A,0.796564803,PTB,YXP,between_breed
BKDN170793835-1A,BKDN170793901-1A,0.603010087,JRD,YXP,between_breed
BKDN170793835-1A,BKDN170793906-1A,0.458915761,JRD,YXP,between_breed
BKDN170793835-1A,BKDN170795576-1A,0.5224231,ZSP,YXP,between_breed
BKDN170793835-1A,BKDN170795910-1A,0.735377092,LSD,YXP,between_breed
BKDN170793835-1A,BKDN170795140-1A,0.640280771,JYP,YXP,between_breed
BKDN170793835-1A,BKDN170795838-1A,0.582739316,CHP,YXP,between_breed
BKDN170793835-1A,BKDN170795574-1A,0.702936012,ZSP,YXP,between_breed
BKDN170793835-1A,BKDN170795742-1A,0.38577046,ZSP,YXP,between_breed
BKDN170793835-1A,BKDN170794160-1A,0.616962908,SXD,YXP,between_breed
BKDN170793835-1A,BKDN170796424-1A,0.593054154,SPD,YXP,between_breed
BKDN170793835-1A,BKDN170796251-1A,0.72565424,SPD,YXP,between_breed
BKDN170793835-1A,BKDN170795907-1A,0.632695837,LSD,YXP,between_breed
BKDN170793835-1A,BKDN170795911-1A,0.446948342,LSD,YXP,between_breed
BKDN170793835-1A,BKDN170796413-1A,0.629428347,MWD,YXP,between_breed
BKDN170793835-1A,BKDN170795573-1A,0.610234216,ZSP,YXP,between_breed
BKDN170793835-1A,BKDN170794551-1A,0.72761552,LCW,YXP,between_breed
BKDN170793835-1A,BKDN170793994-1A,0.276261958,YXP,YXP,within_breed
BKDN170793835-1A,BKDN170794159-1A,0.601234547,SXD,YXP,between_breed
BKDN170793835-1A,BKDN170796247-1A,0.552096894,SPD,YXP,between_breed
BKDN170793835-1A,BKDN170796077-1A,0.681477803,LSD,YXP,between_breed
BKDN170793835-1A,BKDN170794387-1A,0.677953744,LCW,YXP,between_breed
BKDN170793835-1A,BKDN170794064-1A,0.379226609,JRD,YXP,between_breed
BKDN170793835-1A,BKDN170794331-1A,0.639635425,TWD,YXP,between_breed
BKDN170793835-1A,BKDN170794809-1A,0.465966175,JYP,YXP,between_breed
BKDN170793835-1A,BKDN170794805-1A,0.591519208,JYP,YXP,between_breed
BKDN170793835-1A,BKDN170794326-1A,0.274598488,TWD,YXP,between_breed
BKDN170793835-1A,BKDN170794228-1A,0.693192896,LCW,YXP,between_breed
BKDN170793835-1A,BKDN170793839-1A,0.370817451,YXP,YXP,within_breed
BKDN170793835-1A,BKDN170793896-1A,0.347254398,MWD,YXP,between_breed
BKDN170793835-1A,BKDN170794001-1A,0.711493552,SXD,YXP,between_breed
BKDN170793835-1A,BKDN170793995-1A,0.249403505,YXP,YXP,within_breed
BKDN170793835-1A,BKDN170796086-1A,0.649249566,SPD,YXP,between_breed
BKDN170793835-1A,BKDN170795146-1A,0.366662818,CHP,YXP,between_breed
BKDN170793835-1A,BKDN170795745-1A,0.482201607,ZSP,YXP,between_breed
BKDN170793835-1A,BKDN170794322-1A,0.683999273,PTB,YXP,between_breed
BKDN170793835-1A,BKDN170794065-1A,0.327931655,JRD,YXP,between_breed
BKDN170793835-1A,BKDN170795743-1A,0.636201046,ZSP,YXP,between_breed
BKDN170793835-1A,BKDN170796418-1A,0.682202174,SPD,YXP,between_breed
BKDN170793835-1A,BKDN170794163-1A,0.607870547,SXD,YXP,between_breed
BKDN170793835-1A,BKDN170793902-1A,0.594444881,JRD,YXP,between_breed
BKDN170793835-1A,BKDN170793903-1A,0.456754043,JRD,YXP,between_breed
BKDN170793835-1A,BKDN170795149-1A,0.364631873,CHP,YXP,between_breed
BKDN170793835-1A,BKDN170796173-1A,0.64182241,CHP,YXP,between_breed
BKDN170793835-1A,BKDN170796252-1A,0.746713745,SPD,YXP,between_breed
BKDN170793835-1A,BKDN170794330-1A,0.610180719,TWD,YXP,between_breed
BKDN170793835-1A,BKDN170796254-1A,0.619891946,SPD,YXP,between_breed
BKDN170793835-1A,BKDN170793998-1A,0.621461627,SXD,YXP,between_breed
BKDN170793835-1A,BKDN170796004-1A,0.590408244,CHP,YXP,between_breed
BKDN170793835-1A,BKDN170793836-1A,0.316627578,YXP,YXP,within_breed
BKDN170793836-1A,BKDN170793839-1A,0.535765509,YXP,YXP,within_breed
BKDN170793836-1A,BKDN170793993-1A,0.562591622,JRD,YXP,between_breed
BKDN170793836-1A,BKDN170796247-1A,0.651947404,SPD,YXP,between_breed
BKDN170793836-1A,BKDN170793995-1A,0.30150155,YXP,YXP,within_breed
BKDN170793836-1A,BKDN170794393-1A,0.769346515,LCW,YXP,between_breed
BKDN170793836-1A,BKDN170793895-1A,0.555369257,MWD,YXP,between_breed
BKDN170793836-1A,BKDN170793904-1A,0.507785564,JRD,YXP,between_breed
BKDN170793836-1A,BKDN170793902-1A,0.647087243,JRD,YXP,between_breed
BKDN170793836-1A,BKDN170795916-1A,0.714026195,LSD,YXP,between_breed
BKDN170793836-1A,BKDN170793908-1A,0.388571109,JRD,YXP,between_breed
BKDN170793836-1A,BKDN170796006-1A,0.546006848,CHP,YXP,between_breed
BKDN170793836-1A,BKDN170796250-1A,0.758583261,SPD,YXP,between_breed
BKDN170793836-1A,BKDN170794554-1A,0.450524608,LCW,YXP,between_breed
BKDN170793836-1A,BKDN170794058-1A,0.450749191,MWD,YXP,between_breed
BKDN170793836-1A,BKDN170796253-1A,0.563159598,SPD,YXP,between_breed
BKDN170793836-1A,BKDN170794809-1A,0.570428962,JYP,YXP,between_breed
BKDN170793836-1A,BKDN170793899-1A,0.583964139,MWD,YXP,between_breed
BKDN170793836-1A,BKDN170794158-1A,0.666911952,SXD,YXP,between_breed
BKDN170793836-1A,BKDN170796419-1A,0.779778368,SPD,YXP,between_breed
BKDN170793836-1A,BKDN170795739-1A,0.584597167,ZSP,YXP,between_breed
BKDN170793836-1A,BKDN170794392-1A,0.554462392,LCW,YXP,between_breed
BKDN170793836-1A,BKDN170793994-1A,0.31669988,YXP,YXP,within_breed
BKDN170793836-1A,BKDN170793998-1A,0.735353791,SXD,YXP,between_breed
BKDN170793836-1A,BKDN170796413-1A,0.696288076,MWD,YXP,between_breed
BKDN170793836-1A,BKDN170793906-1A,0.546982713,JRD,YXP,between_breed
BKDN170793836-1A,BKDN170794385-1A,0.75548814,LCW,YXP,between_breed
BKDN170793836-1A,BKDN170795911-1A,0.578238738,LSD,YXP,between_breed
BKDN170793836-1A,BKDN170796251-1A,0.726569274,SPD,YXP,between_breed
BKDN170793836-1A,BKDN170795140-1A,0.704057836,JYP,YXP,between_breed
BKDN170793836-1A,BKDN170796000-1A,0.759730561,CHP,YXP,between_breed
BKDN170793836-1A,BKDN170793894-1A,0.457956083,MWD,YXP,between_breed
BKDN170793836-1A,BKDN170796173-1A,0.763180636,CHP,YXP,between_breed
BKDN170793836-1A,BKDN170794480-1A,0.792475662,PTB,YXP,between_breed
BKDN170793836-1A,BKDN170794159-1A,0.713561971,SXD,YXP,between_breed
BKDN170793836-1A,BKDN170796077-1A,0.750203014,LSD,YXP,between_breed
BKDN170793836-1A,BKDN170793838-1A,0.345197301,YXP,YXP,within_breed
BKDN170793836-1A,BKDN170796254-1A,0.627155376,SPD,YXP,between_breed
BKDN170793836-1A,BKDN170794156-1A,0.81717748,PTB,YXP,between_breed
BKDN170793836-1A,BKDN170796085-1A,0.58719197,SPD,YXP,between_breed
BKDN170793836-1A,BKDN170794548-1A,0.729244681,LCW,YXP,between_breed
BKDN170793836-1A,BKDN170795742-1A,0.518403311,ZSP,YXP,between_breed
BKDN170793836-1A,BKDN170795141-1A,0.690567123,JYP,YXP,between_breed
BKDN170793836-1A,BKDN170794160-1A,0.704086235,SXD,YXP,between_breed
BKDN170793836-1A,BKDN170794806-1A,0.758399228,JYP,YXP,between_breed
BKDN170793836-1A,BKDN170793840-1A,0.364113764,YXP,YXP,within_breed
BKDN170793836-1A,BKDN170796252-1A,0.768231197,SPD,YXP,between_breed
BKDN170793836-1A,BKDN170794387-1A,0.728488248,LCW,YXP,between_breed
BKDN170793836-1A,BKDN170794330-1A,0.682177621,TWD,YXP,between_breed
BKDN170793836-1A,BKDN170796080-1A,0.586079414,LSD,YXP,between_breed
BKDN170793836-1A,BKDN170794148-1A,0.496948921,JRD,YXP,between_breed
BKDN170793836-1A,BKDN170795740-1A,0.504380026,ZSP,YXP,between_breed
BKDN170793836-1A,BKDN170794065-1A,0.489770023,JRD,YXP,between_breed
BKDN170793836-1A,BKDN170795837-1A,0.750240099,CHP,YXP,between_breed
BKDN170793836-1A,BKDN170794331-1A,0.693496787,TWD,YXP,between_breed
BKDN170793836-1A,BKDN170795573-1A,0.670693641,ZSP,YXP,between_breed
BKDN170793836-1A,BKDN170794322-1A,0.672744565,PTB,YXP,between_breed
BKDN170793836-1A,BKDN170793903-1A,0.484752334,JRD,YXP,between_breed
BKDN170793836-1A,BKDN170796086-1A,0.660715874,SPD,YXP,between_breed
BKDN170793836-1A,BKDN170794805-1A,0.716094699,JYP,YXP,between_breed
BKDN170793836-1A,BKDN170795145-1A,0.79926666,CHP,YXP,between_breed
BKDN170793836-1A,BKDN170795146-1A,0.527273881,CHP,YXP,between_breed
BKDN170793836-1A,BKDN170794394-1A,0.730287639,LCW,YXP,between_breed
BKDN170793836-1A,BKDN170793907-1A,0.474960111,JRD,YXP,between_breed
BKDN170793836-1A,BKDN170795577-1A,0.646384103,ZSP,YXP,between_breed
BKDN170793836-1A,BKDN170794551-1A,0.788122663,LCW,YXP,between_breed
BKDN170793836-1A,BKDN170794066-1A,0.547653717,JRD,YXP,between_breed
BKDN170793836-1A,BKDN170794164-1A,0.730809604,SXD,YXP,between_breed
BKDN170793836-1A,BKDN170795142-1A,0.526815408,JYP,YXP,between_breed
BKDN170793836-1A,BKDN170795575-1A,0.562080569,ZSP,YXP,between_breed
BKDN170793836-1A,BKDN170795836-1A,0.683701143,CHP,YXP,between_breed
BKDN170793836-1A,BKDN170795574-1A,0.754087195,ZSP,YXP,between_breed
BKDN170793836-1A,BKDN170795907-1A,0.702044964,LSD,YXP,between_breed
BKDN170793836-1A,BKDN170796422-1A,0.72003021,SPD,YXP,between_breed
BKDN170793836-1A,BKDN170794972-1A,0.543584892,JYP,YXP,between_breed
BKDN170793836-1A,BKDN170796421-1A,0.65106355,SPD,YXP,between_breed
BKDN170793836-1A,BKDN170794163-1A,0.695293802,SXD,YXP,between_breed
BKDN170793836-1A,BKDN170794064-1A,0.552922746,JRD,YXP,between_breed
BKDN170793836-1A,BKDN170795999-1A,0.599724594,CHP,YXP,between_breed
BKDN170793836-1A,BKDN170793893-1A,0.442226763,MWD,YXP,between_breed
BKDN170793836-1A,BKDN170793892-1A,0.662535437,MWD,YXP,between_breed
BKDN170793836-1A,BKDN170794326-1A,0.288791126,TWD,YXP,between_breed
BKDN170793836-1A,BKDN170795576-1A,0.591129842,ZSP,YXP,between_breed
BKDN170793836-1A,BKDN170796004-1A,0.725807336,CHP,YXP,between_breed
BKDN170793836-1A,BKDN170796418-1A,0.708498496,SPD,YXP,between_breed
BKDN170793836-1A,BKDN170795147-1A,0.76953627,CHP,YXP,between_breed
BKDN170793836-1A,BKDN170794327-1A,0.435332126,TWD,YXP,between_breed
BKDN170793836-1A,BKDN170794068-1A,0.816858366,JRD,YXP,between_breed
BKDN170793836-1A,BKDN170794001-1A,0.756858442,SXD,YXP,between_breed
BKDN170793836-1A,BKDN170793901-1A,0.610397064,JRD,YXP,between_breed
BKDN170793836-1A,BKDN170796420-1A,0.64507275,SPD,YXP,between_breed
BKDN170793836-1A,BKDN170796245-1A,0.651035016,SPD,YXP,between_breed
BKDN170793836-1A,BKDN170795737-1A,0.60711284,ZSP,YXP,between_breed
BKDN170793836-1A,BKDN170794002-1A,0.701857547,SXD,YXP,between_breed
BKDN170793836-1A,BKDN170794329-1A,0.51849989,TWD,YXP,between_breed
BKDN170793836-1A,BKDN170794165-1A,0.748530785,SXD,YXP,between_breed
BKDN170793836-1A,BKDN170795910-1A,0.784843163,LSD,YXP,between_breed
BKDN170793836-1A,BKDN170793896-1A,0.455126261,MWD,YXP,between_breed
BKDN170793836-1A,BKDN170795744-1A,0.573752775,ZSP,YXP,between_breed
BKDN170793836-1A,BKDN170794152-1A,0.501323409,PTB,YXP,between_breed
BKDN170793836-1A,BKDN170794811-1A,0.591980106,JYP,YXP,between_breed
BKDN170793836-1A,BKDN170794056-1A,0.780857849,MWD,YXP,between_breed
BKDN170793836-1A,BKDN170796249-1A,0.657665246,SPD,YXP,between_breed
BKDN170793836-1A,BKDN170795912-1A,0.558772518,LSD,YXP,between_breed
BKDN170793836-1A,BKDN170794161-1A,0.765826115,SXD,YXP,between_breed
BKDN170793836-1A,BKDN170793837-1A,0.418415785,YXP,YXP,within_breed
BKDN170793836-1A,BKDN170795578-1A,0.725806021,ZSP,YXP,between_breed
BKDN170793836-1A,BKDN170794057-1A,0.485080063,MWD,YXP,between_breed
BKDN170793836-1A,BKDN170796417-1A,0.709840864,SPD,YXP,between_breed
BKDN170793836-1A,BKDN170794149-1A,0.52125586,JRD,YXP,between_breed
BKDN170793836-1A,BKDN170793909-1A,0.422570741,JRD,YXP,between_breed
BKDN170793836-1A,BKDN170795572-1A,0.691698079,ZSP,YXP,between_breed
BKDN170793836-1A,BKDN170794054-1A,0.478002009,MWD,YXP,between_breed
BKDN170793836-1A,BKDN170795149-1A,0.543844285,CHP,YXP,between_breed
BKDN170793836-1A,BKDN170794067-1A,0.465343813,JRD,YXP,between_breed
BKDN170793836-1A,BKDN170793898-1A,0.525700287,MWD,YXP,between_breed
BKDN170793836-1A,BKDN170794553-1A,0.732134706,LCW,YXP,between_breed
BKDN170793836-1A,BKDN170795738-1A,0.593714917,ZSP,YXP,between_breed
BKDN170793836-1A,BKDN170793891-1A,0.448193067,MWD,YXP,between_breed
BKDN170793836-1A,BKDN170795838-1A,0.716985155,CHP,YXP,between_breed
BKDN170793836-1A,BKDN170795745-1A,0.57109037,ZSP,YXP,between_breed
BKDN170793836-1A,BKDN170796424-1A,0.663604534,SPD,YXP,between_breed
BKDN170793836-1A,BKDN170794228-1A,0.719471074,LCW,YXP,between_breed
BKDN170793836-1A,BKDN170795743-1A,0.68408838,ZSP,YXP,between_breed
BKDN170793837-1A,BKDN170795572-1A,0.716555154,ZSP,YXP,between_breed
BKDN170793837-1A,BKDN170794811-1A,0.574111994,JYP,YXP,between_breed
BKDN170793837-1A,BKDN170794160-1A,0.741748343,SXD,YXP,between_breed
BKDN170793837-1A,BKDN170793907-1A,0.417278742,JRD,YXP,between_breed
BKDN170793837-1A,BKDN170795141-1A,0.713082606,JYP,YXP,between_breed
BKDN170793837-1A,BKDN170796421-1A,0.536242524,SPD,YXP,between_breed
BKDN170793837-1A,BKDN170794159-1A,0.777933227,SXD,YXP,between_breed
BKDN170793837-1A,BKDN170794972-1A,0.524534515,JYP,YXP,between_breed
BKDN170793837-1A,BKDN170794058-1A,0.184376766,MWD,YXP,between_breed
BKDN170793837-1A,BKDN170795577-1A,0.490046965,ZSP,YXP,between_breed
BKDN170793837-1A,BKDN170794480-1A,0.821962108,PTB,YXP,between_breed
BKDN170793837-1A,BKDN170794064-1A,0.357240514,JRD,YXP,between_breed
BKDN170793837-1A,BKDN170793903-1A,0.362674057,JRD,YXP,between_breed
BKDN170793837-1A,BKDN170796085-1A,0.465475377,SPD,YXP,between_breed
BKDN170793837-1A,BKDN170796422-1A,0.643805176,SPD,YXP,between_breed
BKDN170793837-1A,BKDN170796419-1A,0.789303529,SPD,YXP,between_breed
BKDN170793837-1A,BKDN170793909-1A,0.212987028,JRD,YXP,between_breed
BKDN170793837-1A,BKDN170794326-1A,0.330019659,TWD,YXP,between_breed
BKDN170793837-1A,BKDN170793906-1A,0.523024298,JRD,YXP,between_breed
BKDN170793837-1A,BKDN170793901-1A,0.465762399,JRD,YXP,between_breed
BKDN170793837-1A,BKDN170794394-1A,0.703745371,LCW,YXP,between_breed
BKDN170793837-1A,BKDN170795916-1A,0.59859816,LSD,YXP,between_breed
BKDN170793837-1A,BKDN170795745-1A,0.370600337,ZSP,YXP,between_breed
BKDN170793837-1A,BKDN170795910-1A,0.821324053,LSD,YXP,between_breed
BKDN170793837-1A,BKDN170794057-1A,0.366230445,MWD,YXP,between_breed
BKDN170793837-1A,BKDN170796247-1A,0.516824315,SPD,YXP,between_breed
BKDN170793837-1A,BKDN170794228-1A,0.746673025,LCW,YXP,between_breed
BKDN170793837-1A,BKDN170794322-1A,0.571318434,PTB,YXP,between_breed
BKDN170793837-1A,BKDN170794392-1A,0.404278919,LCW,YXP,between_breed
BKDN170793837-1A,BKDN170793994-1A,0.248633187,YXP,YXP,within_breed
BKDN170793837-1A,BKDN170795740-1A,0.331979673,ZSP,YXP,between_breed
BKDN170793837-1A,BKDN170793899-1A,0.448145664,MWD,YXP,between_breed
BKDN170793837-1A,BKDN170793840-1A,0.318875508,YXP,YXP,within_breed
BKDN170793837-1A,BKDN170795737-1A,0.443450903,ZSP,YXP,between_breed
BKDN170793837-1A,BKDN170796000-1A,0.771300915,CHP,YXP,between_breed
BKDN170793837-1A,BKDN170794554-1A,0.345862977,LCW,YXP,between_breed
BKDN170793837-1A,BKDN170794327-1A,0.277677789,TWD,YXP,between_breed
BKDN170793837-1A,BKDN170793892-1A,0.657428573,MWD,YXP,between_breed
BKDN170793837-1A,BKDN170795836-1A,0.687610442,CHP,YXP,between_breed
BKDN170793837-1A,BKDN170795576-1A,0.419519294,ZSP,YXP,between_breed
BKDN170793837-1A,BKDN170796424-1A,0.529569201,SPD,YXP,between_breed
BKDN170793837-1A,BKDN170795911-1A,0.338169537,LSD,YXP,between_breed
BKDN170793837-1A,BKDN170794329-1A,0.311815993,TWD,YXP,between_breed
BKDN170793837-1A,BKDN170795145-1A,0.83533097,CHP,YXP,between_breed
BKDN170793837-1A,BKDN170794152-1A,0.403675808,PTB,YXP,between_breed
BKDN170793837-1A,BKDN170796251-1A,0.617811805,SPD,YXP,between_breed
BKDN170793837-1A,BKDN170796420-1A,0.601084285,SPD,YXP,between_breed
BKDN170793837-1A,BKDN170796080-1A,0.437035423,LSD,YXP,between_breed
BKDN170793837-1A,BKDN170794393-1A,0.780932946,LCW,YXP,between_breed
BKDN170793837-1A,BKDN170794163-1A,0.680867562,SXD,YXP,between_breed
BKDN170793837-1A,BKDN170796417-1A,0.60809225,SPD,YXP,between_breed
BKDN170793837-1A,BKDN170796252-1A,0.777356577,SPD,YXP,between_breed
BKDN170793837-1A,BKDN170795912-1A,0.489700212,LSD,YXP,between_breed
BKDN170793837-1A,BKDN170794165-1A,0.800022124,SXD,YXP,between_breed
BKDN170793837-1A,BKDN170796173-1A,0.783292884,CHP,YXP,between_breed
BKDN170793837-1A,BKDN170795999-1A,0.463274987,CHP,YXP,between_breed
BKDN170793837-1A,BKDN170794149-1A,0.480085129,JRD,YXP,between_breed
BKDN170793837-1A,BKDN170796254-1A,0.638883588,SPD,YXP,between_breed
BKDN170793837-1A,BKDN170796077-1A,0.775526592,LSD,YXP,between_breed
BKDN170793837-1A,BKDN170795907-1A,0.514760489,LSD,YXP,between_breed
BKDN170793837-1A,BKDN170794805-1A,0.728878362,JYP,YXP,between_breed
BKDN170793837-1A,BKDN170794054-1A,0.424405086,MWD,YXP,between_breed
BKDN170793837-1A,BKDN170795146-1A,0.390650135,CHP,YXP,between_breed
BKDN170793837-1A,BKDN170796086-1A,0.60001253,SPD,YXP,between_breed
BKDN170793837-1A,BKDN170793893-1A,0.229790963,MWD,YXP,between_breed
BKDN170793837-1A,BKDN170796249-1A,0.509510757,SPD,YXP,between_breed
BKDN170793837-1A,BKDN170793995-1A,0.260593924,YXP,YXP,within_breed
BKDN170793837-1A,BKDN170793894-1A,0.184896173,MWD,YXP,between_breed
BKDN170793837-1A,BKDN170794330-1A,0.697015842,TWD,YXP,between_breed
BKDN170793837-1A,BKDN170793895-1A,0.49225854,MWD,YXP,between_breed
BKDN170793837-1A,BKDN170795149-1A,0.473433228,CHP,YXP,between_breed
BKDN170793837-1A,BKDN170794806-1A,0.780031536,JYP,YXP,between_breed
BKDN170793837-1A,BKDN170793896-1A,0.178566108,MWD,YXP,between_breed
BKDN170793837-1A,BKDN170796004-1A,0.671354844,CHP,YXP,between_breed
BKDN170793837-1A,BKDN170795742-1A,0.339465441,ZSP,YXP,between_breed
BKDN170793837-1A,BKDN170794164-1A,0.782004104,SXD,YXP,between_breed
BKDN170793837-1A,BKDN170794001-1A,0.793086256,SXD,YXP,between_breed
BKDN170793837-1A,BKDN170793993-1A,0.41002205,JRD,YXP,between_breed
BKDN170793837-1A,BKDN170795838-1A,0.724663673,CHP,YXP,between_breed
BKDN170793837-1A,BKDN170794067-1A,0.178169947,JRD,YXP,between_breed
BKDN170793837-1A,BKDN170794385-1A,0.761258515,LCW,YXP,between_breed
BKDN170793837-1A,BKDN170796418-1A,0.589058384,SPD,YXP,between_breed
BKDN170793837-1A,BKDN170795744-1A,0.465243255,ZSP,YXP,between_breed
BKDN170793837-1A,BKDN170795578-1A,0.657647844,ZSP,YXP,between_breed
BKDN170793837-1A,BKDN170794002-1A,0.749200611,SXD,YXP,between_breed
BKDN170793837-1A,BKDN170794551-1A,0.814703871,LCW,YXP,between_breed
BKDN170793837-1A,BKDN170793839-1A,0.474680444,YXP,YXP,within_breed
BKDN170793837-1A,BKDN170793904-1A,0.273136392,JRD,YXP,between_breed
BKDN170793837-1A,BKDN170794161-1A,0.835479907,SXD,YXP,between_breed
BKDN170793837-1A,BKDN170795739-1A,0.382868139,ZSP,YXP,between_breed
BKDN170793837-1A,BKDN170794158-1A,0.535563851,SXD,YXP,between_breed
BKDN170793837-1A,BKDN170796245-1A,0.486504756,SPD,YXP,between_breed
BKDN170793837-1A,BKDN170796413-1A,0.711330657,MWD,YXP,between_breed
BKDN170793837-1A,BKDN170794548-1A,0.731964788,LCW,YXP,between_breed
BKDN170793837-1A,BKDN170795147-1A,0.792339957,CHP,YXP,between_breed
BKDN170793837-1A,BKDN170796250-1A,0.577141568,SPD,YXP,between_breed
BKDN170793837-1A,BKDN170794809-1A,0.619660826,JYP,YXP,between_breed
BKDN170793837-1A,BKDN170795738-1A,0.35779639,ZSP,YXP,between_breed
BKDN170793837-1A,BKDN170793902-1A,0.524764674,JRD,YXP,between_breed
BKDN170793837-1A,BKDN170795574-1A,0.770663011,ZSP,YXP,between_breed
BKDN170793837-1A,BKDN170795575-1A,0.418599565,ZSP,YXP,between_breed
BKDN170793837-1A,BKDN170793891-1A,0.17246832,MWD,YXP,between_breed
BKDN170793837-1A,BKDN170793998-1A,0.76930927,SXD,YXP,between_breed
BKDN170793837-1A,BKDN170793898-1A,0.391991334,MWD,YXP,between_breed
BKDN170793837-1A,BKDN170794068-1A,0.84939475,JRD,YXP,between_breed
BKDN170793837-1A,BKDN170795142-1A,0.514817367,JYP,YXP,between_breed
BKDN170793837-1A,BKDN170794156-1A,0.788356008,PTB,YXP,between_breed
BKDN170793837-1A,BKDN170793908-1A,0.311972046,JRD,YXP,between_breed
BKDN170793837-1A,BKDN170795573-1A,0.626017686,ZSP,YXP,between_breed
BKDN170793837-1A,BKDN170796253-1A,0.441103256,SPD,YXP,between_breed
BKDN170793837-1A,BKDN170794387-1A,0.758371805,LCW,YXP,between_breed
BKDN170793837-1A,BKDN170794066-1A,0.396286004,JRD,YXP,between_breed
BKDN170793837-1A,BKDN170794331-1A,0.711537178,TWD,YXP,between_breed
BKDN170793837-1A,BKDN170794065-1A,0.345863228,JRD,YXP,between_breed
BKDN170793837-1A,BKDN170795837-1A,0.755915627,CHP,YXP,between_breed
BKDN170793837-1A,BKDN170796006-1A,0.499883308,CHP,YXP,between_breed
BKDN170793837-1A,BKDN170795743-1A,0.571624977,ZSP,YXP,between_breed
BKDN170793837-1A,BKDN170794553-1A,0.725407204,LCW,YXP,between_breed
BKDN170793837-1A,BKDN170794056-1A,0.811656529,MWD,YXP,between_breed
BKDN170793837-1A,BKDN170794148-1A,0.220580586,JRD,YXP,between_breed
BKDN170793837-1A,BKDN170795140-1A,0.750572809,JYP,YXP,between_breed
BKDN170793837-1A,BKDN170793838-1A,0.51424661,YXP,YXP,within_breed
BKDN170793838-1A,BKDN170796000-1A,0.637284826,CHP,YXP,between_breed
BKDN170793838-1A,BKDN170793892-1A,0.42849362,MWD,YXP,between_breed
BKDN170793838-1A,BKDN170796251-1A,0.741626932,SPD,YXP,between_breed
BKDN170793838-1A,BKDN170796004-1A,0.654119378,CHP,YXP,between_breed
BKDN170793838-1A,BKDN170794385-1A,0.556819027,LCW,YXP,between_breed
BKDN170793838-1A,BKDN170796420-1A,0.656322792,SPD,YXP,between_breed
BKDN170793838-1A,BKDN170794972-1A,0.472977357,JYP,YXP,between_breed
BKDN170793838-1A,BKDN170795140-1A,0.439942185,JYP,YXP,between_breed
BKDN170793838-1A,BKDN170795907-1A,0.636966096,LSD,YXP,between_breed
BKDN170793838-1A,BKDN170795145-1A,0.593080825,CHP,YXP,between_breed
BKDN170793838-1A,BKDN170795745-1A,0.542021252,ZSP,YXP,between_breed
BKDN170793838-1A,BKDN170794164-1A,0.527374767,SXD,YXP,between_breed
BKDN170793838-1A,BKDN170795911-1A,0.52382942,LSD,YXP,between_breed
BKDN170793838-1A,BKDN170794554-1A,0.342843967,LCW,YXP,between_breed
BKDN170793838-1A,BKDN170794809-1A,0.414946038,JYP,YXP,between_breed
BKDN170793838-1A,BKDN170793891-1A,0.523489124,MWD,YXP,between_breed
BKDN170793838-1A,BKDN170793908-1A,0.388988019,JRD,YXP,between_breed
BKDN170793838-1A,BKDN170793902-1A,0.616648861,JRD,YXP,between_breed
BKDN170793838-1A,BKDN170794330-1A,0.509555029,TWD,YXP,between_breed
BKDN170793838-1A,BKDN170793995-1A,0.358019985,YXP,YXP,within_breed
BKDN170793838-1A,BKDN170793896-1A,0.535944618,MWD,YXP,between_breed
BKDN170793838-1A,BKDN170793998-1A,0.572498818,SXD,YXP,between_breed
BKDN170793838-1A,BKDN170796250-1A,0.713695645,SPD,YXP,between_breed
BKDN170793838-1A,BKDN170794159-1A,0.533038833,SXD,YXP,between_breed
BKDN170793838-1A,BKDN170795910-1A,0.561454263,LSD,YXP,between_breed
BKDN170793838-1A,BKDN170793899-1A,0.618768428,MWD,YXP,between_breed
BKDN170793838-1A,BKDN170796424-1A,0.617885646,SPD,YXP,between_breed
BKDN170793838-1A,BKDN170795576-1A,0.57370093,ZSP,YXP,between_breed
BKDN170793838-1A,BKDN170794322-1A,0.62367453,PTB,YXP,between_breed
BKDN170793838-1A,BKDN170796080-1A,0.416784507,LSD,YXP,between_breed
BKDN170793838-1A,BKDN170794161-1A,0.582654859,SXD,YXP,between_breed
BKDN170793838-1A,BKDN170794553-1A,0.566967028,LCW,YXP,between_breed
BKDN170793838-1A,BKDN170794228-1A,0.554496332,LCW,YXP,between_breed
BKDN170793838-1A,BKDN170794331-1A,0.431386507,TWD,YXP,between_breed
BKDN170793838-1A,BKDN170794551-1A,0.551613113,LCW,YXP,between_breed
BKDN170793838-1A,BKDN170796421-1A,0.611999951,SPD,YXP,between_breed
BKDN170793838-1A,BKDN170796419-1A,0.603786599,SPD,YXP,between_breed
BKDN170793838-1A,BKDN170796418-1A,0.747717391,SPD,YXP,between_breed
BKDN170793838-1A,BKDN170796245-1A,0.639459293,SPD,YXP,between_breed
BKDN170793838-1A,BKDN170796413-1A,0.456203934,MWD,YXP,between_breed
BKDN170793838-1A,BKDN170793907-1A,0.346010115,JRD,YXP,between_breed
BKDN170793838-1A,BKDN170794002-1A,0.5433133,SXD,YXP,between_breed
BKDN170793838-1A,BKDN170795142-1A,0.450044655,JYP,YXP,between_breed
BKDN170793838-1A,BKDN170794387-1A,0.480738709,LCW,YXP,between_breed
BKDN170793838-1A,BKDN170794149-1A,0.452686931,JRD,YXP,between_breed
BKDN170793838-1A,BKDN170794327-1A,0.466783251,TWD,YXP,between_breed
BKDN170793838-1A,BKDN170793904-1A,0.479740875,JRD,YXP,between_breed
BKDN170793838-1A,BKDN170796253-1A,0.510174974,SPD,YXP,between_breed
BKDN170793838-1A,BKDN170793901-1A,0.663277007,JRD,YXP,between_breed
BKDN170793838-1A,BKDN170794811-1A,0.459885674,JYP,YXP,between_breed
BKDN170793838-1A,BKDN170794480-1A,0.516555912,PTB,YXP,between_breed
BKDN170793838-1A,BKDN170796086-1A,0.583697978,SPD,YXP,between_breed
BKDN170793838-1A,BKDN170795578-1A,0.687527757,ZSP,YXP,between_breed
BKDN170793838-1A,BKDN170794152-1A,0.560863021,PTB,YXP,between_breed
BKDN170793838-1A,BKDN170793993-1A,0.527495043,JRD,YXP,between_breed
BKDN170793838-1A,BKDN170795742-1A,0.440642425,ZSP,YXP,between_breed
BKDN170793838-1A,BKDN170795739-1A,0.558053825,ZSP,YXP,between_breed
BKDN170793838-1A,BKDN170794393-1A,0.579782503,LCW,YXP,between_breed
BKDN170793838-1A,BKDN170796247-1A,0.684359812,SPD,YXP,between_breed
BKDN170793838-1A,BKDN170793839-1A,0.560362441,YXP,YXP,within_breed
BKDN170793838-1A,BKDN170793994-1A,0.416505241,YXP,YXP,within_breed
BKDN170793838-1A,BKDN170795999-1A,0.432251604,CHP,YXP,between_breed
BKDN170793838-1A,BKDN170794054-1A,0.504256327,MWD,YXP,between_breed
BKDN170793838-1A,BKDN170796249-1A,0.593369268,SPD,YXP,between_breed
BKDN170793838-1A,BKDN170796417-1A,0.755365065,SPD,YXP,between_breed
BKDN170793838-1A,BKDN170794165-1A,0.560229595,SXD,YXP,between_breed
BKDN170793838-1A,BKDN170796422-1A,0.752334913,SPD,YXP,between_breed
BKDN170793838-1A,BKDN170793909-1A,0.468119899,JRD,YXP,between_breed
BKDN170793838-1A,BKDN170794067-1A,0.53840539,JRD,YXP,between_breed
BKDN170793838-1A,BKDN170794056-1A,0.560379227,MWD,YXP,between_breed
BKDN170793838-1A,BKDN170794548-1A,0.514999219,LCW,YXP,between_breed
BKDN170793838-1A,BKDN170793893-1A,0.531744844,MWD,YXP,between_breed
BKDN170793838-1A,BKDN170795141-1A,0.577252163,JYP,YXP,between_breed
BKDN170793838-1A,BKDN170796085-1A,0.629746594,SPD,YXP,between_breed
BKDN170793838-1A,BKDN170796006-1A,0.440054623,CHP,YXP,between_breed
BKDN170793838-1A,BKDN170795916-1A,0.673030994,LSD,YXP,between_breed
BKDN170793838-1A,BKDN170795837-1A,0.541263252,CHP,YXP,between_breed
BKDN170793838-1A,BKDN170795577-1A,0.591160272,ZSP,YXP,between_breed
BKDN170793838-1A,BKDN170793895-1A,0.378054609,MWD,YXP,between_breed
BKDN170793838-1A,BKDN170794394-1A,0.534397883,LCW,YXP,between_breed
BKDN170793838-1A,BKDN170794057-1A,0.403216503,MWD,YXP,between_breed
BKDN170793838-1A,BKDN170795912-1A,0.625805795,LSD,YXP,between_breed
BKDN170793838-1A,BKDN170795574-1A,0.552216149,ZSP,YXP,between_breed
BKDN170793838-1A,BKDN170796252-1A,0.585355755,SPD,YXP,between_breed
BKDN170793838-1A,BKDN170793903-1A,0.53427843,JRD,YXP,between_breed
BKDN170793838-1A,BKDN170793898-1A,0.400556652,MWD,YXP,between_breed
BKDN170793838-1A,BKDN170794806-1A,0.653234739,JYP,YXP,between_breed
BKDN170793838-1A,BKDN170793894-1A,0.544371896,MWD,YXP,between_breed
BKDN170793838-1A,BKDN170794058-1A,0.530119145,MWD,YXP,between_breed
BKDN170793838-1A,BKDN170794001-1A,0.517417533,SXD,YXP,between_breed
BKDN170793838-1A,BKDN170795146-1A,0.394222192,CHP,YXP,between_breed
BKDN170793838-1A,BKDN170794805-1A,0.608273799,JYP,YXP,between_breed
BKDN170793838-1A,BKDN170796077-1A,0.529091773,LSD,YXP,between_breed
BKDN170793838-1A,BKDN170794158-1A,0.654025095,SXD,YXP,between_breed
BKDN170793838-1A,BKDN170796254-1A,0.534947967,SPD,YXP,between_breed
BKDN170793838-1A,BKDN170794160-1A,0.549681864,SXD,YXP,between_breed
BKDN170793838-1A,BKDN170794329-1A,0.514179971,TWD,YXP,between_breed
BKDN170793838-1A,BKDN170794163-1A,0.629734943,SXD,YXP,between_breed
BKDN170793838-1A,BKDN170794148-1A,0.578131022,JRD,YXP,between_breed
BKDN170793838-1A,BKDN170795149-1A,0.482506728,CHP,YXP,between_breed
BKDN170793838-1A,BKDN170796173-1A,0.643841159,CHP,YXP,between_breed
BKDN170793838-1A,BKDN170794156-1A,0.744984347,PTB,YXP,between_breed
BKDN170793838-1A,BKDN170795744-1A,0.502118044,ZSP,YXP,between_breed
BKDN170793838-1A,BKDN170794326-1A,0.301423886,TWD,YXP,between_breed
BKDN170793838-1A,BKDN170795738-1A,0.532901375,ZSP,YXP,between_breed
BKDN170793838-1A,BKDN170794066-1A,0.440313079,JRD,YXP,between_breed
BKDN170793838-1A,BKDN170795743-1A,0.581517677,ZSP,YXP,between_breed
BKDN170793838-1A,BKDN170795836-1A,0.5541795,CHP,YXP,between_breed
BKDN170793838-1A,BKDN170795573-1A,0.514465439,ZSP,YXP,between_breed
BKDN170793838-1A,BKDN170794065-1A,0.370544108,JRD,YXP,between_breed
BKDN170793838-1A,BKDN170795737-1A,0.63170136,ZSP,YXP,between_breed
BKDN170793838-1A,BKDN170795147-1A,0.528994115,CHP,YXP,between_breed
BKDN170793838-1A,BKDN170795740-1A,0.505828949,ZSP,YXP,between_breed
BKDN170793838-1A,BKDN170793906-1A,0.431195488,JRD,YXP,between_breed
BKDN170793838-1A,BKDN170794064-1A,0.462246222,JRD,YXP,between_breed
BKDN170793838-1A,BKDN170795575-1A,0.584071654,ZSP,YXP,between_breed
BKDN170793838-1A,BKDN170795572-1A,0.499398559,ZSP,YXP,between_breed
BKDN170793838-1A,BKDN170794392-1A,0.484975537,LCW,YXP,between_breed
BKDN170793838-1A,BKDN170794068-1A,0.624510569,JRD,YXP,between_breed
BKDN170793838-1A,BKDN170793840-1A,0.474831491,YXP,YXP,within_breed
BKDN170793838-1A,BKDN170795838-1A,0.602599977,CHP,YXP,between_breed
BKDN170793839-1A,BKDN170796173-1A,0.722259119,CHP,YXP,between_breed
BKDN170793839-1A,BKDN170794387-1A,0.782472198,LCW,YXP,between_breed
BKDN170793839-1A,BKDN170793840-1A,0.518768321,YXP,YXP,within_breed
BKDN170793839-1A,BKDN170795911-1A,0.533093129,LSD,YXP,between_breed
BKDN170793839-1A,BKDN170796413-1A,0.730938076,MWD,YXP,between_breed
BKDN170793839-1A,BKDN170794067-1A,0.434243472,JRD,YXP,between_breed
BKDN170793839-1A,BKDN170795578-1A,0.607968364,ZSP,YXP,between_breed
BKDN170793839-1A,BKDN170793902-1A,0.677191264,JRD,YXP,between_breed
BKDN170793839-1A,BKDN170794393-1A,0.835488254,LCW,YXP,between_breed
BKDN170793839-1A,BKDN170794001-1A,0.815945054,SXD,YXP,between_breed
BKDN170793839-1A,BKDN170794548-1A,0.795977356,LCW,YXP,between_breed
BKDN170793839-1A,BKDN170796420-1A,0.723814515,SPD,YXP,between_breed
BKDN170793839-1A,BKDN170796253-1A,0.358186479,SPD,YXP,between_breed
BKDN170793839-1A,BKDN170796424-1A,0.581985829,SPD,YXP,between_breed
BKDN170793839-1A,BKDN170795149-1A,0.474104213,CHP,YXP,between_breed
BKDN170793839-1A,BKDN170793909-1A,0.408881602,JRD,YXP,between_breed
BKDN170793839-1A,BKDN170793893-1A,0.443434682,MWD,YXP,between_breed
BKDN170793839-1A,BKDN170795837-1A,0.749264265,CHP,YXP,between_breed
BKDN170793839-1A,BKDN170794056-1A,0.845616771,MWD,YXP,between_breed
BKDN170793839-1A,BKDN170793903-1A,0.496624645,JRD,YXP,between_breed
BKDN170793839-1A,BKDN170795912-1A,0.664939381,LSD,YXP,between_breed
BKDN170793839-1A,BKDN170795743-1A,0.683687349,ZSP,YXP,between_breed
BKDN170793839-1A,BKDN170794065-1A,0.436876162,JRD,YXP,between_breed
BKDN170793839-1A,BKDN170793895-1A,0.514442102,MWD,YXP,between_breed
BKDN170793839-1A,BKDN170794156-1A,0.83035512,PTB,YXP,between_breed
BKDN170793839-1A,BKDN170796252-1A,0.836876023,SPD,YXP,between_breed
BKDN170793839-1A,BKDN170795739-1A,0.615812287,ZSP,YXP,between_breed
BKDN170793839-1A,BKDN170796006-1A,0.516550839,CHP,YXP,between_breed
BKDN170793839-1A,BKDN170794160-1A,0.746361228,SXD,YXP,between_breed
BKDN170793839-1A,BKDN170794805-1A,0.703859814,JYP,YXP,between_breed
BKDN170793839-1A,BKDN170795147-1A,0.807798331,CHP,YXP,between_breed
BKDN170793839-1A,BKDN170793898-1A,0.394607349,MWD,YXP,between_breed
BKDN170793839-1A,BKDN170794054-1A,0.341895187,MWD,YXP,between_breed
BKDN170793839-1A,BKDN170796250-1A,0.714335712,SPD,YXP,between_breed
BKDN170793839-1A,BKDN170794322-1A,0.724034135,PTB,YXP,between_breed
BKDN170793839-1A,BKDN170794002-1A,0.745694895,SXD,YXP,between_breed
BKDN170793839-1A,BKDN170795142-1A,0.478331368,JYP,YXP,between_breed
BKDN170793839-1A,BKDN170794058-1A,0.477875008,MWD,YXP,between_breed
BKDN170793839-1A,BKDN170793894-1A,0.459898807,MWD,YXP,between_breed
BKDN170793839-1A,BKDN170796417-1A,0.713524556,SPD,YXP,between_breed
BKDN170793839-1A,BKDN170794068-1A,0.850498442,JRD,YXP,between_breed
BKDN170793839-1A,BKDN170795141-1A,0.656265287,JYP,YXP,between_breed
BKDN170793839-1A,BKDN170795916-1A,0.365428236,LSD,YXP,between_breed
BKDN170793839-1A,BKDN170794165-1A,0.753914627,SXD,YXP,between_breed
BKDN170793839-1A,BKDN170793908-1A,0.422197662,JRD,YXP,between_breed
BKDN170793839-1A,BKDN170793907-1A,0.441892985,JRD,YXP,between_breed
BKDN170793839-1A,BKDN170795574-1A,0.811884706,ZSP,YXP,between_breed
BKDN170793839-1A,BKDN170795907-1A,0.671383401,LSD,YXP,between_breed
BKDN170793839-1A,BKDN170796249-1A,0.63949907,SPD,YXP,between_breed
BKDN170793839-1A,BKDN170796004-1A,0.601367162,CHP,YXP,between_breed
BKDN170793839-1A,BKDN170793994-1A,0.468408268,YXP,YXP,within_breed
BKDN170793839-1A,BKDN170793899-1A,0.431794063,MWD,YXP,between_breed
BKDN170793839-1A,BKDN170794554-1A,0.391555696,LCW,YXP,between_breed
BKDN170793839-1A,BKDN170794811-1A,0.528158799,JYP,YXP,between_breed
BKDN170793839-1A,BKDN170794326-1A,0.463288021,TWD,YXP,between_breed
BKDN170793839-1A,BKDN170796080-1A,0.612060964,LSD,YXP,between_breed
BKDN170793839-1A,BKDN170795575-1A,0.529233697,ZSP,YXP,between_breed
BKDN170793839-1A,BKDN170795140-1A,0.72015042,JYP,YXP,between_breed
BKDN170793839-1A,BKDN170796000-1A,0.713576701,CHP,YXP,between_breed
BKDN170793839-1A,BKDN170794331-1A,0.74753249,TWD,YXP,between_breed
BKDN170793839-1A,BKDN170794149-1A,0.467501011,JRD,YXP,between_breed
BKDN170793839-1A,BKDN170794330-1A,0.704973669,TWD,YXP,between_breed
BKDN170793839-1A,BKDN170796419-1A,0.846556383,SPD,YXP,between_breed
BKDN170793839-1A,BKDN170793998-1A,0.719512533,SXD,YXP,between_breed
BKDN170793839-1A,BKDN170794972-1A,0.455811672,JYP,YXP,between_breed
BKDN170793839-1A,BKDN170796422-1A,0.70181608,SPD,YXP,between_breed
BKDN170793839-1A,BKDN170794809-1A,0.585299065,JYP,YXP,between_breed
BKDN170793839-1A,BKDN170795737-1A,0.55776278,ZSP,YXP,between_breed
BKDN170793839-1A,BKDN170796421-1A,0.554031469,SPD,YXP,between_breed
BKDN170793839-1A,BKDN170793995-1A,0.4312655,YXP,YXP,within_breed
BKDN170793839-1A,BKDN170795145-1A,0.827529662,CHP,YXP,between_breed
BKDN170793839-1A,BKDN170796418-1A,0.713290339,SPD,YXP,between_breed
BKDN170793839-1A,BKDN170794164-1A,0.773074113,SXD,YXP,between_breed
BKDN170793839-1A,BKDN170796077-1A,0.788143416,LSD,YXP,between_breed
BKDN170793839-1A,BKDN170794163-1A,0.65347923,SXD,YXP,between_breed
BKDN170793839-1A,BKDN170794066-1A,0.434845397,JRD,YXP,between_breed
BKDN170793839-1A,BKDN170793891-1A,0.415291372,MWD,YXP,between_breed
BKDN170793839-1A,BKDN170795738-1A,0.582754556,ZSP,YXP,between_breed
BKDN170793839-1A,BKDN170795573-1A,0.490212757,ZSP,YXP,between_breed
BKDN170793839-1A,BKDN170795836-1A,0.625473858,CHP,YXP,between_breed
BKDN170793839-1A,BKDN170794806-1A,0.728681207,JYP,YXP,between_breed
BKDN170793839-1A,BKDN170793906-1A,0.549244491,JRD,YXP,between_breed
BKDN170793839-1A,BKDN170795577-1A,0.452295272,ZSP,YXP,between_breed
BKDN170793839-1A,BKDN170793904-1A,0.461319658,JRD,YXP,between_breed
BKDN170793839-1A,BKDN170796086-1A,0.712471019,SPD,YXP,between_breed
BKDN170793839-1A,BKDN170794057-1A,0.389714561,MWD,YXP,between_breed
BKDN170793839-1A,BKDN170794551-1A,0.832341795,LCW,YXP,between_breed
BKDN170793839-1A,BKDN170795999-1A,0.549584239,CHP,YXP,between_breed
BKDN170793839-1A,BKDN170796247-1A,0.492249982,SPD,YXP,between_breed
BKDN170793839-1A,BKDN170793901-1A,0.501964443,JRD,YXP,between_breed
BKDN170793839-1A,BKDN170794228-1A,0.78966846,LCW,YXP,between_breed
BKDN170793839-1A,BKDN170795740-1A,0.493251668,ZSP,YXP,between_breed
BKDN170793839-1A,BKDN170795745-1A,0.304511176,ZSP,YXP,between_breed
BKDN170793839-1A,BKDN170795744-1A,0.494655349,ZSP,YXP,between_breed
BKDN170793839-1A,BKDN170794480-1A,0.823826393,PTB,YXP,between_breed
BKDN170793839-1A,BKDN170794158-1A,0.633582956,SXD,YXP,between_breed
BKDN170793839-1A,BKDN170794161-1A,0.781164851,SXD,YXP,between_breed
BKDN170793839-1A,BKDN170796245-1A,0.618963426,SPD,YXP,between_breed
BKDN170793839-1A,BKDN170795742-1A,0.436421589,ZSP,YXP,between_breed
BKDN170793839-1A,BKDN170794159-1A,0.722595048,SXD,YXP,between_breed
BKDN170793839-1A,BKDN170794553-1A,0.536579896,LCW,YXP,between_breed
BKDN170793839-1A,BKDN170796085-1A,0.620323106,SPD,YXP,between_breed
BKDN170793839-1A,BKDN170794394-1A,0.695043913,LCW,YXP,between_breed
BKDN170793839-1A,BKDN170796254-1A,0.751996751,SPD,YXP,between_breed
BKDN170793839-1A,BKDN170796251-1A,0.757439697,SPD,YXP,between_breed
BKDN170793839-1A,BKDN170794392-1A,0.374489833,LCW,YXP,between_breed
BKDN170793839-1A,BKDN170795838-1A,0.674679474,CHP,YXP,between_breed
BKDN170793839-1A,BKDN170793896-1A,0.385087336,MWD,YXP,between_breed
BKDN170793839-1A,BKDN170795910-1A,0.842960162,LSD,YXP,between_breed
BKDN170793839-1A,BKDN170795576-1A,0.449903836,ZSP,YXP,between_breed
BKDN170793839-1A,BKDN170794148-1A,0.462504724,JRD,YXP,between_breed
BKDN170793839-1A,BKDN170795146-1A,0.543231586,CHP,YXP,between_breed
BKDN170793839-1A,BKDN170794385-1A,0.740814759,LCW,YXP,between_breed
BKDN170793839-1A,BKDN170793993-1A,0.337219885,JRD,YXP,between_breed
BKDN170793839-1A,BKDN170794152-1A,0.578085322,PTB,YXP,between_breed
BKDN170793839-1A,BKDN170793892-1A,0.660874027,MWD,YXP,between_breed
BKDN170793839-1A,BKDN170795572-1A,0.736637661,ZSP,YXP,between_breed
BKDN170793839-1A,BKDN170794327-1A,0.488519742,TWD,YXP,between_breed
BKDN170793839-1A,BKDN170794064-1A,0.36976564,JRD,YXP,between_breed
BKDN170793839-1A,BKDN170794329-1A,0.400680442,TWD,YXP,between_breed
BKDN170793840-1A,BKDN170794057-1A,0.50620577,MWD,YXP,between_breed
BKDN170793840-1A,BKDN170794393-1A,0.847390359,LCW,YXP,between_breed
BKDN170793840-1A,BKDN170796086-1A,0.679816127,SPD,YXP,between_breed
BKDN170793840-1A,BKDN170793993-1A,0.505616111,JRD,YXP,between_breed
BKDN170793840-1A,BKDN170794067-1A,0.312822482,JRD,YXP,between_breed
BKDN170793840-1A,BKDN170795744-1A,0.598191053,ZSP,YXP,between_breed
BKDN170793840-1A,BKDN170794387-1A,0.802814575,LCW,YXP,between_breed
BKDN170793840-1A,BKDN170793908-1A,0.366010758,JRD,YXP,between_breed
BKDN170793840-1A,BKDN170796251-1A,0.751899747,SPD,YXP,between_breed
BKDN170793840-1A,BKDN170795838-1A,0.761475218,CHP,YXP,between_breed
BKDN170793840-1A,BKDN170794806-1A,0.800171548,JYP,YXP,between_breed
BKDN170793840-1A,BKDN170795740-1A,0.456123923,ZSP,YXP,between_breed
BKDN170793840-1A,BKDN170795743-1A,0.744651717,ZSP,YXP,between_breed
BKDN170793840-1A,BKDN170795574-1A,0.823740738,ZSP,YXP,between_breed
BKDN170793840-1A,BKDN170794331-1A,0.781451922,TWD,YXP,between_breed
BKDN170793840-1A,BKDN170793907-1A,0.467357649,JRD,YXP,between_breed
BKDN170793840-1A,BKDN170794228-1A,0.76548021,LCW,YXP,between_breed
BKDN170793840-1A,BKDN170796413-1A,0.772021386,MWD,YXP,between_breed
BKDN170793840-1A,BKDN170793994-1A,0.262406276,YXP,YXP,within_breed
BKDN170793840-1A,BKDN170793903-1A,0.45085246,JRD,YXP,between_breed
BKDN170793840-1A,BKDN170796004-1A,0.726922264,CHP,YXP,between_breed
BKDN170793840-1A,BKDN170793906-1A,0.609050466,JRD,YXP,between_breed
BKDN170793840-1A,BKDN170794054-1A,0.473059508,MWD,YXP,between_breed
BKDN170793840-1A,BKDN170794058-1A,0.300503348,MWD,YXP,between_breed
BKDN170793840-1A,BKDN170794326-1A,0.335628802,TWD,YXP,between_breed
BKDN170793840-1A,BKDN170794148-1A,0.262632668,JRD,YXP,between_breed
BKDN170793840-1A,BKDN170794068-1A,0.88345742,JRD,YXP,between_breed
BKDN170793840-1A,BKDN170794805-1A,0.77758245,JYP,YXP,between_breed
BKDN170793840-1A,BKDN170796080-1A,0.619785627,LSD,YXP,between_breed
BKDN170793840-1A,BKDN170794322-1A,0.690509274,PTB,YXP,between_breed
BKDN170793840-1A,BKDN170793895-1A,0.569634555,MWD,YXP,between_breed
BKDN170793840-1A,BKDN170795145-1A,0.873864495,CHP,YXP,between_breed
BKDN170793840-1A,BKDN170794149-1A,0.574481024,JRD,YXP,between_breed
BKDN170793840-1A,BKDN170795912-1A,0.532574259,LSD,YXP,between_breed
BKDN170793840-1A,BKDN170794972-1A,0.585313383,JYP,YXP,between_breed
BKDN170793840-1A,BKDN170794551-1A,0.863029958,LCW,YXP,between_breed
BKDN170793840-1A,BKDN170794158-1A,0.653427208,SXD,YXP,between_breed
BKDN170793840-1A,BKDN170794811-1A,0.647545606,JYP,YXP,between_breed
BKDN170793840-1A,BKDN170795141-1A,0.726596361,JYP,YXP,between_breed
BKDN170793840-1A,BKDN170793891-1A,0.319600513,MWD,YXP,between_breed
BKDN170793840-1A,BKDN170796254-1A,0.688054496,SPD,YXP,between_breed
BKDN170793840-1A,BKDN170795745-1A,0.512990989,ZSP,YXP,between_breed
BKDN170793840-1A,BKDN170794065-1A,0.492719917,JRD,YXP,between_breed
BKDN170793840-1A,BKDN170793902-1A,0.651345313,JRD,YXP,between_breed
BKDN170793840-1A,BKDN170794554-1A,0.448895989,LCW,YXP,between_breed
BKDN170793840-1A,BKDN170794553-1A,0.761611037,LCW,YXP,between_breed
BKDN170793840-1A,BKDN170793896-1A,0.324048298,MWD,YXP,between_breed
BKDN170793840-1A,BKDN170794394-1A,0.780644239,LCW,YXP,between_breed
BKDN170793840-1A,BKDN170795142-1A,0.548357425,JYP,YXP,between_breed
BKDN170793840-1A,BKDN170793893-1A,0.238866035,MWD,YXP,between_breed
BKDN170793840-1A,BKDN170794329-1A,0.476643052,TWD,YXP,between_breed
BKDN170793840-1A,BKDN170794066-1A,0.523566305,JRD,YXP,between_breed
BKDN170793840-1A,BKDN170796417-1A,0.731761099,SPD,YXP,between_breed
BKDN170793840-1A,BKDN170796420-1A,0.659948549,SPD,YXP,between_breed
BKDN170793840-1A,BKDN170794001-1A,0.837114981,SXD,YXP,between_breed
BKDN170793840-1A,BKDN170794330-1A,0.756325001,TWD,YXP,between_breed
BKDN170793840-1A,BKDN170794056-1A,0.859024887,MWD,YXP,between_breed
BKDN170793840-1A,BKDN170796077-1A,0.822820141,LSD,YXP,between_breed
BKDN170793840-1A,BKDN170794480-1A,0.869557062,PTB,YXP,between_breed
BKDN170793840-1A,BKDN170794156-1A,0.86602164,PTB,YXP,between_breed
BKDN170793840-1A,BKDN170795916-1A,0.714105259,LSD,YXP,between_breed
BKDN170793840-1A,BKDN170794392-1A,0.517630348,LCW,YXP,between_breed
BKDN170793840-1A,BKDN170794548-1A,0.804560334,LCW,YXP,between_breed
BKDN170793840-1A,BKDN170796006-1A,0.559469871,CHP,YXP,between_breed
BKDN170793840-1A,BKDN170795737-1A,0.571814839,ZSP,YXP,between_breed
BKDN170793840-1A,BKDN170794160-1A,0.794025897,SXD,YXP,between_breed
BKDN170793840-1A,BKDN170796424-1A,0.699584028,SPD,YXP,between_breed
BKDN170793840-1A,BKDN170795836-1A,0.716319767,CHP,YXP,between_breed
BKDN170793840-1A,BKDN170795907-1A,0.700668475,LSD,YXP,between_breed
BKDN170793840-1A,BKDN170796000-1A,0.80165388,CHP,YXP,between_breed
BKDN170793840-1A,BKDN170795577-1A,0.610985374,ZSP,YXP,between_breed
BKDN170793840-1A,BKDN170795911-1A,0.539687213,LSD,YXP,between_breed
BKDN170793840-1A,BKDN170793892-1A,0.723930755,MWD,YXP,between_breed
BKDN170793840-1A,BKDN170793909-1A,0.346128854,JRD,YXP,between_breed
BKDN170793840-1A,BKDN170795742-1A,0.467051614,ZSP,YXP,between_breed
BKDN170793840-1A,BKDN170796253-1A,0.542559358,SPD,YXP,between_breed
BKDN170793840-1A,BKDN170795837-1A,0.818795526,CHP,YXP,between_breed
BKDN170793840-1A,BKDN170795999-1A,0.589493648,CHP,YXP,between_breed
BKDN170793840-1A,BKDN170793894-1A,0.29171495,MWD,YXP,between_breed
BKDN170793840-1A,BKDN170796421-1A,0.690042666,SPD,YXP,between_breed
BKDN170793840-1A,BKDN170794152-1A,0.528738014,PTB,YXP,between_breed
BKDN170793840-1A,BKDN170795140-1A,0.785380069,JYP,YXP,between_breed
BKDN170793840-1A,BKDN170794163-1A,0.784823719,SXD,YXP,between_breed
BKDN170793840-1A,BKDN170794165-1A,0.853335587,SXD,YXP,between_breed
BKDN170793840-1A,BKDN170796418-1A,0.706715438,SPD,YXP,between_breed
BKDN170793840-1A,BKDN170794164-1A,0.837533947,SXD,YXP,between_breed
BKDN170793840-1A,BKDN170793904-1A,0.446858795,JRD,YXP,between_breed
BKDN170793840-1A,BKDN170795573-1A,0.696354811,ZSP,YXP,between_breed
BKDN170793840-1A,BKDN170794327-1A,0.34922966,TWD,YXP,between_breed
BKDN170793840-1A,BKDN170793995-1A,0.26957135,YXP,YXP,within_breed
BKDN170793840-1A,BKDN170794064-1A,0.490401564,JRD,YXP,between_breed
BKDN170793840-1A,BKDN170796173-1A,0.799587086,CHP,YXP,between_breed
BKDN170793840-1A,BKDN170795578-1A,0.748390415,ZSP,YXP,between_breed
BKDN170793840-1A,BKDN170794002-1A,0.80886369,SXD,YXP,between_breed
BKDN170793840-1A,BKDN170794161-1A,0.876042519,SXD,YXP,between_breed
BKDN170793840-1A,BKDN170796245-1A,0.677017192,SPD,YXP,between_breed
BKDN170793840-1A,BKDN170796085-1A,0.614736386,SPD,YXP,between_breed
BKDN170793840-1A,BKDN170796249-1A,0.692896298,SPD,YXP,between_breed
BKDN170793840-1A,BKDN170794809-1A,0.649076487,JYP,YXP,between_breed
BKDN170793840-1A,BKDN170795910-1A,0.864268945,LSD,YXP,between_breed
BKDN170793840-1A,BKDN170795146-1A,0.525414622,CHP,YXP,between_breed
BKDN170793840-1A,BKDN170796252-1A,0.843924465,SPD,YXP,between_breed
BKDN170793840-1A,BKDN170795738-1A,0.56576903,ZSP,YXP,between_breed
BKDN170793840-1A,BKDN170796250-1A,0.781497897,SPD,YXP,between_breed
BKDN170793840-1A,BKDN170793899-1A,0.52833601,MWD,YXP,between_breed
BKDN170793840-1A,BKDN170795739-1A,0.549335959,ZSP,YXP,between_breed
BKDN170793840-1A,BKDN170795575-1A,0.516912293,ZSP,YXP,between_breed
BKDN170793840-1A,BKDN170796419-1A,0.848629954,SPD,YXP,between_breed
BKDN170793840-1A,BKDN170793898-1A,0.516420444,MWD,YXP,between_breed
BKDN170793840-1A,BKDN170793901-1A,0.582164571,JRD,YXP,between_breed
BKDN170793840-1A,BKDN170794159-1A,0.83476313,SXD,YXP,between_breed
BKDN170793840-1A,BKDN170796422-1A,0.757852975,SPD,YXP,between_breed
BKDN170793840-1A,BKDN170795149-1A,0.562185172,CHP,YXP,between_breed
BKDN170793840-1A,BKDN170793998-1A,0.835257629,SXD,YXP,between_breed
BKDN170793840-1A,BKDN170795147-1A,0.828030705,CHP,YXP,between_breed
BKDN170793840-1A,BKDN170794385-1A,0.800215141,LCW,YXP,between_breed
BKDN170793840-1A,BKDN170795576-1A,0.545160775,ZSP,YXP,between_breed
BKDN170793840-1A,BKDN170796247-1A,0.633025618,SPD,YXP,between_breed
BKDN170793840-1A,BKDN170795572-1A,0.72345759,ZSP,YXP,between_breed
BKDN170793891-1A,BKDN170793994-1A,0.24797396,YXP,MWD,between_breed
BKDN170793891-1A,BKDN170794811-1A,0.581902407,JYP,MWD,between_breed
BKDN170793891-1A,BKDN170794329-1A,0.263659261,TWD,MWD,between_breed
BKDN170793891-1A,BKDN170795910-1A,0.839792806,LSD,MWD,between_breed
BKDN170793891-1A,BKDN170795911-1A,0.393767963,LSD,MWD,between_breed
BKDN170793891-1A,BKDN170795742-1A,0.343702146,ZSP,MWD,between_breed
BKDN170793891-1A,BKDN170794068-1A,0.867092032,JRD,MWD,between_breed
BKDN170793891-1A,BKDN170793993-1A,0.412131421,JRD,MWD,between_breed
BKDN170793891-1A,BKDN170794163-1A,0.761941733,SXD,MWD,between_breed
BKDN170793891-1A,BKDN170793906-1A,0.528138931,JRD,MWD,between_breed
BKDN170793891-1A,BKDN170796245-1A,0.616653866,SPD,MWD,between_breed
BKDN170793891-1A,BKDN170795142-1A,0.518238142,JYP,MWD,between_breed
BKDN170793891-1A,BKDN170795739-1A,0.465129257,ZSP,MWD,between_breed
BKDN170793891-1A,BKDN170796424-1A,0.632118907,SPD,MWD,between_breed
BKDN170793891-1A,BKDN170794805-1A,0.740675089,JYP,MWD,between_breed
BKDN170793891-1A,BKDN170796173-1A,0.786983185,CHP,MWD,between_breed
BKDN170793891-1A,BKDN170794001-1A,0.839855915,SXD,MWD,between_breed
BKDN170793891-1A,BKDN170794322-1A,0.672378887,PTB,MWD,between_breed
BKDN170793891-1A,BKDN170794330-1A,0.720404522,TWD,MWD,between_breed
BKDN170793891-1A,BKDN170793903-1A,0.400041649,JRD,MWD,between_breed
BKDN170793891-1A,BKDN170794057-1A,0.329187683,MWD,MWD,within_breed
BKDN170793891-1A,BKDN170796247-1A,0.478715475,SPD,MWD,between_breed
BKDN170793891-1A,BKDN170795576-1A,0.428112442,ZSP,MWD,between_breed
BKDN170793891-1A,BKDN170795837-1A,0.772537818,CHP,MWD,between_breed
BKDN170793891-1A,BKDN170795737-1A,0.459713018,ZSP,MWD,between_breed
BKDN170793891-1A,BKDN170796004-1A,0.663745187,CHP,MWD,between_breed
BKDN170793891-1A,BKDN170794149-1A,0.488761226,JRD,MWD,between_breed
BKDN170793891-1A,BKDN170795912-1A,0.517245306,LSD,MWD,between_breed
BKDN170793891-1A,BKDN170794002-1A,0.795199114,SXD,MWD,between_breed
BKDN170793891-1A,BKDN170795147-1A,0.790074553,CHP,MWD,between_breed
BKDN170793891-1A,BKDN170793908-1A,0.319634128,JRD,MWD,between_breed
BKDN170793891-1A,BKDN170796251-1A,0.66735983,SPD,MWD,between_breed
BKDN170793891-1A,BKDN170796080-1A,0.513287361,LSD,MWD,between_breed
BKDN170793891-1A,BKDN170794067-1A,0.153120561,JRD,MWD,between_breed
BKDN170793891-1A,BKDN170796413-1A,0.727572688,MWD,MWD,within_breed
BKDN170793891-1A,BKDN170794326-1A,0.317661992,TWD,MWD,between_breed
BKDN170793891-1A,BKDN170795838-1A,0.722704516,CHP,MWD,between_breed
BKDN170793891-1A,BKDN170795577-1A,0.440791668,ZSP,MWD,between_breed
BKDN170793891-1A,BKDN170794327-1A,0.265427013,TWD,MWD,between_breed
BKDN170793891-1A,BKDN170794553-1A,0.647318404,LCW,MWD,between_breed
BKDN170793891-1A,BKDN170794392-1A,0.366750544,LCW,MWD,between_breed
BKDN170793891-1A,BKDN170795743-1A,0.693520664,ZSP,MWD,between_breed
BKDN170793891-1A,BKDN170795146-1A,0.466764504,CHP,MWD,between_breed
BKDN170793891-1A,BKDN170795141-1A,0.721103949,JYP,MWD,between_breed
BKDN170793891-1A,BKDN170794554-1A,0.287485578,LCW,MWD,between_breed
BKDN170793891-1A,BKDN170796254-1A,0.679520419,SPD,MWD,between_breed
BKDN170793891-1A,BKDN170795575-1A,0.389667849,ZSP,MWD,between_breed
BKDN170793891-1A,BKDN170795999-1A,0.492339361,CHP,MWD,between_breed
BKDN170793891-1A,BKDN170794806-1A,0.785669335,JYP,MWD,between_breed
BKDN170793891-1A,BKDN170793998-1A,0.828701641,SXD,MWD,between_breed
BKDN170793891-1A,BKDN170794066-1A,0.390753854,JRD,MWD,between_breed
BKDN170793891-1A,BKDN170793899-1A,0.384692891,MWD,MWD,within_breed
BKDN170793891-1A,BKDN170796420-1A,0.66239566,SPD,MWD,between_breed
BKDN170793891-1A,BKDN170794387-1A,0.787493999,LCW,MWD,between_breed
BKDN170793891-1A,BKDN170794158-1A,0.598345841,SXD,MWD,between_breed
BKDN170793891-1A,BKDN170794156-1A,0.816837445,PTB,MWD,between_breed
BKDN170793891-1A,BKDN170796422-1A,0.703270967,SPD,MWD,between_breed
BKDN170793891-1A,BKDN170794394-1A,0.702866013,LCW,MWD,between_breed
BKDN170793891-1A,BKDN170795916-1A,0.600078193,LSD,MWD,between_breed
BKDN170793891-1A,BKDN170795574-1A,0.792757649,ZSP,MWD,between_breed
BKDN170793891-1A,BKDN170794056-1A,0.84181443,MWD,MWD,within_breed
BKDN170793891-1A,BKDN170796250-1A,0.718679071,SPD,MWD,between_breed
BKDN170793891-1A,BKDN170796419-1A,0.816330755,SPD,MWD,between_breed
BKDN170793891-1A,BKDN170794148-1A,0.20252506,JRD,MWD,between_breed
BKDN170793891-1A,BKDN170794548-1A,0.760435377,LCW,MWD,between_breed
BKDN170793891-1A,BKDN170793995-1A,0.258240067,YXP,MWD,between_breed
BKDN170793891-1A,BKDN170794159-1A,0.8153766,SXD,MWD,between_breed
BKDN170793891-1A,BKDN170794160-1A,0.807093654,SXD,MWD,between_breed
BKDN170793891-1A,BKDN170796249-1A,0.647355804,SPD,MWD,between_breed
BKDN170793891-1A,BKDN170795573-1A,0.58065744,ZSP,MWD,between_breed
BKDN170793891-1A,BKDN170793894-1A,0.112830243,MWD,MWD,within_breed
BKDN170793891-1A,BKDN170794228-1A,0.782183593,LCW,MWD,between_breed
BKDN170793891-1A,BKDN170796086-1A,0.645453545,SPD,MWD,between_breed
BKDN170793891-1A,BKDN170794164-1A,0.832384279,SXD,MWD,between_breed
BKDN170793891-1A,BKDN170796418-1A,0.671071878,SPD,MWD,between_breed
BKDN170793891-1A,BKDN170794065-1A,0.371957022,JRD,MWD,between_breed
BKDN170793891-1A,BKDN170795578-1A,0.687798499,ZSP,MWD,between_breed
BKDN170793891-1A,BKDN170796000-1A,0.778158441,CHP,MWD,between_breed
BKDN170793891-1A,BKDN170795745-1A,0.392125306,ZSP,MWD,between_breed
BKDN170793891-1A,BKDN170794480-1A,0.8425667,PTB,MWD,between_breed
BKDN170793891-1A,BKDN170794161-1A,0.872726497,SXD,MWD,between_breed
BKDN170793891-1A,BKDN170794385-1A,0.733810211,LCW,MWD,between_breed
BKDN170793891-1A,BKDN170793895-1A,0.455653102,MWD,MWD,within_breed
BKDN170793891-1A,BKDN170794393-1A,0.806188455,LCW,MWD,between_breed
BKDN170793891-1A,BKDN170793909-1A,0.214208025,JRD,MWD,between_breed
BKDN170793891-1A,BKDN170796417-1A,0.646661467,SPD,MWD,between_breed
BKDN170793891-1A,BKDN170796253-1A,0.377863548,SPD,MWD,between_breed
BKDN170793891-1A,BKDN170793892-1A,0.652440427,MWD,MWD,within_breed
BKDN170793891-1A,BKDN170793904-1A,0.296355994,JRD,MWD,between_breed
BKDN170793891-1A,BKDN170795140-1A,0.770426242,JYP,MWD,between_breed
BKDN170793891-1A,BKDN170793898-1A,0.312336669,MWD,MWD,within_breed
BKDN170793891-1A,BKDN170795738-1A,0.409908532,ZSP,MWD,between_breed
BKDN170793891-1A,BKDN170795145-1A,0.854081044,CHP,MWD,between_breed
BKDN170793891-1A,BKDN170794064-1A,0.321746884,JRD,MWD,between_breed
BKDN170793891-1A,BKDN170796252-1A,0.803085605,SPD,MWD,between_breed
BKDN170793891-1A,BKDN170793907-1A,0.424837905,JRD,MWD,between_breed
BKDN170793891-1A,BKDN170796006-1A,0.522379628,CHP,MWD,between_breed
BKDN170793891-1A,BKDN170794058-1A,0.159286612,MWD,MWD,within_breed
BKDN170793891-1A,BKDN170794551-1A,0.832230961,LCW,MWD,between_breed
BKDN170793891-1A,BKDN170794165-1A,0.84112618,SXD,MWD,between_breed
BKDN170793891-1A,BKDN170795740-1A,0.369052249,ZSP,MWD,between_breed
BKDN170793891-1A,BKDN170793896-1A,0.069645985,MWD,MWD,within_breed
BKDN170793891-1A,BKDN170794809-1A,0.625440807,JYP,MWD,between_breed
BKDN170793891-1A,BKDN170794152-1A,0.469998919,PTB,MWD,between_breed
BKDN170793891-1A,BKDN170795149-1A,0.486205664,CHP,MWD,between_breed
BKDN170793891-1A,BKDN170796421-1A,0.617323417,SPD,MWD,between_breed
BKDN170793891-1A,BKDN170794331-1A,0.728629466,TWD,MWD,between_breed
BKDN170793891-1A,BKDN170793902-1A,0.560987197,JRD,MWD,between_breed
BKDN170793891-1A,BKDN170796077-1A,0.797094881,LSD,MWD,between_breed
BKDN170793891-1A,BKDN170795744-1A,0.480799046,ZSP,MWD,between_breed
BKDN170793891-1A,BKDN170793893-1A,0.170009339,MWD,MWD,within_breed
BKDN170793891-1A,BKDN170796085-1A,0.504189713,SPD,MWD,between_breed
BKDN170793891-1A,BKDN170794972-1A,0.50965856,JYP,MWD,between_breed
BKDN170793891-1A,BKDN170795907-1A,0.580109884,LSD,MWD,between_breed
BKDN170793891-1A,BKDN170795836-1A,0.681868284,CHP,MWD,between_breed
BKDN170793891-1A,BKDN170795572-1A,0.733271469,ZSP,MWD,between_breed
BKDN170793891-1A,BKDN170794054-1A,0.388667866,MWD,MWD,within_breed
BKDN170793891-1A,BKDN170793901-1A,0.48380626,JRD,MWD,between_breed
BKDN170793892-1A,BKDN170796251-1A,0.71886022,SPD,MWD,between_breed
BKDN170793892-1A,BKDN170794067-1A,0.677714648,JRD,MWD,between_breed
BKDN170793892-1A,BKDN170793906-1A,0.308020584,JRD,MWD,between_breed
BKDN170793892-1A,BKDN170794228-1A,0.280450664,LCW,MWD,between_breed
BKDN170793892-1A,BKDN170794554-1A,0.435576441,LCW,MWD,between_breed
BKDN170793892-1A,BKDN170793898-1A,0.411873495,MWD,MWD,within_breed
BKDN170793892-1A,BKDN170793894-1A,0.687784449,MWD,MWD,within_breed
BKDN170793892-1A,BKDN170794393-1A,0.273238729,LCW,MWD,between_breed
BKDN170793892-1A,BKDN170793899-1A,0.716384908,MWD,MWD,within_breed
BKDN170793892-1A,BKDN170796077-1A,0.228768778,LSD,MWD,between_breed
BKDN170793892-1A,BKDN170795146-1A,0.478302867,CHP,MWD,between_breed
BKDN170793892-1A,BKDN170795911-1A,0.643551622,LSD,MWD,between_breed
BKDN170793892-1A,BKDN170796000-1A,0.485062392,CHP,MWD,between_breed
BKDN170793892-1A,BKDN170794809-1A,0.427406914,JYP,MWD,between_breed
BKDN170793892-1A,BKDN170793903-1A,0.711053329,JRD,MWD,between_breed
BKDN170793892-1A,BKDN170794480-1A,0.289571735,PTB,MWD,between_breed
BKDN170793892-1A,BKDN170796253-1A,0.582009185,SPD,MWD,between_breed
BKDN170793892-1A,BKDN170795910-1A,0.310259928,LSD,MWD,between_breed
BKDN170793892-1A,BKDN170794326-1A,0.683665644,TWD,MWD,between_breed
BKDN170793892-1A,BKDN170794160-1A,0.418214632,SXD,MWD,between_breed
BKDN170793892-1A,BKDN170794330-1A,0.353098951,TWD,MWD,between_breed
BKDN170793892-1A,BKDN170796004-1A,0.626745734,CHP,MWD,between_breed
BKDN170793892-1A,BKDN170794385-1A,0.2514069,LCW,MWD,between_breed
BKDN170793892-1A,BKDN170796086-1A,0.635820401,SPD,MWD,between_breed
BKDN170793892-1A,BKDN170796085-1A,0.692257936,SPD,MWD,between_breed
BKDN170793892-1A,BKDN170795742-1A,0.597361641,ZSP,MWD,between_breed
BKDN170793892-1A,BKDN170795738-1A,0.675005684,ZSP,MWD,between_breed
BKDN170793892-1A,BKDN170794058-1A,0.615855771,MWD,MWD,within_breed
BKDN170793892-1A,BKDN170794322-1A,0.633287293,PTB,MWD,between_breed
BKDN170793892-1A,BKDN170794329-1A,0.615036669,TWD,MWD,between_breed
BKDN170793892-1A,BKDN170795574-1A,0.274094725,ZSP,MWD,between_breed
BKDN170793892-1A,BKDN170794164-1A,0.371224199,SXD,MWD,between_breed
BKDN170793892-1A,BKDN170796249-1A,0.606828211,SPD,MWD,between_breed
BKDN170793892-1A,BKDN170793895-1A,0.288154224,MWD,MWD,within_breed
BKDN170793892-1A,BKDN170794066-1A,0.506919591,JRD,MWD,between_breed
BKDN170793892-1A,BKDN170795149-1A,0.468211826,CHP,MWD,between_breed
BKDN170793892-1A,BKDN170794387-1A,0.251069274,LCW,MWD,between_breed
BKDN170793892-1A,BKDN170796245-1A,0.673180456,SPD,MWD,between_breed
BKDN170793892-1A,BKDN170795836-1A,0.507403722,CHP,MWD,between_breed
BKDN170793892-1A,BKDN170794156-1A,0.581027631,PTB,MWD,between_breed
BKDN170793892-1A,BKDN170793904-1A,0.650737101,JRD,MWD,between_breed
BKDN170793892-1A,BKDN170794548-1A,0.24441109,LCW,MWD,between_breed
BKDN170793892-1A,BKDN170793993-1A,0.713640053,JRD,MWD,between_breed
BKDN170793892-1A,BKDN170794551-1A,0.257209745,LCW,MWD,between_breed
BKDN170793892-1A,BKDN170796006-1A,0.499464657,CHP,MWD,between_breed
BKDN170793892-1A,BKDN170796247-1A,0.700790418,SPD,MWD,between_breed
BKDN170793892-1A,BKDN170794068-1A,0.388354882,JRD,MWD,between_breed
BKDN170793892-1A,BKDN170793896-1A,0.67572058,MWD,MWD,within_breed
BKDN170793892-1A,BKDN170795577-1A,0.650923694,ZSP,MWD,between_breed
BKDN170793892-1A,BKDN170795743-1A,0.517037194,ZSP,MWD,between_breed
BKDN170793892-1A,BKDN170794392-1A,0.595581361,LCW,MWD,between_breed
BKDN170793892-1A,BKDN170796252-1A,0.396101259,SPD,MWD,between_breed
BKDN170793892-1A,BKDN170794065-1A,0.438109225,JRD,MWD,between_breed
BKDN170793892-1A,BKDN170794161-1A,0.363229289,SXD,MWD,between_breed
BKDN170793892-1A,BKDN170794163-1A,0.51034949,SXD,MWD,between_breed
BKDN170793892-1A,BKDN170794327-1A,0.548631049,TWD,MWD,between_breed
BKDN170793892-1A,BKDN170794811-1A,0.426961271,JYP,MWD,between_breed
BKDN170793892-1A,BKDN170795578-1A,0.578237168,ZSP,MWD,between_breed
BKDN170793892-1A,BKDN170795145-1A,0.383036005,CHP,MWD,between_breed
BKDN170793892-1A,BKDN170794002-1A,0.300793958,SXD,MWD,between_breed
BKDN170793892-1A,BKDN170794054-1A,0.643085998,MWD,MWD,within_breed
BKDN170793892-1A,BKDN170794152-1A,0.668012594,PTB,MWD,between_breed
BKDN170793892-1A,BKDN170794158-1A,0.772561009,SXD,MWD,between_breed
BKDN170793892-1A,BKDN170794057-1A,0.375801453,MWD,MWD,within_breed
BKDN170793892-1A,BKDN170796413-1A,0.16215161,MWD,MWD,within_breed
BKDN170793892-1A,BKDN170794805-1A,0.449566729,JYP,MWD,between_breed
BKDN170793892-1A,BKDN170794165-1A,0.336520903,SXD,MWD,between_breed
BKDN170793892-1A,BKDN170794553-1A,0.317805732,LCW,MWD,between_breed
BKDN170793892-1A,BKDN170796173-1A,0.518825426,CHP,MWD,between_breed
BKDN170793892-1A,BKDN170794001-1A,0.316576009,SXD,MWD,between_breed
BKDN170793892-1A,BKDN170794331-1A,0.211969754,TWD,MWD,between_breed
BKDN170793892-1A,BKDN170796417-1A,0.751841679,SPD,MWD,between_breed
BKDN170793892-1A,BKDN170796420-1A,0.778985116,SPD,MWD,between_breed
BKDN170793892-1A,BKDN170793902-1A,0.663819968,JRD,MWD,between_breed
BKDN170793892-1A,BKDN170795745-1A,0.710512829,ZSP,MWD,between_breed
BKDN170793892-1A,BKDN170795740-1A,0.689249541,ZSP,MWD,between_breed
BKDN170793892-1A,BKDN170794159-1A,0.422024014,SXD,MWD,between_breed
BKDN170793892-1A,BKDN170793907-1A,0.525831904,JRD,MWD,between_breed
BKDN170793892-1A,BKDN170793909-1A,0.659605186,JRD,MWD,between_breed
BKDN170793892-1A,BKDN170793908-1A,0.681481681,JRD,MWD,between_breed
BKDN170793892-1A,BKDN170795576-1A,0.700038783,ZSP,MWD,between_breed
BKDN170793892-1A,BKDN170795912-1A,0.729225031,LSD,MWD,between_breed
BKDN170793892-1A,BKDN170793995-1A,0.72295753,YXP,MWD,between_breed
BKDN170793892-1A,BKDN170796421-1A,0.620346084,SPD,MWD,between_breed
BKDN170793892-1A,BKDN170795140-1A,0.330755516,JYP,MWD,between_breed
BKDN170793892-1A,BKDN170795141-1A,0.514485308,JYP,MWD,between_breed
BKDN170793892-1A,BKDN170795744-1A,0.504368294,ZSP,MWD,between_breed
BKDN170793892-1A,BKDN170794394-1A,0.310028418,LCW,MWD,between_breed
BKDN170793892-1A,BKDN170796418-1A,0.736595848,SPD,MWD,between_breed
BKDN170793892-1A,BKDN170795147-1A,0.327774027,CHP,MWD,between_breed
BKDN170793892-1A,BKDN170794064-1A,0.586991639,JRD,MWD,between_breed
BKDN170793892-1A,BKDN170795573-1A,0.34935142,ZSP,MWD,between_breed
BKDN170793892-1A,BKDN170793994-1A,0.709318878,YXP,MWD,between_breed
BKDN170793892-1A,BKDN170794806-1A,0.547159412,JYP,MWD,between_breed
BKDN170793892-1A,BKDN170795737-1A,0.711904843,ZSP,MWD,between_breed
BKDN170793892-1A,BKDN170796419-1A,0.445527403,SPD,MWD,between_breed
BKDN170793892-1A,BKDN170794148-1A,0.70048642,JRD,MWD,between_breed
BKDN170793892-1A,BKDN170793998-1A,0.428331789,SXD,MWD,between_breed
BKDN170793892-1A,BKDN170796422-1A,0.753627212,SPD,MWD,between_breed
BKDN170793892-1A,BKDN170794972-1A,0.505404183,JYP,MWD,between_breed
BKDN170793892-1A,BKDN170795142-1A,0.513500705,JYP,MWD,between_breed
BKDN170793892-1A,BKDN170795572-1A,0.277790358,ZSP,MWD,between_breed
BKDN170793892-1A,BKDN170794056-1A,0.271575533,MWD,MWD,within_breed
BKDN170793892-1A,BKDN170796254-1A,0.506738735,SPD,MWD,between_breed
BKDN170793892-1A,BKDN170795916-1A,0.606151931,LSD,MWD,between_breed
BKDN170793892-1A,BKDN170795907-1A,0.708443586,LSD,MWD,between_breed
BKDN170793892-1A,BKDN170795575-1A,0.676413258,ZSP,MWD,between_breed
BKDN170793892-1A,BKDN170793893-1A,0.654104651,MWD,MWD,within_breed
BKDN170793892-1A,BKDN170794149-1A,0.44558479,JRD,MWD,between_breed
BKDN170793892-1A,BKDN170796250-1A,0.685600926,SPD,MWD,between_breed
BKDN170793892-1A,BKDN170796080-1A,0.369980706,LSD,MWD,between_breed
BKDN170793892-1A,BKDN170795739-1A,0.674132281,ZSP,MWD,between_breed
BKDN170793892-1A,BKDN170793901-1A,0.752347117,JRD,MWD,between_breed
BKDN170793892-1A,BKDN170796424-1A,0.616680848,SPD,MWD,between_breed
BKDN170793892-1A,BKDN170795837-1A,0.274122893,CHP,MWD,between_breed
BKDN170793892-1A,BKDN170795999-1A,0.468680928,CHP,MWD,between_breed
BKDN170793892-1A,BKDN170795838-1A,0.49871976,CHP,MWD,between_breed
BKDN170793893-1A,BKDN170794327-1A,0.229986297,TWD,MWD,between_breed
BKDN170793893-1A,BKDN170794160-1A,0.767666,SXD,MWD,between_breed
BKDN170793893-1A,BKDN170793898-1A,0.372958894,MWD,MWD,within_breed
BKDN170793893-1A,BKDN170795837-1A,0.762667352,CHP,MWD,between_breed
BKDN170793893-1A,BKDN170794387-1A,0.750523825,LCW,MWD,between_breed
BKDN170793893-1A,BKDN170793998-1A,0.81131414,SXD,MWD,between_breed
BKDN170793893-1A,BKDN170796004-1A,0.685288848,CHP,MWD,between_breed
BKDN170793893-1A,BKDN170793908-1A,0.393087747,JRD,MWD,between_breed
BKDN170793893-1A,BKDN170796247-1A,0.519717659,SPD,MWD,between_breed
BKDN170793893-1A,BKDN170796086-1A,0.627052648,SPD,MWD,between_breed
BKDN170793893-1A,BKDN170794394-1A,0.70361051,LCW,MWD,between_breed
BKDN170793893-1A,BKDN170795578-1A,0.704663536,ZSP,MWD,between_breed
BKDN170793893-1A,BKDN170794001-1A,0.793041136,SXD,MWD,between_breed
BKDN170793893-1A,BKDN170795140-1A,0.752211516,JYP,MWD,between_breed
BKDN170793893-1A,BKDN170796245-1A,0.62735225,SPD,MWD,between_breed
BKDN170793893-1A,BKDN170794548-1A,0.738353257,LCW,MWD,between_breed
BKDN170793893-1A,BKDN170795999-1A,0.548630168,CHP,MWD,between_breed
BKDN170793893-1A,BKDN170794156-1A,0.780580748,PTB,MWD,between_breed
BKDN170793893-1A,BKDN170793895-1A,0.462138491,MWD,MWD,within_breed
BKDN170793893-1A,BKDN170794326-1A,0.376726402,TWD,MWD,between_breed
BKDN170793893-1A,BKDN170796413-1A,0.711005295,MWD,MWD,within_breed
BKDN170793893-1A,BKDN170793994-1A,0.323571003,YXP,MWD,between_breed
BKDN170793893-1A,BKDN170795577-1A,0.481811127,ZSP,MWD,between_breed
BKDN170793893-1A,BKDN170794329-1A,0.375516763,TWD,MWD,between_breed
BKDN170793893-1A,BKDN170793903-1A,0.437657033,JRD,MWD,between_breed
BKDN170793893-1A,BKDN170796254-1A,0.646146382,SPD,MWD,between_breed
BKDN170793893-1A,BKDN170794067-1A,0.21519214,JRD,MWD,between_breed
BKDN170793893-1A,BKDN170794393-1A,0.777016189,LCW,MWD,between_breed
BKDN170793893-1A,BKDN170794322-1A,0.668875969,PTB,MWD,between_breed
BKDN170793893-1A,BKDN170794554-1A,0.319558664,LCW,MWD,between_breed
BKDN170793893-1A,BKDN170794228-1A,0.732198038,LCW,MWD,between_breed
BKDN170793893-1A,BKDN170796417-1A,0.676875784,SPD,MWD,between_breed
BKDN170793893-1A,BKDN170796000-1A,0.782255493,CHP,MWD,between_breed
BKDN170793893-1A,BKDN170793901-1A,0.490396615,JRD,MWD,between_breed
BKDN170793893-1A,BKDN170796422-1A,0.718108555,SPD,MWD,between_breed
BKDN170793893-1A,BKDN170794553-1A,0.628086364,LCW,MWD,between_breed
BKDN170793893-1A,BKDN170795574-1A,0.769961876,ZSP,MWD,between_breed
BKDN170793893-1A,BKDN170794805-1A,0.737449421,JYP,MWD,between_breed
BKDN170793893-1A,BKDN170794158-1A,0.669122701,SXD,MWD,between_breed
BKDN170793893-1A,BKDN170796418-1A,0.641522505,SPD,MWD,between_breed
BKDN170793893-1A,BKDN170793993-1A,0.461381953,JRD,MWD,between_breed
BKDN170793893-1A,BKDN170795740-1A,0.418459155,ZSP,MWD,between_breed
BKDN170793893-1A,BKDN170796419-1A,0.78624022,SPD,MWD,between_breed
BKDN170793893-1A,BKDN170795745-1A,0.433779176,ZSP,MWD,between_breed
BKDN170793893-1A,BKDN170794331-1A,0.718500894,TWD,MWD,between_breed
BKDN170793893-1A,BKDN170794165-1A,0.82244509,SXD,MWD,between_breed
BKDN170793893-1A,BKDN170794161-1A,0.841127952,SXD,MWD,between_breed
BKDN170793893-1A,BKDN170793902-1A,0.578904338,JRD,MWD,between_breed
BKDN170793893-1A,BKDN170794056-1A,0.802597105,MWD,MWD,within_breed
BKDN170793893-1A,BKDN170794057-1A,0.379329234,MWD,MWD,within_breed
BKDN170793893-1A,BKDN170796420-1A,0.664380145,SPD,MWD,between_breed
BKDN170793893-1A,BKDN170793904-1A,0.412379141,JRD,MWD,between_breed
BKDN170793893-1A,BKDN170794806-1A,0.790299371,JYP,MWD,between_breed
BKDN170793893-1A,BKDN170794392-1A,0.400459898,LCW,MWD,between_breed
BKDN170793893-1A,BKDN170794149-1A,0.520213626,JRD,MWD,between_breed
BKDN170793893-1A,BKDN170794163-1A,0.757102271,SXD,MWD,between_breed
BKDN170793893-1A,BKDN170795738-1A,0.485872269,ZSP,MWD,between_breed
BKDN170793893-1A,BKDN170795142-1A,0.537442812,JYP,MWD,between_breed
BKDN170793893-1A,BKDN170794164-1A,0.79683022,SXD,MWD,between_breed
BKDN170793893-1A,BKDN170796424-1A,0.63723595,SPD,MWD,between_breed
BKDN170793893-1A,BKDN170794064-1A,0.41034711,JRD,MWD,between_breed
BKDN170793893-1A,BKDN170795576-1A,0.45526248,ZSP,MWD,between_breed
BKDN170793893-1A,BKDN170796006-1A,0.54920411,CHP,MWD,between_breed
BKDN170793893-1A,BKDN170795141-1A,0.742294429,JYP,MWD,between_breed
BKDN170793893-1A,BKDN170795916-1A,0.61032961,LSD,MWD,between_breed
BKDN170793893-1A,BKDN170794058-1A,0.134947188,MWD,MWD,within_breed
BKDN170793893-1A,BKDN170795907-1A,0.623372256,LSD,MWD,between_breed
BKDN170793893-1A,BKDN170794385-1A,0.72586365,LCW,MWD,between_breed
BKDN170793893-1A,BKDN170795743-1A,0.679846295,ZSP,MWD,between_breed
BKDN170793893-1A,BKDN170796085-1A,0.54836828,SPD,MWD,between_breed
BKDN170793893-1A,BKDN170794068-1A,0.837617755,JRD,MWD,between_breed
BKDN170793893-1A,BKDN170794066-1A,0.431170061,JRD,MWD,between_breed
BKDN170793893-1A,BKDN170794152-1A,0.479620376,PTB,MWD,between_breed
BKDN170793893-1A,BKDN170794972-1A,0.553113531,JYP,MWD,between_breed
BKDN170793893-1A,BKDN170795911-1A,0.466503588,LSD,MWD,between_breed
BKDN170793893-1A,BKDN170796421-1A,0.623744297,SPD,MWD,between_breed
BKDN170793893-1A,BKDN170794159-1A,0.789689717,SXD,MWD,between_breed
BKDN170793893-1A,BKDN170795742-1A,0.394529837,ZSP,MWD,between_breed
BKDN170793893-1A,BKDN170795575-1A,0.425367187,ZSP,MWD,between_breed
BKDN170793893-1A,BKDN170795572-1A,0.705550725,ZSP,MWD,between_breed
BKDN170793893-1A,BKDN170796077-1A,0.776956853,LSD,MWD,between_breed
BKDN170793893-1A,BKDN170795573-1A,0.558768742,ZSP,MWD,between_breed
BKDN170793893-1A,BKDN170795145-1A,0.826527604,CHP,MWD,between_breed
BKDN170793893-1A,BKDN170794065-1A,0.439041435,JRD,MWD,between_breed
BKDN170793893-1A,BKDN170796253-1A,0.3969702,SPD,MWD,between_breed
BKDN170793893-1A,BKDN170796251-1A,0.681796189,SPD,MWD,between_breed
BKDN170793893-1A,BKDN170795149-1A,0.516412599,CHP,MWD,between_breed
BKDN170793893-1A,BKDN170794054-1A,0.412613341,MWD,MWD,within_breed
BKDN170793893-1A,BKDN170793909-1A,0.317168797,JRD,MWD,between_breed
BKDN170793893-1A,BKDN170794330-1A,0.711932183,TWD,MWD,between_breed
BKDN170793893-1A,BKDN170794148-1A,0.182029632,JRD,MWD,between_breed
BKDN170793893-1A,BKDN170793899-1A,0.4197059,MWD,MWD,within_breed
BKDN170793893-1A,BKDN170796252-1A,0.776268481,SPD,MWD,between_breed
BKDN170793893-1A,BKDN170796249-1A,0.640886285,SPD,MWD,between_breed
BKDN170793893-1A,BKDN170794480-1A,0.818193282,PTB,MWD,between_breed
BKDN170793893-1A,BKDN170794811-1A,0.605013272,JYP,MWD,between_breed
BKDN170793893-1A,BKDN170795744-1A,0.49392438,ZSP,MWD,between_breed
BKDN170793893-1A,BKDN170795912-1A,0.463042855,LSD,MWD,between_breed
BKDN170793893-1A,BKDN170793907-1A,0.469738073,JRD,MWD,between_breed
BKDN170793893-1A,BKDN170796080-1A,0.544363671,LSD,MWD,between_breed
BKDN170793893-1A,BKDN170795910-1A,0.813441183,LSD,MWD,between_breed
BKDN170793893-1A,BKDN170795838-1A,0.736839911,CHP,MWD,between_breed
BKDN170793893-1A,BKDN170794551-1A,0.806410802,LCW,MWD,between_breed
BKDN170793893-1A,BKDN170794002-1A,0.76484135,SXD,MWD,between_breed
BKDN170793893-1A,BKDN170794809-1A,0.629530542,JYP,MWD,between_breed
BKDN170793893-1A,BKDN170793896-1A,0.159573472,MWD,MWD,within_breed
BKDN170793893-1A,BKDN170796173-1A,0.789880286,CHP,MWD,between_breed
BKDN170793893-1A,BKDN170796250-1A,0.725194753,SPD,MWD,between_breed
BKDN170793893-1A,BKDN170795146-1A,0.521513025,CHP,MWD,between_breed
BKDN170793893-1A,BKDN170793906-1A,0.544623032,JRD,MWD,between_breed
BKDN170793893-1A,BKDN170793995-1A,0.31698012,YXP,MWD,between_breed
BKDN170793893-1A,BKDN170795147-1A,0.770097441,CHP,MWD,between_breed
BKDN170793893-1A,BKDN170793894-1A,0.137843515,MWD,MWD,within_breed
BKDN170793893-1A,BKDN170795739-1A,0.501507553,ZSP,MWD,between_breed
BKDN170793893-1A,BKDN170795737-1A,0.448226453,ZSP,MWD,between_breed
BKDN170793893-1A,BKDN170795836-1A,0.708602453,CHP,MWD,between_breed
BKDN170793894-1A,BKDN170795999-1A,0.532458998,CHP,MWD,between_breed
BKDN170793894-1A,BKDN170794164-1A,0.837529636,SXD,MWD,between_breed
BKDN170793894-1A,BKDN170794330-1A,0.738377397,TWD,MWD,between_breed
BKDN170793894-1A,BKDN170796000-1A,0.805974312,CHP,MWD,between_breed
BKDN170793894-1A,BKDN170795743-1A,0.665912894,ZSP,MWD,between_breed
BKDN170793894-1A,BKDN170795911-1A,0.386740834,LSD,MWD,between_breed
BKDN170793894-1A,BKDN170795836-1A,0.722084228,CHP,MWD,between_breed
BKDN170793894-1A,BKDN170795744-1A,0.467951755,ZSP,MWD,between_breed
BKDN170793894-1A,BKDN170795742-1A,0.357668027,ZSP,MWD,between_breed
BKDN170793894-1A,BKDN170796247-1A,0.46890413,SPD,MWD,between_breed
BKDN170793894-1A,BKDN170796417-1A,0.619759413,SPD,MWD,between_breed
BKDN170793894-1A,BKDN170796419-1A,0.783495357,SPD,MWD,between_breed
BKDN170793894-1A,BKDN170796085-1A,0.489799702,SPD,MWD,between_breed
BKDN170793894-1A,BKDN170794326-1A,0.350911725,TWD,MWD,between_breed
BKDN170793894-1A,BKDN170794148-1A,0.202369004,JRD,MWD,between_breed
BKDN170793894-1A,BKDN170794067-1A,0.18362475,JRD,MWD,between_breed
BKDN170793894-1A,BKDN170794551-1A,0.849753618,LCW,MWD,between_breed
BKDN170793894-1A,BKDN170795745-1A,0.403854786,ZSP,MWD,between_breed
BKDN170793894-1A,BKDN170794480-1A,0.859388067,PTB,MWD,between_breed
BKDN170793894-1A,BKDN170796253-1A,0.380382073,SPD,MWD,between_breed
BKDN170793894-1A,BKDN170793899-1A,0.35324645,MWD,MWD,within_breed
BKDN170793894-1A,BKDN170794553-1A,0.679231679,LCW,MWD,between_breed
BKDN170793894-1A,BKDN170793895-1A,0.495796445,MWD,MWD,within_breed
BKDN170793894-1A,BKDN170794805-1A,0.769421211,JYP,MWD,between_breed
BKDN170793894-1A,BKDN170794065-1A,0.437302718,JRD,MWD,between_breed
BKDN170793894-1A,BKDN170794057-1A,0.385115569,MWD,MWD,within_breed
BKDN170793894-1A,BKDN170795575-1A,0.386226665,ZSP,MWD,between_breed
BKDN170793894-1A,BKDN170793902-1A,0.546614277,JRD,MWD,between_breed
BKDN170793894-1A,BKDN170795837-1A,0.800696865,CHP,MWD,between_breed
BKDN170793894-1A,BKDN170796254-1A,0.647038809,SPD,MWD,between_breed
BKDN170793894-1A,BKDN170794329-1A,0.339747213,TWD,MWD,between_breed
BKDN170793894-1A,BKDN170796006-1A,0.571801398,CHP,MWD,between_breed
BKDN170793894-1A,BKDN170796424-1A,0.60564495,SPD,MWD,between_breed
BKDN170793894-1A,BKDN170794158-1A,0.610551569,SXD,MWD,between_breed
BKDN170793894-1A,BKDN170793901-1A,0.468294545,JRD,MWD,between_breed
BKDN170793894-1A,BKDN170794163-1A,0.780961363,SXD,MWD,between_breed
BKDN170793894-1A,BKDN170796422-1A,0.668379087,SPD,MWD,between_breed
BKDN170793894-1A,BKDN170793903-1A,0.363069742,JRD,MWD,between_breed
BKDN170793894-1A,BKDN170794385-1A,0.760392046,LCW,MWD,between_breed
BKDN170793894-1A,BKDN170793898-1A,0.374932669,MWD,MWD,within_breed
BKDN170793894-1A,BKDN170795838-1A,0.752428015,CHP,MWD,between_breed
BKDN170793894-1A,BKDN170793896-1A,0.09725504,MWD,MWD,within_breed
BKDN170793894-1A,BKDN170796252-1A,0.769779772,SPD,MWD,between_breed
BKDN170793894-1A,BKDN170796413-1A,0.747931392,MWD,MWD,within_breed
BKDN170793894-1A,BKDN170795907-1A,0.564792043,LSD,MWD,between_breed
BKDN170793894-1A,BKDN170794156-1A,0.804053418,PTB,MWD,between_breed
BKDN170793894-1A,BKDN170793995-1A,0.286875771,YXP,MWD,between_breed
BKDN170793894-1A,BKDN170795576-1A,0.406615573,ZSP,MWD,between_breed
BKDN170793894-1A,BKDN170793907-1A,0.461324352,JRD,MWD,between_breed
BKDN170793894-1A,BKDN170794160-1A,0.817809831,SXD,MWD,between_breed
BKDN170793894-1A,BKDN170796250-1A,0.686257638,SPD,MWD,between_breed
BKDN170793894-1A,BKDN170795738-1A,0.400482481,ZSP,MWD,between_breed
BKDN170793894-1A,BKDN170795578-1A,0.719425641,ZSP,MWD,between_breed
BKDN170793894-1A,BKDN170793908-1A,0.361640833,JRD,MWD,between_breed
BKDN170793894-1A,BKDN170796421-1A,0.5920232,SPD,MWD,between_breed
BKDN170793894-1A,BKDN170794322-1A,0.635353032,PTB,MWD,between_breed
BKDN170793894-1A,BKDN170794068-1A,0.879548936,JRD,MWD,between_breed
BKDN170793894-1A,BKDN170796173-1A,0.810770823,CHP,MWD,between_breed
BKDN170793894-1A,BKDN170794554-1A,0.314809038,LCW,MWD,between_breed
BKDN170793894-1A,BKDN170796420-1A,0.629087247,SPD,MWD,between_breed
BKDN170793894-1A,BKDN170794152-1A,0.44293081,PTB,MWD,between_breed
BKDN170793894-1A,BKDN170795572-1A,0.754721368,ZSP,MWD,between_breed
BKDN170793894-1A,BKDN170795574-1A,0.809107573,ZSP,MWD,between_breed
BKDN170793894-1A,BKDN170795145-1A,0.867212736,CHP,MWD,between_breed
BKDN170793894-1A,BKDN170794811-1A,0.630744044,JYP,MWD,between_breed
BKDN170793894-1A,BKDN170794394-1A,0.739191474,LCW,MWD,between_breed
BKDN170793894-1A,BKDN170794064-1A,0.395035719,JRD,MWD,between_breed
BKDN170793894-1A,BKDN170794165-1A,0.854854756,SXD,MWD,between_breed
BKDN170793894-1A,BKDN170795916-1A,0.638892175,LSD,MWD,between_breed
BKDN170793894-1A,BKDN170795147-1A,0.806657976,CHP,MWD,between_breed
BKDN170793894-1A,BKDN170794056-1A,0.851335535,MWD,MWD,within_breed
BKDN170793894-1A,BKDN170796080-1A,0.52721689,LSD,MWD,between_breed
BKDN170793894-1A,BKDN170793906-1A,0.567501685,JRD,MWD,between_breed
BKDN170793894-1A,BKDN170794066-1A,0.428263482,JRD,MWD,between_breed
BKDN170793894-1A,BKDN170794149-1A,0.541051139,JRD,MWD,between_breed
BKDN170793894-1A,BKDN170794001-1A,0.844506863,SXD,MWD,between_breed
BKDN170793894-1A,BKDN170794002-1A,0.80283386,SXD,MWD,between_breed
BKDN170793894-1A,BKDN170795140-1A,0.792549511,JYP,MWD,between_breed
BKDN170793894-1A,BKDN170793904-1A,0.349421821,JRD,MWD,between_breed
BKDN170793894-1A,BKDN170795142-1A,0.556968213,JYP,MWD,between_breed
BKDN170793894-1A,BKDN170794228-1A,0.789856578,LCW,MWD,between_breed
BKDN170793894-1A,BKDN170795739-1A,0.445829769,ZSP,MWD,between_breed
BKDN170793894-1A,BKDN170796418-1A,0.620631135,SPD,MWD,between_breed
BKDN170793894-1A,BKDN170794161-1A,0.879100883,SXD,MWD,between_breed
BKDN170793894-1A,BKDN170796086-1A,0.610904938,SPD,MWD,between_breed
BKDN170793894-1A,BKDN170795141-1A,0.757048579,JYP,MWD,between_breed
BKDN170793894-1A,BKDN170793998-1A,0.84309335,SXD,MWD,between_breed
BKDN170793894-1A,BKDN170793993-1A,0.432257498,JRD,MWD,between_breed
BKDN170793894-1A,BKDN170795910-1A,0.85533431,LSD,MWD,between_breed
BKDN170793894-1A,BKDN170794058-1A,0.126483621,MWD,MWD,within_breed
BKDN170793894-1A,BKDN170795737-1A,0.439882369,ZSP,MWD,between_breed
BKDN170793894-1A,BKDN170794331-1A,0.750228807,TWD,MWD,between_breed
BKDN170793894-1A,BKDN170795149-1A,0.536229321,CHP,MWD,between_breed
BKDN170793894-1A,BKDN170795912-1A,0.467651355,LSD,MWD,between_breed
BKDN170793894-1A,BKDN170796245-1A,0.596917121,SPD,MWD,between_breed
BKDN170793894-1A,BKDN170794972-1A,0.555146366,JYP,MWD,between_breed
BKDN170793894-1A,BKDN170796004-1A,0.702142535,CHP,MWD,between_breed
BKDN170793894-1A,BKDN170794393-1A,0.814265655,LCW,MWD,between_breed
BKDN170793894-1A,BKDN170796077-1A,0.816325767,LSD,MWD,between_breed
BKDN170793894-1A,BKDN170793909-1A,0.287799632,JRD,MWD,between_breed
BKDN170793894-1A,BKDN170795740-1A,0.349133124,ZSP,MWD,between_breed
BKDN170793894-1A,BKDN170794327-1A,0.239310731,TWD,MWD,between_breed
BKDN170793894-1A,BKDN170793994-1A,0.278286322,YXP,MWD,between_breed
BKDN170793894-1A,BKDN170795146-1A,0.499697291,CHP,MWD,between_breed
BKDN170793894-1A,BKDN170794392-1A,0.381159264,LCW,MWD,between_breed
BKDN170793894-1A,BKDN170794054-1A,0.408814917,MWD,MWD,within_breed
BKDN170793894-1A,BKDN170794159-1A,0.826823232,SXD,MWD,between_breed
BKDN170793894-1A,BKDN170794809-1A,0.661303895,JYP,MWD,between_breed
BKDN170793894-1A,BKDN170795573-1A,0.575652723,ZSP,MWD,between_breed
BKDN170793894-1A,BKDN170796251-1A,0.642396612,SPD,MWD,between_breed
BKDN170793894-1A,BKDN170796249-1A,0.62050075,SPD,MWD,between_breed
BKDN170793894-1A,BKDN170795577-1A,0.43553617,ZSP,MWD,between_breed
BKDN170793894-1A,BKDN170794548-1A,0.779278348,LCW,MWD,between_breed
BKDN170793894-1A,BKDN170794387-1A,0.801673682,LCW,MWD,between_breed
BKDN170793894-1A,BKDN170794806-1A,0.808164509,JYP,MWD,between_breed
BKDN170793895-1A,BKDN170796254-1A,0.571113939,SPD,MWD,between_breed
BKDN170793895-1A,BKDN170794393-1A,0.479262989,LCW,MWD,between_breed
BKDN170793895-1A,BKDN170794387-1A,0.34881096,LCW,MWD,between_breed
BKDN170793895-1A,BKDN170794809-1A,0.354932337,JYP,MWD,between_breed
BKDN170793895-1A,BKDN170794065-1A,0.305292909,JRD,MWD,between_breed
BKDN170793895-1A,BKDN170794805-1A,0.468322263,JYP,MWD,between_breed
BKDN170793895-1A,BKDN170794394-1A,0.445111065,LCW,MWD,between_breed
BKDN170793895-1A,BKDN170793909-1A,0.494191271,JRD,MWD,between_breed
BKDN170793895-1A,BKDN170796419-1A,0.534926767,SPD,MWD,between_breed
BKDN170793895-1A,BKDN170794392-1A,0.417736003,LCW,MWD,between_breed
BKDN170793895-1A,BKDN170795574-1A,0.460136135,ZSP,MWD,between_breed
BKDN170793895-1A,BKDN170793908-1A,0.502653451,JRD,MWD,between_breed
BKDN170793895-1A,BKDN170796251-1A,0.732293656,SPD,MWD,between_breed
BKDN170793895-1A,BKDN170793907-1A,0.355526704,JRD,MWD,between_breed
BKDN170793895-1A,BKDN170795142-1A,0.342146505,JYP,MWD,between_breed
BKDN170793895-1A,BKDN170794331-1A,0.325980111,TWD,MWD,between_breed
BKDN170793895-1A,BKDN170796253-1A,0.417407436,SPD,MWD,between_breed
BKDN170793895-1A,BKDN170795737-1A,0.596887937,ZSP,MWD,between_breed
BKDN170793895-1A,BKDN170794066-1A,0.344653857,JRD,MWD,between_breed
BKDN170793895-1A,BKDN170796173-1A,0.531555344,CHP,MWD,between_breed
BKDN170793895-1A,BKDN170794156-1A,0.674380471,PTB,MWD,between_breed
BKDN170793895-1A,BKDN170793902-1A,0.602032351,JRD,MWD,between_breed
BKDN170793895-1A,BKDN170795837-1A,0.449122317,CHP,MWD,between_breed
BKDN170793895-1A,BKDN170796077-1A,0.40548174,LSD,MWD,between_breed
BKDN170793895-1A,BKDN170795575-1A,0.55137503,ZSP,MWD,between_breed
BKDN170793895-1A,BKDN170795740-1A,0.519196515,ZSP,MWD,between_breed
BKDN170793895-1A,BKDN170795739-1A,0.543173934,ZSP,MWD,between_breed
BKDN170793895-1A,BKDN170793995-1A,0.566584715,YXP,MWD,between_breed
BKDN170793895-1A,BKDN170794159-1A,0.489721084,SXD,MWD,between_breed
BKDN170793895-1A,BKDN170794058-1A,0.473523212,MWD,MWD,within_breed
BKDN170793895-1A,BKDN170794054-1A,0.457323509,MWD,MWD,within_breed
BKDN170793895-1A,BKDN170794165-1A,0.499924698,SXD,MWD,between_breed
BKDN170793895-1A,BKDN170795146-1A,0.358400567,CHP,MWD,between_breed
BKDN170793895-1A,BKDN170794551-1A,0.455202436,LCW,MWD,between_breed
BKDN170793895-1A,BKDN170795744-1A,0.372380844,ZSP,MWD,between_breed
BKDN170793895-1A,BKDN170795573-1A,0.382676996,ZSP,MWD,between_breed
BKDN170793895-1A,BKDN170796417-1A,0.753389422,SPD,MWD,between_breed
BKDN170793895-1A,BKDN170796418-1A,0.725652068,SPD,MWD,between_breed
BKDN170793895-1A,BKDN170793898-1A,0.229199631,MWD,MWD,within_breed
BKDN170793895-1A,BKDN170793903-1A,0.542297712,JRD,MWD,between_breed
BKDN170793895-1A,BKDN170796004-1A,0.541246315,CHP,MWD,between_breed
BKDN170793895-1A,BKDN170793994-1A,0.551349034,YXP,MWD,between_breed
BKDN170793895-1A,BKDN170794806-1A,0.545339599,JYP,MWD,between_breed
BKDN170793895-1A,BKDN170796249-1A,0.546391355,SPD,MWD,between_breed
BKDN170793895-1A,BKDN170794548-1A,0.371379163,LCW,MWD,between_breed
BKDN170793895-1A,BKDN170795745-1A,0.528607674,ZSP,MWD,between_breed
BKDN170793895-1A,BKDN170795836-1A,0.442700328,CHP,MWD,between_breed
BKDN170793895-1A,BKDN170795743-1A,0.50226232,ZSP,MWD,between_breed
BKDN170793895-1A,BKDN170794161-1A,0.517895331,SXD,MWD,between_breed
BKDN170793895-1A,BKDN170794057-1A,0.25775893,MWD,MWD,within_breed
BKDN170793895-1A,BKDN170795907-1A,0.659026106,LSD,MWD,between_breed
BKDN170793895-1A,BKDN170796247-1A,0.585669452,SPD,MWD,between_breed
BKDN170793895-1A,BKDN170795916-1A,0.541646082,LSD,MWD,between_breed
BKDN170793895-1A,BKDN170794972-1A,0.401444242,JYP,MWD,between_breed
BKDN170793895-1A,BKDN170795999-1A,0.360866547,CHP,MWD,between_breed
BKDN170793895-1A,BKDN170794001-1A,0.413144769,SXD,MWD,between_breed
BKDN170793895-1A,BKDN170796252-1A,0.51731805,SPD,MWD,between_breed
BKDN170793895-1A,BKDN170794064-1A,0.380466298,JRD,MWD,between_breed
BKDN170793895-1A,BKDN170796420-1A,0.701329673,SPD,MWD,between_breed
BKDN170793895-1A,BKDN170796424-1A,0.579597701,SPD,MWD,between_breed
BKDN170793895-1A,BKDN170794164-1A,0.413641721,SXD,MWD,between_breed
BKDN170793895-1A,BKDN170794326-1A,0.536149113,TWD,MWD,between_breed
BKDN170793895-1A,BKDN170794067-1A,0.471731885,JRD,MWD,between_breed
BKDN170793895-1A,BKDN170795578-1A,0.593082829,ZSP,MWD,between_breed
BKDN170793895-1A,BKDN170795140-1A,0.364010028,JYP,MWD,between_breed
BKDN170793895-1A,BKDN170796245-1A,0.57016918,SPD,MWD,between_breed
BKDN170793895-1A,BKDN170796006-1A,0.302625767,CHP,MWD,between_breed
BKDN170793895-1A,BKDN170794554-1A,0.262460916,LCW,MWD,between_breed
BKDN170793895-1A,BKDN170793998-1A,0.517930174,SXD,MWD,between_breed
BKDN170793895-1A,BKDN170795145-1A,0.539968481,CHP,MWD,between_breed
BKDN170793895-1A,BKDN170794160-1A,0.412271407,SXD,MWD,between_breed
BKDN170793895-1A,BKDN170794553-1A,0.436260486,LCW,MWD,between_breed
BKDN170793895-1A,BKDN170796085-1A,0.647371717,SPD,MWD,between_breed
BKDN170793895-1A,BKDN170793906-1A,0.368347822,JRD,MWD,between_breed
BKDN170793895-1A,BKDN170796413-1A,0.317953875,MWD,MWD,within_breed
BKDN170793895-1A,BKDN170795738-1A,0.534355802,ZSP,MWD,between_breed
BKDN170793895-1A,BKDN170795910-1A,0.457891213,LSD,MWD,between_breed
BKDN170793895-1A,BKDN170793899-1A,0.542957207,MWD,MWD,within_breed
BKDN170793895-1A,BKDN170793896-1A,0.481826563,MWD,MWD,within_breed
BKDN170793895-1A,BKDN170794152-1A,0.55977363,PTB,MWD,between_breed
BKDN170793895-1A,BKDN170796422-1A,0.759513409,SPD,MWD,between_breed
BKDN170793895-1A,BKDN170794002-1A,0.395924795,SXD,MWD,between_breed
BKDN170793895-1A,BKDN170795149-1A,0.317030547,CHP,MWD,between_breed
BKDN170793895-1A,BKDN170796421-1A,0.586238896,SPD,MWD,between_breed
BKDN170793895-1A,BKDN170794056-1A,0.443129582,MWD,MWD,within_breed
BKDN170793895-1A,BKDN170796080-1A,0.339959552,LSD,MWD,between_breed
BKDN170793895-1A,BKDN170793904-1A,0.468123727,JRD,MWD,between_breed
BKDN170793895-1A,BKDN170795911-1A,0.503474007,LSD,MWD,between_breed
BKDN170793895-1A,BKDN170795912-1A,0.651507031,LSD,MWD,between_breed
BKDN170793895-1A,BKDN170794149-1A,0.336101673,JRD,MWD,between_breed
BKDN170793895-1A,BKDN170793901-1A,0.621268928,JRD,MWD,between_breed
BKDN170793895-1A,BKDN170796000-1A,0.502096882,CHP,MWD,between_breed
BKDN170793895-1A,BKDN170794148-1A,0.495136659,JRD,MWD,between_breed
BKDN170793895-1A,BKDN170796250-1A,0.688740602,SPD,MWD,between_breed
BKDN170793895-1A,BKDN170794163-1A,0.570670263,SXD,MWD,between_breed
BKDN170793895-1A,BKDN170794480-1A,0.487911911,PTB,MWD,between_breed
BKDN170793895-1A,BKDN170795577-1A,0.537287256,ZSP,MWD,between_breed
BKDN170793895-1A,BKDN170795576-1A,0.550716691,ZSP,MWD,between_breed
BKDN170793895-1A,BKDN170795141-1A,0.487396781,JYP,MWD,between_breed
BKDN170793895-1A,BKDN170796086-1A,0.626396147,SPD,MWD,between_breed
BKDN170793895-1A,BKDN170794327-1A,0.445360448,TWD,MWD,between_breed
BKDN170793895-1A,BKDN170794068-1A,0.492120187,JRD,MWD,between_breed
BKDN170793895-1A,BKDN170795147-1A,0.419448584,CHP,MWD,between_breed
BKDN170793895-1A,BKDN170794330-1A,0.359938933,TWD,MWD,between_breed
BKDN170793895-1A,BKDN170795838-1A,0.46908383,CHP,MWD,between_breed
BKDN170793895-1A,BKDN170795572-1A,0.343868631,ZSP,MWD,between_breed
BKDN170793895-1A,BKDN170795742-1A,0.423971626,ZSP,MWD,between_breed
BKDN170793895-1A,BKDN170794158-1A,0.638108229,SXD,MWD,between_breed
BKDN170793895-1A,BKDN170794811-1A,0.307227164,JYP,MWD,between_breed
BKDN170793895-1A,BKDN170794228-1A,0.392247786,LCW,MWD,between_breed
BKDN170793895-1A,BKDN170793993-1A,0.543008314,JRD,MWD,between_breed
BKDN170793895-1A,BKDN170794385-1A,0.441788614,LCW,MWD,between_breed
BKDN170793895-1A,BKDN170794322-1A,0.679567733,PTB,MWD,between_breed
BKDN170793895-1A,BKDN170794329-1A,0.495135861,TWD,MWD,between_breed
BKDN170793896-1A,BKDN170794149-1A,0.52336088,JRD,MWD,between_breed
BKDN170793896-1A,BKDN170793903-1A,0.37160902,JRD,MWD,between_breed
BKDN170793896-1A,BKDN170794228-1A,0.788468034,LCW,MWD,between_breed
BKDN170793896-1A,BKDN170794553-1A,0.608654687,LCW,MWD,between_breed
BKDN170793896-1A,BKDN170796077-1A,0.811282347,LSD,MWD,between_breed
BKDN170793896-1A,BKDN170795916-1A,0.564911082,LSD,MWD,between_breed
BKDN170793896-1A,BKDN170794394-1A,0.727757419,LCW,MWD,between_breed
BKDN170793896-1A,BKDN170795738-1A,0.421844032,ZSP,MWD,between_breed
BKDN170793896-1A,BKDN170796251-1A,0.67487914,SPD,MWD,between_breed
BKDN170793896-1A,BKDN170794809-1A,0.646420867,JYP,MWD,between_breed
BKDN170793896-1A,BKDN170794056-1A,0.853048863,MWD,MWD,within_breed
BKDN170793896-1A,BKDN170794326-1A,0.339015451,TWD,MWD,between_breed
BKDN170793896-1A,BKDN170794057-1A,0.36055865,MWD,MWD,within_breed
BKDN170793896-1A,BKDN170793901-1A,0.448773481,JRD,MWD,between_breed
BKDN170793896-1A,BKDN170796247-1A,0.47174273,SPD,MWD,between_breed
BKDN170793896-1A,BKDN170794329-1A,0.313045234,TWD,MWD,between_breed
BKDN170793896-1A,BKDN170794160-1A,0.817399215,SXD,MWD,between_breed
BKDN170793896-1A,BKDN170794064-1A,0.351315279,JRD,MWD,between_breed
BKDN170793896-1A,BKDN170794322-1A,0.671314918,PTB,MWD,between_breed
BKDN170793896-1A,BKDN170795578-1A,0.707259369,ZSP,MWD,between_breed
BKDN170793896-1A,BKDN170796245-1A,0.624257586,SPD,MWD,between_breed
BKDN170793896-1A,BKDN170793995-1A,0.273801766,YXP,MWD,between_breed
BKDN170793896-1A,BKDN170795576-1A,0.384839194,ZSP,MWD,between_breed
BKDN170793896-1A,BKDN170796420-1A,0.653118261,SPD,MWD,between_breed
BKDN170793896-1A,BKDN170796086-1A,0.64664477,SPD,MWD,between_breed
BKDN170793896-1A,BKDN170793898-1A,0.348981896,MWD,MWD,within_breed
BKDN170793896-1A,BKDN170794054-1A,0.349914289,MWD,MWD,within_breed
BKDN170793896-1A,BKDN170793908-1A,0.333826597,JRD,MWD,between_breed
BKDN170793896-1A,BKDN170793907-1A,0.426349039,JRD,MWD,between_breed
BKDN170793896-1A,BKDN170795147-1A,0.802716804,CHP,MWD,between_breed
BKDN170793896-1A,BKDN170795838-1A,0.738439651,CHP,MWD,between_breed
BKDN170793896-1A,BKDN170796418-1A,0.671383882,SPD,MWD,between_breed
BKDN170793896-1A,BKDN170796004-1A,0.679203226,CHP,MWD,between_breed
BKDN170793896-1A,BKDN170794387-1A,0.801515022,LCW,MWD,between_breed
BKDN170793896-1A,BKDN170796419-1A,0.814281493,SPD,MWD,between_breed
BKDN170793896-1A,BKDN170793899-1A,0.341370419,MWD,MWD,within_breed
BKDN170793896-1A,BKDN170795911-1A,0.402742628,LSD,MWD,between_breed
BKDN170793896-1A,BKDN170794002-1A,0.804255073,SXD,MWD,between_breed
BKDN170793896-1A,BKDN170796080-1A,0.519948028,LSD,MWD,between_breed
BKDN170793896-1A,BKDN170794806-1A,0.796119598,JYP,MWD,between_breed
BKDN170793896-1A,BKDN170794805-1A,0.7578922,JYP,MWD,between_breed
BKDN170793896-1A,BKDN170796000-1A,0.793340229,CHP,MWD,between_breed
BKDN170793896-1A,BKDN170794327-1A,0.283489809,TWD,MWD,between_breed
BKDN170793896-1A,BKDN170795910-1A,0.85156701,LSD,MWD,between_breed
BKDN170793896-1A,BKDN170794152-1A,0.478666639,PTB,MWD,between_breed
BKDN170793896-1A,BKDN170794161-1A,0.875503061,SXD,MWD,between_breed
BKDN170793896-1A,BKDN170794385-1A,0.750741891,LCW,MWD,between_breed
BKDN170793896-1A,BKDN170794066-1A,0.366172912,JRD,MWD,between_breed
BKDN170793896-1A,BKDN170796252-1A,0.802927198,SPD,MWD,between_breed
BKDN170793896-1A,BKDN170795146-1A,0.481015626,CHP,MWD,between_breed
BKDN170793896-1A,BKDN170795739-1A,0.466080443,ZSP,MWD,between_breed
BKDN170793896-1A,BKDN170794330-1A,0.735570746,TWD,MWD,between_breed
BKDN170793896-1A,BKDN170793906-1A,0.556600538,JRD,MWD,between_breed
BKDN170793896-1A,BKDN170795740-1A,0.351510491,ZSP,MWD,between_breed
BKDN170793896-1A,BKDN170796422-1A,0.703672451,SPD,MWD,between_breed
BKDN170793896-1A,BKDN170794163-1A,0.773506069,SXD,MWD,between_breed
BKDN170793896-1A,BKDN170794554-1A,0.265440618,LCW,MWD,between_breed
BKDN170793896-1A,BKDN170794393-1A,0.809065659,LCW,MWD,between_breed
BKDN170793896-1A,BKDN170796413-1A,0.745381152,MWD,MWD,within_breed
BKDN170793896-1A,BKDN170795149-1A,0.518892527,CHP,MWD,between_breed
BKDN170793896-1A,BKDN170794392-1A,0.311192602,LCW,MWD,between_breed
BKDN170793896-1A,BKDN170794165-1A,0.850549891,SXD,MWD,between_breed
BKDN170793896-1A,BKDN170795572-1A,0.749872629,ZSP,MWD,between_breed
BKDN170793896-1A,BKDN170795999-1A,0.509441693,CHP,MWD,between_breed
BKDN170793896-1A,BKDN170795577-1A,0.418712838,ZSP,MWD,between_breed
BKDN170793896-1A,BKDN170794164-1A,0.841005479,SXD,MWD,between_breed
BKDN170793896-1A,BKDN170795743-1A,0.69859868,ZSP,MWD,between_breed
BKDN170793896-1A,BKDN170794156-1A,0.808785162,PTB,MWD,between_breed
BKDN170793896-1A,BKDN170795907-1A,0.593063966,LSD,MWD,between_breed
BKDN170793896-1A,BKDN170795142-1A,0.541644635,JYP,MWD,between_breed
BKDN170793896-1A,BKDN170794067-1A,0.175260718,JRD,MWD,between_breed
BKDN170793896-1A,BKDN170795742-1A,0.332430203,ZSP,MWD,between_breed
BKDN170793896-1A,BKDN170795837-1A,0.792900372,CHP,MWD,between_breed
BKDN170793896-1A,BKDN170796006-1A,0.553277937,CHP,MWD,between_breed
BKDN170793896-1A,BKDN170795140-1A,0.783908465,JYP,MWD,between_breed
BKDN170793896-1A,BKDN170796250-1A,0.720135503,SPD,MWD,between_breed
BKDN170793896-1A,BKDN170793902-1A,0.57184586,JRD,MWD,between_breed
BKDN170793896-1A,BKDN170793993-1A,0.372240555,JRD,MWD,between_breed
BKDN170793896-1A,BKDN170796173-1A,0.798974861,CHP,MWD,between_breed
BKDN170793896-1A,BKDN170796253-1A,0.34731967,SPD,MWD,between_breed
BKDN170793896-1A,BKDN170794068-1A,0.876535817,JRD,MWD,between_breed
BKDN170793896-1A,BKDN170793904-1A,0.3205322,JRD,MWD,between_breed
BKDN170793896-1A,BKDN170794158-1A,0.595172076,SXD,MWD,between_breed
BKDN170793896-1A,BKDN170796085-1A,0.515495041,SPD,MWD,between_breed
BKDN170793896-1A,BKDN170794065-1A,0.411477902,JRD,MWD,between_breed
BKDN170793896-1A,BKDN170796249-1A,0.648582685,SPD,MWD,between_breed
BKDN170793896-1A,BKDN170794551-1A,0.845020761,LCW,MWD,between_breed
BKDN170793896-1A,BKDN170795745-1A,0.335535713,ZSP,MWD,between_breed
BKDN170793896-1A,BKDN170795912-1A,0.520434375,LSD,MWD,between_breed
BKDN170793896-1A,BKDN170795145-1A,0.864050447,CHP,MWD,between_breed
BKDN170793896-1A,BKDN170794972-1A,0.535571783,JYP,MWD,between_breed
BKDN170793896-1A,BKDN170795573-1A,0.542352685,ZSP,MWD,between_breed
BKDN170793896-1A,BKDN170794480-1A,0.854534316,PTB,MWD,between_breed
BKDN170793896-1A,BKDN170794331-1A,0.745364161,TWD,MWD,between_breed
BKDN170793896-1A,BKDN170795737-1A,0.430279465,ZSP,MWD,between_breed
BKDN170793896-1A,BKDN170794058-1A,0.178283368,MWD,MWD,within_breed
BKDN170793896-1A,BKDN170795836-1A,0.704761595,CHP,MWD,between_breed
BKDN170793896-1A,BKDN170794811-1A,0.611357706,JYP,MWD,between_breed
BKDN170793896-1A,BKDN170794148-1A,0.228432096,JRD,MWD,between_breed
BKDN170793896-1A,BKDN170794548-1A,0.777693921,LCW,MWD,between_breed
BKDN170793896-1A,BKDN170796421-1A,0.62626448,SPD,MWD,between_breed
BKDN170793896-1A,BKDN170793998-1A,0.83827649,SXD,MWD,between_breed
BKDN170793896-1A,BKDN170793994-1A,0.263485773,YXP,MWD,between_breed
BKDN170793896-1A,BKDN170795141-1A,0.740865108,JYP,MWD,between_breed
BKDN170793896-1A,BKDN170796254-1A,0.677712237,SPD,MWD,between_breed
BKDN170793896-1A,BKDN170794001-1A,0.847603899,SXD,MWD,between_breed
BKDN170793896-1A,BKDN170795574-1A,0.807023512,ZSP,MWD,between_breed
BKDN170793896-1A,BKDN170793909-1A,0.254656468,JRD,MWD,between_breed
BKDN170793896-1A,BKDN170796424-1A,0.63645195,SPD,MWD,between_breed
BKDN170793896-1A,BKDN170794159-1A,0.822223075,SXD,MWD,between_breed
BKDN170793896-1A,BKDN170795575-1A,0.388813867,ZSP,MWD,between_breed
BKDN170793896-1A,BKDN170796417-1A,0.653956481,SPD,MWD,between_breed
BKDN170793896-1A,BKDN170795744-1A,0.489115354,ZSP,MWD,between_breed
BKDN170793898-1A,BKDN170794548-1A,0.569835974,LCW,MWD,between_breed
BKDN170793898-1A,BKDN170796004-1A,0.546333606,CHP,MWD,between_breed
BKDN170793898-1A,BKDN170794326-1A,0.440296665,TWD,MWD,between_breed
BKDN170793898-1A,BKDN170795738-1A,0.408603675,ZSP,MWD,between_breed
BKDN170793898-1A,BKDN170795147-1A,0.615705764,CHP,MWD,between_breed
BKDN170793898-1A,BKDN170795740-1A,0.407824923,ZSP,MWD,between_breed
BKDN170793898-1A,BKDN170795916-1A,0.466221568,LSD,MWD,between_breed
BKDN170793898-1A,BKDN170796417-1A,0.675145306,SPD,MWD,between_breed
BKDN170793898-1A,BKDN170794064-1A,0.235889729,JRD,MWD,between_breed
BKDN170793898-1A,BKDN170795739-1A,0.446160639,ZSP,MWD,between_breed
BKDN170793898-1A,BKDN170794811-1A,0.420039498,JYP,MWD,between_breed
BKDN170793898-1A,BKDN170794156-1A,0.623485926,PTB,MWD,between_breed
BKDN170793898-1A,BKDN170796245-1A,0.509971019,SPD,MWD,between_breed
BKDN170793898-1A,BKDN170796418-1A,0.654536415,SPD,MWD,between_breed
BKDN170793898-1A,BKDN170795574-1A,0.603185917,ZSP,MWD,between_breed
BKDN170793898-1A,BKDN170795575-1A,0.446514501,ZSP,MWD,between_breed
BKDN170793898-1A,BKDN170794163-1A,0.574075203,SXD,MWD,between_breed
BKDN170793898-1A,BKDN170794554-1A,0.19748696,LCW,MWD,between_breed
BKDN170793898-1A,BKDN170796422-1A,0.688498456,SPD,MWD,between_breed
BKDN170793898-1A,BKDN170793899-1A,0.439173453,MWD,MWD,within_breed
BKDN170793898-1A,BKDN170794330-1A,0.53687075,TWD,MWD,between_breed
BKDN170793898-1A,BKDN170794161-1A,0.682085724,SXD,MWD,between_breed
BKDN170793898-1A,BKDN170794553-1A,0.420148815,LCW,MWD,between_breed
BKDN170793898-1A,BKDN170796419-1A,0.67900368,SPD,MWD,between_breed
BKDN170793898-1A,BKDN170794056-1A,0.632762722,MWD,MWD,within_breed
BKDN170793898-1A,BKDN170796252-1A,0.65632735,SPD,MWD,between_breed
BKDN170793898-1A,BKDN170796251-1A,0.671719029,SPD,MWD,between_breed
BKDN170793898-1A,BKDN170796006-1A,0.403289005,CHP,MWD,between_breed
BKDN170793898-1A,BKDN170796413-1A,0.518146905,MWD,MWD,within_breed
BKDN170793898-1A,BKDN170794159-1A,0.628128635,SXD,MWD,between_breed
BKDN170793898-1A,BKDN170794067-1A,0.376566422,JRD,MWD,between_breed
BKDN170793898-1A,BKDN170795141-1A,0.619852203,JYP,MWD,between_breed
BKDN170793898-1A,BKDN170795573-1A,0.399335173,ZSP,MWD,between_breed
BKDN170793898-1A,BKDN170795146-1A,0.356275319,CHP,MWD,between_breed
BKDN170793898-1A,BKDN170794387-1A,0.591689811,LCW,MWD,between_breed
BKDN170793898-1A,BKDN170794392-1A,0.309931371,LCW,MWD,between_breed
BKDN170793898-1A,BKDN170795999-1A,0.280235068,CHP,MWD,between_breed
BKDN170793898-1A,BKDN170794329-1A,0.35308395,TWD,MWD,between_breed
BKDN170793898-1A,BKDN170795576-1A,0.453352533,ZSP,MWD,between_breed
BKDN170793898-1A,BKDN170796249-1A,0.499542562,SPD,MWD,between_breed
BKDN170793898-1A,BKDN170794058-1A,0.366999551,MWD,MWD,within_breed
BKDN170793898-1A,BKDN170794068-1A,0.68960396,JRD,MWD,between_breed
BKDN170793898-1A,BKDN170793995-1A,0.455927153,YXP,MWD,between_breed
BKDN170793898-1A,BKDN170794002-1A,0.609420312,SXD,MWD,between_breed
BKDN170793898-1A,BKDN170795838-1A,0.60754867,CHP,MWD,between_breed
BKDN170793898-1A,BKDN170795149-1A,0.408319819,CHP,MWD,between_breed
BKDN170793898-1A,BKDN170795142-1A,0.424252642,JYP,MWD,between_breed
BKDN170793898-1A,BKDN170795837-1A,0.567541732,CHP,MWD,between_breed
BKDN170793898-1A,BKDN170794164-1A,0.640112466,SXD,MWD,between_breed
BKDN170793898-1A,BKDN170795578-1A,0.533601726,ZSP,MWD,between_breed
BKDN170793898-1A,BKDN170794152-1A,0.485071756,PTB,MWD,between_breed
BKDN170793898-1A,BKDN170793998-1A,0.636254767,SXD,MWD,between_breed
BKDN170793898-1A,BKDN170794393-1A,0.610610046,LCW,MWD,between_breed
BKDN170793898-1A,BKDN170796173-1A,0.680873729,CHP,MWD,between_breed
BKDN170793898-1A,BKDN170793901-1A,0.53236185,JRD,MWD,between_breed
BKDN170793898-1A,BKDN170794322-1A,0.598322597,PTB,MWD,between_breed
BKDN170793898-1A,BKDN170796000-1A,0.659424563,CHP,MWD,between_breed
BKDN170793898-1A,BKDN170794385-1A,0.512649367,LCW,MWD,between_breed
BKDN170793898-1A,BKDN170794331-1A,0.514888177,TWD,MWD,between_breed
BKDN170793898-1A,BKDN170796421-1A,0.483096966,SPD,MWD,between_breed
BKDN170793898-1A,BKDN170793904-1A,0.334694746,JRD,MWD,between_breed
BKDN170793898-1A,BKDN170796254-1A,0.60577712,SPD,MWD,between_breed
BKDN170793898-1A,BKDN170796424-1A,0.498477141,SPD,MWD,between_breed
BKDN170793898-1A,BKDN170794394-1A,0.43672413,LCW,MWD,between_breed
BKDN170793898-1A,BKDN170793994-1A,0.452081782,YXP,MWD,between_breed
BKDN170793898-1A,BKDN170796250-1A,0.614091843,SPD,MWD,between_breed
BKDN170793898-1A,BKDN170795140-1A,0.559884739,JYP,MWD,between_breed
BKDN170793898-1A,BKDN170796077-1A,0.578601945,LSD,MWD,between_breed
BKDN170793898-1A,BKDN170795577-1A,0.418532918,ZSP,MWD,between_breed
BKDN170793898-1A,BKDN170794065-1A,0.194246902,JRD,MWD,between_breed
BKDN170793898-1A,BKDN170796247-1A,0.476650929,SPD,MWD,between_breed
BKDN170793898-1A,BKDN170795911-1A,0.379849152,LSD,MWD,between_breed
BKDN170793898-1A,BKDN170794057-1A,0.146321314,MWD,MWD,within_breed
BKDN170793898-1A,BKDN170794149-1A,0.400647859,JRD,MWD,between_breed
BKDN170793898-1A,BKDN170794066-1A,0.272056018,JRD,MWD,between_breed
BKDN170793898-1A,BKDN170793909-1A,0.377662903,JRD,MWD,between_breed
BKDN170793898-1A,BKDN170794148-1A,0.414583474,JRD,MWD,between_breed
BKDN170793898-1A,BKDN170796086-1A,0.558491961,SPD,MWD,between_breed
BKDN170793898-1A,BKDN170794809-1A,0.445643772,JYP,MWD,between_breed
BKDN170793898-1A,BKDN170793906-1A,0.417397272,JRD,MWD,between_breed
BKDN170793898-1A,BKDN170794327-1A,0.374561118,TWD,MWD,between_breed
BKDN170793898-1A,BKDN170795910-1A,0.648287331,LSD,MWD,between_breed
BKDN170793898-1A,BKDN170795737-1A,0.538511394,ZSP,MWD,between_breed
BKDN170793898-1A,BKDN170793902-1A,0.531352964,JRD,MWD,between_breed
BKDN170793898-1A,BKDN170793903-1A,0.433909225,JRD,MWD,between_breed
BKDN170793898-1A,BKDN170795145-1A,0.675776106,CHP,MWD,between_breed
BKDN170793898-1A,BKDN170794551-1A,0.622087917,LCW,MWD,between_breed
BKDN170793898-1A,BKDN170796253-1A,0.311212808,SPD,MWD,between_breed
BKDN170793898-1A,BKDN170795742-1A,0.288826659,ZSP,MWD,between_breed
BKDN170793898-1A,BKDN170795744-1A,0.307974616,ZSP,MWD,between_breed
BKDN170793898-1A,BKDN170796085-1A,0.560674132,SPD,MWD,between_breed
BKDN170793898-1A,BKDN170795907-1A,0.557751358,LSD,MWD,between_breed
BKDN170793898-1A,BKDN170795572-1A,0.557934677,ZSP,MWD,between_breed
BKDN170793898-1A,BKDN170794805-1A,0.608004659,JYP,MWD,between_breed
BKDN170793898-1A,BKDN170794001-1A,0.648315338,SXD,MWD,between_breed
BKDN170793898-1A,BKDN170794972-1A,0.450817424,JYP,MWD,between_breed
BKDN170793898-1A,BKDN170794160-1A,0.634573066,SXD,MWD,between_breed
BKDN170793898-1A,BKDN170794165-1A,0.650930831,SXD,MWD,between_breed
BKDN170793898-1A,BKDN170793907-1A,0.323667297,JRD,MWD,between_breed
BKDN170793898-1A,BKDN170794480-1A,0.636853137,PTB,MWD,between_breed
BKDN170793898-1A,BKDN170793993-1A,0.452281867,JRD,MWD,between_breed
BKDN170793898-1A,BKDN170796080-1A,0.346267146,LSD,MWD,between_breed
BKDN170793898-1A,BKDN170795912-1A,0.601975389,LSD,MWD,between_breed
BKDN170793898-1A,BKDN170794054-1A,0.380429322,MWD,MWD,within_breed
BKDN170793898-1A,BKDN170795743-1A,0.504864708,ZSP,MWD,between_breed
BKDN170793898-1A,BKDN170795836-1A,0.573097708,CHP,MWD,between_breed
BKDN170793898-1A,BKDN170794228-1A,0.589784469,LCW,MWD,between_breed
BKDN170793898-1A,BKDN170794806-1A,0.683925483,JYP,MWD,between_breed
BKDN170793898-1A,BKDN170794158-1A,0.592309569,SXD,MWD,between_breed
BKDN170793898-1A,BKDN170796420-1A,0.662937642,SPD,MWD,between_breed
BKDN170793898-1A,BKDN170795745-1A,0.417833137,ZSP,MWD,between_breed
BKDN170793898-1A,BKDN170793908-1A,0.386146556,JRD,MWD,between_breed
BKDN170793899-1A,BKDN170793906-1A,0.647834934,JRD,MWD,between_breed
BKDN170793899-1A,BKDN170794002-1A,0.830646617,SXD,MWD,between_breed
BKDN170793899-1A,BKDN170796173-1A,0.839383631,CHP,MWD,between_breed
BKDN170793899-1A,BKDN170795907-1A,0.577615952,LSD,MWD,between_breed
BKDN170793899-1A,BKDN170794159-1A,0.840640625,SXD,MWD,between_breed
BKDN170793899-1A,BKDN170795911-1A,0.425051542,LSD,MWD,between_breed
BKDN170793899-1A,BKDN170794326-1A,0.52103482,TWD,MWD,between_breed
BKDN170793899-1A,BKDN170793907-1A,0.500528535,JRD,MWD,between_breed
BKDN170793899-1A,BKDN170794160-1A,0.840737297,SXD,MWD,between_breed
BKDN170793899-1A,BKDN170795743-1A,0.574443617,ZSP,MWD,between_breed
BKDN170793899-1A,BKDN170794152-1A,0.482125841,PTB,MWD,between_breed
BKDN170793899-1A,BKDN170795142-1A,0.618592814,JYP,MWD,between_breed
BKDN170793899-1A,BKDN170795146-1A,0.558466408,CHP,MWD,between_breed
BKDN170793899-1A,BKDN170794065-1A,0.497592894,JRD,MWD,between_breed
BKDN170793899-1A,BKDN170793995-1A,0.492629401,YXP,MWD,between_breed
BKDN170793899-1A,BKDN170795745-1A,0.349868567,ZSP,MWD,between_breed
BKDN170793899-1A,BKDN170794330-1A,0.761237398,TWD,MWD,between_breed
BKDN170793899-1A,BKDN170795141-1A,0.763930429,JYP,MWD,between_breed
BKDN170793899-1A,BKDN170795916-1A,0.506034114,LSD,MWD,between_breed
BKDN170793899-1A,BKDN170796253-1A,0.236059357,SPD,MWD,between_breed
BKDN170793899-1A,BKDN170794322-1A,0.606659189,PTB,MWD,between_breed
BKDN170793899-1A,BKDN170794161-1A,0.887997139,SXD,MWD,between_breed
BKDN170793899-1A,BKDN170794387-1A,0.827963123,LCW,MWD,between_breed
BKDN170793899-1A,BKDN170794163-1A,0.785906064,SXD,MWD,between_breed
BKDN170793899-1A,BKDN170795742-1A,0.427083408,ZSP,MWD,between_breed
BKDN170793899-1A,BKDN170796254-1A,0.524057162,SPD,MWD,between_breed
BKDN170793899-1A,BKDN170795999-1A,0.559939501,CHP,MWD,between_breed
BKDN170793899-1A,BKDN170796247-1A,0.323696492,SPD,MWD,between_breed
BKDN170793899-1A,BKDN170795739-1A,0.384165123,ZSP,MWD,between_breed
BKDN170793899-1A,BKDN170794056-1A,0.886619346,MWD,MWD,within_breed
BKDN170793899-1A,BKDN170796080-1A,0.551643033,LSD,MWD,between_breed
BKDN170793899-1A,BKDN170794329-1A,0.549106465,TWD,MWD,between_breed
BKDN170793899-1A,BKDN170795578-1A,0.7320937,ZSP,MWD,between_breed
BKDN170793899-1A,BKDN170796417-1A,0.388993793,SPD,MWD,between_breed
BKDN170793899-1A,BKDN170793908-1A,0.472396719,JRD,MWD,between_breed
BKDN170793899-1A,BKDN170796251-1A,0.381602048,SPD,MWD,between_breed
BKDN170793899-1A,BKDN170795836-1A,0.754506513,CHP,MWD,between_breed
BKDN170793899-1A,BKDN170796086-1A,0.448592179,SPD,MWD,between_breed
BKDN170793899-1A,BKDN170794327-1A,0.524574722,TWD,MWD,between_breed
BKDN170793899-1A,BKDN170795575-1A,0.371617433,ZSP,MWD,between_breed
BKDN170793899-1A,BKDN170794393-1A,0.830343848,LCW,MWD,between_breed
BKDN170793899-1A,BKDN170794067-1A,0.425822478,JRD,MWD,between_breed
BKDN170793899-1A,BKDN170795574-1A,0.84319915,ZSP,MWD,between_breed
BKDN170793899-1A,BKDN170795576-1A,0.264819193,ZSP,MWD,between_breed
BKDN170793899-1A,BKDN170795738-1A,0.465493143,ZSP,MWD,between_breed
BKDN170793899-1A,BKDN170795145-1A,0.87096721,CHP,MWD,between_breed
BKDN170793899-1A,BKDN170794554-1A,0.40616386,LCW,MWD,between_breed
BKDN170793899-1A,BKDN170794551-1A,0.871155679,LCW,MWD,between_breed
BKDN170793899-1A,BKDN170794805-1A,0.812224724,JYP,MWD,between_breed
BKDN170793899-1A,BKDN170794058-1A,0.443250742,MWD,MWD,within_breed
BKDN170793899-1A,BKDN170795573-1A,0.50951711,ZSP,MWD,between_breed
BKDN170793899-1A,BKDN170796000-1A,0.818094384,CHP,MWD,between_breed
BKDN170793899-1A,BKDN170796413-1A,0.779405516,MWD,MWD,within_breed
BKDN170793899-1A,BKDN170794811-1A,0.651838411,JYP,MWD,between_breed
BKDN170793899-1A,BKDN170795910-1A,0.87860175,LSD,MWD,between_breed
BKDN170793899-1A,BKDN170794066-1A,0.433654488,JRD,MWD,between_breed
BKDN170793899-1A,BKDN170794480-1A,0.865768841,PTB,MWD,between_breed
BKDN170793899-1A,BKDN170796422-1A,0.45473698,SPD,MWD,between_breed
BKDN170793899-1A,BKDN170796085-1A,0.386382642,SPD,MWD,between_breed
BKDN170793899-1A,BKDN170794068-1A,0.894118623,JRD,MWD,between_breed
BKDN170793899-1A,BKDN170794164-1A,0.870524362,SXD,MWD,between_breed
BKDN170793899-1A,BKDN170794553-1A,0.608965194,LCW,MWD,between_breed
BKDN170793899-1A,BKDN170796424-1A,0.484064249,SPD,MWD,between_breed
BKDN170793899-1A,BKDN170796252-1A,0.647617079,SPD,MWD,between_breed
BKDN170793899-1A,BKDN170794158-1A,0.655867507,SXD,MWD,between_breed
BKDN170793899-1A,BKDN170794394-1A,0.748004976,LCW,MWD,between_breed
BKDN170793899-1A,BKDN170793994-1A,0.473911046,YXP,MWD,between_breed
BKDN170793899-1A,BKDN170795912-1A,0.371742792,LSD,MWD,between_breed
BKDN170793899-1A,BKDN170795838-1A,0.784388955,CHP,MWD,between_breed
BKDN170793899-1A,BKDN170794809-1A,0.675203284,JYP,MWD,between_breed
BKDN170793899-1A,BKDN170796421-1A,0.536211805,SPD,MWD,between_breed
BKDN170793899-1A,BKDN170794392-1A,0.338047358,LCW,MWD,between_breed
BKDN170793899-1A,BKDN170794806-1A,0.84297858,JYP,MWD,between_breed
BKDN170793899-1A,BKDN170793902-1A,0.362355221,JRD,MWD,between_breed
BKDN170793899-1A,BKDN170794228-1A,0.809810498,LCW,MWD,between_breed
BKDN170793899-1A,BKDN170793904-1A,0.439776596,JRD,MWD,between_breed
BKDN170793899-1A,BKDN170794001-1A,0.876858047,SXD,MWD,between_breed
BKDN170793899-1A,BKDN170794165-1A,0.863433314,SXD,MWD,between_breed
BKDN170793899-1A,BKDN170794156-1A,0.818077822,PTB,MWD,between_breed
BKDN170793899-1A,BKDN170793998-1A,0.841642842,SXD,MWD,between_breed
BKDN170793899-1A,BKDN170796419-1A,0.596790982,SPD,MWD,between_breed
BKDN170793899-1A,BKDN170793901-1A,0.318872937,JRD,MWD,between_breed
BKDN170793899-1A,BKDN170795740-1A,0.425921619,ZSP,MWD,between_breed
BKDN170793899-1A,BKDN170796250-1A,0.553777763,SPD,MWD,between_breed
BKDN170793899-1A,BKDN170793903-1A,0.433791075,JRD,MWD,between_breed
BKDN170793899-1A,BKDN170795149-1A,0.610403126,CHP,MWD,between_breed
BKDN170793899-1A,BKDN170796077-1A,0.850133225,LSD,MWD,between_breed
BKDN170793899-1A,BKDN170796249-1A,0.543784292,SPD,MWD,between_breed
BKDN170793899-1A,BKDN170795744-1A,0.537576788,ZSP,MWD,between_breed
BKDN170793899-1A,BKDN170794057-1A,0.48225136,MWD,MWD,within_breed
BKDN170793899-1A,BKDN170794385-1A,0.771125734,LCW,MWD,between_breed
BKDN170793899-1A,BKDN170796004-1A,0.702111743,CHP,MWD,between_breed
BKDN170793899-1A,BKDN170794054-1A,0.38566725,MWD,MWD,within_breed
BKDN170793899-1A,BKDN170794972-1A,0.640269473,JYP,MWD,between_breed
BKDN170793899-1A,BKDN170795572-1A,0.782986448,ZSP,MWD,between_breed
BKDN170793899-1A,BKDN170794064-1A,0.42741845,JRD,MWD,between_breed
BKDN170793899-1A,BKDN170794148-1A,0.460889609,JRD,MWD,between_breed
BKDN170793899-1A,BKDN170796006-1A,0.61815252,CHP,MWD,between_breed
BKDN170793899-1A,BKDN170794331-1A,0.782527516,TWD,MWD,between_breed
BKDN170793899-1A,BKDN170793993-1A,0.396192595,JRD,MWD,between_breed
BKDN170793899-1A,BKDN170795737-1A,0.292381917,ZSP,MWD,between_breed
BKDN170793899-1A,BKDN170794548-1A,0.798584125,LCW,MWD,between_breed
BKDN170793899-1A,BKDN170796420-1A,0.514954043,SPD,MWD,between_breed
BKDN170793899-1A,BKDN170796418-1A,0.409386928,SPD,MWD,between_breed
BKDN170793899-1A,BKDN170795837-1A,0.806017803,CHP,MWD,between_breed
BKDN170793899-1A,BKDN170795577-1A,0.407369464,ZSP,MWD,between_breed
BKDN170793899-1A,BKDN170796245-1A,0.590110395,SPD,MWD,between_breed
BKDN170793899-1A,BKDN170794149-1A,0.617117274,JRD,MWD,between_breed
BKDN170793899-1A,BKDN170795147-1A,0.827390607,CHP,MWD,between_breed
BKDN170793899-1A,BKDN170793909-1A,0.478028578,JRD,MWD,between_breed
BKDN170793899-1A,BKDN170795140-1A,0.795408698,JYP,MWD,between_breed
BKDN170793901-1A,BKDN170795999-1A,0.620292259,CHP,JRD,between_breed
BKDN170793901-1A,BKDN170795912-1A,0.388525234,LSD,JRD,between_breed
BKDN170793901-1A,BKDN170794164-1A,0.873257927,SXD,JRD,between_breed
BKDN170793901-1A,BKDN170796000-1A,0.831255843,CHP,JRD,between_breed
BKDN170793901-1A,BKDN170796253-1A,0.310370212,SPD,JRD,between_breed
BKDN170793901-1A,BKDN170794165-1A,0.85860951,SXD,JRD,between_breed
BKDN170793901-1A,BKDN170794553-1A,0.618022169,LCW,JRD,between_breed
BKDN170793901-1A,BKDN170795140-1A,0.804714227,JYP,JRD,between_breed
BKDN170793901-1A,BKDN170795838-1A,0.818009895,CHP,JRD,between_breed
BKDN170793901-1A,BKDN170794001-1A,0.884470335,SXD,JRD,between_breed
BKDN170793901-1A,BKDN170795737-1A,0.265644397,ZSP,JRD,between_breed
BKDN170793901-1A,BKDN170795836-1A,0.777693707,CHP,JRD,between_breed
BKDN170793901-1A,BKDN170795910-1A,0.887329133,LSD,JRD,between_breed
BKDN170793901-1A,BKDN170795744-1A,0.490546496,ZSP,JRD,between_breed
BKDN170793901-1A,BKDN170795149-1A,0.670572354,CHP,JRD,between_breed
BKDN170793901-1A,BKDN170794159-1A,0.843096522,SXD,JRD,between_breed
BKDN170793901-1A,BKDN170795577-1A,0.343615811,ZSP,JRD,between_breed
BKDN170793901-1A,BKDN170794392-1A,0.417985079,LCW,JRD,between_breed
BKDN170793901-1A,BKDN170794068-1A,0.899027555,JRD,JRD,within_breed
BKDN170793901-1A,BKDN170795573-1A,0.515713075,ZSP,JRD,between_breed
BKDN170793901-1A,BKDN170796077-1A,0.847457902,LSD,JRD,between_breed
BKDN170793901-1A,BKDN170796419-1A,0.663549379,SPD,JRD,between_breed
BKDN170793901-1A,BKDN170794066-1A,0.448006728,JRD,JRD,within_breed
BKDN170793901-1A,BKDN170794327-1A,0.576009794,TWD,JRD,between_breed
BKDN170793901-1A,BKDN170793907-1A,0.525888385,JRD,JRD,within_breed
BKDN170793901-1A,BKDN170794152-1A,0.290056243,PTB,JRD,between_breed
BKDN170793901-1A,BKDN170795837-1A,0.799187782,CHP,JRD,between_breed
BKDN170793901-1A,BKDN170794806-1A,0.842070134,JYP,JRD,between_breed
BKDN170793901-1A,BKDN170794322-1A,0.34457252,PTB,JRD,between_breed
BKDN170793901-1A,BKDN170795141-1A,0.784663057,JYP,JRD,between_breed
BKDN170793901-1A,BKDN170795145-1A,0.870142864,CHP,JRD,between_breed
BKDN170793901-1A,BKDN170796247-1A,0.312397042,SPD,JRD,between_breed
BKDN170793901-1A,BKDN170796249-1A,0.409479282,SPD,JRD,between_breed
BKDN170793901-1A,BKDN170795742-1A,0.435912396,ZSP,JRD,between_breed
BKDN170793901-1A,BKDN170794149-1A,0.678870736,JRD,JRD,within_breed
BKDN170793901-1A,BKDN170795916-1A,0.470953349,LSD,JRD,between_breed
BKDN170793901-1A,BKDN170794065-1A,0.547615627,JRD,JRD,within_breed
BKDN170793901-1A,BKDN170794056-1A,0.884993943,MWD,JRD,between_breed
BKDN170793901-1A,BKDN170795146-1A,0.566494296,CHP,JRD,between_breed
BKDN170793901-1A,BKDN170796080-1A,0.549137319,LSD,JRD,between_breed
BKDN170793901-1A,BKDN170793909-1A,0.551626957,JRD,JRD,within_breed
BKDN170793901-1A,BKDN170796004-1A,0.690038499,CHP,JRD,between_breed
BKDN170793901-1A,BKDN170794228-1A,0.824362995,LCW,JRD,between_breed
BKDN170793901-1A,BKDN170794394-1A,0.74881004,LCW,JRD,between_breed
BKDN170793901-1A,BKDN170795572-1A,0.793700419,ZSP,JRD,between_breed
BKDN170793901-1A,BKDN170794548-1A,0.812350985,LCW,JRD,between_breed
BKDN170793901-1A,BKDN170796417-1A,0.443814856,SPD,JRD,between_breed
BKDN170793901-1A,BKDN170794160-1A,0.838453063,SXD,JRD,between_breed
BKDN170793901-1A,BKDN170794058-1A,0.529078579,MWD,JRD,between_breed
BKDN170793901-1A,BKDN170794811-1A,0.68964279,JYP,JRD,between_breed
BKDN170793901-1A,BKDN170796085-1A,0.367681609,SPD,JRD,between_breed
BKDN170793901-1A,BKDN170795740-1A,0.352118584,ZSP,JRD,between_breed
BKDN170793901-1A,BKDN170796424-1A,0.419614431,SPD,JRD,between_breed
BKDN170793901-1A,BKDN170796245-1A,0.534561542,SPD,JRD,between_breed
BKDN170793901-1A,BKDN170796413-1A,0.806029749,MWD,JRD,between_breed
BKDN170793901-1A,BKDN170795745-1A,0.366824041,ZSP,JRD,between_breed
BKDN170793901-1A,BKDN170793904-1A,0.503053279,JRD,JRD,within_breed
BKDN170793901-1A,BKDN170793994-1A,0.553707167,YXP,JRD,between_breed
BKDN170793901-1A,BKDN170794057-1A,0.572303926,MWD,JRD,between_breed
BKDN170793901-1A,BKDN170796086-1A,0.410911054,SPD,JRD,between_breed
BKDN170793901-1A,BKDN170793908-1A,0.527195507,JRD,JRD,within_breed
BKDN170793901-1A,BKDN170794064-1A,0.482679622,JRD,JRD,within_breed
BKDN170793901-1A,BKDN170795147-1A,0.838391629,CHP,JRD,between_breed
BKDN170793901-1A,BKDN170794329-1A,0.611270635,TWD,JRD,between_breed
BKDN170793901-1A,BKDN170794156-1A,0.811543044,PTB,JRD,between_breed
BKDN170793901-1A,BKDN170794163-1A,0.731772908,SXD,JRD,between_breed
BKDN170793901-1A,BKDN170794331-1A,0.797638796,TWD,JRD,between_breed
BKDN170793901-1A,BKDN170795578-1A,0.682421316,ZSP,JRD,between_breed
BKDN170793901-1A,BKDN170796418-1A,0.476919834,SPD,JRD,between_breed
BKDN170793901-1A,BKDN170793903-1A,0.335975374,JRD,JRD,within_breed
BKDN170793901-1A,BKDN170794972-1A,0.711866649,JYP,JRD,between_breed
BKDN170793901-1A,BKDN170794554-1A,0.496173959,LCW,JRD,between_breed
BKDN170793901-1A,BKDN170796250-1A,0.464305601,SPD,JRD,between_breed
BKDN170793901-1A,BKDN170796173-1A,0.849281873,CHP,JRD,between_breed
BKDN170793901-1A,BKDN170796420-1A,0.5150325,SPD,JRD,between_breed
BKDN170793901-1A,BKDN170794387-1A,0.841020286,LCW,JRD,between_breed
BKDN170793901-1A,BKDN170795574-1A,0.853570539,ZSP,JRD,between_breed
BKDN170793901-1A,BKDN170794809-1A,0.728200346,JYP,JRD,between_breed
BKDN170793901-1A,BKDN170796421-1A,0.478894616,SPD,JRD,between_breed
BKDN170793901-1A,BKDN170795738-1A,0.410530298,ZSP,JRD,between_breed
BKDN170793901-1A,BKDN170795743-1A,0.495353694,ZSP,JRD,between_breed
BKDN170793901-1A,BKDN170796422-1A,0.485560448,SPD,JRD,between_breed
BKDN170793901-1A,BKDN170795911-1A,0.378492385,LSD,JRD,between_breed
BKDN170793901-1A,BKDN170795142-1A,0.706718916,JYP,JRD,between_breed
BKDN170793901-1A,BKDN170794326-1A,0.579850507,TWD,JRD,between_breed
BKDN170793901-1A,BKDN170794054-1A,0.482872492,MWD,JRD,between_breed
BKDN170793901-1A,BKDN170795907-1A,0.446525129,LSD,JRD,between_breed
BKDN170793901-1A,BKDN170794148-1A,0.55443189,JRD,JRD,within_breed
BKDN170793901-1A,BKDN170793902-1A,0.326015886,JRD,JRD,within_breed
BKDN170793901-1A,BKDN170794158-1A,0.667322547,SXD,JRD,between_breed
BKDN170793901-1A,BKDN170796006-1A,0.680965156,CHP,JRD,between_breed
BKDN170793901-1A,BKDN170795576-1A,0.217736607,ZSP,JRD,between_breed
BKDN170793901-1A,BKDN170794161-1A,0.888566888,SXD,JRD,between_breed
BKDN170793901-1A,BKDN170794480-1A,0.870904388,PTB,JRD,between_breed
BKDN170793901-1A,BKDN170793993-1A,0.422661456,JRD,JRD,within_breed
BKDN170793901-1A,BKDN170793995-1A,0.58400341,YXP,JRD,between_breed
BKDN170793901-1A,BKDN170795575-1A,0.215280296,ZSP,JRD,between_breed
BKDN170793901-1A,BKDN170796254-1A,0.38288193,SPD,JRD,between_breed
BKDN170793901-1A,BKDN170794330-1A,0.81689847,TWD,JRD,between_breed
BKDN170793901-1A,BKDN170796251-1A,0.446741477,SPD,JRD,between_breed
BKDN170793901-1A,BKDN170794002-1A,0.84484414,SXD,JRD,between_breed
BKDN170793901-1A,BKDN170794385-1A,0.77639554,LCW,JRD,between_breed
BKDN170793901-1A,BKDN170793998-1A,0.823333931,SXD,JRD,between_breed
BKDN170793901-1A,BKDN170795739-1A,0.288237174,ZSP,JRD,between_breed
BKDN170793901-1A,BKDN170796252-1A,0.661820367,SPD,JRD,between_breed
BKDN170793901-1A,BKDN170794551-1A,0.873015176,LCW,JRD,between_breed
BKDN170793901-1A,BKDN170794393-1A,0.842971879,LCW,JRD,between_breed
BKDN170793901-1A,BKDN170794067-1A,0.512452107,JRD,JRD,within_breed
BKDN170793901-1A,BKDN170794805-1A,0.815788734,JYP,JRD,between_breed
BKDN170793901-1A,BKDN170793906-1A,0.733385225,JRD,JRD,within_breed
BKDN170793902-1A,BKDN170795742-1A,0.464774178,ZSP,JRD,between_breed
BKDN170793902-1A,BKDN170794322-1A,0.332336461,PTB,JRD,between_breed
BKDN170793902-1A,BKDN170796421-1A,0.378377966,SPD,JRD,between_breed
BKDN170793902-1A,BKDN170794330-1A,0.73718479,TWD,JRD,between_breed
BKDN170793902-1A,BKDN170794152-1A,0.310374945,PTB,JRD,between_breed
BKDN170793902-1A,BKDN170794002-1A,0.758135062,SXD,JRD,between_breed
BKDN170793902-1A,BKDN170796424-1A,0.272167206,SPD,JRD,between_breed
BKDN170793902-1A,BKDN170795838-1A,0.79654356,CHP,JRD,between_breed
BKDN170793902-1A,BKDN170794156-1A,0.670804896,PTB,JRD,between_breed
BKDN170793902-1A,BKDN170794394-1A,0.642440321,LCW,JRD,between_breed
BKDN170793902-1A,BKDN170794331-1A,0.704679983,TWD,JRD,between_breed
BKDN170793902-1A,BKDN170794057-1A,0.522229165,MWD,JRD,between_breed
BKDN170793902-1A,BKDN170795744-1A,0.478955514,ZSP,JRD,between_breed
BKDN170793902-1A,BKDN170794228-1A,0.726924983,LCW,JRD,between_breed
BKDN170793902-1A,BKDN170796253-1A,0.379906592,SPD,JRD,between_breed
BKDN170793902-1A,BKDN170794065-1A,0.509652598,JRD,JRD,within_breed
BKDN170793902-1A,BKDN170795140-1A,0.709454464,JYP,JRD,between_breed
BKDN170793902-1A,BKDN170795572-1A,0.725492832,ZSP,JRD,between_breed
BKDN170793902-1A,BKDN170795743-1A,0.413822536,ZSP,JRD,between_breed
BKDN170793902-1A,BKDN170796251-1A,0.223667547,SPD,JRD,between_breed
BKDN170793902-1A,BKDN170796086-1A,0.246142943,SPD,JRD,between_breed
BKDN170793902-1A,BKDN170795575-1A,0.302336026,ZSP,JRD,between_breed
BKDN170793902-1A,BKDN170794164-1A,0.795381911,SXD,JRD,between_breed
BKDN170793902-1A,BKDN170796004-1A,0.69713167,CHP,JRD,between_breed
BKDN170793902-1A,BKDN170793998-1A,0.742797046,SXD,JRD,between_breed
BKDN170793902-1A,BKDN170794387-1A,0.751956565,LCW,JRD,between_breed
BKDN170793902-1A,BKDN170794329-1A,0.586722471,TWD,JRD,between_breed
BKDN170793902-1A,BKDN170794159-1A,0.766905227,SXD,JRD,between_breed
BKDN170793902-1A,BKDN170794392-1A,0.551856257,LCW,JRD,between_breed
BKDN170793902-1A,BKDN170795142-1A,0.695745125,JYP,JRD,between_breed
BKDN170793902-1A,BKDN170795745-1A,0.58765747,ZSP,JRD,between_breed
BKDN170793902-1A,BKDN170794068-1A,0.830738198,JRD,JRD,within_breed
BKDN170793902-1A,BKDN170794811-1A,0.661444736,JYP,JRD,between_breed
BKDN170793902-1A,BKDN170796173-1A,0.831297844,CHP,JRD,between_breed
BKDN170793902-1A,BKDN170795910-1A,0.806054476,LSD,JRD,between_breed
BKDN170793902-1A,BKDN170793993-1A,0.635406165,JRD,JRD,within_breed
BKDN170793902-1A,BKDN170795574-1A,0.772026345,ZSP,JRD,between_breed
BKDN170793902-1A,BKDN170795573-1A,0.571569343,ZSP,JRD,between_breed
BKDN170793902-1A,BKDN170796247-1A,0.307563145,SPD,JRD,between_breed
BKDN170793902-1A,BKDN170794001-1A,0.80989097,SXD,JRD,between_breed
BKDN170793902-1A,BKDN170794163-1A,0.659464741,SXD,JRD,between_breed
BKDN170793902-1A,BKDN170794553-1A,0.675429042,LCW,JRD,between_breed
BKDN170793902-1A,BKDN170794806-1A,0.826024747,JYP,JRD,between_breed
BKDN170793902-1A,BKDN170793903-1A,0.475015545,JRD,JRD,within_breed
BKDN170793902-1A,BKDN170795738-1A,0.402232605,ZSP,JRD,between_breed
BKDN170793902-1A,BKDN170796250-1A,0.356795777,SPD,JRD,between_breed
BKDN170793902-1A,BKDN170796000-1A,0.789740801,CHP,JRD,between_breed
BKDN170793902-1A,BKDN170794551-1A,0.789181107,LCW,JRD,between_breed
BKDN170793902-1A,BKDN170794161-1A,0.8205291,SXD,JRD,between_breed
BKDN170793902-1A,BKDN170794385-1A,0.720936964,LCW,JRD,between_breed
BKDN170793902-1A,BKDN170795146-1A,0.568793824,CHP,JRD,between_breed
BKDN170793902-1A,BKDN170793908-1A,0.585933686,JRD,JRD,within_breed
BKDN170793902-1A,BKDN170796006-1A,0.668238894,CHP,JRD,between_breed
BKDN170793902-1A,BKDN170796080-1A,0.496909802,LSD,JRD,between_breed
BKDN170793902-1A,BKDN170793909-1A,0.560870688,JRD,JRD,within_breed
BKDN170793902-1A,BKDN170794326-1A,0.605665057,TWD,JRD,between_breed
BKDN170793902-1A,BKDN170796420-1A,0.460907838,SPD,JRD,between_breed
BKDN170793902-1A,BKDN170795145-1A,0.802553691,CHP,JRD,between_breed
BKDN170793902-1A,BKDN170795907-1A,0.427660354,LSD,JRD,between_breed
BKDN170793902-1A,BKDN170796245-1A,0.529518173,SPD,JRD,between_breed
BKDN170793902-1A,BKDN170795739-1A,0.294816533,ZSP,JRD,between_breed
BKDN170793902-1A,BKDN170794064-1A,0.546002477,JRD,JRD,within_breed
BKDN170793902-1A,BKDN170796249-1A,0.293734291,SPD,JRD,between_breed
BKDN170793902-1A,BKDN170794327-1A,0.503025491,TWD,JRD,between_breed
BKDN170793902-1A,BKDN170795149-1A,0.635497771,CHP,JRD,between_breed
BKDN170793902-1A,BKDN170794160-1A,0.754065938,SXD,JRD,between_breed
BKDN170793902-1A,BKDN170795999-1A,0.541559789,CHP,JRD,between_breed
BKDN170793902-1A,BKDN170795837-1A,0.719541047,CHP,JRD,between_breed
BKDN170793902-1A,BKDN170795912-1A,0.3220593,LSD,JRD,between_breed
BKDN170793902-1A,BKDN170794158-1A,0.680276507,SXD,JRD,between_breed
BKDN170793902-1A,BKDN170794548-1A,0.718347956,LCW,JRD,between_breed
BKDN170793902-1A,BKDN170796077-1A,0.766020293,LSD,JRD,between_breed
BKDN170793902-1A,BKDN170795578-1A,0.633137008,ZSP,JRD,between_breed
BKDN170793902-1A,BKDN170794148-1A,0.614889186,JRD,JRD,within_breed
BKDN170793902-1A,BKDN170794805-1A,0.789610714,JYP,JRD,between_breed
BKDN170793902-1A,BKDN170793906-1A,0.658557889,JRD,JRD,within_breed
BKDN170793902-1A,BKDN170796254-1A,0.31445443,SPD,JRD,between_breed
BKDN170793902-1A,BKDN170793904-1A,0.549732481,JRD,JRD,within_breed
BKDN170793902-1A,BKDN170794067-1A,0.58846044,JRD,JRD,within_breed
BKDN170793902-1A,BKDN170794066-1A,0.534199559,JRD,JRD,within_breed
BKDN170793902-1A,BKDN170796419-1A,0.499247566,SPD,JRD,between_breed
BKDN170793902-1A,BKDN170793995-1A,0.620372844,YXP,JRD,between_breed
BKDN170793902-1A,BKDN170794480-1A,0.787032502,PTB,JRD,between_breed
BKDN170793902-1A,BKDN170795141-1A,0.744875116,JYP,JRD,between_breed
BKDN170793902-1A,BKDN170794972-1A,0.680240771,JYP,JRD,between_breed
BKDN170793902-1A,BKDN170795737-1A,0.308819601,ZSP,JRD,between_breed
BKDN170793902-1A,BKDN170796252-1A,0.540978792,SPD,JRD,between_breed
BKDN170793902-1A,BKDN170796422-1A,0.285022758,SPD,JRD,between_breed
BKDN170793902-1A,BKDN170794809-1A,0.654677337,JYP,JRD,between_breed
BKDN170793902-1A,BKDN170796418-1A,0.297219856,SPD,JRD,between_breed
BKDN170793902-1A,BKDN170795740-1A,0.51121217,ZSP,JRD,between_breed
BKDN170793902-1A,BKDN170795911-1A,0.370952771,LSD,JRD,between_breed
BKDN170793902-1A,BKDN170795577-1A,0.411800925,ZSP,JRD,between_breed
BKDN170793902-1A,BKDN170794058-1A,0.51108597,MWD,JRD,between_breed
BKDN170793902-1A,BKDN170796417-1A,0.259216586,SPD,JRD,between_breed
BKDN170793902-1A,BKDN170793907-1A,0.592145281,JRD,JRD,within_breed
BKDN170793902-1A,BKDN170794056-1A,0.796831317,MWD,JRD,between_breed
BKDN170793902-1A,BKDN170793994-1A,0.609566706,YXP,JRD,between_breed
BKDN170793902-1A,BKDN170794149-1A,0.625724219,JRD,JRD,within_breed
BKDN170793902-1A,BKDN170795836-1A,0.761301952,CHP,JRD,between_breed
BKDN170793902-1A,BKDN170794165-1A,0.782393527,SXD,JRD,between_breed
BKDN170793902-1A,BKDN170796085-1A,0.253339313,SPD,JRD,between_breed
BKDN170793902-1A,BKDN170794054-1A,0.62300797,MWD,JRD,between_breed
BKDN170793902-1A,BKDN170796413-1A,0.719318037,MWD,JRD,between_breed
BKDN170793902-1A,BKDN170795916-1A,0.595771981,LSD,JRD,between_breed
BKDN170793902-1A,BKDN170794393-1A,0.736069301,LCW,JRD,between_breed
BKDN170793902-1A,BKDN170795147-1A,0.77804918,CHP,JRD,between_breed
BKDN170793902-1A,BKDN170794554-1A,0.558576154,LCW,JRD,between_breed
BKDN170793902-1A,BKDN170795576-1A,0.356966551,ZSP,JRD,between_breed
BKDN170793903-1A,BKDN170794330-1A,0.767743014,TWD,JRD,between_breed
BKDN170793903-1A,BKDN170794156-1A,0.772378947,PTB,JRD,between_breed
BKDN170793903-1A,BKDN170794554-1A,0.373753116,LCW,JRD,between_breed
BKDN170793903-1A,BKDN170795743-1A,0.556147079,ZSP,JRD,between_breed
BKDN170793903-1A,BKDN170796253-1A,0.360596787,SPD,JRD,between_breed
BKDN170793903-1A,BKDN170796080-1A,0.429881104,LSD,JRD,between_breed
BKDN170793903-1A,BKDN170795740-1A,0.141371415,ZSP,JRD,between_breed
BKDN170793903-1A,BKDN170795738-1A,0.306859154,ZSP,JRD,between_breed
BKDN170793903-1A,BKDN170794152-1A,0.292668383,PTB,JRD,between_breed
BKDN170793903-1A,BKDN170794327-1A,0.543366261,TWD,JRD,between_breed
BKDN170793903-1A,BKDN170795837-1A,0.770896933,CHP,JRD,between_breed
BKDN170793903-1A,BKDN170794393-1A,0.815520788,LCW,JRD,between_breed
BKDN170793903-1A,BKDN170793908-1A,0.377663732,JRD,JRD,within_breed
BKDN170793903-1A,BKDN170794385-1A,0.739915664,LCW,JRD,between_breed
BKDN170793903-1A,BKDN170795737-1A,0.430192429,ZSP,JRD,between_breed
BKDN170793903-1A,BKDN170795742-1A,0.254053425,ZSP,JRD,between_breed
BKDN170793903-1A,BKDN170796417-1A,0.581776034,SPD,JRD,between_breed
BKDN170793903-1A,BKDN170796413-1A,0.772296051,MWD,JRD,between_breed
BKDN170793903-1A,BKDN170794158-1A,0.484062204,SXD,JRD,between_breed
BKDN170793903-1A,BKDN170794164-1A,0.813211035,SXD,JRD,between_breed
BKDN170793903-1A,BKDN170796418-1A,0.607131393,SPD,JRD,between_breed
BKDN170793903-1A,BKDN170795573-1A,0.507466828,ZSP,JRD,between_breed
BKDN170793903-1A,BKDN170796086-1A,0.513757454,SPD,JRD,between_breed
BKDN170793903-1A,BKDN170796421-1A,0.461317269,SPD,JRD,between_breed
BKDN170793903-1A,BKDN170794331-1A,0.755390168,TWD,JRD,between_breed
BKDN170793903-1A,BKDN170794326-1A,0.457920451,TWD,JRD,between_breed
BKDN170793903-1A,BKDN170796254-1A,0.55655394,SPD,JRD,between_breed
BKDN170793903-1A,BKDN170794322-1A,0.440520303,PTB,JRD,between_breed
BKDN170793903-1A,BKDN170794811-1A,0.616246756,JYP,JRD,between_breed
BKDN170793903-1A,BKDN170795745-1A,0.285782597,ZSP,JRD,between_breed
BKDN170793903-1A,BKDN170793995-1A,0.43267822,YXP,JRD,between_breed
BKDN170793903-1A,BKDN170795907-1A,0.480258506,LSD,JRD,between_breed
BKDN170793903-1A,BKDN170794149-1A,0.621197793,JRD,JRD,within_breed
BKDN170793903-1A,BKDN170793907-1A,0.350810319,JRD,JRD,within_breed
BKDN170793903-1A,BKDN170796077-1A,0.804374019,LSD,JRD,between_breed
BKDN170793903-1A,BKDN170795999-1A,0.456524514,CHP,JRD,between_breed
BKDN170793903-1A,BKDN170794058-1A,0.479299916,MWD,JRD,between_breed
BKDN170793903-1A,BKDN170794806-1A,0.800485017,JYP,JRD,between_breed
BKDN170793903-1A,BKDN170795836-1A,0.726297865,CHP,JRD,between_breed
BKDN170793903-1A,BKDN170796420-1A,0.522295385,SPD,JRD,between_breed
BKDN170793903-1A,BKDN170795574-1A,0.810858562,ZSP,JRD,between_breed
BKDN170793903-1A,BKDN170794387-1A,0.80869494,LCW,JRD,between_breed
BKDN170793903-1A,BKDN170793998-1A,0.752927892,SXD,JRD,between_breed
BKDN170793903-1A,BKDN170796422-1A,0.57752433,SPD,JRD,between_breed
BKDN170793903-1A,BKDN170795142-1A,0.621052569,JYP,JRD,between_breed
BKDN170793903-1A,BKDN170795149-1A,0.605882603,CHP,JRD,between_breed
BKDN170793903-1A,BKDN170793906-1A,0.679539529,JRD,JRD,within_breed
BKDN170793903-1A,BKDN170794064-1A,0.346894706,JRD,JRD,within_breed
BKDN170793903-1A,BKDN170795739-1A,0.294020202,ZSP,JRD,between_breed
BKDN170793903-1A,BKDN170796250-1A,0.556636793,SPD,JRD,between_breed
BKDN170793903-1A,BKDN170794065-1A,0.434779222,JRD,JRD,within_breed
BKDN170793903-1A,BKDN170796004-1A,0.623256567,CHP,JRD,between_breed
BKDN170793903-1A,BKDN170795145-1A,0.851884278,CHP,JRD,between_breed
BKDN170793903-1A,BKDN170796247-1A,0.386726122,SPD,JRD,between_breed
BKDN170793903-1A,BKDN170795141-1A,0.73244228,JYP,JRD,between_breed
BKDN170793903-1A,BKDN170796251-1A,0.604143955,SPD,JRD,between_breed
BKDN170793903-1A,BKDN170793994-1A,0.373003482,YXP,JRD,between_breed
BKDN170793903-1A,BKDN170794159-1A,0.763504077,SXD,JRD,between_breed
BKDN170793903-1A,BKDN170795572-1A,0.751015212,ZSP,JRD,between_breed
BKDN170793903-1A,BKDN170794161-1A,0.825548932,SXD,JRD,between_breed
BKDN170793903-1A,BKDN170795146-1A,0.39294621,CHP,JRD,between_breed
BKDN170793903-1A,BKDN170794068-1A,0.868262361,JRD,JRD,within_breed
BKDN170793903-1A,BKDN170795147-1A,0.808664444,CHP,JRD,between_breed
BKDN170793903-1A,BKDN170794329-1A,0.529677005,TWD,JRD,between_breed
BKDN170793903-1A,BKDN170795911-1A,0.278567093,LSD,JRD,between_breed
BKDN170793903-1A,BKDN170795838-1A,0.776843399,CHP,JRD,between_breed
BKDN170793903-1A,BKDN170796085-1A,0.468347691,SPD,JRD,between_breed
BKDN170793903-1A,BKDN170793993-1A,0.330149857,JRD,JRD,within_breed
BKDN170793903-1A,BKDN170795576-1A,0.278155712,ZSP,JRD,between_breed
BKDN170793903-1A,BKDN170796424-1A,0.470259541,SPD,JRD,between_breed
BKDN170793903-1A,BKDN170793904-1A,0.338068842,JRD,JRD,within_breed
BKDN170793903-1A,BKDN170794553-1A,0.627846276,LCW,JRD,between_breed
BKDN170793903-1A,BKDN170794805-1A,0.779900891,JYP,JRD,between_breed
BKDN170793903-1A,BKDN170795910-1A,0.855652269,LSD,JRD,between_breed
BKDN170793903-1A,BKDN170794066-1A,0.322005061,JRD,JRD,within_breed
BKDN170793903-1A,BKDN170794809-1A,0.676645222,JYP,JRD,between_breed
BKDN170793903-1A,BKDN170796000-1A,0.793027759,CHP,JRD,between_breed
BKDN170793903-1A,BKDN170794548-1A,0.774749436,LCW,JRD,between_breed
BKDN170793903-1A,BKDN170794163-1A,0.6368701,SXD,JRD,between_breed
BKDN170793903-1A,BKDN170794054-1A,0.370871279,MWD,JRD,between_breed
BKDN170793903-1A,BKDN170794160-1A,0.764058866,SXD,JRD,between_breed
BKDN170793903-1A,BKDN170796006-1A,0.581912309,CHP,JRD,between_breed
BKDN170793903-1A,BKDN170794228-1A,0.790293303,LCW,JRD,between_breed
BKDN170793903-1A,BKDN170793909-1A,0.447075144,JRD,JRD,within_breed
BKDN170793903-1A,BKDN170795577-1A,0.332619306,ZSP,JRD,between_breed
BKDN170793903-1A,BKDN170795575-1A,0.300291474,ZSP,JRD,between_breed
BKDN170793903-1A,BKDN170794480-1A,0.836083194,PTB,JRD,between_breed
BKDN170793903-1A,BKDN170795744-1A,0.382906837,ZSP,JRD,between_breed
BKDN170793903-1A,BKDN170794148-1A,0.459456191,JRD,JRD,within_breed
BKDN170793903-1A,BKDN170794165-1A,0.790569883,SXD,JRD,between_breed
BKDN170793903-1A,BKDN170794001-1A,0.836456248,SXD,JRD,between_breed
BKDN170793903-1A,BKDN170794551-1A,0.842858298,LCW,JRD,between_breed
BKDN170793903-1A,BKDN170796245-1A,0.464888222,SPD,JRD,between_breed
BKDN170793903-1A,BKDN170796249-1A,0.464287675,SPD,JRD,between_breed
BKDN170793903-1A,BKDN170794057-1A,0.495725553,MWD,JRD,between_breed
BKDN170793903-1A,BKDN170795912-1A,0.497362202,LSD,JRD,between_breed
BKDN170793903-1A,BKDN170795578-1A,0.601603991,ZSP,JRD,between_breed
BKDN170793903-1A,BKDN170794067-1A,0.412494175,JRD,JRD,within_breed
BKDN170793903-1A,BKDN170794002-1A,0.778236059,SXD,JRD,between_breed
BKDN170793903-1A,BKDN170796419-1A,0.774921046,SPD,JRD,between_breed
BKDN170793903-1A,BKDN170796252-1A,0.758894024,SPD,JRD,between_breed
BKDN170793903-1A,BKDN170795140-1A,0.758008726,JYP,JRD,between_breed
BKDN170793903-1A,BKDN170794056-1A,0.860374421,MWD,JRD,between_breed
BKDN170793903-1A,BKDN170794394-1A,0.716684333,LCW,JRD,between_breed
BKDN170793903-1A,BKDN170794972-1A,0.647800708,JYP,JRD,between_breed
BKDN170793903-1A,BKDN170796173-1A,0.807890964,CHP,JRD,between_breed
BKDN170793903-1A,BKDN170795916-1A,0.498916643,LSD,JRD,between_breed
BKDN170793903-1A,BKDN170794392-1A,0.284080836,LCW,JRD,between_breed
BKDN170793904-1A,BKDN170795745-1A,0.300670801,ZSP,JRD,between_breed
BKDN170793904-1A,BKDN170796173-1A,0.747785644,CHP,JRD,between_breed
BKDN170793904-1A,BKDN170796245-1A,0.522730215,SPD,JRD,between_breed
BKDN170793904-1A,BKDN170794068-1A,0.850604714,JRD,JRD,within_breed
BKDN170793904-1A,BKDN170795738-1A,0.303849475,ZSP,JRD,between_breed
BKDN170793904-1A,BKDN170794326-1A,0.32478269,TWD,JRD,between_breed
BKDN170793904-1A,BKDN170795575-1A,0.410654435,ZSP,JRD,between_breed
BKDN170793904-1A,BKDN170795739-1A,0.347166999,ZSP,JRD,between_breed
BKDN170793904-1A,BKDN170796250-1A,0.651285504,SPD,JRD,between_breed
BKDN170793904-1A,BKDN170794322-1A,0.636897778,PTB,JRD,between_breed
BKDN170793904-1A,BKDN170796247-1A,0.494990057,SPD,JRD,between_breed
BKDN170793904-1A,BKDN170796413-1A,0.727419185,MWD,JRD,between_breed
BKDN170793904-1A,BKDN170796421-1A,0.558901589,SPD,JRD,between_breed
BKDN170793904-1A,BKDN170795911-1A,0.269108579,LSD,JRD,between_breed
BKDN170793904-1A,BKDN170795744-1A,0.491473972,ZSP,JRD,between_breed
BKDN170793904-1A,BKDN170794228-1A,0.796069441,LCW,JRD,between_breed
BKDN170793904-1A,BKDN170796418-1A,0.675273242,SPD,JRD,between_breed
BKDN170793904-1A,BKDN170796085-1A,0.53462157,SPD,JRD,between_breed
BKDN170793904-1A,BKDN170794065-1A,0.251417787,JRD,JRD,within_breed
BKDN170793904-1A,BKDN170796080-1A,0.41522445,LSD,JRD,between_breed
BKDN170793904-1A,BKDN170795577-1A,0.458537247,ZSP,JRD,between_breed
BKDN170793904-1A,BKDN170794809-1A,0.606040685,JYP,JRD,between_breed
BKDN170793904-1A,BKDN170796252-1A,0.833396359,SPD,JRD,between_breed
BKDN170793904-1A,BKDN170794554-1A,0.301601574,LCW,JRD,between_breed
BKDN170793904-1A,BKDN170794054-1A,0.387700204,MWD,JRD,between_breed
BKDN170793904-1A,BKDN170796424-1A,0.567997822,SPD,JRD,between_breed
BKDN170793904-1A,BKDN170795145-1A,0.842919565,CHP,JRD,between_breed
BKDN170793904-1A,BKDN170794148-1A,0.271383315,JRD,JRD,within_breed
BKDN170793904-1A,BKDN170795737-1A,0.511711544,ZSP,JRD,between_breed
BKDN170793904-1A,BKDN170795578-1A,0.667904926,ZSP,JRD,between_breed
BKDN170793904-1A,BKDN170794161-1A,0.851274937,SXD,JRD,between_breed
BKDN170793904-1A,BKDN170795836-1A,0.627192796,CHP,JRD,between_breed
BKDN170793904-1A,BKDN170795838-1A,0.680156053,CHP,JRD,between_breed
BKDN170793904-1A,BKDN170796419-1A,0.844775719,SPD,JRD,between_breed
BKDN170793904-1A,BKDN170794385-1A,0.757776158,LCW,JRD,between_breed
BKDN170793904-1A,BKDN170795576-1A,0.381048893,ZSP,JRD,between_breed
BKDN170793904-1A,BKDN170796000-1A,0.736326832,CHP,JRD,between_breed
BKDN170793904-1A,BKDN170793995-1A,0.329617787,YXP,JRD,between_breed
BKDN170793904-1A,BKDN170794165-1A,0.81964035,SXD,JRD,between_breed
BKDN170793904-1A,BKDN170794066-1A,0.294176612,JRD,JRD,within_breed
BKDN170793904-1A,BKDN170796254-1A,0.691592814,SPD,JRD,between_breed
BKDN170793904-1A,BKDN170795916-1A,0.584445882,LSD,JRD,between_breed
BKDN170793904-1A,BKDN170795999-1A,0.327501512,CHP,JRD,between_breed
BKDN170793904-1A,BKDN170793998-1A,0.792077039,SXD,JRD,between_breed
BKDN170793904-1A,BKDN170794159-1A,0.801441938,SXD,JRD,between_breed
BKDN170793904-1A,BKDN170795572-1A,0.726071382,ZSP,JRD,between_breed
BKDN170793904-1A,BKDN170794327-1A,0.464499325,TWD,JRD,between_breed
BKDN170793904-1A,BKDN170794331-1A,0.754205833,TWD,JRD,between_breed
BKDN170793904-1A,BKDN170794548-1A,0.791596401,LCW,JRD,between_breed
BKDN170793904-1A,BKDN170794394-1A,0.67495853,LCW,JRD,between_breed
BKDN170793904-1A,BKDN170794329-1A,0.36860552,TWD,JRD,between_breed
BKDN170793904-1A,BKDN170795912-1A,0.591955648,LSD,JRD,between_breed
BKDN170793904-1A,BKDN170794001-1A,0.84309673,SXD,JRD,between_breed
BKDN170793904-1A,BKDN170795147-1A,0.812752796,CHP,JRD,between_breed
BKDN170793904-1A,BKDN170794149-1A,0.477080019,JRD,JRD,within_breed
BKDN170793904-1A,BKDN170794152-1A,0.46227231,PTB,JRD,between_breed
BKDN170793904-1A,BKDN170794330-1A,0.718898157,TWD,JRD,between_breed
BKDN170793904-1A,BKDN170795142-1A,0.452219481,JYP,JRD,between_breed
BKDN170793904-1A,BKDN170793906-1A,0.571131719,JRD,JRD,within_breed
BKDN170793904-1A,BKDN170794160-1A,0.789232741,SXD,JRD,between_breed
BKDN170793904-1A,BKDN170794156-1A,0.846381397,PTB,JRD,between_breed
BKDN170793904-1A,BKDN170794067-1A,0.216983699,JRD,JRD,within_breed
BKDN170793904-1A,BKDN170795742-1A,0.270586187,ZSP,JRD,between_breed
BKDN170793904-1A,BKDN170794064-1A,0.209601236,JRD,JRD,within_breed
BKDN170793904-1A,BKDN170796006-1A,0.421414794,CHP,JRD,between_breed
BKDN170793904-1A,BKDN170794058-1A,0.372635325,MWD,JRD,between_breed
BKDN170793904-1A,BKDN170796253-1A,0.399495596,SPD,JRD,between_breed
BKDN170793904-1A,BKDN170796420-1A,0.627186606,SPD,JRD,between_breed
BKDN170793904-1A,BKDN170794002-1A,0.805610319,SXD,JRD,between_breed
BKDN170793904-1A,BKDN170794553-1A,0.712353701,LCW,JRD,between_breed
BKDN170793904-1A,BKDN170794811-1A,0.511492154,JYP,JRD,between_breed
BKDN170793904-1A,BKDN170794806-1A,0.750162276,JYP,JRD,between_breed
BKDN170793904-1A,BKDN170793994-1A,0.274283684,YXP,JRD,between_breed
BKDN170793904-1A,BKDN170793908-1A,0.190626178,JRD,JRD,within_breed
BKDN170793904-1A,BKDN170794551-1A,0.826970316,LCW,JRD,between_breed
BKDN170793904-1A,BKDN170796249-1A,0.584417775,SPD,JRD,between_breed
BKDN170793904-1A,BKDN170794158-1A,0.51556287,SXD,JRD,between_breed
BKDN170793904-1A,BKDN170796004-1A,0.588556681,CHP,JRD,between_breed
BKDN170793904-1A,BKDN170794056-1A,0.848684433,MWD,JRD,between_breed
BKDN170793904-1A,BKDN170795141-1A,0.68585453,JYP,JRD,between_breed
BKDN170793904-1A,BKDN170793907-1A,0.270637596,JRD,JRD,within_breed
BKDN170793904-1A,BKDN170794164-1A,0.833204755,SXD,JRD,between_breed
BKDN170793904-1A,BKDN170796422-1A,0.67796356,SPD,JRD,between_breed
BKDN170793904-1A,BKDN170796251-1A,0.66948144,SPD,JRD,between_breed
BKDN170793904-1A,BKDN170795149-1A,0.419112215,CHP,JRD,between_breed
BKDN170793904-1A,BKDN170795146-1A,0.249209677,CHP,JRD,between_breed
BKDN170793904-1A,BKDN170795743-1A,0.629042437,ZSP,JRD,between_breed
BKDN170793904-1A,BKDN170795140-1A,0.767901529,JYP,JRD,between_breed
BKDN170793904-1A,BKDN170794392-1A,0.345294983,LCW,JRD,between_breed
BKDN170793904-1A,BKDN170794805-1A,0.704056663,JYP,JRD,between_breed
BKDN170793904-1A,BKDN170794057-1A,0.361255847,MWD,JRD,between_breed
BKDN170793904-1A,BKDN170795574-1A,0.805313898,ZSP,JRD,between_breed
BKDN170793904-1A,BKDN170794972-1A,0.505092803,JYP,JRD,between_breed
BKDN170793904-1A,BKDN170794163-1A,0.691614989,SXD,JRD,between_breed
BKDN170793904-1A,BKDN170795740-1A,0.27742427,ZSP,JRD,between_breed
BKDN170793904-1A,BKDN170794480-1A,0.830544091,PTB,JRD,between_breed
BKDN170793904-1A,BKDN170794393-1A,0.837975027,LCW,JRD,between_breed
BKDN170793904-1A,BKDN170793909-1A,0.229125119,JRD,JRD,within_breed
BKDN170793904-1A,BKDN170796417-1A,0.663156272,SPD,JRD,between_breed
BKDN170793904-1A,BKDN170796077-1A,0.810447377,LSD,JRD,between_breed
BKDN170793904-1A,BKDN170795573-1A,0.621079899,ZSP,JRD,between_breed
BKDN170793904-1A,BKDN170793993-1A,0.296341287,JRD,JRD,within_breed
BKDN170793904-1A,BKDN170794387-1A,0.787697627,LCW,JRD,between_breed
BKDN170793904-1A,BKDN170795907-1A,0.533235553,LSD,JRD,between_breed
BKDN170793904-1A,BKDN170795910-1A,0.844870932,LSD,JRD,between_breed
BKDN170793904-1A,BKDN170796086-1A,0.636632363,SPD,JRD,between_breed
BKDN170793904-1A,BKDN170795837-1A,0.73330982,CHP,JRD,between_breed
BKDN170793906-1A,BKDN170795742-1A,0.594202399,ZSP,JRD,between_breed
BKDN170793906-1A,BKDN170795576-1A,0.684771738,ZSP,JRD,between_breed
BKDN170793906-1A,BKDN170796253-1A,0.57188672,SPD,JRD,between_breed
BKDN170793906-1A,BKDN170795575-1A,0.664472555,ZSP,JRD,between_breed
BKDN170793906-1A,BKDN170795573-1A,0.402188656,ZSP,JRD,between_breed
BKDN170793906-1A,BKDN170794057-1A,0.327880454,MWD,JRD,between_breed
BKDN170793906-1A,BKDN170796419-1A,0.461416024,SPD,JRD,between_breed
BKDN170793906-1A,BKDN170794326-1A,0.549238442,TWD,JRD,between_breed
BKDN170793906-1A,BKDN170794158-1A,0.771536319,SXD,JRD,between_breed
BKDN170793906-1A,BKDN170794159-1A,0.572802587,SXD,JRD,between_breed
BKDN170793906-1A,BKDN170793994-1A,0.579300097,YXP,JRD,between_breed
BKDN170793906-1A,BKDN170795577-1A,0.649585393,ZSP,JRD,between_breed
BKDN170793906-1A,BKDN170795739-1A,0.657877492,ZSP,JRD,between_breed
BKDN170793906-1A,BKDN170795907-1A,0.683529166,LSD,JRD,between_breed
BKDN170793906-1A,BKDN170794163-1A,0.634038858,SXD,JRD,between_breed
BKDN170793906-1A,BKDN170795574-1A,0.255721177,ZSP,JRD,between_breed
BKDN170793906-1A,BKDN170794148-1A,0.570688888,JRD,JRD,within_breed
BKDN170793906-1A,BKDN170794058-1A,0.503295601,MWD,JRD,between_breed
BKDN170793906-1A,BKDN170794322-1A,0.636025658,PTB,JRD,between_breed
BKDN170793906-1A,BKDN170794385-1A,0.314250034,LCW,JRD,between_breed
BKDN170793906-1A,BKDN170796247-1A,0.692510022,SPD,JRD,between_breed
BKDN170793906-1A,BKDN170796254-1A,0.418057678,SPD,JRD,between_breed
BKDN170793906-1A,BKDN170794972-1A,0.436838917,JYP,JRD,between_breed
BKDN170793906-1A,BKDN170795572-1A,0.357672541,ZSP,JRD,between_breed
BKDN170793906-1A,BKDN170796421-1A,0.619572818,SPD,JRD,between_breed
BKDN170793906-1A,BKDN170794066-1A,0.50558371,JRD,JRD,within_breed
BKDN170793906-1A,BKDN170795140-1A,0.49479165,JYP,JRD,between_breed
BKDN170793906-1A,BKDN170794152-1A,0.644605467,PTB,JRD,between_breed
BKDN170793906-1A,BKDN170794329-1A,0.487937249,TWD,JRD,between_breed
BKDN170793906-1A,BKDN170794156-1A,0.707314114,PTB,JRD,between_breed
BKDN170793906-1A,BKDN170796006-1A,0.493410355,CHP,JRD,between_breed
BKDN170793906-1A,BKDN170794161-1A,0.41016939,SXD,JRD,between_breed
BKDN170793906-1A,BKDN170794068-1A,0.348108877,JRD,JRD,within_breed
BKDN170793906-1A,BKDN170796173-1A,0.647600904,CHP,JRD,between_breed
BKDN170793906-1A,BKDN170795740-1A,0.660823142,ZSP,JRD,between_breed
BKDN170793906-1A,BKDN170795916-1A,0.682408447,LSD,JRD,between_breed
BKDN170793906-1A,BKDN170794327-1A,0.43948091,TWD,JRD,between_breed
BKDN170793906-1A,BKDN170794330-1A,0.456836588,TWD,JRD,between_breed
BKDN170793906-1A,BKDN170794228-1A,0.401933124,LCW,JRD,between_breed
BKDN170793906-1A,BKDN170794002-1A,0.447315715,SXD,JRD,between_breed
BKDN170793906-1A,BKDN170794394-1A,0.513582664,LCW,JRD,between_breed
BKDN170793906-1A,BKDN170794149-1A,0.356876407,JRD,JRD,within_breed
BKDN170793906-1A,BKDN170796249-1A,0.631863001,SPD,JRD,between_breed
BKDN170793906-1A,BKDN170794553-1A,0.504108126,LCW,JRD,between_breed
BKDN170793906-1A,BKDN170794554-1A,0.410938932,LCW,JRD,between_breed
BKDN170793906-1A,BKDN170794548-1A,0.362385851,LCW,JRD,between_breed
BKDN170793906-1A,BKDN170794392-1A,0.608297012,LCW,JRD,between_breed
BKDN170793906-1A,BKDN170794165-1A,0.435119183,SXD,JRD,between_breed
BKDN170793906-1A,BKDN170794064-1A,0.550495234,JRD,JRD,within_breed
BKDN170793906-1A,BKDN170795744-1A,0.546589226,ZSP,JRD,between_breed
BKDN170793906-1A,BKDN170795578-1A,0.669860179,ZSP,JRD,between_breed
BKDN170793906-1A,BKDN170795145-1A,0.309800038,CHP,JRD,between_breed
BKDN170793906-1A,BKDN170795149-1A,0.412763324,CHP,JRD,between_breed
BKDN170793906-1A,BKDN170794393-1A,0.335764886,LCW,JRD,between_breed
BKDN170793906-1A,BKDN170796077-1A,0.39417527,LSD,JRD,between_breed
BKDN170793906-1A,BKDN170794056-1A,0.36204619,MWD,JRD,between_breed
BKDN170793906-1A,BKDN170796413-1A,0.30885672,MWD,JRD,between_breed
BKDN170793906-1A,BKDN170794809-1A,0.460858595,JYP,JRD,between_breed
BKDN170793906-1A,BKDN170794054-1A,0.581283477,MWD,JRD,between_breed
BKDN170793906-1A,BKDN170793908-1A,0.57447992,JRD,JRD,within_breed
BKDN170793906-1A,BKDN170794331-1A,0.379534755,TWD,JRD,between_breed
BKDN170793906-1A,BKDN170793993-1A,0.67574449,JRD,JRD,within_breed
BKDN170793906-1A,BKDN170795838-1A,0.59473835,CHP,JRD,between_breed
BKDN170793906-1A,BKDN170794164-1A,0.509868068,SXD,JRD,between_breed
BKDN170793906-1A,BKDN170794001-1A,0.408513869,SXD,JRD,between_breed
BKDN170793906-1A,BKDN170794387-1A,0.428381455,LCW,JRD,between_breed
BKDN170793906-1A,BKDN170794805-1A,0.581004379,JYP,JRD,between_breed
BKDN170793906-1A,BKDN170795837-1A,0.285981007,CHP,JRD,between_breed
BKDN170793906-1A,BKDN170796418-1A,0.721248698,SPD,JRD,between_breed
BKDN170793906-1A,BKDN170795910-1A,0.316100784,LSD,JRD,between_breed
BKDN170793906-1A,BKDN170794065-1A,0.410429946,JRD,JRD,within_breed
BKDN170793906-1A,BKDN170794067-1A,0.54967474,JRD,JRD,within_breed
BKDN170793906-1A,BKDN170796000-1A,0.625735874,CHP,JRD,between_breed
BKDN170793906-1A,BKDN170793998-1A,0.521453277,SXD,JRD,between_breed
BKDN170793906-1A,BKDN170795912-1A,0.702465942,LSD,JRD,between_breed
BKDN170793906-1A,BKDN170796250-1A,0.68735597,SPD,JRD,between_breed
BKDN170793906-1A,BKDN170795738-1A,0.65865436,ZSP,JRD,between_breed
BKDN170793906-1A,BKDN170795999-1A,0.529292611,CHP,JRD,between_breed
BKDN170793906-1A,BKDN170796086-1A,0.630973847,SPD,JRD,between_breed
BKDN170793906-1A,BKDN170793995-1A,0.597386819,YXP,JRD,between_breed
BKDN170793906-1A,BKDN170794806-1A,0.657036956,JYP,JRD,between_breed
BKDN170793906-1A,BKDN170796424-1A,0.623206866,SPD,JRD,between_breed
BKDN170793906-1A,BKDN170796420-1A,0.750990681,SPD,JRD,between_breed
BKDN170793906-1A,BKDN170794551-1A,0.349487634,LCW,JRD,between_breed
BKDN170793906-1A,BKDN170795141-1A,0.60245014,JYP,JRD,between_breed
BKDN170793906-1A,BKDN170795745-1A,0.666242975,ZSP,JRD,between_breed
BKDN170793906-1A,BKDN170795146-1A,0.505031773,CHP,JRD,between_breed
BKDN170793906-1A,BKDN170796417-1A,0.734932301,SPD,JRD,between_breed
BKDN170793906-1A,BKDN170796085-1A,0.675992216,SPD,JRD,between_breed
BKDN170793906-1A,BKDN170793909-1A,0.532949595,JRD,JRD,within_breed
BKDN170793906-1A,BKDN170795911-1A,0.634532064,LSD,JRD,between_breed
BKDN170793906-1A,BKDN170794480-1A,0.392089399,PTB,JRD,between_breed
BKDN170793906-1A,BKDN170796422-1A,0.737381258,SPD,JRD,between_breed
BKDN170793906-1A,BKDN170796251-1A,0.713772388,SPD,JRD,between_breed
BKDN170793906-1A,BKDN170795737-1A,0.687509208,ZSP,JRD,between_breed
BKDN170793906-1A,BKDN170796245-1A,0.699066612,SPD,JRD,between_breed
BKDN170793906-1A,BKDN170795147-1A,0.422617847,CHP,JRD,between_breed
BKDN170793906-1A,BKDN170794160-1A,0.505077673,SXD,JRD,between_breed
BKDN170793906-1A,BKDN170796004-1A,0.692997403,CHP,JRD,between_breed
BKDN170793906-1A,BKDN170795743-1A,0.536229631,ZSP,JRD,between_breed
BKDN170793906-1A,BKDN170795142-1A,0.463374399,JYP,JRD,between_breed
BKDN170793906-1A,BKDN170793907-1A,0.537697703,JRD,JRD,within_breed
BKDN170793906-1A,BKDN170796252-1A,0.37303038,SPD,JRD,between_breed
BKDN170793906-1A,BKDN170795836-1A,0.580655058,CHP,JRD,between_breed
BKDN170793906-1A,BKDN170794811-1A,0.487495939,JYP,JRD,between_breed
BKDN170793906-1A,BKDN170796080-1A,0.408977787,LSD,JRD,between_breed
BKDN170793907-1A,BKDN170794156-1A,0.741376587,PTB,JRD,between_breed
BKDN170793907-1A,BKDN170794548-1A,0.653967492,LCW,JRD,between_breed
BKDN170793907-1A,BKDN170793993-1A,0.34093065,JRD,JRD,within_breed
BKDN170793907-1A,BKDN170794158-1A,0.523407691,SXD,JRD,between_breed
BKDN170793907-1A,BKDN170796418-1A,0.685033187,SPD,JRD,between_breed
BKDN170793907-1A,BKDN170795739-1A,0.41116847,ZSP,JRD,between_breed
BKDN170793907-1A,BKDN170794067-1A,0.363539669,JRD,JRD,within_breed
BKDN170793907-1A,BKDN170795142-1A,0.455241985,JYP,JRD,between_breed
BKDN170793907-1A,BKDN170794056-1A,0.710283886,MWD,JRD,between_breed
BKDN170793907-1A,BKDN170795912-1A,0.649886768,LSD,JRD,between_breed
BKDN170793907-1A,BKDN170794228-1A,0.67275642,LCW,JRD,between_breed
BKDN170793907-1A,BKDN170795575-1A,0.467783879,ZSP,JRD,between_breed
BKDN170793907-1A,BKDN170796085-1A,0.607032388,SPD,JRD,between_breed
BKDN170793907-1A,BKDN170794385-1A,0.615043274,LCW,JRD,between_breed
BKDN170793907-1A,BKDN170794152-1A,0.519796063,PTB,JRD,between_breed
BKDN170793907-1A,BKDN170794553-1A,0.533339453,LCW,JRD,between_breed
BKDN170793907-1A,BKDN170795577-1A,0.436622652,ZSP,JRD,between_breed
BKDN170793907-1A,BKDN170793909-1A,0.322577765,JRD,JRD,within_breed
BKDN170793907-1A,BKDN170796086-1A,0.619375086,SPD,JRD,between_breed
BKDN170793907-1A,BKDN170795745-1A,0.335933171,ZSP,JRD,between_breed
BKDN170793907-1A,BKDN170794809-1A,0.462411827,JYP,JRD,between_breed
BKDN170793907-1A,BKDN170794161-1A,0.685725644,SXD,JRD,between_breed
BKDN170793907-1A,BKDN170796173-1A,0.657339262,CHP,JRD,between_breed
BKDN170793907-1A,BKDN170796006-1A,0.374509354,CHP,JRD,between_breed
BKDN170793907-1A,BKDN170794322-1A,0.631577652,PTB,JRD,between_breed
BKDN170793907-1A,BKDN170796417-1A,0.72177984,SPD,JRD,between_breed
BKDN170793907-1A,BKDN170795737-1A,0.526474,ZSP,JRD,between_breed
BKDN170793907-1A,BKDN170795910-1A,0.695472193,LSD,JRD,between_breed
BKDN170793907-1A,BKDN170795911-1A,0.350715247,LSD,JRD,between_breed
BKDN170793907-1A,BKDN170795146-1A,0.184862197,CHP,JRD,between_breed
BKDN170793907-1A,BKDN170795738-1A,0.393306788,ZSP,JRD,between_breed
BKDN170793907-1A,BKDN170795740-1A,0.298108683,ZSP,JRD,between_breed
BKDN170793907-1A,BKDN170796254-1A,0.630698155,SPD,JRD,between_breed
BKDN170793907-1A,BKDN170794327-1A,0.533394293,TWD,JRD,between_breed
BKDN170793907-1A,BKDN170796424-1A,0.544684497,SPD,JRD,between_breed
BKDN170793907-1A,BKDN170794811-1A,0.411577385,JYP,JRD,between_breed
BKDN170793907-1A,BKDN170795743-1A,0.517002734,ZSP,JRD,between_breed
BKDN170793907-1A,BKDN170796419-1A,0.733382979,SPD,JRD,between_breed
BKDN170793907-1A,BKDN170794394-1A,0.589479953,LCW,JRD,between_breed
BKDN170793907-1A,BKDN170794393-1A,0.710471687,LCW,JRD,between_breed
BKDN170793907-1A,BKDN170795147-1A,0.677192668,CHP,JRD,between_breed
BKDN170793907-1A,BKDN170796245-1A,0.49498855,SPD,JRD,between_breed
BKDN170793907-1A,BKDN170794148-1A,0.414568159,JRD,JRD,within_breed
BKDN170793907-1A,BKDN170794001-1A,0.693854389,SXD,JRD,between_breed
BKDN170793907-1A,BKDN170794165-1A,0.656070707,SXD,JRD,between_breed
BKDN170793907-1A,BKDN170796252-1A,0.718896169,SPD,JRD,between_breed
BKDN170793907-1A,BKDN170796253-1A,0.383149333,SPD,JRD,between_breed
BKDN170793907-1A,BKDN170796421-1A,0.528944068,SPD,JRD,between_breed
BKDN170793907-1A,BKDN170795572-1A,0.605926761,ZSP,JRD,between_breed
BKDN170793907-1A,BKDN170795742-1A,0.259198641,ZSP,JRD,between_breed
BKDN170793907-1A,BKDN170795141-1A,0.567501797,JYP,JRD,between_breed
BKDN170793907-1A,BKDN170793998-1A,0.632150826,SXD,JRD,between_breed
BKDN170793907-1A,BKDN170794160-1A,0.64286999,SXD,JRD,between_breed
BKDN170793907-1A,BKDN170793995-1A,0.40369382,YXP,JRD,between_breed
BKDN170793907-1A,BKDN170795907-1A,0.576445416,LSD,JRD,between_breed
BKDN170793907-1A,BKDN170796077-1A,0.646044688,LSD,JRD,between_breed
BKDN170793907-1A,BKDN170794331-1A,0.605760456,TWD,JRD,between_breed
BKDN170793907-1A,BKDN170796000-1A,0.642397971,CHP,JRD,between_breed
BKDN170793907-1A,BKDN170794054-1A,0.366929941,MWD,JRD,between_breed
BKDN170793907-1A,BKDN170794972-1A,0.50616001,JYP,JRD,between_breed
BKDN170793907-1A,BKDN170795576-1A,0.391791656,ZSP,JRD,between_breed
BKDN170793907-1A,BKDN170795837-1A,0.598191802,CHP,JRD,between_breed
BKDN170793907-1A,BKDN170794066-1A,0.219257093,JRD,JRD,within_breed
BKDN170793907-1A,BKDN170796249-1A,0.516396074,SPD,JRD,between_breed
BKDN170793907-1A,BKDN170793994-1A,0.389172017,YXP,JRD,between_breed
BKDN170793907-1A,BKDN170794554-1A,0.272917749,LCW,JRD,between_breed
BKDN170793907-1A,BKDN170795145-1A,0.699716061,CHP,JRD,between_breed
BKDN170793907-1A,BKDN170794149-1A,0.440258708,JRD,JRD,within_breed
BKDN170793907-1A,BKDN170795574-1A,0.666141006,ZSP,JRD,between_breed
BKDN170793907-1A,BKDN170795836-1A,0.556166422,CHP,JRD,between_breed
BKDN170793907-1A,BKDN170796251-1A,0.716145415,SPD,JRD,between_breed
BKDN170793907-1A,BKDN170796413-1A,0.5996499,MWD,JRD,between_breed
BKDN170793907-1A,BKDN170794057-1A,0.394862785,MWD,JRD,between_breed
BKDN170793907-1A,BKDN170794387-1A,0.647491488,LCW,JRD,between_breed
BKDN170793907-1A,BKDN170794392-1A,0.288804658,LCW,JRD,between_breed
BKDN170793907-1A,BKDN170794480-1A,0.675707412,PTB,JRD,between_breed
BKDN170793907-1A,BKDN170794326-1A,0.411503506,TWD,JRD,between_breed
BKDN170793907-1A,BKDN170796422-1A,0.715765141,SPD,JRD,between_breed
BKDN170793907-1A,BKDN170795149-1A,0.466773857,CHP,JRD,between_breed
BKDN170793907-1A,BKDN170795573-1A,0.457378086,ZSP,JRD,between_breed
BKDN170793907-1A,BKDN170794065-1A,0.264573982,JRD,JRD,within_breed
BKDN170793907-1A,BKDN170793908-1A,0.231790716,JRD,JRD,within_breed
BKDN170793907-1A,BKDN170794159-1A,0.639236863,SXD,JRD,between_breed
BKDN170793907-1A,BKDN170794068-1A,0.710545897,JRD,JRD,within_breed
BKDN170793907-1A,BKDN170795916-1A,0.495370252,LSD,JRD,between_breed
BKDN170793907-1A,BKDN170794551-1A,0.689642333,LCW,JRD,between_breed
BKDN170793907-1A,BKDN170794002-1A,0.658920646,SXD,JRD,between_breed
BKDN170793907-1A,BKDN170794064-1A,0.227915809,JRD,JRD,within_breed
BKDN170793907-1A,BKDN170794805-1A,0.619265929,JYP,JRD,between_breed
BKDN170793907-1A,BKDN170795744-1A,0.403649021,ZSP,JRD,between_breed
BKDN170793907-1A,BKDN170796250-1A,0.632684765,SPD,JRD,between_breed
BKDN170793907-1A,BKDN170795838-1A,0.623701992,CHP,JRD,between_breed
BKDN170793907-1A,BKDN170794330-1A,0.596718836,TWD,JRD,between_breed
BKDN170793907-1A,BKDN170796080-1A,0.328244684,LSD,JRD,between_breed
BKDN170793907-1A,BKDN170796247-1A,0.525265269,SPD,JRD,between_breed
BKDN170793907-1A,BKDN170796004-1A,0.519701051,CHP,JRD,between_breed
BKDN170793907-1A,BKDN170794329-1A,0.519686744,TWD,JRD,between_breed
BKDN170793907-1A,BKDN170795578-1A,0.594648139,ZSP,JRD,between_breed
BKDN170793907-1A,BKDN170794163-1A,0.589332864,SXD,JRD,between_breed
BKDN170793907-1A,BKDN170796420-1A,0.620276865,SPD,JRD,between_breed
BKDN170793907-1A,BKDN170794806-1A,0.673204884,JYP,JRD,between_breed
BKDN170793907-1A,BKDN170795140-1A,0.582862827,JYP,JRD,between_breed
BKDN170793907-1A,BKDN170794058-1A,0.499985931,MWD,JRD,between_breed
BKDN170793907-1A,BKDN170794164-1A,0.679200912,SXD,JRD,between_breed
BKDN170793907-1A,BKDN170795999-1A,0.318312082,CHP,JRD,between_breed
BKDN170793908-1A,BKDN170794554-1A,0.336978832,LCW,JRD,between_breed
BKDN170793908-1A,BKDN170794056-1A,0.850919852,MWD,JRD,between_breed
BKDN170793908-1A,BKDN170794054-1A,0.396834318,MWD,JRD,between_breed
BKDN170793908-1A,BKDN170794149-1A,0.46803106,JRD,JRD,within_breed
BKDN170793908-1A,BKDN170796413-1A,0.747583078,MWD,JRD,between_breed
BKDN170793908-1A,BKDN170794161-1A,0.853637373,SXD,JRD,between_breed
BKDN170793908-1A,BKDN170796000-1A,0.744489178,CHP,JRD,between_breed
BKDN170793908-1A,BKDN170796077-1A,0.817754727,LSD,JRD,between_breed
BKDN170793908-1A,BKDN170793993-1A,0.342218016,JRD,JRD,within_breed
BKDN170793908-1A,BKDN170793909-1A,0.185354725,JRD,JRD,within_breed
BKDN170793908-1A,BKDN170795737-1A,0.531801687,ZSP,JRD,between_breed
BKDN170793908-1A,BKDN170794228-1A,0.80307363,LCW,JRD,between_breed
BKDN170793908-1A,BKDN170796417-1A,0.686326342,SPD,JRD,between_breed
BKDN170793908-1A,BKDN170796422-1A,0.713067513,SPD,JRD,between_breed
BKDN170793908-1A,BKDN170795838-1A,0.697568225,CHP,JRD,between_breed
BKDN170793908-1A,BKDN170794392-1A,0.37680383,LCW,JRD,between_breed
BKDN170793908-1A,BKDN170795141-1A,0.662092602,JYP,JRD,between_breed
BKDN170793908-1A,BKDN170795916-1A,0.621319815,LSD,JRD,between_breed
BKDN170793908-1A,BKDN170794385-1A,0.758748056,LCW,JRD,between_breed
BKDN170793908-1A,BKDN170794160-1A,0.797753174,SXD,JRD,between_breed
BKDN170793908-1A,BKDN170796080-1A,0.493663715,LSD,JRD,between_breed
BKDN170793908-1A,BKDN170794058-1A,0.385964486,MWD,JRD,between_breed
BKDN170793908-1A,BKDN170794326-1A,0.241694734,TWD,JRD,between_breed
BKDN170793908-1A,BKDN170794068-1A,0.852918669,JRD,JRD,within_breed
BKDN170793908-1A,BKDN170794331-1A,0.766888214,TWD,JRD,between_breed
BKDN170793908-1A,BKDN170794805-1A,0.71941415,JYP,JRD,between_breed
BKDN170793908-1A,BKDN170795147-1A,0.815485478,CHP,JRD,between_breed
BKDN170793908-1A,BKDN170795907-1A,0.613315014,LSD,JRD,between_breed
BKDN170793908-1A,BKDN170794806-1A,0.748832016,JYP,JRD,between_breed
BKDN170793908-1A,BKDN170794811-1A,0.528152422,JYP,JRD,between_breed
BKDN170793908-1A,BKDN170796086-1A,0.652608938,SPD,JRD,between_breed
BKDN170793908-1A,BKDN170794163-1A,0.717501488,SXD,JRD,between_breed
BKDN170793908-1A,BKDN170795739-1A,0.431068928,ZSP,JRD,between_breed
BKDN170793908-1A,BKDN170795577-1A,0.497490522,ZSP,JRD,between_breed
BKDN170793908-1A,BKDN170795145-1A,0.84078341,CHP,JRD,between_breed
BKDN170793908-1A,BKDN170795837-1A,0.748698283,CHP,JRD,between_breed
BKDN170793908-1A,BKDN170794327-1A,0.445251268,TWD,JRD,between_breed
BKDN170793908-1A,BKDN170795743-1A,0.670739985,ZSP,JRD,between_breed
BKDN170793908-1A,BKDN170794158-1A,0.576250608,SXD,JRD,between_breed
BKDN170793908-1A,BKDN170794065-1A,0.312291723,JRD,JRD,within_breed
BKDN170793908-1A,BKDN170795578-1A,0.687552492,ZSP,JRD,between_breed
BKDN170793908-1A,BKDN170794972-1A,0.491422605,JYP,JRD,between_breed
BKDN170793908-1A,BKDN170794480-1A,0.83989422,PTB,JRD,between_breed
BKDN170793908-1A,BKDN170794067-1A,0.244096029,JRD,JRD,within_breed
BKDN170793908-1A,BKDN170796247-1A,0.542280675,SPD,JRD,between_breed
BKDN170793908-1A,BKDN170796420-1A,0.636311566,SPD,JRD,between_breed
BKDN170793908-1A,BKDN170796421-1A,0.594558652,SPD,JRD,between_breed
BKDN170793908-1A,BKDN170795999-1A,0.400272063,CHP,JRD,between_breed
BKDN170793908-1A,BKDN170795573-1A,0.630422555,ZSP,JRD,between_breed
BKDN170793908-1A,BKDN170796006-1A,0.431061999,CHP,JRD,between_breed
BKDN170793908-1A,BKDN170795738-1A,0.404009492,ZSP,JRD,between_breed
BKDN170793908-1A,BKDN170794330-1A,0.737228275,TWD,JRD,between_breed
BKDN170793908-1A,BKDN170794322-1A,0.67820946,PTB,JRD,between_breed
BKDN170793908-1A,BKDN170794387-1A,0.797567324,LCW,JRD,between_breed
BKDN170793908-1A,BKDN170796173-1A,0.74226224,CHP,JRD,between_breed
BKDN170793908-1A,BKDN170796252-1A,0.842879516,SPD,JRD,between_breed
BKDN170793908-1A,BKDN170794159-1A,0.807996538,SXD,JRD,between_breed
BKDN170793908-1A,BKDN170795910-1A,0.850097502,LSD,JRD,between_breed
BKDN170793908-1A,BKDN170795745-1A,0.372745593,ZSP,JRD,between_breed
BKDN170793908-1A,BKDN170795740-1A,0.333605432,ZSP,JRD,between_breed
BKDN170793908-1A,BKDN170796254-1A,0.698188194,SPD,JRD,between_breed
BKDN170793908-1A,BKDN170796249-1A,0.627544423,SPD,JRD,between_breed
BKDN170793908-1A,BKDN170795576-1A,0.44224845,ZSP,JRD,between_breed
BKDN170793908-1A,BKDN170794156-1A,0.854533662,PTB,JRD,between_breed
BKDN170793908-1A,BKDN170794809-1A,0.570970415,JYP,JRD,between_breed
BKDN170793908-1A,BKDN170794002-1A,0.8149849,SXD,JRD,between_breed
BKDN170793908-1A,BKDN170793998-1A,0.801410596,SXD,JRD,between_breed
BKDN170793908-1A,BKDN170794064-1A,0.268061713,JRD,JRD,within_breed
BKDN170793908-1A,BKDN170795572-1A,0.742372179,ZSP,JRD,between_breed
BKDN170793908-1A,BKDN170796245-1A,0.574574081,SPD,JRD,between_breed
BKDN170793908-1A,BKDN170794152-1A,0.52358555,PTB,JRD,between_breed
BKDN170793908-1A,BKDN170796424-1A,0.6224069,SPD,JRD,between_breed
BKDN170793908-1A,BKDN170794329-1A,0.425057507,TWD,JRD,between_breed
BKDN170793908-1A,BKDN170795574-1A,0.820568848,ZSP,JRD,between_breed
BKDN170793908-1A,BKDN170794001-1A,0.843403326,SXD,JRD,between_breed
BKDN170793908-1A,BKDN170795140-1A,0.749640823,JYP,JRD,between_breed
BKDN170793908-1A,BKDN170793994-1A,0.240895482,YXP,JRD,between_breed
BKDN170793908-1A,BKDN170795149-1A,0.47078977,CHP,JRD,between_breed
BKDN170793908-1A,BKDN170796253-1A,0.435500828,SPD,JRD,between_breed
BKDN170793908-1A,BKDN170795836-1A,0.635006906,CHP,JRD,between_breed
BKDN170793908-1A,BKDN170796418-1A,0.676706118,SPD,JRD,between_breed
BKDN170793908-1A,BKDN170796004-1A,0.608381317,CHP,JRD,between_breed
BKDN170793908-1A,BKDN170795742-1A,0.316113146,ZSP,JRD,between_breed
BKDN170793908-1A,BKDN170796250-1A,0.707398621,SPD,JRD,between_breed
BKDN170793908-1A,BKDN170794057-1A,0.392185807,MWD,JRD,between_breed
BKDN170793908-1A,BKDN170796085-1A,0.57317951,SPD,JRD,between_breed
BKDN170793908-1A,BKDN170794394-1A,0.706702884,LCW,JRD,between_breed
BKDN170793908-1A,BKDN170793995-1A,0.251466654,YXP,JRD,between_breed
BKDN170793908-1A,BKDN170794066-1A,0.352978968,JRD,JRD,within_breed
BKDN170793908-1A,BKDN170794393-1A,0.841212841,LCW,JRD,between_breed
BKDN170793908-1A,BKDN170795142-1A,0.47478845,JYP,JRD,between_breed
BKDN170793908-1A,BKDN170794148-1A,0.298636377,JRD,JRD,within_breed
BKDN170793908-1A,BKDN170795911-1A,0.369003554,LSD,JRD,between_breed
BKDN170793908-1A,BKDN170795146-1A,0.336999258,CHP,JRD,between_breed
BKDN170793908-1A,BKDN170795912-1A,0.60604924,LSD,JRD,between_breed
BKDN170793908-1A,BKDN170794548-1A,0.805578144,LCW,JRD,between_breed
BKDN170793908-1A,BKDN170794164-1A,0.837341409,SXD,JRD,between_breed
BKDN170793908-1A,BKDN170794553-1A,0.705467254,LCW,JRD,between_breed
BKDN170793908-1A,BKDN170794165-1A,0.823988419,SXD,JRD,between_breed
BKDN170793908-1A,BKDN170794551-1A,0.836976143,LCW,JRD,between_breed
BKDN170793908-1A,BKDN170795575-1A,0.447215061,ZSP,JRD,between_breed
BKDN170793908-1A,BKDN170796251-1A,0.685116816,SPD,JRD,between_breed
BKDN170793908-1A,BKDN170795744-1A,0.529775262,ZSP,JRD,between_breed
BKDN170793908-1A,BKDN170796419-1A,0.851744169,SPD,JRD,between_breed
BKDN170793909-1A,BKDN170795574-1A,0.808557762,ZSP,JRD,between_breed
BKDN170793909-1A,BKDN170794393-1A,0.833948118,LCW,JRD,between_breed
BKDN170793909-1A,BKDN170794165-1A,0.814533318,SXD,JRD,between_breed
BKDN170793909-1A,BKDN170795740-1A,0.414914972,ZSP,JRD,between_breed
BKDN170793909-1A,BKDN170795999-1A,0.39307377,CHP,JRD,between_breed
BKDN170793909-1A,BKDN170796254-1A,0.688035578,SPD,JRD,between_breed
BKDN170793909-1A,BKDN170795743-1A,0.664543479,ZSP,JRD,between_breed
BKDN170793909-1A,BKDN170796247-1A,0.54995504,SPD,JRD,between_breed
BKDN170793909-1A,BKDN170796086-1A,0.64187742,SPD,JRD,between_breed
BKDN170793909-1A,BKDN170795140-1A,0.724627747,JYP,JRD,between_breed
BKDN170793909-1A,BKDN170796251-1A,0.662233157,SPD,JRD,between_breed
BKDN170793909-1A,BKDN170796249-1A,0.619705234,SPD,JRD,between_breed
BKDN170793909-1A,BKDN170794149-1A,0.419286928,JRD,JRD,within_breed
BKDN170793909-1A,BKDN170796417-1A,0.658304361,SPD,JRD,between_breed
BKDN170793909-1A,BKDN170795578-1A,0.691835192,ZSP,JRD,between_breed
BKDN170793909-1A,BKDN170796424-1A,0.613423853,SPD,JRD,between_breed
BKDN170793909-1A,BKDN170796000-1A,0.708723507,CHP,JRD,between_breed
BKDN170793909-1A,BKDN170795576-1A,0.476089262,ZSP,JRD,between_breed
BKDN170793909-1A,BKDN170796006-1A,0.394750651,CHP,JRD,between_breed
BKDN170793909-1A,BKDN170795142-1A,0.438404607,JYP,JRD,between_breed
BKDN170793909-1A,BKDN170794148-1A,0.215988436,JRD,JRD,within_breed
BKDN170793909-1A,BKDN170795573-1A,0.65252463,ZSP,JRD,between_breed
BKDN170793909-1A,BKDN170794330-1A,0.71760268,TWD,JRD,between_breed
BKDN170793909-1A,BKDN170794001-1A,0.838432061,SXD,JRD,between_breed
BKDN170793909-1A,BKDN170796253-1A,0.441523771,SPD,JRD,between_breed
BKDN170793909-1A,BKDN170794002-1A,0.805930029,SXD,JRD,between_breed
BKDN170793909-1A,BKDN170795912-1A,0.602563886,LSD,JRD,between_breed
BKDN170793909-1A,BKDN170794327-1A,0.319945484,TWD,JRD,between_breed
BKDN170793909-1A,BKDN170794068-1A,0.844763743,JRD,JRD,within_breed
BKDN170793909-1A,BKDN170794551-1A,0.827527155,LCW,JRD,between_breed
BKDN170793909-1A,BKDN170795738-1A,0.38301032,ZSP,JRD,between_breed
BKDN170793909-1A,BKDN170795838-1A,0.664233,CHP,JRD,between_breed
BKDN170793909-1A,BKDN170795837-1A,0.724633086,CHP,JRD,between_breed
BKDN170793909-1A,BKDN170795145-1A,0.827114759,CHP,JRD,between_breed
BKDN170793909-1A,BKDN170793995-1A,0.203409892,YXP,JRD,between_breed
BKDN170793909-1A,BKDN170795737-1A,0.556014361,ZSP,JRD,between_breed
BKDN170793909-1A,BKDN170793998-1A,0.788405951,SXD,JRD,between_breed
BKDN170793909-1A,BKDN170794329-1A,0.28289544,TWD,JRD,between_breed
BKDN170793909-1A,BKDN170793993-1A,0.435939531,JRD,JRD,within_breed
BKDN170793909-1A,BKDN170793994-1A,0.218378226,YXP,JRD,between_breed
BKDN170793909-1A,BKDN170794972-1A,0.44671938,JYP,JRD,between_breed
BKDN170793909-1A,BKDN170796252-1A,0.835517768,SPD,JRD,between_breed
BKDN170793909-1A,BKDN170795146-1A,0.381171456,CHP,JRD,between_breed
BKDN170793909-1A,BKDN170794385-1A,0.783547131,LCW,JRD,between_breed
BKDN170793909-1A,BKDN170794056-1A,0.842949424,MWD,JRD,between_breed
BKDN170793909-1A,BKDN170794322-1A,0.680566193,PTB,JRD,between_breed
BKDN170793909-1A,BKDN170795907-1A,0.603610735,LSD,JRD,between_breed
BKDN170793909-1A,BKDN170794326-1A,0.286992838,TWD,JRD,between_breed
BKDN170793909-1A,BKDN170794554-1A,0.349171888,LCW,JRD,between_breed
BKDN170793909-1A,BKDN170796245-1A,0.568908582,SPD,JRD,between_breed
BKDN170793909-1A,BKDN170794387-1A,0.77932801,LCW,JRD,between_breed
BKDN170793909-1A,BKDN170794331-1A,0.74690273,TWD,JRD,between_breed
BKDN170793909-1A,BKDN170794228-1A,0.793579622,LCW,JRD,between_breed
BKDN170793909-1A,BKDN170795745-1A,0.435088506,ZSP,JRD,between_breed
BKDN170793909-1A,BKDN170796422-1A,0.689882731,SPD,JRD,between_breed
BKDN170793909-1A,BKDN170794158-1A,0.572706985,SXD,JRD,between_breed
BKDN170793909-1A,BKDN170794058-1A,0.26037799,MWD,JRD,between_breed
BKDN170793909-1A,BKDN170794057-1A,0.356034562,MWD,JRD,between_breed
BKDN170793909-1A,BKDN170796250-1A,0.708663447,SPD,JRD,between_breed
BKDN170793909-1A,BKDN170796418-1A,0.657695474,SPD,JRD,between_breed
BKDN170793909-1A,BKDN170795836-1A,0.601694911,CHP,JRD,between_breed
BKDN170793909-1A,BKDN170794065-1A,0.280312629,JRD,JRD,within_breed
BKDN170793909-1A,BKDN170794164-1A,0.830137243,SXD,JRD,between_breed
BKDN170793909-1A,BKDN170794161-1A,0.842432179,SXD,JRD,between_breed
BKDN170793909-1A,BKDN170795572-1A,0.737660037,ZSP,JRD,between_breed
BKDN170793909-1A,BKDN170795147-1A,0.822368948,CHP,JRD,between_breed
BKDN170793909-1A,BKDN170796420-1A,0.667232325,SPD,JRD,between_breed
BKDN170793909-1A,BKDN170795141-1A,0.623615717,JYP,JRD,between_breed
BKDN170793909-1A,BKDN170794152-1A,0.509931181,PTB,JRD,between_breed
BKDN170793909-1A,BKDN170795916-1A,0.656495951,LSD,JRD,between_breed
BKDN170793909-1A,BKDN170796080-1A,0.470817674,LSD,JRD,between_breed
BKDN170793909-1A,BKDN170796173-1A,0.71123962,CHP,JRD,between_breed
BKDN170793909-1A,BKDN170795744-1A,0.541203905,ZSP,JRD,between_breed
BKDN170793909-1A,BKDN170794064-1A,0.270240947,JRD,JRD,within_breed
BKDN170793909-1A,BKDN170796419-1A,0.845603746,SPD,JRD,between_breed
BKDN170793909-1A,BKDN170794163-1A,0.716020398,SXD,JRD,between_breed
BKDN170793909-1A,BKDN170794805-1A,0.698339385,JYP,JRD,between_breed
BKDN170793909-1A,BKDN170795910-1A,0.8400712,LSD,JRD,between_breed
BKDN170793909-1A,BKDN170795911-1A,0.351309007,LSD,JRD,between_breed
BKDN170793909-1A,BKDN170794066-1A,0.419963195,JRD,JRD,within_breed
BKDN170793909-1A,BKDN170794392-1A,0.43190531,LCW,JRD,between_breed
BKDN170793909-1A,BKDN170794394-1A,0.677224781,LCW,JRD,between_breed
BKDN170793909-1A,BKDN170794806-1A,0.725588042,JYP,JRD,between_breed
BKDN170793909-1A,BKDN170794480-1A,0.824500982,PTB,JRD,between_breed
BKDN170793909-1A,BKDN170794160-1A,0.789372414,SXD,JRD,between_breed
BKDN170793909-1A,BKDN170795739-1A,0.437013578,ZSP,JRD,between_breed
BKDN170793909-1A,BKDN170795575-1A,0.462259627,ZSP,JRD,between_breed
BKDN170793909-1A,BKDN170794159-1A,0.800574228,SXD,JRD,between_breed
BKDN170793909-1A,BKDN170796421-1A,0.577880324,SPD,JRD,between_breed
BKDN170793909-1A,BKDN170794548-1A,0.798100016,LCW,JRD,between_breed
BKDN170793909-1A,BKDN170796077-1A,0.802166647,LSD,JRD,between_breed
BKDN170793909-1A,BKDN170794156-1A,0.840790531,PTB,JRD,between_breed
BKDN170793909-1A,BKDN170794067-1A,0.162442786,JRD,JRD,within_breed
BKDN170793909-1A,BKDN170796004-1A,0.601449771,CHP,JRD,between_breed
BKDN170793909-1A,BKDN170795577-1A,0.510485784,ZSP,JRD,between_breed
BKDN170793909-1A,BKDN170795149-1A,0.42315901,CHP,JRD,between_breed
BKDN170793909-1A,BKDN170796085-1A,0.539045843,SPD,JRD,between_breed
BKDN170793909-1A,BKDN170794553-1A,0.730765834,LCW,JRD,between_breed
BKDN170793909-1A,BKDN170796413-1A,0.724055756,MWD,JRD,between_breed
BKDN170793909-1A,BKDN170794811-1A,0.486001225,JYP,JRD,between_breed
BKDN170793909-1A,BKDN170794054-1A,0.457979602,MWD,JRD,between_breed
BKDN170793909-1A,BKDN170795742-1A,0.356711434,ZSP,JRD,between_breed
BKDN170793909-1A,BKDN170794809-1A,0.541145979,JYP,JRD,between_breed
BKDN170793993-1A,BKDN170794805-1A,0.772073324,JYP,JRD,between_breed
BKDN170793993-1A,BKDN170795744-1A,0.530474404,ZSP,JRD,between_breed
BKDN170793993-1A,BKDN170795743-1A,0.681050424,ZSP,JRD,between_breed
BKDN170793993-1A,BKDN170796253-1A,0.318559433,SPD,JRD,between_breed
BKDN170793993-1A,BKDN170793994-1A,0.399064616,YXP,JRD,between_breed
BKDN170793993-1A,BKDN170796245-1A,0.587234114,SPD,JRD,between_breed
BKDN170793993-1A,BKDN170796424-1A,0.633669886,SPD,JRD,between_breed
BKDN170793993-1A,BKDN170794809-1A,0.67681997,JYP,JRD,between_breed
BKDN170793993-1A,BKDN170796077-1A,0.829545442,LSD,JRD,between_breed
BKDN170793993-1A,BKDN170795916-1A,0.42273843,LSD,JRD,between_breed
BKDN170793993-1A,BKDN170794811-1A,0.616183566,JYP,JRD,between_breed
BKDN170793993-1A,BKDN170795999-1A,0.494301667,CHP,JRD,between_breed
BKDN170793993-1A,BKDN170794327-1A,0.594244849,TWD,JRD,between_breed
BKDN170793993-1A,BKDN170796421-1A,0.632719216,SPD,JRD,between_breed
BKDN170793993-1A,BKDN170794058-1A,0.522076141,MWD,JRD,between_breed
BKDN170793993-1A,BKDN170794393-1A,0.856328313,LCW,JRD,between_breed
BKDN170793993-1A,BKDN170795745-1A,0.129973087,ZSP,JRD,between_breed
BKDN170793993-1A,BKDN170796419-1A,0.854927698,SPD,JRD,between_breed
BKDN170793993-1A,BKDN170796420-1A,0.636185599,SPD,JRD,between_breed
BKDN170793993-1A,BKDN170793995-1A,0.457554301,YXP,JRD,between_breed
BKDN170793993-1A,BKDN170796173-1A,0.806130041,CHP,JRD,between_breed
BKDN170793993-1A,BKDN170794553-1A,0.618554134,LCW,JRD,between_breed
BKDN170793993-1A,BKDN170796417-1A,0.722833553,SPD,JRD,between_breed
BKDN170793993-1A,BKDN170794156-1A,0.870335419,PTB,JRD,between_breed
BKDN170793993-1A,BKDN170795837-1A,0.798655228,CHP,JRD,between_breed
BKDN170793993-1A,BKDN170795739-1A,0.440652503,ZSP,JRD,between_breed
BKDN170793993-1A,BKDN170796247-1A,0.518339193,SPD,JRD,between_breed
BKDN170793993-1A,BKDN170794551-1A,0.857704745,LCW,JRD,between_breed
BKDN170793993-1A,BKDN170795145-1A,0.871659625,CHP,JRD,between_breed
BKDN170793993-1A,BKDN170796086-1A,0.673205769,SPD,JRD,between_breed
BKDN170793993-1A,BKDN170795574-1A,0.829901916,ZSP,JRD,between_breed
BKDN170793993-1A,BKDN170796249-1A,0.638518616,SPD,JRD,between_breed
BKDN170793993-1A,BKDN170794152-1A,0.523444381,PTB,JRD,between_breed
BKDN170793993-1A,BKDN170794392-1A,0.280660655,LCW,JRD,between_breed
BKDN170793993-1A,BKDN170795576-1A,0.313759559,ZSP,JRD,between_breed
BKDN170793993-1A,BKDN170795910-1A,0.869309363,LSD,JRD,between_breed
BKDN170793993-1A,BKDN170796422-1A,0.724253537,SPD,JRD,between_breed
BKDN170793993-1A,BKDN170794164-1A,0.851981828,SXD,JRD,between_breed
BKDN170793993-1A,BKDN170794548-1A,0.815616066,LCW,JRD,between_breed
BKDN170793993-1A,BKDN170794554-1A,0.352572788,LCW,JRD,between_breed
BKDN170793993-1A,BKDN170794394-1A,0.75084663,LCW,JRD,between_breed
BKDN170793993-1A,BKDN170794068-1A,0.884195832,JRD,JRD,within_breed
BKDN170793993-1A,BKDN170794159-1A,0.820122398,SXD,JRD,between_breed
BKDN170793993-1A,BKDN170794972-1A,0.634387654,JYP,JRD,between_breed
BKDN170793993-1A,BKDN170794057-1A,0.521977243,MWD,JRD,between_breed
BKDN170793993-1A,BKDN170793998-1A,0.821027023,SXD,JRD,between_breed
BKDN170793993-1A,BKDN170794385-1A,0.777091407,LCW,JRD,between_breed
BKDN170793993-1A,BKDN170794056-1A,0.87061679,MWD,JRD,between_breed
BKDN170793993-1A,BKDN170794158-1A,0.57745084,SXD,JRD,between_breed
BKDN170793993-1A,BKDN170794480-1A,0.863549007,PTB,JRD,between_breed
BKDN170793993-1A,BKDN170795911-1A,0.406980637,LSD,JRD,between_breed
BKDN170793993-1A,BKDN170794065-1A,0.424967739,JRD,JRD,within_breed
BKDN170793993-1A,BKDN170795141-1A,0.734179673,JYP,JRD,between_breed
BKDN170793993-1A,BKDN170794387-1A,0.824968808,LCW,JRD,between_breed
BKDN170793993-1A,BKDN170796006-1A,0.554800207,CHP,JRD,between_breed
BKDN170793993-1A,BKDN170795149-1A,0.585070817,CHP,JRD,between_breed
BKDN170793993-1A,BKDN170794002-1A,0.817926567,SXD,JRD,between_breed
BKDN170793993-1A,BKDN170795912-1A,0.624451656,LSD,JRD,between_breed
BKDN170793993-1A,BKDN170794228-1A,0.822015073,LCW,JRD,between_breed
BKDN170793993-1A,BKDN170794322-1A,0.674370893,PTB,JRD,between_breed
BKDN170793993-1A,BKDN170794160-1A,0.807400785,SXD,JRD,between_breed
BKDN170793993-1A,BKDN170796000-1A,0.798633232,CHP,JRD,between_breed
BKDN170793993-1A,BKDN170794054-1A,0.196229474,MWD,JRD,between_breed
BKDN170793993-1A,BKDN170795738-1A,0.430873337,ZSP,JRD,between_breed
BKDN170793993-1A,BKDN170796251-1A,0.734721492,SPD,JRD,between_breed
BKDN170793993-1A,BKDN170795836-1A,0.711774934,CHP,JRD,between_breed
BKDN170793993-1A,BKDN170795740-1A,0.286118214,ZSP,JRD,between_breed
BKDN170793993-1A,BKDN170794001-1A,0.862117422,SXD,JRD,between_breed
BKDN170793993-1A,BKDN170794331-1A,0.786255654,TWD,JRD,between_breed
BKDN170793993-1A,BKDN170796413-1A,0.771391338,MWD,JRD,between_breed
BKDN170793993-1A,BKDN170795907-1A,0.61211481,LSD,JRD,between_breed
BKDN170793993-1A,BKDN170794064-1A,0.346776415,JRD,JRD,within_breed
BKDN170793993-1A,BKDN170796418-1A,0.727846419,SPD,JRD,between_breed
BKDN170793993-1A,BKDN170796080-1A,0.520876291,LSD,JRD,between_breed
BKDN170793993-1A,BKDN170795573-1A,0.534418049,ZSP,JRD,between_breed
BKDN170793993-1A,BKDN170795577-1A,0.434163717,ZSP,JRD,between_breed
BKDN170793993-1A,BKDN170795578-1A,0.696152348,ZSP,JRD,between_breed
BKDN170793993-1A,BKDN170794148-1A,0.417272902,JRD,JRD,within_breed
BKDN170793993-1A,BKDN170794066-1A,0.291722363,JRD,JRD,within_breed
BKDN170793993-1A,BKDN170796254-1A,0.716568051,SPD,JRD,between_breed
BKDN170793993-1A,BKDN170794161-1A,0.874528135,SXD,JRD,between_breed
BKDN170793993-1A,BKDN170795572-1A,0.767009864,ZSP,JRD,between_breed
BKDN170793993-1A,BKDN170794329-1A,0.539041021,TWD,JRD,between_breed
BKDN170793993-1A,BKDN170794149-1A,0.610068136,JRD,JRD,within_breed
BKDN170793993-1A,BKDN170795742-1A,0.349490929,ZSP,JRD,between_breed
BKDN170793993-1A,BKDN170796085-1A,0.607326096,SPD,JRD,between_breed
BKDN170793993-1A,BKDN170795838-1A,0.751491327,CHP,JRD,between_breed
BKDN170793993-1A,BKDN170795575-1A,0.445211957,ZSP,JRD,between_breed
BKDN170793993-1A,BKDN170795142-1A,0.601389494,JYP,JRD,between_breed
BKDN170793993-1A,BKDN170795140-1A,0.79669452,JYP,JRD,between_breed
BKDN170793993-1A,BKDN170794067-1A,0.378376176,JRD,JRD,within_breed
BKDN170793993-1A,BKDN170795737-1A,0.466206972,ZSP,JRD,between_breed
BKDN170793993-1A,BKDN170794163-1A,0.732761372,SXD,JRD,between_breed
BKDN170793993-1A,BKDN170794330-1A,0.762298822,TWD,JRD,between_breed
BKDN170793993-1A,BKDN170794326-1A,0.456642577,TWD,JRD,between_breed
BKDN170793993-1A,BKDN170794165-1A,0.844212052,SXD,JRD,between_breed
BKDN170793993-1A,BKDN170796004-1A,0.64921195,CHP,JRD,between_breed
BKDN170793993-1A,BKDN170794806-1A,0.803725513,JYP,JRD,between_breed
BKDN170793993-1A,BKDN170795146-1A,0.371911823,CHP,JRD,between_breed
BKDN170793993-1A,BKDN170796250-1A,0.703059595,SPD,JRD,between_breed
BKDN170793993-1A,BKDN170796252-1A,0.847730957,SPD,JRD,between_breed
BKDN170793993-1A,BKDN170795147-1A,0.827802553,CHP,JRD,between_breed
BKDN170793994-1A,BKDN170794385-1A,0.821061301,LCW,YXP,between_breed
BKDN170793994-1A,BKDN170795575-1A,0.454843557,ZSP,YXP,between_breed
BKDN170793994-1A,BKDN170794480-1A,0.854956954,PTB,YXP,between_breed
BKDN170793994-1A,BKDN170796420-1A,0.637858448,SPD,YXP,between_breed
BKDN170793994-1A,BKDN170795744-1A,0.576716885,ZSP,YXP,between_breed
BKDN170793994-1A,BKDN170794387-1A,0.808233019,LCW,YXP,between_breed
BKDN170793994-1A,BKDN170796085-1A,0.550561592,SPD,YXP,between_breed
BKDN170793994-1A,BKDN170794158-1A,0.573840493,SXD,YXP,between_breed
BKDN170793994-1A,BKDN170794322-1A,0.667402321,PTB,YXP,between_breed
BKDN170793994-1A,BKDN170795574-1A,0.820558728,ZSP,YXP,between_breed
BKDN170793994-1A,BKDN170794228-1A,0.818189843,LCW,YXP,between_breed
BKDN170793994-1A,BKDN170796080-1A,0.549016822,LSD,YXP,between_breed
BKDN170793994-1A,BKDN170795907-1A,0.635016213,LSD,YXP,between_breed
BKDN170793994-1A,BKDN170794165-1A,0.854121724,SXD,YXP,between_breed
BKDN170793994-1A,BKDN170796252-1A,0.842756984,SPD,YXP,between_breed
BKDN170793994-1A,BKDN170795911-1A,0.438061275,LSD,YXP,between_breed
BKDN170793994-1A,BKDN170795577-1A,0.566205674,ZSP,YXP,between_breed
BKDN170793994-1A,BKDN170795146-1A,0.402888568,CHP,YXP,between_breed
BKDN170793994-1A,BKDN170795910-1A,0.853839169,LSD,YXP,between_breed
BKDN170793994-1A,BKDN170795738-1A,0.444994958,ZSP,YXP,between_breed
BKDN170793994-1A,BKDN170796077-1A,0.831359757,LSD,YXP,between_breed
BKDN170793994-1A,BKDN170795578-1A,0.755016535,ZSP,YXP,between_breed
BKDN170793994-1A,BKDN170795739-1A,0.451843197,ZSP,YXP,between_breed
BKDN170793994-1A,BKDN170796173-1A,0.781295384,CHP,YXP,between_breed
BKDN170793994-1A,BKDN170794065-1A,0.383250812,JRD,YXP,between_breed
BKDN170793994-1A,BKDN170795740-1A,0.34380989,ZSP,YXP,between_breed
BKDN170793994-1A,BKDN170795145-1A,0.866578563,CHP,YXP,between_breed
BKDN170793994-1A,BKDN170794066-1A,0.445097647,JRD,YXP,between_breed
BKDN170793994-1A,BKDN170794329-1A,0.352692964,TWD,YXP,between_breed
BKDN170793994-1A,BKDN170794002-1A,0.819935289,SXD,YXP,between_breed
BKDN170793994-1A,BKDN170795573-1A,0.695901116,ZSP,YXP,between_breed
BKDN170793994-1A,BKDN170795999-1A,0.460855279,CHP,YXP,between_breed
BKDN170793994-1A,BKDN170794326-1A,0.198023613,TWD,YXP,between_breed
BKDN170793994-1A,BKDN170794972-1A,0.515778236,JYP,YXP,between_breed
BKDN170793994-1A,BKDN170795837-1A,0.791786984,CHP,YXP,between_breed
BKDN170793994-1A,BKDN170794149-1A,0.504899335,JRD,YXP,between_breed
BKDN170793994-1A,BKDN170795838-1A,0.730029598,CHP,YXP,between_breed
BKDN170793994-1A,BKDN170794156-1A,0.874726012,PTB,YXP,between_breed
BKDN170793994-1A,BKDN170795141-1A,0.69349014,JYP,YXP,between_breed
BKDN170793994-1A,BKDN170796254-1A,0.680011772,SPD,YXP,between_breed
BKDN170793994-1A,BKDN170796086-1A,0.645603269,SPD,YXP,between_breed
BKDN170793994-1A,BKDN170794806-1A,0.782244616,JYP,YXP,between_breed
BKDN170793994-1A,BKDN170793995-1A,0.149823772,YXP,YXP,within_breed
BKDN170793994-1A,BKDN170794554-1A,0.367695503,LCW,YXP,between_breed
BKDN170793994-1A,BKDN170794164-1A,0.84949735,SXD,YXP,between_breed
BKDN170793994-1A,BKDN170794064-1A,0.376785759,JRD,YXP,between_breed
BKDN170793994-1A,BKDN170794331-1A,0.779152643,TWD,YXP,between_breed
BKDN170793994-1A,BKDN170794001-1A,0.857164698,SXD,YXP,between_breed
BKDN170793994-1A,BKDN170794805-1A,0.755323832,JYP,YXP,between_breed
BKDN170793994-1A,BKDN170794163-1A,0.770621077,SXD,YXP,between_breed
BKDN170793994-1A,BKDN170795147-1A,0.842938025,CHP,YXP,between_breed
BKDN170793994-1A,BKDN170794148-1A,0.296341757,JRD,YXP,between_breed
BKDN170793994-1A,BKDN170795836-1A,0.671835627,CHP,YXP,between_breed
BKDN170793994-1A,BKDN170795149-1A,0.497809864,CHP,YXP,between_breed
BKDN170793994-1A,BKDN170796251-1A,0.712627798,SPD,YXP,between_breed
BKDN170793994-1A,BKDN170795572-1A,0.74984154,ZSP,YXP,between_breed
BKDN170793994-1A,BKDN170794393-1A,0.853101657,LCW,YXP,between_breed
BKDN170793994-1A,BKDN170795140-1A,0.779520444,JYP,YXP,between_breed
BKDN170793994-1A,BKDN170794058-1A,0.306391191,MWD,YXP,between_breed
BKDN170793994-1A,BKDN170796424-1A,0.670025618,SPD,YXP,between_breed
BKDN170793994-1A,BKDN170794551-1A,0.848321252,LCW,YXP,between_breed
BKDN170793994-1A,BKDN170796419-1A,0.8523919,SPD,YXP,between_breed
BKDN170793994-1A,BKDN170794054-1A,0.383048633,MWD,YXP,between_breed
BKDN170793994-1A,BKDN170795737-1A,0.550335057,ZSP,YXP,between_breed
BKDN170793994-1A,BKDN170795912-1A,0.532804038,LSD,YXP,between_breed
BKDN170793994-1A,BKDN170796250-1A,0.759529455,SPD,YXP,between_breed
BKDN170793994-1A,BKDN170794159-1A,0.831455493,SXD,YXP,between_breed
BKDN170793994-1A,BKDN170794057-1A,0.431457941,MWD,YXP,between_breed
BKDN170793994-1A,BKDN170794068-1A,0.879784719,JRD,YXP,between_breed
BKDN170793994-1A,BKDN170794327-1A,0.377230233,TWD,YXP,between_breed
BKDN170793994-1A,BKDN170794394-1A,0.739314802,LCW,YXP,between_breed
BKDN170793994-1A,BKDN170793998-1A,0.828420022,SXD,YXP,between_breed
BKDN170793994-1A,BKDN170794553-1A,0.786906249,LCW,YXP,between_breed
BKDN170793994-1A,BKDN170795916-1A,0.716696666,LSD,YXP,between_breed
BKDN170793994-1A,BKDN170796253-1A,0.497058371,SPD,YXP,between_breed
BKDN170793994-1A,BKDN170795576-1A,0.488276646,ZSP,YXP,between_breed
BKDN170793994-1A,BKDN170795745-1A,0.417761398,ZSP,YXP,between_breed
BKDN170793994-1A,BKDN170794392-1A,0.435856211,LCW,YXP,between_breed
BKDN170793994-1A,BKDN170795142-1A,0.50221491,JYP,YXP,between_breed
BKDN170793994-1A,BKDN170794809-1A,0.611027164,JYP,YXP,between_breed
BKDN170793994-1A,BKDN170796249-1A,0.678932252,SPD,YXP,between_breed
BKDN170793994-1A,BKDN170794056-1A,0.862078946,MWD,YXP,between_breed
BKDN170793994-1A,BKDN170796422-1A,0.73581532,SPD,YXP,between_breed
BKDN170793994-1A,BKDN170794330-1A,0.74466788,TWD,YXP,between_breed
BKDN170793994-1A,BKDN170796004-1A,0.68455218,CHP,YXP,between_breed
BKDN170793994-1A,BKDN170796006-1A,0.482184674,CHP,YXP,between_breed
BKDN170793994-1A,BKDN170796418-1A,0.701850771,SPD,YXP,between_breed
BKDN170793994-1A,BKDN170794152-1A,0.479289951,PTB,YXP,between_breed
BKDN170793994-1A,BKDN170794548-1A,0.816075602,LCW,YXP,between_breed
BKDN170793994-1A,BKDN170795742-1A,0.382264885,ZSP,YXP,between_breed
BKDN170793994-1A,BKDN170796413-1A,0.759455723,MWD,YXP,between_breed
BKDN170793994-1A,BKDN170794161-1A,0.883812073,SXD,YXP,between_breed
BKDN170793994-1A,BKDN170794160-1A,0.809432355,SXD,YXP,between_breed
BKDN170793994-1A,BKDN170796245-1A,0.640235718,SPD,YXP,between_breed
BKDN170793994-1A,BKDN170796247-1A,0.598902359,SPD,YXP,between_breed
BKDN170793994-1A,BKDN170796421-1A,0.657769036,SPD,YXP,between_breed
BKDN170793994-1A,BKDN170796000-1A,0.784522041,CHP,YXP,between_breed
BKDN170793994-1A,BKDN170796417-1A,0.693838614,SPD,YXP,between_breed
BKDN170793994-1A,BKDN170794811-1A,0.583074348,JYP,YXP,between_breed
BKDN170793994-1A,BKDN170794067-1A,0.257262852,JRD,YXP,between_breed
BKDN170793994-1A,BKDN170795743-1A,0.733018173,ZSP,YXP,between_breed
BKDN170793995-1A,BKDN170794548-1A,0.837745447,LCW,YXP,between_breed
BKDN170793995-1A,BKDN170796418-1A,0.688413569,SPD,YXP,between_breed
BKDN170793995-1A,BKDN170794149-1A,0.519108006,JRD,YXP,between_breed
BKDN170793995-1A,BKDN170795742-1A,0.412474621,ZSP,YXP,between_breed
BKDN170793995-1A,BKDN170795576-1A,0.522987516,ZSP,YXP,between_breed
BKDN170793995-1A,BKDN170794394-1A,0.741320004,LCW,YXP,between_breed
BKDN170793995-1A,BKDN170794161-1A,0.830060125,SXD,YXP,between_breed
BKDN170793995-1A,BKDN170794554-1A,0.396060425,LCW,YXP,between_breed
BKDN170793995-1A,BKDN170795145-1A,0.865211852,CHP,YXP,between_breed
BKDN170793995-1A,BKDN170796077-1A,0.836026487,LSD,YXP,between_breed
BKDN170793995-1A,BKDN170794148-1A,0.306561189,JRD,YXP,between_breed
BKDN170793995-1A,BKDN170796245-1A,0.627565373,SPD,YXP,between_breed
BKDN170793995-1A,BKDN170794330-1A,0.746299562,TWD,YXP,between_breed
BKDN170793995-1A,BKDN170794152-1A,0.49377365,PTB,YXP,between_breed
BKDN170793995-1A,BKDN170795577-1A,0.574123125,ZSP,YXP,between_breed
BKDN170793995-1A,BKDN170794056-1A,0.875748831,MWD,YXP,between_breed
BKDN170793995-1A,BKDN170795836-1A,0.670393729,CHP,YXP,between_breed
BKDN170793995-1A,BKDN170794065-1A,0.424855379,JRD,YXP,between_breed
BKDN170793995-1A,BKDN170795740-1A,0.424425038,ZSP,YXP,between_breed
BKDN170793995-1A,BKDN170794160-1A,0.795676201,SXD,YXP,between_breed
BKDN170793995-1A,BKDN170794553-1A,0.783038176,LCW,YXP,between_breed
BKDN170793995-1A,BKDN170796252-1A,0.863509948,SPD,YXP,between_breed
BKDN170793995-1A,BKDN170796253-1A,0.505832548,SPD,YXP,between_breed
BKDN170793995-1A,BKDN170794002-1A,0.796099627,SXD,YXP,between_breed
BKDN170793995-1A,BKDN170795739-1A,0.516609393,ZSP,YXP,between_breed
BKDN170793995-1A,BKDN170793998-1A,0.792718177,SXD,YXP,between_breed
BKDN170793995-1A,BKDN170794164-1A,0.821631716,SXD,YXP,between_breed
BKDN170793995-1A,BKDN170794054-1A,0.465011525,MWD,YXP,between_breed
BKDN170793995-1A,BKDN170794809-1A,0.604404255,JYP,YXP,between_breed
BKDN170793995-1A,BKDN170796420-1A,0.638161444,SPD,YXP,between_breed
BKDN170793995-1A,BKDN170796413-1A,0.775647038,MWD,YXP,between_breed
BKDN170793995-1A,BKDN170794805-1A,0.751600659,JYP,YXP,between_breed
BKDN170793995-1A,BKDN170796254-1A,0.698486625,SPD,YXP,between_breed
BKDN170793995-1A,BKDN170794393-1A,0.863555357,LCW,YXP,between_breed
BKDN170793995-1A,BKDN170796251-1A,0.722899402,SPD,YXP,between_breed
BKDN170793995-1A,BKDN170794972-1A,0.508650066,JYP,YXP,between_breed
BKDN170793995-1A,BKDN170794057-1A,0.441622061,MWD,YXP,between_breed
BKDN170793995-1A,BKDN170794163-1A,0.742395801,SXD,YXP,between_breed
BKDN170793995-1A,BKDN170795149-1A,0.523079641,CHP,YXP,between_breed
BKDN170793995-1A,BKDN170794067-1A,0.264567043,JRD,YXP,between_breed
BKDN170793995-1A,BKDN170796249-1A,0.674094427,SPD,YXP,between_breed
BKDN170793995-1A,BKDN170796000-1A,0.774193945,CHP,YXP,between_breed
BKDN170793995-1A,BKDN170794001-1A,0.847122166,SXD,YXP,between_breed
BKDN170793995-1A,BKDN170795573-1A,0.710301694,ZSP,YXP,between_breed
BKDN170793995-1A,BKDN170795916-1A,0.700316208,LSD,YXP,between_breed
BKDN170793995-1A,BKDN170794806-1A,0.771000014,JYP,YXP,between_breed
BKDN170793995-1A,BKDN170796086-1A,0.67015782,SPD,YXP,between_breed
BKDN170793995-1A,BKDN170794068-1A,0.873308882,JRD,YXP,between_breed
BKDN170793995-1A,BKDN170794551-1A,0.86165886,LCW,YXP,between_breed
BKDN170793995-1A,BKDN170795738-1A,0.474014514,ZSP,YXP,between_breed
BKDN170793995-1A,BKDN170794387-1A,0.824671297,LCW,YXP,between_breed
BKDN170793995-1A,BKDN170795572-1A,0.764057241,ZSP,YXP,between_breed
BKDN170793995-1A,BKDN170794228-1A,0.829713711,LCW,YXP,between_breed
BKDN170793995-1A,BKDN170796004-1A,0.688823002,CHP,YXP,between_breed
BKDN170793995-1A,BKDN170796417-1A,0.678918265,SPD,YXP,between_breed
BKDN170793995-1A,BKDN170795838-1A,0.71752155,CHP,YXP,between_breed
BKDN170793995-1A,BKDN170795146-1A,0.477401606,CHP,YXP,between_breed
BKDN170793995-1A,BKDN170794811-1A,0.573407496,JYP,YXP,between_breed
BKDN170793995-1A,BKDN170794385-1A,0.826055761,LCW,YXP,between_breed
BKDN170793995-1A,BKDN170794064-1A,0.412244071,JRD,YXP,between_breed
BKDN170793995-1A,BKDN170796250-1A,0.757252583,SPD,YXP,between_breed
BKDN170793995-1A,BKDN170794480-1A,0.863297516,PTB,YXP,between_breed
BKDN170793995-1A,BKDN170796247-1A,0.588305718,SPD,YXP,between_breed
BKDN170793995-1A,BKDN170794156-1A,0.87968347,PTB,YXP,between_breed
BKDN170793995-1A,BKDN170794327-1A,0.354323662,TWD,YXP,between_breed
BKDN170793995-1A,BKDN170795578-1A,0.731407339,ZSP,YXP,between_breed
BKDN170793995-1A,BKDN170795743-1A,0.731316178,ZSP,YXP,between_breed
BKDN170793995-1A,BKDN170795744-1A,0.567538759,ZSP,YXP,between_breed
BKDN170793995-1A,BKDN170795575-1A,0.49798022,ZSP,YXP,between_breed
BKDN170793995-1A,BKDN170795999-1A,0.502810292,CHP,YXP,between_breed
BKDN170793995-1A,BKDN170794159-1A,0.779684911,SXD,YXP,between_breed
BKDN170793995-1A,BKDN170794322-1A,0.685297086,PTB,YXP,between_breed
BKDN170793995-1A,BKDN170794158-1A,0.581609887,SXD,YXP,between_breed
BKDN170793995-1A,BKDN170794331-1A,0.786376872,TWD,YXP,between_breed
BKDN170793995-1A,BKDN170795907-1A,0.65677692,LSD,YXP,between_breed
BKDN170793995-1A,BKDN170794392-1A,0.476268109,LCW,YXP,between_breed
BKDN170793995-1A,BKDN170794326-1A,0.149925315,TWD,YXP,between_breed
BKDN170793995-1A,BKDN170795141-1A,0.705320202,JYP,YXP,between_breed
BKDN170793995-1A,BKDN170795574-1A,0.840824861,ZSP,YXP,between_breed
BKDN170793995-1A,BKDN170794058-1A,0.292718117,MWD,YXP,between_breed
BKDN170793995-1A,BKDN170796424-1A,0.651757671,SPD,YXP,between_breed
BKDN170793995-1A,BKDN170794329-1A,0.318487171,TWD,YXP,between_breed
BKDN170793995-1A,BKDN170795912-1A,0.530274308,LSD,YXP,between_breed
BKDN170793995-1A,BKDN170795745-1A,0.466331962,ZSP,YXP,between_breed
BKDN170793995-1A,BKDN170796173-1A,0.766626729,CHP,YXP,between_breed
BKDN170793995-1A,BKDN170796419-1A,0.870449042,SPD,YXP,between_breed
BKDN170793995-1A,BKDN170795911-1A,0.461882014,LSD,YXP,between_breed
BKDN170793995-1A,BKDN170795737-1A,0.567881312,ZSP,YXP,between_breed
BKDN170793995-1A,BKDN170796006-1A,0.510863945,CHP,YXP,between_breed
BKDN170793995-1A,BKDN170796080-1A,0.575926693,LSD,YXP,between_breed
BKDN170793995-1A,BKDN170795910-1A,0.873805591,LSD,YXP,between_breed
BKDN170793995-1A,BKDN170794165-1A,0.808838877,SXD,YXP,between_breed
BKDN170793995-1A,BKDN170796421-1A,0.635568757,SPD,YXP,between_breed
BKDN170793995-1A,BKDN170794066-1A,0.513602324,JRD,YXP,between_breed
BKDN170793995-1A,BKDN170795147-1A,0.858415239,CHP,YXP,between_breed
BKDN170793995-1A,BKDN170795837-1A,0.788402725,CHP,YXP,between_breed
BKDN170793995-1A,BKDN170795140-1A,0.773027918,JYP,YXP,between_breed
BKDN170793995-1A,BKDN170795142-1A,0.497171437,JYP,YXP,between_breed
BKDN170793995-1A,BKDN170796422-1A,0.715017486,SPD,YXP,between_breed
BKDN170793995-1A,BKDN170796085-1A,0.540654508,SPD,YXP,between_breed
BKDN170793998-1A,BKDN170795573-1A,0.50973381,ZSP,SXD,between_breed
BKDN170793998-1A,BKDN170796004-1A,0.701889593,CHP,SXD,between_breed
BKDN170793998-1A,BKDN170795572-1A,0.482586256,ZSP,SXD,between_breed
BKDN170793998-1A,BKDN170794001-1A,0.450260065,SXD,SXD,within_breed
BKDN170793998-1A,BKDN170796254-1A,0.612563096,SPD,SXD,between_breed
BKDN170793998-1A,BKDN170795742-1A,0.725575077,ZSP,SXD,between_breed
BKDN170793998-1A,BKDN170795149-1A,0.661498247,CHP,SXD,between_breed
BKDN170793998-1A,BKDN170794326-1A,0.831033863,TWD,SXD,between_breed
BKDN170793998-1A,BKDN170795141-1A,0.693564732,JYP,SXD,between_breed
BKDN170793998-1A,BKDN170795576-1A,0.790254096,ZSP,SXD,between_breed
BKDN170793998-1A,BKDN170794066-1A,0.633040107,JRD,SXD,between_breed
BKDN170793998-1A,BKDN170794057-1A,0.61395201,MWD,SXD,between_breed
BKDN170793998-1A,BKDN170796249-1A,0.640601901,SPD,SXD,between_breed
BKDN170793998-1A,BKDN170795740-1A,0.779433468,ZSP,SXD,between_breed
BKDN170793998-1A,BKDN170794152-1A,0.714136124,PTB,SXD,between_breed
BKDN170793998-1A,BKDN170794972-1A,0.697119542,JYP,SXD,between_breed
BKDN170793998-1A,BKDN170794480-1A,0.407651047,PTB,SXD,between_breed
BKDN170793998-1A,BKDN170796252-1A,0.512333833,SPD,SXD,between_breed
BKDN170793998-1A,BKDN170794149-1A,0.596058593,JRD,SXD,between_breed
BKDN170793998-1A,BKDN170795744-1A,0.462324461,ZSP,SXD,between_breed
BKDN170793998-1A,BKDN170795745-1A,0.790919461,ZSP,SXD,between_breed
BKDN170793998-1A,BKDN170794160-1A,0.245262435,SXD,SXD,within_breed
BKDN170793998-1A,BKDN170794811-1A,0.592825055,JYP,SXD,between_breed
BKDN170793998-1A,BKDN170794387-1A,0.440404823,LCW,SXD,between_breed
BKDN170793998-1A,BKDN170795577-1A,0.759910835,ZSP,SXD,between_breed
BKDN170793998-1A,BKDN170794054-1A,0.769813885,MWD,SXD,between_breed
BKDN170793998-1A,BKDN170796173-1A,0.682858154,CHP,SXD,between_breed
BKDN170793998-1A,BKDN170794065-1A,0.624083071,JRD,SXD,between_breed
BKDN170793998-1A,BKDN170796417-1A,0.7584487,SPD,SXD,between_breed
BKDN170793998-1A,BKDN170795837-1A,0.423714448,CHP,SXD,between_breed
BKDN170793998-1A,BKDN170794392-1A,0.743412048,LCW,SXD,between_breed
BKDN170793998-1A,BKDN170794327-1A,0.716331954,TWD,SXD,between_breed
BKDN170793998-1A,BKDN170795916-1A,0.606389846,LSD,SXD,between_breed
BKDN170793998-1A,BKDN170795140-1A,0.419448297,JYP,SXD,between_breed
BKDN170793998-1A,BKDN170795912-1A,0.768150633,LSD,SXD,between_breed
BKDN170793998-1A,BKDN170796424-1A,0.63155744,SPD,SXD,between_breed
BKDN170793998-1A,BKDN170795999-1A,0.589408744,CHP,SXD,between_breed
BKDN170793998-1A,BKDN170796006-1A,0.674606258,CHP,SXD,between_breed
BKDN170793998-1A,BKDN170794228-1A,0.520096777,LCW,SXD,between_breed
BKDN170793998-1A,BKDN170796419-1A,0.578394565,SPD,SXD,between_breed
BKDN170793998-1A,BKDN170794158-1A,0.576812547,SXD,SXD,within_breed
BKDN170793998-1A,BKDN170794058-1A,0.799748077,MWD,SXD,between_breed
BKDN170793998-1A,BKDN170795574-1A,0.443555217,ZSP,SXD,between_breed
BKDN170793998-1A,BKDN170796085-1A,0.678690985,SPD,SXD,between_breed
BKDN170793998-1A,BKDN170794805-1A,0.632845833,JYP,SXD,between_breed
BKDN170793998-1A,BKDN170794806-1A,0.691577714,JYP,SXD,between_breed
BKDN170793998-1A,BKDN170794156-1A,0.698463867,PTB,SXD,between_breed
BKDN170793998-1A,BKDN170794148-1A,0.826409091,JRD,SXD,between_breed
BKDN170793998-1A,BKDN170794329-1A,0.786227607,TWD,SXD,between_breed
BKDN170793998-1A,BKDN170796250-1A,0.704851004,SPD,SXD,between_breed
BKDN170793998-1A,BKDN170794064-1A,0.729971305,JRD,SXD,between_breed
BKDN170793998-1A,BKDN170796077-1A,0.395097556,LSD,SXD,between_breed
BKDN170793998-1A,BKDN170794322-1A,0.728660266,PTB,SXD,between_breed
BKDN170793998-1A,BKDN170796253-1A,0.73254589,SPD,SXD,between_breed
BKDN170793998-1A,BKDN170795907-1A,0.783915193,LSD,SXD,between_breed
BKDN170793998-1A,BKDN170795142-1A,0.69556845,JYP,SXD,between_breed
BKDN170793998-1A,BKDN170796413-1A,0.442019736,MWD,SXD,between_breed
BKDN170793998-1A,BKDN170796421-1A,0.621402551,SPD,SXD,between_breed
BKDN170793998-1A,BKDN170794161-1A,0.291261185,SXD,SXD,within_breed
BKDN170793998-1A,BKDN170794809-1A,0.606267922,JYP,SXD,between_breed
BKDN170793998-1A,BKDN170794163-1A,0.368110831,SXD,SXD,within_breed
BKDN170793998-1A,BKDN170795743-1A,0.517098928,ZSP,SXD,between_breed
BKDN170793998-1A,BKDN170795838-1A,0.682984921,CHP,SXD,between_breed
BKDN170793998-1A,BKDN170794165-1A,0.235572846,SXD,SXD,within_breed
BKDN170793998-1A,BKDN170796247-1A,0.718575107,SPD,SXD,between_breed
BKDN170793998-1A,BKDN170794393-1A,0.487294428,LCW,SXD,between_breed
BKDN170793998-1A,BKDN170796000-1A,0.648756363,CHP,SXD,between_breed
BKDN170793998-1A,BKDN170794551-1A,0.434626737,LCW,SXD,between_breed
BKDN170793998-1A,BKDN170795911-1A,0.755367286,LSD,SXD,between_breed
BKDN170793998-1A,BKDN170795145-1A,0.47483968,CHP,SXD,between_breed
BKDN170793998-1A,BKDN170795575-1A,0.804954385,ZSP,SXD,between_breed
BKDN170793998-1A,BKDN170796086-1A,0.675545243,SPD,SXD,between_breed
BKDN170793998-1A,BKDN170794394-1A,0.494441777,LCW,SXD,between_breed
BKDN170793998-1A,BKDN170794554-1A,0.623479363,LCW,SXD,between_breed
BKDN170793998-1A,BKDN170796080-1A,0.50303518,LSD,SXD,between_breed
BKDN170793998-1A,BKDN170794159-1A,0.273500519,SXD,SXD,within_breed
BKDN170793998-1A,BKDN170794056-1A,0.463886924,MWD,SXD,between_breed
BKDN170793998-1A,BKDN170794385-1A,0.470323506,LCW,SXD,between_breed
BKDN170793998-1A,BKDN170794330-1A,0.495868301,TWD,SXD,between_breed
BKDN170793998-1A,BKDN170795910-1A,0.426090964,LSD,SXD,between_breed
BKDN170793998-1A,BKDN170794331-1A,0.380447888,TWD,SXD,between_breed
BKDN170793998-1A,BKDN170794164-1A,0.355736871,SXD,SXD,within_breed
BKDN170793998-1A,BKDN170794002-1A,0.298966009,SXD,SXD,within_breed
BKDN170793998-1A,BKDN170796418-1A,0.715720262,SPD,SXD,between_breed
BKDN170793998-1A,BKDN170794553-1A,0.504399578,LCW,SXD,between_breed
BKDN170793998-1A,BKDN170795147-1A,0.470528421,CHP,SXD,between_breed
BKDN170793998-1A,BKDN170795578-1A,0.398834204,ZSP,SXD,between_breed
BKDN170793998-1A,BKDN170795739-1A,0.761792379,ZSP,SXD,between_breed
BKDN170793998-1A,BKDN170795146-1A,0.615072583,CHP,SXD,between_breed
BKDN170793998-1A,BKDN170794068-1A,0.483699941,JRD,SXD,between_breed
BKDN170793998-1A,BKDN170794067-1A,0.812374719,JRD,SXD,between_breed
BKDN170793998-1A,BKDN170794548-1A,0.403310282,LCW,SXD,between_breed
BKDN170793998-1A,BKDN170796251-1A,0.766331209,SPD,SXD,between_breed
BKDN170793998-1A,BKDN170796245-1A,0.610137833,SPD,SXD,between_breed
BKDN170793998-1A,BKDN170795738-1A,0.784044555,ZSP,SXD,between_breed
BKDN170793998-1A,BKDN170796420-1A,0.804116599,SPD,SXD,between_breed
BKDN170793998-1A,BKDN170796422-1A,0.595383327,SPD,SXD,between_breed
BKDN170793998-1A,BKDN170795737-1A,0.800896473,ZSP,SXD,between_breed
BKDN170793998-1A,BKDN170795836-1A,0.691472872,CHP,SXD,between_breed
BKDN170794001-1A,BKDN170795141-1A,0.654514955,JYP,SXD,between_breed
BKDN170794001-1A,BKDN170796252-1A,0.335311235,SPD,SXD,between_breed
BKDN170794001-1A,BKDN170794066-1A,0.670670034,JRD,SXD,between_breed
BKDN170794001-1A,BKDN170794164-1A,0.204656289,SXD,SXD,within_breed
BKDN170794001-1A,BKDN170794806-1A,0.637319652,JYP,SXD,between_breed
BKDN170794001-1A,BKDN170796250-1A,0.793985766,SPD,SXD,between_breed
BKDN170794001-1A,BKDN170794149-1A,0.579854319,JRD,SXD,between_breed
BKDN170794001-1A,BKDN170794548-1A,0.176008184,LCW,SXD,between_breed
BKDN170794001-1A,BKDN170794327-1A,0.678778037,TWD,SXD,between_breed
BKDN170794001-1A,BKDN170794156-1A,0.70732665,PTB,SXD,between_breed
BKDN170794001-1A,BKDN170794160-1A,0.312262964,SXD,SXD,within_breed
BKDN170794001-1A,BKDN170794064-1A,0.795365218,JRD,SXD,between_breed
BKDN170794001-1A,BKDN170794972-1A,0.629010802,JYP,SXD,between_breed
BKDN170794001-1A,BKDN170794322-1A,0.738746936,PTB,SXD,between_breed
BKDN170794001-1A,BKDN170794805-1A,0.572187667,JYP,SXD,between_breed
BKDN170794001-1A,BKDN170796004-1A,0.78908915,CHP,SXD,between_breed
BKDN170794001-1A,BKDN170796417-1A,0.860795171,SPD,SXD,between_breed
BKDN170794001-1A,BKDN170796418-1A,0.825849943,SPD,SXD,between_breed
BKDN170794001-1A,BKDN170795911-1A,0.828886617,LSD,SXD,between_breed
BKDN170794001-1A,BKDN170795140-1A,0.317179798,JYP,SXD,between_breed
BKDN170794001-1A,BKDN170796077-1A,0.273840931,LSD,SXD,between_breed
BKDN170794001-1A,BKDN170794553-1A,0.508827094,LCW,SXD,between_breed
BKDN170794001-1A,BKDN170794330-1A,0.419907408,TWD,SXD,between_breed
BKDN170794001-1A,BKDN170795147-1A,0.207877662,CHP,SXD,between_breed
BKDN170794001-1A,BKDN170795742-1A,0.799902224,ZSP,SXD,between_breed
BKDN170794001-1A,BKDN170794152-1A,0.787877139,PTB,SXD,between_breed
BKDN170794001-1A,BKDN170794809-1A,0.556733337,JYP,SXD,between_breed
BKDN170794001-1A,BKDN170794480-1A,0.16115706,PTB,SXD,between_breed
BKDN170794001-1A,BKDN170794392-1A,0.787941239,LCW,SXD,between_breed
BKDN170794001-1A,BKDN170794057-1A,0.619084401,MWD,SXD,between_breed
BKDN170794001-1A,BKDN170794387-1A,0.168185188,LCW,SXD,between_breed
BKDN170794001-1A,BKDN170795142-1A,0.605552744,JYP,SXD,between_breed
BKDN170794001-1A,BKDN170794551-1A,0.19071505,LCW,SXD,between_breed
BKDN170794001-1A,BKDN170796000-1A,0.612579839,CHP,SXD,between_breed
BKDN170794001-1A,BKDN170796085-1A,0.807606022,SPD,SXD,between_breed
BKDN170794001-1A,BKDN170794068-1A,0.284967746,JRD,SXD,between_breed
BKDN170794001-1A,BKDN170794811-1A,0.566748852,JYP,SXD,between_breed
BKDN170794001-1A,BKDN170795149-1A,0.572920435,CHP,SXD,between_breed
BKDN170794001-1A,BKDN170795916-1A,0.759767549,LSD,SXD,between_breed
BKDN170794001-1A,BKDN170795577-1A,0.829396501,ZSP,SXD,between_breed
BKDN170794001-1A,BKDN170794385-1A,0.308805051,LCW,SXD,between_breed
BKDN170794001-1A,BKDN170794394-1A,0.519694369,LCW,SXD,between_breed
BKDN170794001-1A,BKDN170794393-1A,0.24317354,LCW,SXD,between_breed
BKDN170794001-1A,BKDN170795578-1A,0.732760279,ZSP,SXD,between_breed
BKDN170794001-1A,BKDN170794163-1A,0.586068934,SXD,SXD,within_breed
BKDN170794001-1A,BKDN170795146-1A,0.661496894,CHP,SXD,between_breed
BKDN170794001-1A,BKDN170796086-1A,0.727381899,SPD,SXD,between_breed
BKDN170794001-1A,BKDN170794165-1A,0.263388988,SXD,SXD,within_breed
BKDN170794001-1A,BKDN170795575-1A,0.847818801,ZSP,SXD,between_breed
BKDN170794001-1A,BKDN170795573-1A,0.473091117,ZSP,SXD,between_breed
BKDN170794001-1A,BKDN170795838-1A,0.626915527,CHP,SXD,between_breed
BKDN170794001-1A,BKDN170796419-1A,0.36543558,SPD,SXD,between_breed
BKDN170794001-1A,BKDN170796253-1A,0.755996726,SPD,SXD,between_breed
BKDN170794001-1A,BKDN170796254-1A,0.53077001,SPD,SXD,between_breed
BKDN170794001-1A,BKDN170796413-1A,0.195659908,MWD,SXD,between_breed
BKDN170794001-1A,BKDN170794159-1A,0.339410216,SXD,SXD,within_breed
BKDN170794001-1A,BKDN170794161-1A,0.235949388,SXD,SXD,within_breed
BKDN170794001-1A,BKDN170795744-1A,0.652910217,ZSP,SXD,between_breed
BKDN170794001-1A,BKDN170796420-1A,0.851880224,SPD,SXD,between_breed
BKDN170794001-1A,BKDN170794054-1A,0.783795519,MWD,SXD,between_breed
BKDN170794001-1A,BKDN170795907-1A,0.851591642,LSD,SXD,between_breed
BKDN170794001-1A,BKDN170794058-1A,0.786460693,MWD,SXD,between_breed
BKDN170794001-1A,BKDN170794056-1A,0.174493026,MWD,SXD,between_breed
BKDN170794001-1A,BKDN170795912-1A,0.812605506,LSD,SXD,between_breed
BKDN170794001-1A,BKDN170795837-1A,0.324081535,CHP,SXD,between_breed
BKDN170794001-1A,BKDN170794148-1A,0.836003338,JRD,SXD,between_breed
BKDN170794001-1A,BKDN170796421-1A,0.767947367,SPD,SXD,between_breed
BKDN170794001-1A,BKDN170795999-1A,0.673302084,CHP,SXD,between_breed
BKDN170794001-1A,BKDN170795574-1A,0.280222207,ZSP,SXD,between_breed
BKDN170794001-1A,BKDN170795738-1A,0.861880556,ZSP,SXD,between_breed
BKDN170794001-1A,BKDN170795740-1A,0.849043619,ZSP,SXD,between_breed
BKDN170794001-1A,BKDN170794002-1A,0.25370033,SXD,SXD,within_breed
BKDN170794001-1A,BKDN170794065-1A,0.660890959,JRD,SXD,between_breed
BKDN170794001-1A,BKDN170796422-1A,0.849008185,SPD,SXD,between_breed
BKDN170794001-1A,BKDN170795145-1A,0.350575454,CHP,SXD,between_breed
BKDN170794001-1A,BKDN170794158-1A,0.870286341,SXD,SXD,within_breed
BKDN170794001-1A,BKDN170794554-1A,0.621722133,LCW,SXD,between_breed
BKDN170794001-1A,BKDN170796424-1A,0.752009814,SPD,SXD,between_breed
BKDN170794001-1A,BKDN170794228-1A,0.253582863,LCW,SXD,between_breed
BKDN170794001-1A,BKDN170794067-1A,0.823393391,JRD,SXD,between_breed
BKDN170794001-1A,BKDN170795743-1A,0.637450098,ZSP,SXD,between_breed
BKDN170794001-1A,BKDN170795910-1A,0.204738509,LSD,SXD,between_breed
BKDN170794001-1A,BKDN170794331-1A,0.229108096,TWD,SXD,between_breed
BKDN170794001-1A,BKDN170795572-1A,0.293137347,ZSP,SXD,between_breed
BKDN170794001-1A,BKDN170796245-1A,0.796443878,SPD,SXD,between_breed
BKDN170794001-1A,BKDN170796080-1A,0.50759838,LSD,SXD,between_breed
BKDN170794001-1A,BKDN170795576-1A,0.84523168,ZSP,SXD,between_breed
BKDN170794001-1A,BKDN170795739-1A,0.833680093,ZSP,SXD,between_breed
BKDN170794001-1A,BKDN170794329-1A,0.812087727,TWD,SXD,between_breed
BKDN170794001-1A,BKDN170795745-1A,0.868791934,ZSP,SXD,between_breed
BKDN170794001-1A,BKDN170796173-1A,0.624230892,CHP,SXD,between_breed
BKDN170794001-1A,BKDN170795836-1A,0.638897601,CHP,SXD,between_breed
BKDN170794001-1A,BKDN170796251-1A,0.831191768,SPD,SXD,between_breed
BKDN170794001-1A,BKDN170796249-1A,0.728599724,SPD,SXD,between_breed
BKDN170794001-1A,BKDN170796006-1A,0.603901324,CHP,SXD,between_breed
BKDN170794001-1A,BKDN170794326-1A,0.820027217,TWD,SXD,between_breed
BKDN170794001-1A,BKDN170795737-1A,0.820348784,ZSP,SXD,between_breed
BKDN170794001-1A,BKDN170796247-1A,0.861221955,SPD,SXD,between_breed
BKDN170794002-1A,BKDN170794228-1A,0.266826935,LCW,SXD,between_breed
BKDN170794002-1A,BKDN170794054-1A,0.743723803,MWD,SXD,between_breed
BKDN170794002-1A,BKDN170795575-1A,0.804927245,ZSP,SXD,between_breed
BKDN170794002-1A,BKDN170795576-1A,0.793207184,ZSP,SXD,between_breed
BKDN170794002-1A,BKDN170795145-1A,0.416781167,CHP,SXD,between_breed
BKDN170794002-1A,BKDN170795743-1A,0.579081123,ZSP,SXD,between_breed
BKDN170794002-1A,BKDN170794164-1A,0.181149752,SXD,SXD,within_breed
BKDN170794002-1A,BKDN170794327-1A,0.661921666,TWD,SXD,between_breed
BKDN170794002-1A,BKDN170794330-1A,0.338188536,TWD,SXD,between_breed
BKDN170794002-1A,BKDN170795140-1A,0.277628115,JYP,SXD,between_breed
BKDN170794002-1A,BKDN170796249-1A,0.668276801,SPD,SXD,between_breed
BKDN170794002-1A,BKDN170794809-1A,0.485171713,JYP,SXD,between_breed
BKDN170794002-1A,BKDN170796086-1A,0.695953902,SPD,SXD,between_breed
BKDN170794002-1A,BKDN170794067-1A,0.797469796,JRD,SXD,between_breed
BKDN170794002-1A,BKDN170795737-1A,0.783880933,ZSP,SXD,between_breed
BKDN170794002-1A,BKDN170794068-1A,0.330832107,JRD,SXD,between_breed
BKDN170794002-1A,BKDN170795141-1A,0.569199271,JYP,SXD,between_breed
BKDN170794002-1A,BKDN170796000-1A,0.525222192,CHP,SXD,between_breed
BKDN170794002-1A,BKDN170794159-1A,0.293265683,SXD,SXD,within_breed
BKDN170794002-1A,BKDN170794805-1A,0.49209281,JYP,SXD,between_breed
BKDN170794002-1A,BKDN170795739-1A,0.787329969,ZSP,SXD,between_breed
BKDN170794002-1A,BKDN170794387-1A,0.204586944,LCW,SXD,between_breed
BKDN170794002-1A,BKDN170795142-1A,0.547700115,JYP,SXD,between_breed
BKDN170794002-1A,BKDN170796004-1A,0.75219867,CHP,SXD,between_breed
BKDN170794002-1A,BKDN170796254-1A,0.561876141,SPD,SXD,between_breed
BKDN170794002-1A,BKDN170795916-1A,0.651701498,LSD,SXD,between_breed
BKDN170794002-1A,BKDN170795745-1A,0.820533531,ZSP,SXD,between_breed
BKDN170794002-1A,BKDN170796417-1A,0.78398503,SPD,SXD,between_breed
BKDN170794002-1A,BKDN170794326-1A,0.786734722,TWD,SXD,between_breed
BKDN170794002-1A,BKDN170794152-1A,0.698916734,PTB,SXD,between_breed
BKDN170794002-1A,BKDN170795574-1A,0.339165761,ZSP,SXD,between_breed
BKDN170794002-1A,BKDN170795740-1A,0.799293723,ZSP,SXD,between_breed
BKDN170794002-1A,BKDN170795147-1A,0.266491286,CHP,SXD,between_breed
BKDN170794002-1A,BKDN170795573-1A,0.47744231,ZSP,SXD,between_breed
BKDN170794002-1A,BKDN170794972-1A,0.55989285,JYP,SXD,between_breed
BKDN170794002-1A,BKDN170794548-1A,0.224541548,LCW,SXD,between_breed
BKDN170794002-1A,BKDN170796420-1A,0.793050315,SPD,SXD,between_breed
BKDN170794002-1A,BKDN170795836-1A,0.561925818,CHP,SXD,between_breed
BKDN170794002-1A,BKDN170794058-1A,0.747743947,MWD,SXD,between_breed
BKDN170794002-1A,BKDN170794480-1A,0.338091957,PTB,SXD,between_breed
BKDN170794002-1A,BKDN170796413-1A,0.258126212,MWD,SXD,between_breed
BKDN170794002-1A,BKDN170794331-1A,0.257336819,TWD,SXD,between_breed
BKDN170794002-1A,BKDN170794149-1A,0.503998065,JRD,SXD,between_breed
BKDN170794002-1A,BKDN170794811-1A,0.485199413,JYP,SXD,between_breed
BKDN170794002-1A,BKDN170795146-1A,0.62627773,CHP,SXD,between_breed
BKDN170794002-1A,BKDN170794551-1A,0.311355047,LCW,SXD,between_breed
BKDN170794002-1A,BKDN170794148-1A,0.812141629,JRD,SXD,between_breed
BKDN170794002-1A,BKDN170796422-1A,0.697862316,SPD,SXD,between_breed
BKDN170794002-1A,BKDN170796253-1A,0.712022665,SPD,SXD,between_breed
BKDN170794002-1A,BKDN170796251-1A,0.780585602,SPD,SXD,between_breed
BKDN170794002-1A,BKDN170794394-1A,0.47916814,LCW,SXD,between_breed
BKDN170794002-1A,BKDN170794161-1A,0.263704044,SXD,SXD,within_breed
BKDN170794002-1A,BKDN170794064-1A,0.753705324,JRD,SXD,between_breed
BKDN170794002-1A,BKDN170796418-1A,0.739372376,SPD,SXD,between_breed
BKDN170794002-1A,BKDN170794322-1A,0.696319741,PTB,SXD,between_breed
BKDN170794002-1A,BKDN170794165-1A,0.223269553,SXD,SXD,within_breed
BKDN170794002-1A,BKDN170794158-1A,0.72461136,SXD,SXD,within_breed
BKDN170794002-1A,BKDN170796173-1A,0.545967562,CHP,SXD,between_breed
BKDN170794002-1A,BKDN170795911-1A,0.780527543,LSD,SXD,between_breed
BKDN170794002-1A,BKDN170796252-1A,0.39778273,SPD,SXD,between_breed
BKDN170794002-1A,BKDN170794057-1A,0.580161413,MWD,SXD,between_breed
BKDN170794002-1A,BKDN170795999-1A,0.634022623,CHP,SXD,between_breed
BKDN170794002-1A,BKDN170796245-1A,0.654605837,SPD,SXD,between_breed
BKDN170794002-1A,BKDN170796077-1A,0.263399882,LSD,SXD,between_breed
BKDN170794002-1A,BKDN170794163-1A,0.432799662,SXD,SXD,within_breed
BKDN170794002-1A,BKDN170795742-1A,0.747531534,ZSP,SXD,between_breed
BKDN170794002-1A,BKDN170794066-1A,0.63514577,JRD,SXD,between_breed
BKDN170794002-1A,BKDN170796421-1A,0.659592174,SPD,SXD,between_breed
BKDN170794002-1A,BKDN170794554-1A,0.591133794,LCW,SXD,between_breed
BKDN170794002-1A,BKDN170794806-1A,0.559411413,JYP,SXD,between_breed
BKDN170794002-1A,BKDN170794056-1A,0.293930382,MWD,SXD,between_breed
BKDN170794002-1A,BKDN170795738-1A,0.803834518,ZSP,SXD,between_breed
BKDN170794002-1A,BKDN170794392-1A,0.743725193,LCW,SXD,between_breed
BKDN170794002-1A,BKDN170796424-1A,0.658468188,SPD,SXD,between_breed
BKDN170794002-1A,BKDN170795578-1A,0.556013784,ZSP,SXD,between_breed
BKDN170794002-1A,BKDN170795912-1A,0.732631153,LSD,SXD,between_breed
BKDN170794002-1A,BKDN170795837-1A,0.382723026,CHP,SXD,between_breed
BKDN170794002-1A,BKDN170795577-1A,0.771793864,ZSP,SXD,between_breed
BKDN170794002-1A,BKDN170794160-1A,0.201352539,SXD,SXD,within_breed
BKDN170794002-1A,BKDN170796247-1A,0.751459526,SPD,SXD,between_breed
BKDN170794002-1A,BKDN170795744-1A,0.51021922,ZSP,SXD,between_breed
BKDN170794002-1A,BKDN170794393-1A,0.329444436,LCW,SXD,between_breed
BKDN170794002-1A,BKDN170796419-1A,0.437375309,SPD,SXD,between_breed
BKDN170794002-1A,BKDN170796006-1A,0.543178799,CHP,SXD,between_breed
BKDN170794002-1A,BKDN170795149-1A,0.531741051,CHP,SXD,between_breed
BKDN170794002-1A,BKDN170794156-1A,0.681408467,PTB,SXD,between_breed
BKDN170794002-1A,BKDN170794553-1A,0.474837518,LCW,SXD,between_breed
BKDN170794002-1A,BKDN170795907-1A,0.805521601,LSD,SXD,between_breed
BKDN170794002-1A,BKDN170794385-1A,0.371393881,LCW,SXD,between_breed
BKDN170794002-1A,BKDN170795572-1A,0.320670521,ZSP,SXD,between_breed
BKDN170794002-1A,BKDN170795838-1A,0.55046874,CHP,SXD,between_breed
BKDN170794002-1A,BKDN170794329-1A,0.766502718,TWD,SXD,between_breed
BKDN170794002-1A,BKDN170796080-1A,0.485403325,LSD,SXD,between_breed
BKDN170794002-1A,BKDN170794065-1A,0.613080164,JRD,SXD,between_breed
BKDN170794002-1A,BKDN170796250-1A,0.732548069,SPD,SXD,between_breed
BKDN170794002-1A,BKDN170795910-1A,0.316888904,LSD,SXD,between_breed
BKDN170794002-1A,BKDN170796085-1A,0.684061259,SPD,SXD,between_breed
BKDN170794054-1A,BKDN170794159-1A,0.766027532,SXD,MWD,between_breed
BKDN170794054-1A,BKDN170794067-1A,0.425497412,JRD,MWD,between_breed
BKDN170794054-1A,BKDN170795578-1A,0.67729657,ZSP,MWD,between_breed
BKDN170794054-1A,BKDN170795738-1A,0.511114626,ZSP,MWD,between_breed
BKDN170794054-1A,BKDN170794480-1A,0.802304602,PTB,MWD,between_breed
BKDN170794054-1A,BKDN170794809-1A,0.624207973,JYP,MWD,between_breed
BKDN170794054-1A,BKDN170794149-1A,0.576019133,JRD,MWD,between_breed
BKDN170794054-1A,BKDN170794066-1A,0.303485957,JRD,MWD,between_breed
BKDN170794054-1A,BKDN170794065-1A,0.427735211,JRD,MWD,between_breed
BKDN170794054-1A,BKDN170795837-1A,0.742846307,CHP,MWD,between_breed
BKDN170794054-1A,BKDN170795574-1A,0.736941634,ZSP,MWD,between_breed
BKDN170794054-1A,BKDN170795916-1A,0.45211619,LSD,MWD,between_breed
BKDN170794054-1A,BKDN170796080-1A,0.516230832,LSD,MWD,between_breed
BKDN170794054-1A,BKDN170794806-1A,0.796183848,JYP,MWD,between_breed
BKDN170794054-1A,BKDN170794553-1A,0.554765709,LCW,MWD,between_breed
BKDN170794054-1A,BKDN170794152-1A,0.543567675,PTB,MWD,between_breed
BKDN170794054-1A,BKDN170794548-1A,0.722247482,LCW,MWD,between_breed
BKDN170794054-1A,BKDN170794972-1A,0.62302864,JYP,MWD,between_breed
BKDN170794054-1A,BKDN170795745-1A,0.230708063,ZSP,MWD,between_breed
BKDN170794054-1A,BKDN170794163-1A,0.727909293,SXD,MWD,between_breed
BKDN170794054-1A,BKDN170794322-1A,0.720867305,PTB,MWD,between_breed
BKDN170794054-1A,BKDN170795576-1A,0.402178457,ZSP,MWD,between_breed
BKDN170794054-1A,BKDN170796413-1A,0.700784049,MWD,MWD,within_breed
BKDN170794054-1A,BKDN170796000-1A,0.784556568,CHP,MWD,between_breed
BKDN170794054-1A,BKDN170796004-1A,0.668472385,CHP,MWD,between_breed
BKDN170794054-1A,BKDN170796249-1A,0.655817923,SPD,MWD,between_breed
BKDN170794054-1A,BKDN170795737-1A,0.509626215,ZSP,MWD,between_breed
BKDN170794054-1A,BKDN170795911-1A,0.478103749,LSD,MWD,between_breed
BKDN170794054-1A,BKDN170795740-1A,0.366721369,ZSP,MWD,between_breed
BKDN170794054-1A,BKDN170794064-1A,0.384221907,JRD,MWD,between_breed
BKDN170794054-1A,BKDN170794385-1A,0.711629839,LCW,MWD,between_breed
BKDN170794054-1A,BKDN170795577-1A,0.476797133,ZSP,MWD,between_breed
BKDN170794054-1A,BKDN170794165-1A,0.783189011,SXD,MWD,between_breed
BKDN170794054-1A,BKDN170795140-1A,0.739331092,JYP,MWD,between_breed
BKDN170794054-1A,BKDN170794057-1A,0.443426262,MWD,MWD,within_breed
BKDN170794054-1A,BKDN170796006-1A,0.550459772,CHP,MWD,between_breed
BKDN170794054-1A,BKDN170794164-1A,0.77519238,SXD,MWD,between_breed
BKDN170794054-1A,BKDN170794068-1A,0.812559447,JRD,MWD,between_breed
BKDN170794054-1A,BKDN170794156-1A,0.804183122,PTB,MWD,between_breed
BKDN170794054-1A,BKDN170795838-1A,0.740928029,CHP,MWD,between_breed
BKDN170794054-1A,BKDN170796418-1A,0.71956404,SPD,MWD,between_breed
BKDN170794054-1A,BKDN170796085-1A,0.617608098,SPD,MWD,between_breed
BKDN170794054-1A,BKDN170796253-1A,0.291368488,SPD,MWD,between_breed
BKDN170794054-1A,BKDN170794805-1A,0.740928107,JYP,MWD,between_breed
BKDN170794054-1A,BKDN170795146-1A,0.414426293,CHP,MWD,between_breed
BKDN170794054-1A,BKDN170796420-1A,0.654364333,SPD,MWD,between_breed
BKDN170794054-1A,BKDN170795739-1A,0.505302092,ZSP,MWD,between_breed
BKDN170794054-1A,BKDN170794056-1A,0.79186414,MWD,MWD,within_breed
BKDN170794054-1A,BKDN170795999-1A,0.477552751,CHP,MWD,between_breed
BKDN170794054-1A,BKDN170794148-1A,0.458438047,JRD,MWD,between_breed
BKDN170794054-1A,BKDN170796254-1A,0.692609546,SPD,MWD,between_breed
BKDN170794054-1A,BKDN170796252-1A,0.774314491,SPD,MWD,between_breed
BKDN170794054-1A,BKDN170796077-1A,0.746542073,LSD,MWD,between_breed
BKDN170794054-1A,BKDN170794327-1A,0.513922718,TWD,MWD,between_breed
BKDN170794054-1A,BKDN170795145-1A,0.802706537,CHP,MWD,between_breed
BKDN170794054-1A,BKDN170795910-1A,0.786990302,LSD,MWD,between_breed
BKDN170794054-1A,BKDN170794387-1A,0.744542684,LCW,MWD,between_breed
BKDN170794054-1A,BKDN170794326-1A,0.455514296,TWD,MWD,between_breed
BKDN170794054-1A,BKDN170795836-1A,0.706999785,CHP,MWD,between_breed
BKDN170794054-1A,BKDN170794394-1A,0.692300911,LCW,MWD,between_breed
BKDN170794054-1A,BKDN170794330-1A,0.690967657,TWD,MWD,between_breed
BKDN170794054-1A,BKDN170795912-1A,0.623466568,LSD,MWD,between_breed
BKDN170794054-1A,BKDN170796245-1A,0.629912779,SPD,MWD,between_breed
BKDN170794054-1A,BKDN170796421-1A,0.639331202,SPD,MWD,between_breed
BKDN170794054-1A,BKDN170794811-1A,0.59079971,JYP,MWD,between_breed
BKDN170794054-1A,BKDN170795142-1A,0.573599084,JYP,MWD,between_breed
BKDN170794054-1A,BKDN170796173-1A,0.794330493,CHP,MWD,between_breed
BKDN170794054-1A,BKDN170794551-1A,0.794554917,LCW,MWD,between_breed
BKDN170794054-1A,BKDN170795573-1A,0.487179033,ZSP,MWD,between_breed
BKDN170794054-1A,BKDN170796424-1A,0.652978154,SPD,MWD,between_breed
BKDN170794054-1A,BKDN170795149-1A,0.575222374,CHP,MWD,between_breed
BKDN170794054-1A,BKDN170794554-1A,0.300030456,LCW,MWD,between_breed
BKDN170794054-1A,BKDN170794058-1A,0.460094471,MWD,MWD,within_breed
BKDN170794054-1A,BKDN170794158-1A,0.598044491,SXD,MWD,between_breed
BKDN170794054-1A,BKDN170795147-1A,0.746783429,CHP,MWD,between_breed
BKDN170794054-1A,BKDN170796250-1A,0.733491831,SPD,MWD,between_breed
BKDN170794054-1A,BKDN170796419-1A,0.794469382,SPD,MWD,between_breed
BKDN170794054-1A,BKDN170796247-1A,0.543215282,SPD,MWD,between_breed
BKDN170794054-1A,BKDN170796251-1A,0.733681323,SPD,MWD,between_breed
BKDN170794054-1A,BKDN170794329-1A,0.524750428,TWD,MWD,between_breed
BKDN170794054-1A,BKDN170795572-1A,0.669269391,ZSP,MWD,between_breed
BKDN170794054-1A,BKDN170796417-1A,0.730521332,SPD,MWD,between_breed
BKDN170794054-1A,BKDN170795743-1A,0.674220648,ZSP,MWD,between_breed
BKDN170794054-1A,BKDN170796422-1A,0.740560381,SPD,MWD,between_breed
BKDN170794054-1A,BKDN170795744-1A,0.500484087,ZSP,MWD,between_breed
BKDN170794054-1A,BKDN170796086-1A,0.666795979,SPD,MWD,between_breed
BKDN170794054-1A,BKDN170794331-1A,0.693697283,TWD,MWD,between_breed
BKDN170794054-1A,BKDN170794160-1A,0.745098251,SXD,MWD,between_breed
BKDN170794054-1A,BKDN170795141-1A,0.739935731,JYP,MWD,between_breed
BKDN170794054-1A,BKDN170795575-1A,0.494132143,ZSP,MWD,between_breed
BKDN170794054-1A,BKDN170794228-1A,0.740664102,LCW,MWD,between_breed
BKDN170794054-1A,BKDN170795742-1A,0.370872473,ZSP,MWD,between_breed
BKDN170794054-1A,BKDN170794392-1A,0.246672899,LCW,MWD,between_breed
BKDN170794054-1A,BKDN170794393-1A,0.782172318,LCW,MWD,between_breed
BKDN170794054-1A,BKDN170794161-1A,0.805633091,SXD,MWD,between_breed
BKDN170794054-1A,BKDN170795907-1A,0.654280494,LSD,MWD,between_breed
BKDN170794056-1A,BKDN170795578-1A,0.750144731,ZSP,MWD,between_breed
BKDN170794056-1A,BKDN170795836-1A,0.655623407,CHP,MWD,between_breed
BKDN170794056-1A,BKDN170794159-1A,0.416456395,SXD,MWD,between_breed
BKDN170794056-1A,BKDN170794065-1A,0.643836185,JRD,MWD,between_breed
BKDN170794056-1A,BKDN170795573-1A,0.446191305,ZSP,MWD,between_breed
BKDN170794056-1A,BKDN170794156-1A,0.664366429,PTB,MWD,between_breed
BKDN170794056-1A,BKDN170794330-1A,0.463859152,TWD,MWD,between_breed
BKDN170794056-1A,BKDN170796000-1A,0.627183434,CHP,MWD,between_breed
BKDN170794056-1A,BKDN170796085-1A,0.817871602,SPD,MWD,between_breed
BKDN170794056-1A,BKDN170796247-1A,0.878913053,SPD,MWD,between_breed
BKDN170794056-1A,BKDN170794806-1A,0.654485751,JYP,MWD,between_breed
BKDN170794056-1A,BKDN170795572-1A,0.304629371,ZSP,MWD,between_breed
BKDN170794056-1A,BKDN170795999-1A,0.65761584,CHP,MWD,between_breed
BKDN170794056-1A,BKDN170795911-1A,0.828139491,LSD,MWD,between_breed
BKDN170794056-1A,BKDN170794152-1A,0.797958123,PTB,MWD,between_breed
BKDN170794056-1A,BKDN170796422-1A,0.866875917,SPD,MWD,between_breed
BKDN170794056-1A,BKDN170796077-1A,0.234490749,LSD,MWD,between_breed
BKDN170794056-1A,BKDN170796420-1A,0.8662405,SPD,MWD,between_breed
BKDN170794056-1A,BKDN170795912-1A,0.834577362,LSD,MWD,between_breed
BKDN170794056-1A,BKDN170794809-1A,0.574697241,JYP,MWD,between_breed
BKDN170794056-1A,BKDN170795916-1A,0.779527403,LSD,MWD,between_breed
BKDN170794056-1A,BKDN170796250-1A,0.806609025,SPD,MWD,between_breed
BKDN170794056-1A,BKDN170794158-1A,0.900373759,SXD,MWD,between_breed
BKDN170794056-1A,BKDN170795838-1A,0.644906835,CHP,MWD,between_breed
BKDN170794056-1A,BKDN170794811-1A,0.595032551,JYP,MWD,between_breed
BKDN170794056-1A,BKDN170796419-1A,0.356939533,SPD,MWD,between_breed
BKDN170794056-1A,BKDN170794394-1A,0.46580871,LCW,MWD,between_breed
BKDN170794056-1A,BKDN170794322-1A,0.74048346,PTB,MWD,between_breed
BKDN170794056-1A,BKDN170796173-1A,0.63687842,CHP,MWD,between_breed
BKDN170794056-1A,BKDN170794163-1A,0.596051944,SXD,MWD,between_breed
BKDN170794056-1A,BKDN170796245-1A,0.812070828,SPD,MWD,between_breed
BKDN170794056-1A,BKDN170794805-1A,0.584879741,JYP,MWD,between_breed
BKDN170794056-1A,BKDN170795576-1A,0.851953729,ZSP,MWD,between_breed
BKDN170794056-1A,BKDN170794066-1A,0.666574901,JRD,MWD,between_breed
BKDN170794056-1A,BKDN170796086-1A,0.721392328,SPD,MWD,between_breed
BKDN170794056-1A,BKDN170796251-1A,0.828952121,SPD,MWD,between_breed
BKDN170794056-1A,BKDN170795745-1A,0.886523173,ZSP,MWD,between_breed
BKDN170794056-1A,BKDN170794149-1A,0.603062058,JRD,MWD,between_breed
BKDN170794056-1A,BKDN170795910-1A,0.115634501,LSD,MWD,between_breed
BKDN170794056-1A,BKDN170794972-1A,0.656543139,JYP,MWD,between_breed
BKDN170794056-1A,BKDN170796424-1A,0.768500055,SPD,MWD,between_breed
BKDN170794056-1A,BKDN170795577-1A,0.832423336,ZSP,MWD,between_breed
BKDN170794056-1A,BKDN170795837-1A,0.232784951,CHP,MWD,between_breed
BKDN170794056-1A,BKDN170795742-1A,0.811825274,ZSP,MWD,between_breed
BKDN170794056-1A,BKDN170796252-1A,0.311713601,SPD,MWD,between_breed
BKDN170794056-1A,BKDN170795145-1A,0.284037971,CHP,MWD,between_breed
BKDN170794056-1A,BKDN170796249-1A,0.742849914,SPD,MWD,between_breed
BKDN170794056-1A,BKDN170796413-1A,0.194221417,MWD,MWD,within_breed
BKDN170794056-1A,BKDN170794480-1A,0.167698342,PTB,MWD,between_breed
BKDN170794056-1A,BKDN170795575-1A,0.849379034,ZSP,MWD,between_breed
BKDN170794056-1A,BKDN170795907-1A,0.837176251,LSD,MWD,between_breed
BKDN170794056-1A,BKDN170796418-1A,0.834940991,SPD,MWD,between_breed
BKDN170794056-1A,BKDN170795149-1A,0.609233424,CHP,MWD,between_breed
BKDN170794056-1A,BKDN170796004-1A,0.788397015,CHP,MWD,between_breed
BKDN170794056-1A,BKDN170795740-1A,0.861767855,ZSP,MWD,between_breed
BKDN170794056-1A,BKDN170794329-1A,0.821203082,TWD,MWD,between_breed
BKDN170794056-1A,BKDN170794228-1A,0.267429664,LCW,MWD,between_breed
BKDN170794056-1A,BKDN170794068-1A,0.228370389,JRD,MWD,between_breed
BKDN170794056-1A,BKDN170796254-1A,0.499480877,SPD,MWD,between_breed
BKDN170794056-1A,BKDN170795141-1A,0.67601575,JYP,MWD,between_breed
BKDN170794056-1A,BKDN170794392-1A,0.793030439,LCW,MWD,between_breed
BKDN170794056-1A,BKDN170794160-1A,0.397063574,SXD,MWD,between_breed
BKDN170794056-1A,BKDN170794067-1A,0.837311525,JRD,MWD,between_breed
BKDN170794056-1A,BKDN170794554-1A,0.616388705,LCW,MWD,between_breed
BKDN170794056-1A,BKDN170794548-1A,0.201116291,LCW,MWD,between_breed
BKDN170794056-1A,BKDN170794327-1A,0.687129946,TWD,MWD,between_breed
BKDN170794056-1A,BKDN170796421-1A,0.777585831,SPD,MWD,between_breed
BKDN170794056-1A,BKDN170794161-1A,0.204843028,SXD,MWD,between_breed
BKDN170794056-1A,BKDN170795744-1A,0.661781375,ZSP,MWD,between_breed
BKDN170794056-1A,BKDN170794164-1A,0.307979002,SXD,MWD,between_breed
BKDN170794056-1A,BKDN170795142-1A,0.648742546,JYP,MWD,between_breed
BKDN170794056-1A,BKDN170794064-1A,0.795677086,JRD,MWD,between_breed
BKDN170794056-1A,BKDN170795739-1A,0.835232378,ZSP,MWD,between_breed
BKDN170794056-1A,BKDN170795574-1A,0.17138491,ZSP,MWD,between_breed
BKDN170794056-1A,BKDN170794385-1A,0.225293144,LCW,MWD,between_breed
BKDN170794056-1A,BKDN170795738-1A,0.856968307,ZSP,MWD,between_breed
BKDN170794056-1A,BKDN170794553-1A,0.475752874,LCW,MWD,between_breed
BKDN170794056-1A,BKDN170794148-1A,0.85191048,JRD,MWD,between_breed
BKDN170794056-1A,BKDN170796006-1A,0.637001511,CHP,MWD,between_breed
BKDN170794056-1A,BKDN170794058-1A,0.782474351,MWD,MWD,within_breed
BKDN170794056-1A,BKDN170795146-1A,0.652284183,CHP,MWD,between_breed
BKDN170794056-1A,BKDN170794165-1A,0.265476028,SXD,MWD,between_breed
BKDN170794056-1A,BKDN170794387-1A,0.26940933,LCW,MWD,between_breed
BKDN170794056-1A,BKDN170795140-1A,0.378368114,JYP,MWD,between_breed
BKDN170794056-1A,BKDN170795737-1A,0.83222438,ZSP,MWD,between_breed
BKDN170794056-1A,BKDN170794057-1A,0.602954611,MWD,MWD,within_breed
BKDN170794056-1A,BKDN170796080-1A,0.493058412,LSD,MWD,between_breed
BKDN170794056-1A,BKDN170795743-1A,0.633063743,ZSP,MWD,between_breed
BKDN170794056-1A,BKDN170794326-1A,0.831692966,TWD,MWD,between_breed
BKDN170794056-1A,BKDN170796417-1A,0.876253669,SPD,MWD,between_breed
BKDN170794056-1A,BKDN170794393-1A,0.140595907,LCW,MWD,between_breed
BKDN170794056-1A,BKDN170794331-1A,0.27826641,TWD,MWD,between_breed
BKDN170794056-1A,BKDN170795147-1A,0.288726995,CHP,MWD,between_breed
BKDN170794056-1A,BKDN170796253-1A,0.764645185,SPD,MWD,between_breed
BKDN170794057-1A,BKDN170795838-1A,0.596780409,CHP,MWD,between_breed
BKDN170794057-1A,BKDN170794548-1A,0.535660448,LCW,MWD,between_breed
BKDN170794057-1A,BKDN170794149-1A,0.318380929,JRD,MWD,between_breed
BKDN170794057-1A,BKDN170795737-1A,0.571035312,ZSP,MWD,between_breed
BKDN170794057-1A,BKDN170794066-1A,0.342588295,JRD,MWD,between_breed
BKDN170794057-1A,BKDN170794164-1A,0.606837728,SXD,MWD,between_breed
BKDN170794057-1A,BKDN170796417-1A,0.656388949,SPD,MWD,between_breed
BKDN170794057-1A,BKDN170794156-1A,0.598174157,PTB,MWD,between_breed
BKDN170794057-1A,BKDN170795739-1A,0.473351347,ZSP,MWD,between_breed
BKDN170794057-1A,BKDN170795738-1A,0.446031197,ZSP,MWD,between_breed
BKDN170794057-1A,BKDN170795145-1A,0.649273986,CHP,MWD,between_breed
BKDN170794057-1A,BKDN170794326-1A,0.404709916,TWD,MWD,between_breed
BKDN170794057-1A,BKDN170795743-1A,0.485300284,ZSP,MWD,between_breed
BKDN170794057-1A,BKDN170796250-1A,0.601097477,SPD,MWD,between_breed
BKDN170794057-1A,BKDN170796004-1A,0.572453481,CHP,MWD,between_breed
BKDN170794057-1A,BKDN170795916-1A,0.52731127,LSD,MWD,between_breed
BKDN170794057-1A,BKDN170796245-1A,0.54614885,SPD,MWD,between_breed
BKDN170794057-1A,BKDN170795146-1A,0.383125559,CHP,MWD,between_breed
BKDN170794057-1A,BKDN170794331-1A,0.472606512,TWD,MWD,between_breed
BKDN170794057-1A,BKDN170796418-1A,0.637932944,SPD,MWD,between_breed
BKDN170794057-1A,BKDN170794067-1A,0.386566704,JRD,MWD,between_breed
BKDN170794057-1A,BKDN170794161-1A,0.65193019,SXD,MWD,between_breed
BKDN170794057-1A,BKDN170796420-1A,0.673211203,SPD,MWD,between_breed
BKDN170794057-1A,BKDN170795574-1A,0.563116895,ZSP,MWD,between_breed
BKDN170794057-1A,BKDN170794393-1A,0.565280599,LCW,MWD,between_breed
BKDN170794057-1A,BKDN170794805-1A,0.595885292,JYP,MWD,between_breed
BKDN170794057-1A,BKDN170795911-1A,0.413897841,LSD,MWD,between_breed
BKDN170794057-1A,BKDN170794160-1A,0.609344338,SXD,MWD,between_breed
BKDN170794057-1A,BKDN170795740-1A,0.471259752,ZSP,MWD,between_breed
BKDN170794057-1A,BKDN170794064-1A,0.32048776,JRD,MWD,between_breed
BKDN170794057-1A,BKDN170796086-1A,0.540715365,SPD,MWD,between_breed
BKDN170794057-1A,BKDN170794163-1A,0.572387416,SXD,MWD,between_breed
BKDN170794057-1A,BKDN170795142-1A,0.399007908,JYP,MWD,between_breed
BKDN170794057-1A,BKDN170795141-1A,0.609944029,JYP,MWD,between_breed
BKDN170794057-1A,BKDN170794158-1A,0.644068604,SXD,MWD,between_breed
BKDN170794057-1A,BKDN170795912-1A,0.604340315,LSD,MWD,between_breed
BKDN170794057-1A,BKDN170796253-1A,0.375678601,SPD,MWD,between_breed
BKDN170794057-1A,BKDN170794330-1A,0.505316851,TWD,MWD,between_breed
BKDN170794057-1A,BKDN170794392-1A,0.399203287,LCW,MWD,between_breed
BKDN170794057-1A,BKDN170795742-1A,0.366658119,ZSP,MWD,between_breed
BKDN170794057-1A,BKDN170795745-1A,0.484461366,ZSP,MWD,between_breed
BKDN170794057-1A,BKDN170796077-1A,0.531215592,LSD,MWD,between_breed
BKDN170794057-1A,BKDN170794394-1A,0.414657259,LCW,MWD,between_breed
BKDN170794057-1A,BKDN170794165-1A,0.62766102,SXD,MWD,between_breed
BKDN170794057-1A,BKDN170794480-1A,0.609517464,PTB,MWD,between_breed
BKDN170794057-1A,BKDN170794809-1A,0.434654842,JYP,MWD,between_breed
BKDN170794057-1A,BKDN170796413-1A,0.481997887,MWD,MWD,within_breed
BKDN170794057-1A,BKDN170794387-1A,0.548817299,LCW,MWD,between_breed
BKDN170794057-1A,BKDN170795744-1A,0.34626741,ZSP,MWD,between_breed
BKDN170794057-1A,BKDN170796173-1A,0.66514487,CHP,MWD,between_breed
BKDN170794057-1A,BKDN170795572-1A,0.527456278,ZSP,MWD,between_breed
BKDN170794057-1A,BKDN170795147-1A,0.592257269,CHP,MWD,between_breed
BKDN170794057-1A,BKDN170796422-1A,0.666415864,SPD,MWD,between_breed
BKDN170794057-1A,BKDN170794058-1A,0.319691426,MWD,MWD,within_breed
BKDN170794057-1A,BKDN170795578-1A,0.552034285,ZSP,MWD,between_breed
BKDN170794057-1A,BKDN170794385-1A,0.514711235,LCW,MWD,between_breed
BKDN170794057-1A,BKDN170796419-1A,0.645097647,SPD,MWD,between_breed
BKDN170794057-1A,BKDN170794068-1A,0.653757074,JRD,MWD,between_breed
BKDN170794057-1A,BKDN170794806-1A,0.676538329,JYP,MWD,between_breed
BKDN170794057-1A,BKDN170794228-1A,0.548303085,LCW,MWD,between_breed
BKDN170794057-1A,BKDN170794159-1A,0.615949193,SXD,MWD,between_breed
BKDN170794057-1A,BKDN170795577-1A,0.465557248,ZSP,MWD,between_breed
BKDN170794057-1A,BKDN170794322-1A,0.603462645,PTB,MWD,between_breed
BKDN170794057-1A,BKDN170796000-1A,0.646613668,CHP,MWD,between_breed
BKDN170794057-1A,BKDN170796254-1A,0.577180027,SPD,MWD,between_breed
BKDN170794057-1A,BKDN170796247-1A,0.504994915,SPD,MWD,between_breed
BKDN170794057-1A,BKDN170796085-1A,0.556675014,SPD,MWD,between_breed
BKDN170794057-1A,BKDN170796080-1A,0.361515118,LSD,MWD,between_breed
BKDN170794057-1A,BKDN170796424-1A,0.491428209,SPD,MWD,between_breed
BKDN170794057-1A,BKDN170795910-1A,0.610577081,LSD,MWD,between_breed
BKDN170794057-1A,BKDN170794551-1A,0.590629928,LCW,MWD,between_breed
BKDN170794057-1A,BKDN170794553-1A,0.450566148,LCW,MWD,between_breed
BKDN170794057-1A,BKDN170794065-1A,0.20133899,JRD,MWD,between_breed
BKDN170794057-1A,BKDN170796249-1A,0.507214568,SPD,MWD,between_breed
BKDN170794057-1A,BKDN170795575-1A,0.48444764,ZSP,MWD,between_breed
BKDN170794057-1A,BKDN170794554-1A,0.229239206,LCW,MWD,between_breed
BKDN170794057-1A,BKDN170794152-1A,0.481937612,PTB,MWD,between_breed
BKDN170794057-1A,BKDN170796421-1A,0.484027842,SPD,MWD,between_breed
BKDN170794057-1A,BKDN170795149-1A,0.347348198,CHP,MWD,between_breed
BKDN170794057-1A,BKDN170796006-1A,0.426470307,CHP,MWD,between_breed
BKDN170794057-1A,BKDN170795576-1A,0.521587103,ZSP,MWD,between_breed
BKDN170794057-1A,BKDN170795999-1A,0.330995296,CHP,MWD,between_breed
BKDN170794057-1A,BKDN170794811-1A,0.423388069,JYP,MWD,between_breed
BKDN170794057-1A,BKDN170794148-1A,0.418192652,JRD,MWD,between_breed
BKDN170794057-1A,BKDN170796251-1A,0.647993125,SPD,MWD,between_breed
BKDN170794057-1A,BKDN170795907-1A,0.560745286,LSD,MWD,between_breed
BKDN170794057-1A,BKDN170796252-1A,0.618627265,SPD,MWD,between_breed
BKDN170794057-1A,BKDN170794329-1A,0.295051597,TWD,MWD,between_breed
BKDN170794057-1A,BKDN170795140-1A,0.528032219,JYP,MWD,between_breed
BKDN170794057-1A,BKDN170794972-1A,0.372517269,JYP,MWD,between_breed
BKDN170794057-1A,BKDN170794327-1A,0.313323732,TWD,MWD,between_breed
BKDN170794057-1A,BKDN170795836-1A,0.562268014,CHP,MWD,between_breed
BKDN170794057-1A,BKDN170795837-1A,0.543905814,CHP,MWD,between_breed
BKDN170794057-1A,BKDN170795573-1A,0.414615101,ZSP,MWD,between_breed
BKDN170794058-1A,BKDN170795142-1A,0.51538562,JYP,MWD,between_breed
BKDN170794058-1A,BKDN170796421-1A,0.556237972,SPD,MWD,between_breed
BKDN170794058-1A,BKDN170795578-1A,0.698984826,ZSP,MWD,between_breed
BKDN170794058-1A,BKDN170795140-1A,0.728916829,JYP,MWD,between_breed
BKDN170794058-1A,BKDN170796254-1A,0.631995386,SPD,MWD,between_breed
BKDN170794058-1A,BKDN170795837-1A,0.738309122,CHP,MWD,between_breed
BKDN170794058-1A,BKDN170795838-1A,0.703974575,CHP,MWD,between_breed
BKDN170794058-1A,BKDN170794329-1A,0.283340224,TWD,MWD,between_breed
BKDN170794058-1A,BKDN170794387-1A,0.734334722,LCW,MWD,between_breed
BKDN170794058-1A,BKDN170794164-1A,0.782338322,SXD,MWD,between_breed
BKDN170794058-1A,BKDN170794331-1A,0.685721275,TWD,MWD,between_breed
BKDN170794058-1A,BKDN170796173-1A,0.765834418,CHP,MWD,between_breed
BKDN170794058-1A,BKDN170796249-1A,0.592457766,SPD,MWD,between_breed
BKDN170794058-1A,BKDN170796419-1A,0.75552418,SPD,MWD,between_breed
BKDN170794058-1A,BKDN170794065-1A,0.386547705,JRD,MWD,between_breed
BKDN170794058-1A,BKDN170794392-1A,0.456060478,LCW,MWD,between_breed
BKDN170794058-1A,BKDN170794161-1A,0.835126038,SXD,MWD,between_breed
BKDN170794058-1A,BKDN170795912-1A,0.479808671,LSD,MWD,between_breed
BKDN170794058-1A,BKDN170796004-1A,0.679000653,CHP,MWD,between_breed
BKDN170794058-1A,BKDN170794480-1A,0.804306025,PTB,MWD,between_breed
BKDN170794058-1A,BKDN170794152-1A,0.439819174,PTB,MWD,between_breed
BKDN170794058-1A,BKDN170794393-1A,0.750505721,LCW,MWD,between_breed
BKDN170794058-1A,BKDN170796006-1A,0.5267815,CHP,MWD,between_breed
BKDN170794058-1A,BKDN170796250-1A,0.66588283,SPD,MWD,between_breed
BKDN170794058-1A,BKDN170795744-1A,0.476643956,ZSP,MWD,between_breed
BKDN170794058-1A,BKDN170796417-1A,0.612335756,SPD,MWD,between_breed
BKDN170794058-1A,BKDN170795574-1A,0.752153231,ZSP,MWD,between_breed
BKDN170794058-1A,BKDN170795577-1A,0.498258433,ZSP,MWD,between_breed
BKDN170794058-1A,BKDN170796252-1A,0.742026773,SPD,MWD,between_breed
BKDN170794058-1A,BKDN170795999-1A,0.508494767,CHP,MWD,between_breed
BKDN170794058-1A,BKDN170795745-1A,0.502071285,ZSP,MWD,between_breed
BKDN170794058-1A,BKDN170794385-1A,0.732549126,LCW,MWD,between_breed
BKDN170794058-1A,BKDN170795911-1A,0.404092995,LSD,MWD,between_breed
BKDN170794058-1A,BKDN170794551-1A,0.789158452,LCW,MWD,between_breed
BKDN170794058-1A,BKDN170795740-1A,0.450948162,ZSP,MWD,between_breed
BKDN170794058-1A,BKDN170794159-1A,0.772602699,SXD,MWD,between_breed
BKDN170794058-1A,BKDN170794160-1A,0.768509338,SXD,MWD,between_breed
BKDN170794058-1A,BKDN170796253-1A,0.420676287,SPD,MWD,between_breed
BKDN170794058-1A,BKDN170795141-1A,0.711313937,JYP,MWD,between_breed
BKDN170794058-1A,BKDN170794066-1A,0.480126089,JRD,MWD,between_breed
BKDN170794058-1A,BKDN170796413-1A,0.677562507,MWD,MWD,within_breed
BKDN170794058-1A,BKDN170795742-1A,0.412106937,ZSP,MWD,between_breed
BKDN170794058-1A,BKDN170796251-1A,0.617634865,SPD,MWD,between_breed
BKDN170794058-1A,BKDN170795910-1A,0.797693174,LSD,MWD,between_breed
BKDN170794058-1A,BKDN170795738-1A,0.432808556,ZSP,MWD,between_breed
BKDN170794058-1A,BKDN170794156-1A,0.741237826,PTB,MWD,between_breed
BKDN170794058-1A,BKDN170796080-1A,0.506349316,LSD,MWD,between_breed
BKDN170794058-1A,BKDN170795147-1A,0.764771007,CHP,MWD,between_breed
BKDN170794058-1A,BKDN170794068-1A,0.827534163,JRD,MWD,between_breed
BKDN170794058-1A,BKDN170794809-1A,0.591051073,JYP,MWD,between_breed
BKDN170794058-1A,BKDN170794163-1A,0.738346145,SXD,MWD,between_breed
BKDN170794058-1A,BKDN170795573-1A,0.592884788,ZSP,MWD,between_breed
BKDN170794058-1A,BKDN170795575-1A,0.435608459,ZSP,MWD,between_breed
BKDN170794058-1A,BKDN170794064-1A,0.417290809,JRD,MWD,between_breed
BKDN170794058-1A,BKDN170796420-1A,0.656996962,SPD,MWD,between_breed
BKDN170794058-1A,BKDN170796247-1A,0.525664417,SPD,MWD,between_breed
BKDN170794058-1A,BKDN170794327-1A,0.149616025,TWD,MWD,between_breed
BKDN170794058-1A,BKDN170795146-1A,0.490773324,CHP,MWD,between_breed
BKDN170794058-1A,BKDN170794326-1A,0.360699855,TWD,MWD,between_breed
BKDN170794058-1A,BKDN170794228-1A,0.723972737,LCW,MWD,between_breed
BKDN170794058-1A,BKDN170795145-1A,0.812935402,CHP,MWD,between_breed
BKDN170794058-1A,BKDN170794158-1A,0.652271418,SXD,MWD,between_breed
BKDN170794058-1A,BKDN170794553-1A,0.690982766,LCW,MWD,between_breed
BKDN170794058-1A,BKDN170795737-1A,0.485969896,ZSP,MWD,between_breed
BKDN170794058-1A,BKDN170796245-1A,0.588034074,SPD,MWD,between_breed
BKDN170794058-1A,BKDN170796086-1A,0.601968443,SPD,MWD,between_breed
BKDN170794058-1A,BKDN170796424-1A,0.573503925,SPD,MWD,between_breed
BKDN170794058-1A,BKDN170795916-1A,0.664521171,LSD,MWD,between_breed
BKDN170794058-1A,BKDN170794148-1A,0.193263227,JRD,MWD,between_breed
BKDN170794058-1A,BKDN170794548-1A,0.720053622,LCW,MWD,between_breed
BKDN170794058-1A,BKDN170794811-1A,0.5673802,JYP,MWD,between_breed
BKDN170794058-1A,BKDN170794322-1A,0.642977962,PTB,MWD,between_breed
BKDN170794058-1A,BKDN170794805-1A,0.706858046,JYP,MWD,between_breed
BKDN170794058-1A,BKDN170796000-1A,0.75562406,CHP,MWD,between_breed
BKDN170794058-1A,BKDN170794149-1A,0.465769602,JRD,MWD,between_breed
BKDN170794058-1A,BKDN170794165-1A,0.811806098,SXD,MWD,between_breed
BKDN170794058-1A,BKDN170795739-1A,0.481423084,ZSP,MWD,between_breed
BKDN170794058-1A,BKDN170795149-1A,0.472308498,CHP,MWD,between_breed
BKDN170794058-1A,BKDN170796085-1A,0.472102269,SPD,MWD,between_breed
BKDN170794058-1A,BKDN170794806-1A,0.766828672,JYP,MWD,between_breed
BKDN170794058-1A,BKDN170794394-1A,0.662873212,LCW,MWD,between_breed
BKDN170794058-1A,BKDN170795836-1A,0.673829696,CHP,MWD,between_breed
BKDN170794058-1A,BKDN170795572-1A,0.700554495,ZSP,MWD,between_breed
BKDN170794058-1A,BKDN170795743-1A,0.629557165,ZSP,MWD,between_breed
BKDN170794058-1A,BKDN170796077-1A,0.75346686,LSD,MWD,between_breed
BKDN170794058-1A,BKDN170794554-1A,0.370610912,LCW,MWD,between_breed
BKDN170794058-1A,BKDN170794972-1A,0.500491229,JYP,MWD,between_breed
BKDN170794058-1A,BKDN170796418-1A,0.592212034,SPD,MWD,between_breed
BKDN170794058-1A,BKDN170795907-1A,0.54591154,LSD,MWD,between_breed
BKDN170794058-1A,BKDN170796422-1A,0.661018608,SPD,MWD,between_breed
BKDN170794058-1A,BKDN170794330-1A,0.683133333,TWD,MWD,between_breed
BKDN170794058-1A,BKDN170794067-1A,0.211229082,JRD,MWD,between_breed
BKDN170794058-1A,BKDN170795576-1A,0.513016327,ZSP,MWD,between_breed
BKDN170794064-1A,BKDN170795836-1A,0.585875798,CHP,JRD,between_breed
BKDN170794064-1A,BKDN170794385-1A,0.67706984,LCW,JRD,between_breed
BKDN170794064-1A,BKDN170795745-1A,0.309360057,ZSP,JRD,between_breed
BKDN170794064-1A,BKDN170795999-1A,0.303928816,CHP,JRD,between_breed
BKDN170794064-1A,BKDN170794065-1A,0.179986168,JRD,JRD,within_breed
BKDN170794064-1A,BKDN170795916-1A,0.450342966,LSD,JRD,between_breed
BKDN170794064-1A,BKDN170796251-1A,0.654393027,SPD,JRD,between_breed
BKDN170794064-1A,BKDN170796253-1A,0.324333125,SPD,JRD,between_breed
BKDN170794064-1A,BKDN170794163-1A,0.605271829,SXD,JRD,between_breed
BKDN170794064-1A,BKDN170796254-1A,0.687875933,SPD,JRD,between_breed
BKDN170794064-1A,BKDN170794329-1A,0.379114009,TWD,JRD,between_breed
BKDN170794064-1A,BKDN170794331-1A,0.695767159,TWD,JRD,between_breed
BKDN170794064-1A,BKDN170794330-1A,0.669769628,TWD,JRD,between_breed
BKDN170794064-1A,BKDN170796004-1A,0.537468191,CHP,JRD,between_breed
BKDN170794064-1A,BKDN170795737-1A,0.493766955,ZSP,JRD,between_breed
BKDN170794064-1A,BKDN170796080-1A,0.359487963,LSD,JRD,between_breed
BKDN170794064-1A,BKDN170796252-1A,0.789254656,SPD,JRD,between_breed
BKDN170794064-1A,BKDN170794228-1A,0.750863612,LCW,JRD,between_breed
BKDN170794064-1A,BKDN170795146-1A,0.281659614,CHP,JRD,between_breed
BKDN170794064-1A,BKDN170794148-1A,0.333078336,JRD,JRD,within_breed
BKDN170794064-1A,BKDN170794972-1A,0.46758494,JYP,JRD,between_breed
BKDN170794064-1A,BKDN170795739-1A,0.356499361,ZSP,JRD,between_breed
BKDN170794064-1A,BKDN170794805-1A,0.675752701,JYP,JRD,between_breed
BKDN170794064-1A,BKDN170795142-1A,0.429288779,JYP,JRD,between_breed
BKDN170794064-1A,BKDN170795575-1A,0.40204369,ZSP,JRD,between_breed
BKDN170794064-1A,BKDN170796006-1A,0.371046432,CHP,JRD,between_breed
BKDN170794064-1A,BKDN170794327-1A,0.48079451,TWD,JRD,between_breed
BKDN170794064-1A,BKDN170794068-1A,0.815925739,JRD,JRD,within_breed
BKDN170794064-1A,BKDN170795573-1A,0.508024994,ZSP,JRD,between_breed
BKDN170794064-1A,BKDN170795577-1A,0.366406612,ZSP,JRD,between_breed
BKDN170794064-1A,BKDN170796421-1A,0.469924948,SPD,JRD,between_breed
BKDN170794064-1A,BKDN170796417-1A,0.665031858,SPD,JRD,between_breed
BKDN170794064-1A,BKDN170794809-1A,0.508626843,JYP,JRD,between_breed
BKDN170794064-1A,BKDN170794149-1A,0.427902018,JRD,JRD,within_breed
BKDN170794064-1A,BKDN170794394-1A,0.580897581,LCW,JRD,between_breed
BKDN170794064-1A,BKDN170794066-1A,0.266920254,JRD,JRD,within_breed
BKDN170794064-1A,BKDN170796418-1A,0.652941853,SPD,JRD,between_breed
BKDN170794064-1A,BKDN170794067-1A,0.286122577,JRD,JRD,within_breed
BKDN170794064-1A,BKDN170795738-1A,0.299893015,ZSP,JRD,between_breed
BKDN170794064-1A,BKDN170794165-1A,0.765974247,SXD,JRD,between_breed
BKDN170794064-1A,BKDN170794811-1A,0.426462693,JYP,JRD,between_breed
BKDN170794064-1A,BKDN170794326-1A,0.404709429,TWD,JRD,between_breed
BKDN170794064-1A,BKDN170795141-1A,0.600350452,JYP,JRD,between_breed
BKDN170794064-1A,BKDN170794158-1A,0.515120941,SXD,JRD,between_breed
BKDN170794064-1A,BKDN170794160-1A,0.733578956,SXD,JRD,between_breed
BKDN170794064-1A,BKDN170794393-1A,0.785764031,LCW,JRD,between_breed
BKDN170794064-1A,BKDN170795907-1A,0.513163996,LSD,JRD,between_breed
BKDN170794064-1A,BKDN170795574-1A,0.751429204,ZSP,JRD,between_breed
BKDN170794064-1A,BKDN170795838-1A,0.651612603,CHP,JRD,between_breed
BKDN170794064-1A,BKDN170796422-1A,0.664840895,SPD,JRD,between_breed
BKDN170794064-1A,BKDN170796173-1A,0.70686037,CHP,JRD,between_breed
BKDN170794064-1A,BKDN170795145-1A,0.788374964,CHP,JRD,between_breed
BKDN170794064-1A,BKDN170796424-1A,0.495363335,SPD,JRD,between_breed
BKDN170794064-1A,BKDN170794480-1A,0.769719267,PTB,JRD,between_breed
BKDN170794064-1A,BKDN170796085-1A,0.551327797,SPD,JRD,between_breed
BKDN170794064-1A,BKDN170794152-1A,0.479117921,PTB,JRD,between_breed
BKDN170794064-1A,BKDN170796420-1A,0.63476231,SPD,JRD,between_breed
BKDN170794064-1A,BKDN170795910-1A,0.797497495,LSD,JRD,between_breed
BKDN170794064-1A,BKDN170795147-1A,0.758038955,CHP,JRD,between_breed
BKDN170794064-1A,BKDN170794387-1A,0.737018598,LCW,JRD,between_breed
BKDN170794064-1A,BKDN170796000-1A,0.691112597,CHP,JRD,between_breed
BKDN170794064-1A,BKDN170795140-1A,0.667700998,JYP,JRD,between_breed
BKDN170794064-1A,BKDN170795911-1A,0.272956954,LSD,JRD,between_breed
BKDN170794064-1A,BKDN170795912-1A,0.619530147,LSD,JRD,between_breed
BKDN170794064-1A,BKDN170794554-1A,0.279516868,LCW,JRD,between_breed
BKDN170794064-1A,BKDN170794553-1A,0.558643926,LCW,JRD,between_breed
BKDN170794064-1A,BKDN170794548-1A,0.732030304,LCW,JRD,between_breed
BKDN170794064-1A,BKDN170796250-1A,0.587748931,SPD,JRD,between_breed
BKDN170794064-1A,BKDN170795740-1A,0.295145539,ZSP,JRD,between_breed
BKDN170794064-1A,BKDN170795578-1A,0.569012756,ZSP,JRD,between_breed
BKDN170794064-1A,BKDN170796247-1A,0.436803022,SPD,JRD,between_breed
BKDN170794064-1A,BKDN170794551-1A,0.773308713,LCW,JRD,between_breed
BKDN170794064-1A,BKDN170794392-1A,0.304655851,LCW,JRD,between_breed
BKDN170794064-1A,BKDN170794159-1A,0.741612563,SXD,JRD,between_breed
BKDN170794064-1A,BKDN170795149-1A,0.413154155,CHP,JRD,between_breed
BKDN170794064-1A,BKDN170796086-1A,0.616177513,SPD,JRD,between_breed
BKDN170794064-1A,BKDN170794322-1A,0.606136466,PTB,JRD,between_breed
BKDN170794064-1A,BKDN170794156-1A,0.753659463,PTB,JRD,between_breed
BKDN170794064-1A,BKDN170794164-1A,0.783558419,SXD,JRD,between_breed
BKDN170794064-1A,BKDN170794161-1A,0.804154248,SXD,JRD,between_breed
BKDN170794064-1A,BKDN170795837-1A,0.677274828,CHP,JRD,between_breed
BKDN170794064-1A,BKDN170796249-1A,0.521886578,SPD,JRD,between_breed
BKDN170794064-1A,BKDN170794806-1A,0.724297164,JYP,JRD,between_breed
BKDN170794064-1A,BKDN170795572-1A,0.682412513,ZSP,JRD,between_breed
BKDN170794064-1A,BKDN170795742-1A,0.204843869,ZSP,JRD,between_breed
BKDN170794064-1A,BKDN170796419-1A,0.805209242,SPD,JRD,between_breed
BKDN170794064-1A,BKDN170795743-1A,0.569173812,ZSP,JRD,between_breed
BKDN170794064-1A,BKDN170795576-1A,0.35411405,ZSP,JRD,between_breed
BKDN170794064-1A,BKDN170796077-1A,0.752270668,LSD,JRD,between_breed
BKDN170794064-1A,BKDN170796413-1A,0.67182543,MWD,JRD,between_breed
BKDN170794064-1A,BKDN170796245-1A,0.476527927,SPD,JRD,between_breed
BKDN170794064-1A,BKDN170795744-1A,0.401351811,ZSP,JRD,between_breed
BKDN170794065-1A,BKDN170794330-1A,0.537925603,TWD,JRD,between_breed
BKDN170794065-1A,BKDN170794322-1A,0.560090486,PTB,JRD,between_breed
BKDN170794065-1A,BKDN170795577-1A,0.461869439,ZSP,JRD,between_breed
BKDN170794065-1A,BKDN170794068-1A,0.686244955,JRD,JRD,within_breed
BKDN170794065-1A,BKDN170795912-1A,0.617268853,LSD,JRD,between_breed
BKDN170794065-1A,BKDN170795837-1A,0.561021687,CHP,JRD,between_breed
BKDN170794065-1A,BKDN170796253-1A,0.362009962,SPD,JRD,between_breed
BKDN170794065-1A,BKDN170795838-1A,0.591456788,CHP,JRD,between_breed
BKDN170794065-1A,BKDN170795744-1A,0.348479448,ZSP,JRD,between_breed
BKDN170794065-1A,BKDN170795910-1A,0.645386381,LSD,JRD,between_breed
BKDN170794065-1A,BKDN170796086-1A,0.537868278,SPD,JRD,between_breed
BKDN170794065-1A,BKDN170794326-1A,0.401845736,TWD,JRD,between_breed
BKDN170794065-1A,BKDN170796249-1A,0.445465399,SPD,JRD,between_breed
BKDN170794065-1A,BKDN170796085-1A,0.527346861,SPD,JRD,between_breed
BKDN170794065-1A,BKDN170795739-1A,0.369177681,ZSP,JRD,between_breed
BKDN170794065-1A,BKDN170795145-1A,0.678705523,CHP,JRD,between_breed
BKDN170794065-1A,BKDN170795574-1A,0.594815297,ZSP,JRD,between_breed
BKDN170794065-1A,BKDN170796077-1A,0.579109513,LSD,JRD,between_breed
BKDN170794065-1A,BKDN170796080-1A,0.284687621,LSD,JRD,between_breed
BKDN170794065-1A,BKDN170794809-1A,0.423158271,JYP,JRD,between_breed
BKDN170794065-1A,BKDN170794156-1A,0.656447667,PTB,JRD,between_breed
BKDN170794065-1A,BKDN170795578-1A,0.549035322,ZSP,JRD,between_breed
BKDN170794065-1A,BKDN170795738-1A,0.338604488,ZSP,JRD,between_breed
BKDN170794065-1A,BKDN170796006-1A,0.30912885,CHP,JRD,between_breed
BKDN170794065-1A,BKDN170795146-1A,0.239750706,CHP,JRD,between_breed
BKDN170794065-1A,BKDN170795573-1A,0.467409148,ZSP,JRD,between_breed
BKDN170794065-1A,BKDN170796421-1A,0.458489319,SPD,JRD,between_breed
BKDN170794065-1A,BKDN170794806-1A,0.660473621,JYP,JRD,between_breed
BKDN170794065-1A,BKDN170795737-1A,0.544700175,ZSP,JRD,between_breed
BKDN170794065-1A,BKDN170794553-1A,0.524679699,LCW,JRD,between_breed
BKDN170794065-1A,BKDN170794152-1A,0.4600452,PTB,JRD,between_breed
BKDN170794065-1A,BKDN170794394-1A,0.457897074,LCW,JRD,between_breed
BKDN170794065-1A,BKDN170795745-1A,0.402200162,ZSP,JRD,between_breed
BKDN170794065-1A,BKDN170795916-1A,0.505571674,LSD,JRD,between_breed
BKDN170794065-1A,BKDN170794385-1A,0.583569906,LCW,JRD,between_breed
BKDN170794065-1A,BKDN170795911-1A,0.31078399,LSD,JRD,between_breed
BKDN170794065-1A,BKDN170795572-1A,0.551747363,ZSP,JRD,between_breed
BKDN170794065-1A,BKDN170795149-1A,0.337171609,CHP,JRD,between_breed
BKDN170794065-1A,BKDN170796419-1A,0.683380068,SPD,JRD,between_breed
BKDN170794065-1A,BKDN170796000-1A,0.633133099,CHP,JRD,between_breed
BKDN170794065-1A,BKDN170796245-1A,0.461549957,SPD,JRD,between_breed
BKDN170794065-1A,BKDN170796004-1A,0.526802902,CHP,JRD,between_breed
BKDN170794065-1A,BKDN170794158-1A,0.545591593,SXD,JRD,between_breed
BKDN170794065-1A,BKDN170795740-1A,0.385886047,ZSP,JRD,between_breed
BKDN170794065-1A,BKDN170795743-1A,0.457288633,ZSP,JRD,between_breed
BKDN170794065-1A,BKDN170796413-1A,0.522229597,MWD,JRD,between_breed
BKDN170794065-1A,BKDN170796250-1A,0.565006416,SPD,JRD,between_breed
BKDN170794065-1A,BKDN170794159-1A,0.646341544,SXD,JRD,between_breed
BKDN170794065-1A,BKDN170796422-1A,0.655195077,SPD,JRD,between_breed
BKDN170794065-1A,BKDN170794066-1A,0.256401054,JRD,JRD,within_breed
BKDN170794065-1A,BKDN170795576-1A,0.443746897,ZSP,JRD,between_breed
BKDN170794065-1A,BKDN170795836-1A,0.524018563,CHP,JRD,between_breed
BKDN170794065-1A,BKDN170795147-1A,0.63748584,CHP,JRD,between_breed
BKDN170794065-1A,BKDN170794387-1A,0.591970087,LCW,JRD,between_breed
BKDN170794065-1A,BKDN170796424-1A,0.467517412,SPD,JRD,between_breed
BKDN170794065-1A,BKDN170794329-1A,0.371542544,TWD,JRD,between_breed
BKDN170794065-1A,BKDN170795142-1A,0.36156321,JYP,JRD,between_breed
BKDN170794065-1A,BKDN170796254-1A,0.592930928,SPD,JRD,between_breed
BKDN170794065-1A,BKDN170796173-1A,0.64852619,CHP,JRD,between_breed
BKDN170794065-1A,BKDN170795140-1A,0.533764163,JYP,JRD,between_breed
BKDN170794065-1A,BKDN170794554-1A,0.250312383,LCW,JRD,between_breed
BKDN170794065-1A,BKDN170796252-1A,0.660798672,SPD,JRD,between_breed
BKDN170794065-1A,BKDN170794163-1A,0.532053469,SXD,JRD,between_breed
BKDN170794065-1A,BKDN170794551-1A,0.630883119,LCW,JRD,between_breed
BKDN170794065-1A,BKDN170794331-1A,0.52725709,TWD,JRD,between_breed
BKDN170794065-1A,BKDN170794148-1A,0.377201348,JRD,JRD,within_breed
BKDN170794065-1A,BKDN170794161-1A,0.687623112,SXD,JRD,between_breed
BKDN170794065-1A,BKDN170794972-1A,0.404875287,JYP,JRD,between_breed
BKDN170794065-1A,BKDN170794149-1A,0.339640363,JRD,JRD,within_breed
BKDN170794065-1A,BKDN170794067-1A,0.343169081,JRD,JRD,within_breed
BKDN170794065-1A,BKDN170796247-1A,0.519860423,SPD,JRD,between_breed
BKDN170794065-1A,BKDN170794327-1A,0.380931966,TWD,JRD,between_breed
BKDN170794065-1A,BKDN170794392-1A,0.399056426,LCW,JRD,between_breed
BKDN170794065-1A,BKDN170794393-1A,0.624747423,LCW,JRD,between_breed
BKDN170794065-1A,BKDN170794160-1A,0.606343762,SXD,JRD,between_breed
BKDN170794065-1A,BKDN170795141-1A,0.547365606,JYP,JRD,between_breed
BKDN170794065-1A,BKDN170796420-1A,0.625141477,SPD,JRD,between_breed
BKDN170794065-1A,BKDN170794480-1A,0.645889893,PTB,JRD,between_breed
BKDN170794065-1A,BKDN170795907-1A,0.521747227,LSD,JRD,between_breed
BKDN170794065-1A,BKDN170794228-1A,0.601519363,LCW,JRD,between_breed
BKDN170794065-1A,BKDN170796418-1A,0.620298799,SPD,JRD,between_breed
BKDN170794065-1A,BKDN170794811-1A,0.381826472,JYP,JRD,between_breed
BKDN170794065-1A,BKDN170794805-1A,0.594534107,JYP,JRD,between_breed
BKDN170794065-1A,BKDN170795575-1A,0.460061471,ZSP,JRD,between_breed
BKDN170794065-1A,BKDN170795999-1A,0.250608336,CHP,JRD,between_breed
BKDN170794065-1A,BKDN170795742-1A,0.306214575,ZSP,JRD,between_breed
BKDN170794065-1A,BKDN170794164-1A,0.644305006,SXD,JRD,between_breed
BKDN170794065-1A,BKDN170796417-1A,0.656356341,SPD,JRD,between_breed
BKDN170794065-1A,BKDN170794548-1A,0.583302045,LCW,JRD,between_breed
BKDN170794065-1A,BKDN170796251-1A,0.642692002,SPD,JRD,between_breed
BKDN170794065-1A,BKDN170794165-1A,0.650623643,SXD,JRD,between_breed
BKDN170794066-1A,BKDN170794551-1A,0.654138799,LCW,JRD,between_breed
BKDN170794066-1A,BKDN170794480-1A,0.665270014,PTB,JRD,between_breed
BKDN170794066-1A,BKDN170796247-1A,0.477214129,SPD,JRD,between_breed
BKDN170794066-1A,BKDN170795910-1A,0.66070697,LSD,JRD,between_breed
BKDN170794066-1A,BKDN170794553-1A,0.40841026,LCW,JRD,between_breed
BKDN170794066-1A,BKDN170794149-1A,0.497668867,JRD,JRD,within_breed
BKDN170794066-1A,BKDN170796417-1A,0.691047674,SPD,JRD,between_breed
BKDN170794066-1A,BKDN170794392-1A,0.220061031,LCW,JRD,between_breed
BKDN170794066-1A,BKDN170794393-1A,0.647713698,LCW,JRD,between_breed
BKDN170794066-1A,BKDN170794330-1A,0.597923673,TWD,JRD,between_breed
BKDN170794066-1A,BKDN170794548-1A,0.588576117,LCW,JRD,between_breed
BKDN170794066-1A,BKDN170795149-1A,0.518799432,CHP,JRD,between_breed
BKDN170794066-1A,BKDN170795745-1A,0.272173083,ZSP,JRD,between_breed
BKDN170794066-1A,BKDN170794159-1A,0.669005222,SXD,JRD,between_breed
BKDN170794066-1A,BKDN170795575-1A,0.430449667,ZSP,JRD,between_breed
BKDN170794066-1A,BKDN170795838-1A,0.703058857,CHP,JRD,between_breed
BKDN170794066-1A,BKDN170795576-1A,0.319881808,ZSP,JRD,between_breed
BKDN170794066-1A,BKDN170794160-1A,0.623995494,SXD,JRD,between_breed
BKDN170794066-1A,BKDN170795912-1A,0.608345284,LSD,JRD,between_breed
BKDN170794066-1A,BKDN170795740-1A,0.287847578,ZSP,JRD,between_breed
BKDN170794066-1A,BKDN170795837-1A,0.589115453,CHP,JRD,between_breed
BKDN170794066-1A,BKDN170796173-1A,0.739480996,CHP,JRD,between_breed
BKDN170794066-1A,BKDN170795574-1A,0.607461036,ZSP,JRD,between_breed
BKDN170794066-1A,BKDN170794327-1A,0.50329753,TWD,JRD,between_breed
BKDN170794066-1A,BKDN170795577-1A,0.374902477,ZSP,JRD,between_breed
BKDN170794066-1A,BKDN170796004-1A,0.560874141,CHP,JRD,between_breed
BKDN170794066-1A,BKDN170794148-1A,0.40620178,JRD,JRD,within_breed
BKDN170794066-1A,BKDN170794152-1A,0.475390482,PTB,JRD,between_breed
BKDN170794066-1A,BKDN170794805-1A,0.680114379,JYP,JRD,between_breed
BKDN170794066-1A,BKDN170794322-1A,0.582092706,PTB,JRD,between_breed
BKDN170794066-1A,BKDN170794165-1A,0.656937051,SXD,JRD,between_breed
BKDN170794066-1A,BKDN170795578-1A,0.552297048,ZSP,JRD,between_breed
BKDN170794066-1A,BKDN170795738-1A,0.375798179,ZSP,JRD,between_breed
BKDN170794066-1A,BKDN170796418-1A,0.65230493,SPD,JRD,between_breed
BKDN170794066-1A,BKDN170795145-1A,0.688869232,CHP,JRD,between_breed
BKDN170794066-1A,BKDN170794156-1A,0.702753417,PTB,JRD,between_breed
BKDN170794066-1A,BKDN170796077-1A,0.617522201,LSD,JRD,between_breed
BKDN170794066-1A,BKDN170796006-1A,0.471093281,CHP,JRD,between_breed
BKDN170794066-1A,BKDN170796000-1A,0.718924869,CHP,JRD,between_breed
BKDN170794066-1A,BKDN170795142-1A,0.541328215,JYP,JRD,between_breed
BKDN170794066-1A,BKDN170795737-1A,0.454056706,ZSP,JRD,between_breed
BKDN170794066-1A,BKDN170795573-1A,0.368511157,ZSP,JRD,between_breed
BKDN170794066-1A,BKDN170794068-1A,0.703117373,JRD,JRD,within_breed
BKDN170794066-1A,BKDN170794164-1A,0.657035211,SXD,JRD,between_breed
BKDN170794066-1A,BKDN170795742-1A,0.266798249,ZSP,JRD,between_breed
BKDN170794066-1A,BKDN170794809-1A,0.555415409,JYP,JRD,between_breed
BKDN170794066-1A,BKDN170794228-1A,0.62773414,LCW,JRD,between_breed
BKDN170794066-1A,BKDN170795911-1A,0.326426227,LSD,JRD,between_breed
BKDN170794066-1A,BKDN170795999-1A,0.29701962,CHP,JRD,between_breed
BKDN170794066-1A,BKDN170795147-1A,0.625523946,CHP,JRD,between_breed
BKDN170794066-1A,BKDN170794972-1A,0.590407324,JYP,JRD,between_breed
BKDN170794066-1A,BKDN170794554-1A,0.219844503,LCW,JRD,between_breed
BKDN170794066-1A,BKDN170796424-1A,0.509626313,SPD,JRD,between_breed
BKDN170794066-1A,BKDN170795140-1A,0.605676596,JYP,JRD,between_breed
BKDN170794066-1A,BKDN170794163-1A,0.560054311,SXD,JRD,between_breed
BKDN170794066-1A,BKDN170794394-1A,0.529315958,LCW,JRD,between_breed
BKDN170794066-1A,BKDN170796250-1A,0.595576266,SPD,JRD,between_breed
BKDN170794066-1A,BKDN170795743-1A,0.484514803,ZSP,JRD,between_breed
BKDN170794066-1A,BKDN170794158-1A,0.525614345,SXD,JRD,between_breed
BKDN170794066-1A,BKDN170795572-1A,0.568260322,ZSP,JRD,between_breed
BKDN170794066-1A,BKDN170796245-1A,0.480908636,SPD,JRD,between_breed
BKDN170794066-1A,BKDN170796249-1A,0.484878991,SPD,JRD,between_breed
BKDN170794066-1A,BKDN170796420-1A,0.60063779,SPD,JRD,between_breed
BKDN170794066-1A,BKDN170794161-1A,0.695368152,SXD,JRD,between_breed
BKDN170794066-1A,BKDN170796422-1A,0.692201311,SPD,JRD,between_breed
BKDN170794066-1A,BKDN170795916-1A,0.37965911,LSD,JRD,between_breed
BKDN170794066-1A,BKDN170795744-1A,0.334343574,ZSP,JRD,between_breed
BKDN170794066-1A,BKDN170794811-1A,0.522332627,JYP,JRD,between_breed
BKDN170794066-1A,BKDN170794326-1A,0.500186189,TWD,JRD,between_breed
BKDN170794066-1A,BKDN170795836-1A,0.644136136,CHP,JRD,between_breed
BKDN170794066-1A,BKDN170794067-1A,0.362166551,JRD,JRD,within_breed
BKDN170794066-1A,BKDN170796413-1A,0.568305974,MWD,JRD,between_breed
BKDN170794066-1A,BKDN170794385-1A,0.564633813,LCW,JRD,between_breed
BKDN170794066-1A,BKDN170796080-1A,0.297799017,LSD,JRD,between_breed
BKDN170794066-1A,BKDN170796085-1A,0.566189581,SPD,JRD,between_breed
BKDN170794066-1A,BKDN170796086-1A,0.56180174,SPD,JRD,between_breed
BKDN170794066-1A,BKDN170794387-1A,0.625172137,LCW,JRD,between_breed
BKDN170794066-1A,BKDN170794806-1A,0.73475592,JYP,JRD,between_breed
BKDN170794066-1A,BKDN170795739-1A,0.366216884,ZSP,JRD,between_breed
BKDN170794066-1A,BKDN170794331-1A,0.559398104,TWD,JRD,between_breed
BKDN170794066-1A,BKDN170796251-1A,0.674697784,SPD,JRD,between_breed
BKDN170794066-1A,BKDN170794329-1A,0.533470629,TWD,JRD,between_breed
BKDN170794066-1A,BKDN170796252-1A,0.662553138,SPD,JRD,between_breed
BKDN170794066-1A,BKDN170796254-1A,0.603011426,SPD,JRD,between_breed
BKDN170794066-1A,BKDN170795907-1A,0.543536377,LSD,JRD,between_breed
BKDN170794066-1A,BKDN170795146-1A,0.221858942,CHP,JRD,between_breed
BKDN170794066-1A,BKDN170796253-1A,0.310284683,SPD,JRD,between_breed
BKDN170794066-1A,BKDN170796421-1A,0.50943449,SPD,JRD,between_breed
BKDN170794066-1A,BKDN170795141-1A,0.666571612,JYP,JRD,between_breed
BKDN170794066-1A,BKDN170796419-1A,0.691045468,SPD,JRD,between_breed
BKDN170794067-1A,BKDN170794809-1A,0.638461212,JYP,JRD,between_breed
BKDN170794067-1A,BKDN170796413-1A,0.736156947,MWD,JRD,between_breed
BKDN170794067-1A,BKDN170794152-1A,0.485768768,PTB,JRD,between_breed
BKDN170794067-1A,BKDN170795838-1A,0.710499811,CHP,JRD,between_breed
BKDN170794067-1A,BKDN170794387-1A,0.77562704,LCW,JRD,between_breed
BKDN170794067-1A,BKDN170794165-1A,0.83481613,SXD,JRD,between_breed
BKDN170794067-1A,BKDN170795999-1A,0.447225693,CHP,JRD,between_breed
BKDN170794067-1A,BKDN170795145-1A,0.852801186,CHP,JRD,between_breed
BKDN170794067-1A,BKDN170794385-1A,0.765468848,LCW,JRD,between_breed
BKDN170794067-1A,BKDN170796252-1A,0.83654849,SPD,JRD,between_breed
BKDN170794067-1A,BKDN170794330-1A,0.731427898,TWD,JRD,between_breed
BKDN170794067-1A,BKDN170796173-1A,0.771340453,CHP,JRD,between_breed
BKDN170794067-1A,BKDN170795738-1A,0.396883263,ZSP,JRD,between_breed
BKDN170794067-1A,BKDN170796086-1A,0.65859886,SPD,JRD,between_breed
BKDN170794067-1A,BKDN170794331-1A,0.763043477,TWD,JRD,between_breed
BKDN170794067-1A,BKDN170795575-1A,0.41719796,ZSP,JRD,between_breed
BKDN170794067-1A,BKDN170794158-1A,0.587825471,SXD,JRD,between_breed
BKDN170794067-1A,BKDN170795910-1A,0.849091445,LSD,JRD,between_breed
BKDN170794067-1A,BKDN170794159-1A,0.819948643,SXD,JRD,between_breed
BKDN170794067-1A,BKDN170796245-1A,0.589093768,SPD,JRD,between_breed
BKDN170794067-1A,BKDN170796077-1A,0.820441552,LSD,JRD,between_breed
BKDN170794067-1A,BKDN170794553-1A,0.701875594,LCW,JRD,between_breed
BKDN170794067-1A,BKDN170795911-1A,0.378594571,LSD,JRD,between_breed
BKDN170794067-1A,BKDN170796417-1A,0.669814485,SPD,JRD,between_breed
BKDN170794067-1A,BKDN170795142-1A,0.486924062,JYP,JRD,between_breed
BKDN170794067-1A,BKDN170795739-1A,0.434710003,ZSP,JRD,between_breed
BKDN170794067-1A,BKDN170794327-1A,0.308112567,TWD,JRD,between_breed
BKDN170794067-1A,BKDN170796080-1A,0.506907677,LSD,JRD,between_breed
BKDN170794067-1A,BKDN170794164-1A,0.8195553,SXD,JRD,between_breed
BKDN170794067-1A,BKDN170794393-1A,0.836050353,LCW,JRD,between_breed
BKDN170794067-1A,BKDN170795737-1A,0.470638663,ZSP,JRD,between_breed
BKDN170794067-1A,BKDN170795574-1A,0.805096955,ZSP,JRD,between_breed
BKDN170794067-1A,BKDN170796418-1A,0.647049662,SPD,JRD,between_breed
BKDN170794067-1A,BKDN170796424-1A,0.638715984,SPD,JRD,between_breed
BKDN170794067-1A,BKDN170794972-1A,0.521964388,JYP,JRD,between_breed
BKDN170794067-1A,BKDN170796085-1A,0.536231853,SPD,JRD,between_breed
BKDN170794067-1A,BKDN170794322-1A,0.678388228,PTB,JRD,between_breed
BKDN170794067-1A,BKDN170795149-1A,0.449703759,CHP,JRD,between_breed
BKDN170794067-1A,BKDN170794161-1A,0.866651855,SXD,JRD,between_breed
BKDN170794067-1A,BKDN170794326-1A,0.335226147,TWD,JRD,between_breed
BKDN170794067-1A,BKDN170795836-1A,0.663037821,CHP,JRD,between_breed
BKDN170794067-1A,BKDN170795742-1A,0.339191185,ZSP,JRD,between_breed
BKDN170794067-1A,BKDN170796247-1A,0.518487109,SPD,JRD,between_breed
BKDN170794067-1A,BKDN170794392-1A,0.415707464,LCW,JRD,between_breed
BKDN170794067-1A,BKDN170796000-1A,0.760524085,CHP,JRD,between_breed
BKDN170794067-1A,BKDN170795740-1A,0.379103455,ZSP,JRD,between_breed
BKDN170794067-1A,BKDN170794480-1A,0.848792654,PTB,JRD,between_breed
BKDN170794067-1A,BKDN170794160-1A,0.775166605,SXD,JRD,between_breed
BKDN170794067-1A,BKDN170794548-1A,0.781922834,LCW,JRD,between_breed
BKDN170794067-1A,BKDN170796253-1A,0.426264941,SPD,JRD,between_breed
BKDN170794067-1A,BKDN170795743-1A,0.687726061,ZSP,JRD,between_breed
BKDN170794067-1A,BKDN170796422-1A,0.714132991,SPD,JRD,between_breed
BKDN170794067-1A,BKDN170795577-1A,0.472150951,ZSP,JRD,between_breed
BKDN170794067-1A,BKDN170795576-1A,0.42917688,ZSP,JRD,between_breed
BKDN170794067-1A,BKDN170796250-1A,0.716395303,SPD,JRD,between_breed
BKDN170794067-1A,BKDN170795745-1A,0.38591694,ZSP,JRD,between_breed
BKDN170794067-1A,BKDN170796421-1A,0.614001535,SPD,JRD,between_breed
BKDN170794067-1A,BKDN170795744-1A,0.518250567,ZSP,JRD,between_breed
BKDN170794067-1A,BKDN170795916-1A,0.618428349,LSD,JRD,between_breed
BKDN170794067-1A,BKDN170794805-1A,0.724481714,JYP,JRD,between_breed
BKDN170794067-1A,BKDN170795837-1A,0.759553392,CHP,JRD,between_breed
BKDN170794067-1A,BKDN170794148-1A,0.100313579,JRD,JRD,within_breed
BKDN170794067-1A,BKDN170795146-1A,0.388736231,CHP,JRD,between_breed
BKDN170794067-1A,BKDN170794163-1A,0.740611368,SXD,JRD,between_breed
BKDN170794067-1A,BKDN170795573-1A,0.628358341,ZSP,JRD,between_breed
BKDN170794067-1A,BKDN170795572-1A,0.731182562,ZSP,JRD,between_breed
BKDN170794067-1A,BKDN170795907-1A,0.611252519,LSD,JRD,between_breed
BKDN170794067-1A,BKDN170796004-1A,0.628680258,CHP,JRD,between_breed
BKDN170794067-1A,BKDN170795578-1A,0.699833786,ZSP,JRD,between_breed
BKDN170794067-1A,BKDN170796251-1A,0.681423183,SPD,JRD,between_breed
BKDN170794067-1A,BKDN170795141-1A,0.714690228,JYP,JRD,between_breed
BKDN170794067-1A,BKDN170794149-1A,0.48136822,JRD,JRD,within_breed
BKDN170794067-1A,BKDN170796249-1A,0.644331311,SPD,JRD,between_breed
BKDN170794067-1A,BKDN170794394-1A,0.720343078,LCW,JRD,between_breed
BKDN170794067-1A,BKDN170794329-1A,0.332830946,TWD,JRD,between_breed
BKDN170794067-1A,BKDN170794156-1A,0.873536613,PTB,JRD,between_breed
BKDN170794067-1A,BKDN170796254-1A,0.701870876,SPD,JRD,between_breed
BKDN170794067-1A,BKDN170795912-1A,0.522840606,LSD,JRD,between_breed
BKDN170794067-1A,BKDN170794228-1A,0.787853524,LCW,JRD,between_breed
BKDN170794067-1A,BKDN170796420-1A,0.656373035,SPD,JRD,between_breed
BKDN170794067-1A,BKDN170794806-1A,0.771429513,JYP,JRD,between_breed
BKDN170794067-1A,BKDN170795140-1A,0.783150891,JYP,JRD,between_breed
BKDN170794067-1A,BKDN170794068-1A,0.862461942,JRD,JRD,within_breed
BKDN170794067-1A,BKDN170794554-1A,0.327257596,LCW,JRD,between_breed
BKDN170794067-1A,BKDN170794811-1A,0.56177663,JYP,JRD,between_breed
BKDN170794067-1A,BKDN170796419-1A,0.844749365,SPD,JRD,between_breed
BKDN170794067-1A,BKDN170794551-1A,0.838649965,LCW,JRD,between_breed
BKDN170794067-1A,BKDN170796006-1A,0.455646306,CHP,JRD,between_breed
BKDN170794067-1A,BKDN170795147-1A,0.807365961,CHP,JRD,between_breed
BKDN170794068-1A,BKDN170795738-1A,0.884027284,ZSP,JRD,between_breed
BKDN170794068-1A,BKDN170796421-1A,0.81625863,SPD,JRD,between_breed
BKDN170794068-1A,BKDN170796420-1A,0.890130681,SPD,JRD,between_breed
BKDN170794068-1A,BKDN170794387-1A,0.310314237,LCW,JRD,between_breed
BKDN170794068-1A,BKDN170796247-1A,0.893569428,SPD,JRD,between_breed
BKDN170794068-1A,BKDN170796086-1A,0.755479378,SPD,JRD,between_breed
BKDN170794068-1A,BKDN170795737-1A,0.873460887,ZSP,JRD,between_breed
BKDN170794068-1A,BKDN170795576-1A,0.871590933,ZSP,JRD,between_breed
BKDN170794068-1A,BKDN170795147-1A,0.259839449,CHP,JRD,between_breed
BKDN170794068-1A,BKDN170796251-1A,0.86477336,SPD,JRD,between_breed
BKDN170794068-1A,BKDN170794806-1A,0.573839142,JYP,JRD,between_breed
BKDN170794068-1A,BKDN170794548-1A,0.297255955,LCW,JRD,between_breed
BKDN170794068-1A,BKDN170795574-1A,0.207126478,ZSP,JRD,between_breed
BKDN170794068-1A,BKDN170796006-1A,0.58923296,CHP,JRD,between_breed
BKDN170794068-1A,BKDN170795577-1A,0.857317921,ZSP,JRD,between_breed
BKDN170794068-1A,BKDN170794152-1A,0.849630822,PTB,JRD,between_breed
BKDN170794068-1A,BKDN170795140-1A,0.349215115,JYP,JRD,between_breed
BKDN170794068-1A,BKDN170796173-1A,0.551283165,CHP,JRD,between_breed
BKDN170794068-1A,BKDN170796245-1A,0.840386427,SPD,JRD,between_breed
BKDN170794068-1A,BKDN170794972-1A,0.598973528,JYP,JRD,between_breed
BKDN170794068-1A,BKDN170794326-1A,0.879008113,TWD,JRD,between_breed
BKDN170794068-1A,BKDN170796418-1A,0.863052186,SPD,JRD,between_breed
BKDN170794068-1A,BKDN170795916-1A,0.808794558,LSD,JRD,between_breed
BKDN170794068-1A,BKDN170796252-1A,0.334246109,SPD,JRD,between_breed
BKDN170794068-1A,BKDN170795578-1A,0.773828329,ZSP,JRD,between_breed
BKDN170794068-1A,BKDN170794329-1A,0.856298136,TWD,JRD,between_breed
BKDN170794068-1A,BKDN170794228-1A,0.312602994,LCW,JRD,between_breed
BKDN170794068-1A,BKDN170795910-1A,0.168434159,LSD,JRD,between_breed
BKDN170794068-1A,BKDN170796077-1A,0.260522236,LSD,JRD,between_breed
BKDN170794068-1A,BKDN170794805-1A,0.520268877,JYP,JRD,between_breed
BKDN170794068-1A,BKDN170794327-1A,0.758467274,TWD,JRD,between_breed
BKDN170794068-1A,BKDN170795743-1A,0.636286256,ZSP,JRD,between_breed
BKDN170794068-1A,BKDN170796085-1A,0.858731042,SPD,JRD,between_breed
BKDN170794068-1A,BKDN170794553-1A,0.545481502,LCW,JRD,between_breed
BKDN170794068-1A,BKDN170794158-1A,0.905080177,SXD,JRD,between_breed
BKDN170794068-1A,BKDN170796249-1A,0.783148048,SPD,JRD,between_breed
BKDN170794068-1A,BKDN170796250-1A,0.846688933,SPD,JRD,between_breed
BKDN170794068-1A,BKDN170794480-1A,0.284755118,PTB,JRD,between_breed
BKDN170794068-1A,BKDN170794809-1A,0.535013329,JYP,JRD,between_breed
BKDN170794068-1A,BKDN170795145-1A,0.266985239,CHP,JRD,between_breed
BKDN170794068-1A,BKDN170795575-1A,0.871769879,ZSP,JRD,between_breed
BKDN170794068-1A,BKDN170796419-1A,0.414610363,SPD,JRD,between_breed
BKDN170794068-1A,BKDN170795142-1A,0.599750941,JYP,JRD,between_breed
BKDN170794068-1A,BKDN170796424-1A,0.804170483,SPD,JRD,between_breed
BKDN170794068-1A,BKDN170796413-1A,0.31256505,MWD,JRD,between_breed
BKDN170794068-1A,BKDN170795573-1A,0.483031285,ZSP,JRD,between_breed
BKDN170794068-1A,BKDN170794159-1A,0.514322919,SXD,JRD,between_breed
BKDN170794068-1A,BKDN170796417-1A,0.902505901,SPD,JRD,between_breed
BKDN170794068-1A,BKDN170794160-1A,0.407002789,SXD,JRD,between_breed
BKDN170794068-1A,BKDN170796254-1A,0.509563794,SPD,JRD,between_breed
BKDN170794068-1A,BKDN170795146-1A,0.679539637,CHP,JRD,between_breed
BKDN170794068-1A,BKDN170795742-1A,0.833928548,ZSP,JRD,between_breed
BKDN170794068-1A,BKDN170794385-1A,0.291439482,LCW,JRD,between_breed
BKDN170794068-1A,BKDN170795141-1A,0.610820624,JYP,JRD,between_breed
BKDN170794068-1A,BKDN170794161-1A,0.270878751,SXD,JRD,between_breed
BKDN170794068-1A,BKDN170794394-1A,0.556931016,LCW,JRD,between_breed
BKDN170794068-1A,BKDN170794164-1A,0.362746126,SXD,JRD,between_breed
BKDN170794068-1A,BKDN170794322-1A,0.77940031,PTB,JRD,between_breed
BKDN170794068-1A,BKDN170794148-1A,0.875836471,JRD,JRD,within_breed
BKDN170794068-1A,BKDN170795572-1A,0.316982678,ZSP,JRD,between_breed
BKDN170794068-1A,BKDN170796253-1A,0.790186176,SPD,JRD,between_breed
BKDN170794068-1A,BKDN170794811-1A,0.521633678,JYP,JRD,between_breed
BKDN170794068-1A,BKDN170795911-1A,0.855341809,LSD,JRD,between_breed
BKDN170794068-1A,BKDN170794392-1A,0.811266391,LCW,JRD,between_breed
BKDN170794068-1A,BKDN170796000-1A,0.537823996,CHP,JRD,between_breed
BKDN170794068-1A,BKDN170796080-1A,0.525847202,LSD,JRD,between_breed
BKDN170794068-1A,BKDN170795837-1A,0.258348893,CHP,JRD,between_breed
BKDN170794068-1A,BKDN170794554-1A,0.666554782,LCW,JRD,between_breed
BKDN170794068-1A,BKDN170795745-1A,0.893860466,ZSP,JRD,between_breed
BKDN170794068-1A,BKDN170795912-1A,0.879319195,LSD,JRD,between_breed
BKDN170794068-1A,BKDN170794149-1A,0.538032846,JRD,JRD,within_breed
BKDN170794068-1A,BKDN170795739-1A,0.853525071,ZSP,JRD,between_breed
BKDN170794068-1A,BKDN170796004-1A,0.795023037,CHP,JRD,between_breed
BKDN170794068-1A,BKDN170795999-1A,0.68628301,CHP,JRD,between_breed
BKDN170794068-1A,BKDN170795836-1A,0.581189868,CHP,JRD,between_breed
BKDN170794068-1A,BKDN170795838-1A,0.564173004,CHP,JRD,between_breed
BKDN170794068-1A,BKDN170795744-1A,0.694297461,ZSP,JRD,between_breed
BKDN170794068-1A,BKDN170795149-1A,0.619938968,CHP,JRD,between_breed
BKDN170794068-1A,BKDN170794393-1A,0.252748305,LCW,JRD,between_breed
BKDN170794068-1A,BKDN170794156-1A,0.737067548,PTB,JRD,between_breed
BKDN170794068-1A,BKDN170794551-1A,0.240252682,LCW,JRD,between_breed
BKDN170794068-1A,BKDN170794165-1A,0.327079328,SXD,JRD,between_breed
BKDN170794068-1A,BKDN170795740-1A,0.869629573,ZSP,JRD,between_breed
BKDN170794068-1A,BKDN170794163-1A,0.673849142,SXD,JRD,between_breed
BKDN170794068-1A,BKDN170796422-1A,0.892865765,SPD,JRD,between_breed
BKDN170794068-1A,BKDN170794331-1A,0.359308613,TWD,JRD,between_breed
BKDN170794068-1A,BKDN170795907-1A,0.868030152,LSD,JRD,between_breed
BKDN170794068-1A,BKDN170794330-1A,0.430244757,TWD,JRD,between_breed
BKDN170794148-1A,BKDN170795837-1A,0.78145184,CHP,JRD,between_breed
BKDN170794148-1A,BKDN170794393-1A,0.8502694,LCW,JRD,between_breed
BKDN170794148-1A,BKDN170794553-1A,0.737136687,LCW,JRD,between_breed
BKDN170794148-1A,BKDN170795912-1A,0.5380485,LSD,JRD,between_breed
BKDN170794148-1A,BKDN170795907-1A,0.629783014,LSD,JRD,between_breed
BKDN170794148-1A,BKDN170794327-1A,0.277535014,TWD,JRD,between_breed
BKDN170794148-1A,BKDN170794385-1A,0.782367972,LCW,JRD,between_breed
BKDN170794148-1A,BKDN170796085-1A,0.556000251,SPD,JRD,between_breed
BKDN170794148-1A,BKDN170796421-1A,0.635155963,SPD,JRD,between_breed
BKDN170794148-1A,BKDN170795836-1A,0.6771452,CHP,JRD,between_breed
BKDN170794148-1A,BKDN170796252-1A,0.848017128,SPD,JRD,between_breed
BKDN170794148-1A,BKDN170795744-1A,0.541063433,ZSP,JRD,between_breed
BKDN170794148-1A,BKDN170794163-1A,0.756383432,SXD,JRD,between_breed
BKDN170794148-1A,BKDN170794158-1A,0.607274477,SXD,JRD,between_breed
BKDN170794148-1A,BKDN170795916-1A,0.647603756,LSD,JRD,between_breed
BKDN170794148-1A,BKDN170794392-1A,0.475024028,LCW,JRD,between_breed
BKDN170794148-1A,BKDN170795572-1A,0.730503086,ZSP,JRD,between_breed
BKDN170794148-1A,BKDN170796173-1A,0.779529199,CHP,JRD,between_breed
BKDN170794148-1A,BKDN170795737-1A,0.501635917,ZSP,JRD,between_breed
BKDN170794148-1A,BKDN170794809-1A,0.66071998,JYP,JRD,between_breed
BKDN170794148-1A,BKDN170794548-1A,0.797280261,LCW,JRD,between_breed
BKDN170794148-1A,BKDN170794480-1A,0.860185984,PTB,JRD,between_breed
BKDN170794148-1A,BKDN170794161-1A,0.880170068,SXD,JRD,between_breed
BKDN170794148-1A,BKDN170796245-1A,0.60930619,SPD,JRD,between_breed
BKDN170794148-1A,BKDN170796253-1A,0.466049379,SPD,JRD,between_breed
BKDN170794148-1A,BKDN170796004-1A,0.653897813,CHP,JRD,between_breed
BKDN170794148-1A,BKDN170795999-1A,0.489960347,CHP,JRD,between_breed
BKDN170794148-1A,BKDN170795742-1A,0.404583919,ZSP,JRD,between_breed
BKDN170794148-1A,BKDN170794806-1A,0.776886876,JYP,JRD,between_breed
BKDN170794148-1A,BKDN170795576-1A,0.479545275,ZSP,JRD,between_breed
BKDN170794148-1A,BKDN170796419-1A,0.854916741,SPD,JRD,between_breed
BKDN170794148-1A,BKDN170796077-1A,0.834026406,LSD,JRD,between_breed
BKDN170794148-1A,BKDN170796251-1A,0.700446173,SPD,JRD,between_breed
BKDN170794148-1A,BKDN170794322-1A,0.711879547,PTB,JRD,between_breed
BKDN170794148-1A,BKDN170795575-1A,0.468036535,ZSP,JRD,between_breed
BKDN170794148-1A,BKDN170796424-1A,0.656326142,SPD,JRD,between_breed
BKDN170794148-1A,BKDN170795745-1A,0.434770776,ZSP,JRD,between_breed
BKDN170794148-1A,BKDN170796247-1A,0.554136982,SPD,JRD,between_breed
BKDN170794148-1A,BKDN170796086-1A,0.693033334,SPD,JRD,between_breed
BKDN170794148-1A,BKDN170794811-1A,0.588841379,JYP,JRD,between_breed
BKDN170794148-1A,BKDN170796413-1A,0.753780212,MWD,JRD,between_breed
BKDN170794148-1A,BKDN170795578-1A,0.718234414,ZSP,JRD,between_breed
BKDN170794148-1A,BKDN170796006-1A,0.478516151,CHP,JRD,between_breed
BKDN170794148-1A,BKDN170794228-1A,0.786734456,LCW,JRD,between_breed
BKDN170794148-1A,BKDN170795145-1A,0.865365426,CHP,JRD,between_breed
BKDN170794148-1A,BKDN170796418-1A,0.663333778,SPD,JRD,between_breed
BKDN170794148-1A,BKDN170795743-1A,0.70377533,ZSP,JRD,between_breed
BKDN170794148-1A,BKDN170796000-1A,0.776151811,CHP,JRD,between_breed
BKDN170794148-1A,BKDN170796249-1A,0.661173395,SPD,JRD,between_breed
BKDN170794148-1A,BKDN170796420-1A,0.682067582,SPD,JRD,between_breed
BKDN170794148-1A,BKDN170795738-1A,0.454387135,ZSP,JRD,between_breed
BKDN170794148-1A,BKDN170795149-1A,0.459894181,CHP,JRD,between_breed
BKDN170794148-1A,BKDN170794160-1A,0.780130664,SXD,JRD,between_breed
BKDN170794148-1A,BKDN170794149-1A,0.506135541,JRD,JRD,within_breed
BKDN170794148-1A,BKDN170796422-1A,0.726947461,SPD,JRD,between_breed
BKDN170794148-1A,BKDN170794156-1A,0.880539935,PTB,JRD,between_breed
BKDN170794148-1A,BKDN170795740-1A,0.427075185,ZSP,JRD,between_breed
BKDN170794148-1A,BKDN170794152-1A,0.524748276,PTB,JRD,between_breed
BKDN170794148-1A,BKDN170794330-1A,0.747206399,TWD,JRD,between_breed
BKDN170794148-1A,BKDN170795577-1A,0.524227716,ZSP,JRD,between_breed
BKDN170794148-1A,BKDN170794805-1A,0.745572464,JYP,JRD,between_breed
BKDN170794148-1A,BKDN170795911-1A,0.413206378,LSD,JRD,between_breed
BKDN170794148-1A,BKDN170794165-1A,0.848142502,SXD,JRD,between_breed
BKDN170794148-1A,BKDN170795147-1A,0.822111236,CHP,JRD,between_breed
BKDN170794148-1A,BKDN170795574-1A,0.818109033,ZSP,JRD,between_breed
BKDN170794148-1A,BKDN170796080-1A,0.536767669,LSD,JRD,between_breed
BKDN170794148-1A,BKDN170796254-1A,0.730668919,SPD,JRD,between_breed
BKDN170794148-1A,BKDN170794554-1A,0.386072633,LCW,JRD,between_breed
BKDN170794148-1A,BKDN170794164-1A,0.834959274,SXD,JRD,between_breed
BKDN170794148-1A,BKDN170795838-1A,0.722408345,CHP,JRD,between_breed
BKDN170794148-1A,BKDN170794387-1A,0.789640763,LCW,JRD,between_breed
BKDN170794148-1A,BKDN170794329-1A,0.363994618,TWD,JRD,between_breed
BKDN170794148-1A,BKDN170794326-1A,0.376258208,TWD,JRD,between_breed
BKDN170794148-1A,BKDN170794551-1A,0.852559735,LCW,JRD,between_breed
BKDN170794148-1A,BKDN170795573-1A,0.659080077,ZSP,JRD,between_breed
BKDN170794148-1A,BKDN170794394-1A,0.741613811,LCW,JRD,between_breed
BKDN170794148-1A,BKDN170796417-1A,0.692931849,SPD,JRD,between_breed
BKDN170794148-1A,BKDN170795910-1A,0.860860882,LSD,JRD,between_breed
BKDN170794148-1A,BKDN170794159-1A,0.833519445,SXD,JRD,between_breed
BKDN170794148-1A,BKDN170795140-1A,0.797763291,JYP,JRD,between_breed
BKDN170794148-1A,BKDN170795739-1A,0.479172595,ZSP,JRD,between_breed
BKDN170794148-1A,BKDN170795146-1A,0.418078711,CHP,JRD,between_breed
BKDN170794148-1A,BKDN170795141-1A,0.721347641,JYP,JRD,between_breed
BKDN170794148-1A,BKDN170794331-1A,0.781268542,TWD,JRD,between_breed
BKDN170794148-1A,BKDN170796250-1A,0.732914979,SPD,JRD,between_breed
BKDN170794148-1A,BKDN170795142-1A,0.4915722,JYP,JRD,between_breed
BKDN170794148-1A,BKDN170794972-1A,0.538125154,JYP,JRD,between_breed
BKDN170794149-1A,BKDN170795149-1A,0.209877898,CHP,JRD,between_breed
BKDN170794149-1A,BKDN170794159-1A,0.578831801,SXD,JRD,between_breed
BKDN170794149-1A,BKDN170794387-1A,0.470610108,LCW,JRD,between_breed
BKDN170794149-1A,BKDN170794554-1A,0.407006537,LCW,JRD,between_breed
BKDN170794149-1A,BKDN170795145-1A,0.62794589,CHP,JRD,between_breed
BKDN170794149-1A,BKDN170794548-1A,0.53416186,LCW,JRD,between_breed
BKDN170794149-1A,BKDN170794385-1A,0.610244906,LCW,JRD,between_breed
BKDN170794149-1A,BKDN170796247-1A,0.631503381,SPD,JRD,between_breed
BKDN170794149-1A,BKDN170795146-1A,0.428746718,CHP,JRD,between_breed
BKDN170794149-1A,BKDN170794806-1A,0.422014144,JYP,JRD,between_breed
BKDN170794149-1A,BKDN170795742-1A,0.508241296,ZSP,JRD,between_breed
BKDN170794149-1A,BKDN170796245-1A,0.630844458,SPD,JRD,between_breed
BKDN170794149-1A,BKDN170794811-1A,0.238906243,JYP,JRD,between_breed
BKDN170794149-1A,BKDN170794480-1A,0.611147582,PTB,JRD,between_breed
BKDN170794149-1A,BKDN170796254-1A,0.612917688,SPD,JRD,between_breed
BKDN170794149-1A,BKDN170794164-1A,0.535266518,SXD,JRD,between_breed
BKDN170794149-1A,BKDN170795141-1A,0.317829145,JYP,JRD,between_breed
BKDN170794149-1A,BKDN170794322-1A,0.694429949,PTB,JRD,between_breed
BKDN170794149-1A,BKDN170795140-1A,0.378265493,JYP,JRD,between_breed
BKDN170794149-1A,BKDN170795836-1A,0.340560133,CHP,JRD,between_breed
BKDN170794149-1A,BKDN170795574-1A,0.606214852,ZSP,JRD,between_breed
BKDN170794149-1A,BKDN170794551-1A,0.597119282,LCW,JRD,between_breed
BKDN170794149-1A,BKDN170796085-1A,0.641975044,SPD,JRD,between_breed
BKDN170794149-1A,BKDN170795911-1A,0.52785482,LSD,JRD,between_breed
BKDN170794149-1A,BKDN170796421-1A,0.54383113,SPD,JRD,between_breed
BKDN170794149-1A,BKDN170796086-1A,0.643376521,SPD,JRD,between_breed
BKDN170794149-1A,BKDN170795837-1A,0.529297762,CHP,JRD,between_breed
BKDN170794149-1A,BKDN170796418-1A,0.682322003,SPD,JRD,between_breed
BKDN170794149-1A,BKDN170794160-1A,0.533508129,SXD,JRD,between_breed
BKDN170794149-1A,BKDN170796422-1A,0.706067913,SPD,JRD,between_breed
BKDN170794149-1A,BKDN170794156-1A,0.70201032,PTB,JRD,between_breed
BKDN170794149-1A,BKDN170796253-1A,0.543037894,SPD,JRD,between_breed
BKDN170794149-1A,BKDN170794161-1A,0.624472718,SXD,JRD,between_breed
BKDN170794149-1A,BKDN170796419-1A,0.63886852,SPD,JRD,between_breed
BKDN170794149-1A,BKDN170795912-1A,0.700515359,LSD,JRD,between_breed
BKDN170794149-1A,BKDN170794330-1A,0.401381737,TWD,JRD,between_breed
BKDN170794149-1A,BKDN170794165-1A,0.60025487,SXD,JRD,between_breed
BKDN170794149-1A,BKDN170795738-1A,0.559034909,ZSP,JRD,between_breed
BKDN170794149-1A,BKDN170794326-1A,0.491788547,TWD,JRD,between_breed
BKDN170794149-1A,BKDN170794809-1A,0.224684082,JYP,JRD,between_breed
BKDN170794149-1A,BKDN170794805-1A,0.354051456,JYP,JRD,between_breed
BKDN170794149-1A,BKDN170794331-1A,0.473138053,TWD,JRD,between_breed
BKDN170794149-1A,BKDN170794393-1A,0.614434511,LCW,JRD,between_breed
BKDN170794149-1A,BKDN170794152-1A,0.610602263,PTB,JRD,between_breed
BKDN170794149-1A,BKDN170795743-1A,0.544342909,ZSP,JRD,between_breed
BKDN170794149-1A,BKDN170794228-1A,0.512625901,LCW,JRD,between_breed
BKDN170794149-1A,BKDN170795744-1A,0.54598519,ZSP,JRD,between_breed
BKDN170794149-1A,BKDN170796006-1A,0.253626495,CHP,JRD,between_breed
BKDN170794149-1A,BKDN170796424-1A,0.57794904,SPD,JRD,between_breed
BKDN170794149-1A,BKDN170796077-1A,0.530007252,LSD,JRD,between_breed
BKDN170794149-1A,BKDN170795740-1A,0.59340857,ZSP,JRD,between_breed
BKDN170794149-1A,BKDN170796420-1A,0.74727822,SPD,JRD,between_breed
BKDN170794149-1A,BKDN170794972-1A,0.160674262,JYP,JRD,between_breed
BKDN170794149-1A,BKDN170794392-1A,0.569638541,LCW,JRD,between_breed
BKDN170794149-1A,BKDN170795916-1A,0.640619934,LSD,JRD,between_breed
BKDN170794149-1A,BKDN170795576-1A,0.63527926,ZSP,JRD,between_breed
BKDN170794149-1A,BKDN170795999-1A,0.478973408,CHP,JRD,between_breed
BKDN170794149-1A,BKDN170794329-1A,0.39104174,TWD,JRD,between_breed
BKDN170794149-1A,BKDN170796173-1A,0.408412177,CHP,JRD,between_breed
BKDN170794149-1A,BKDN170795142-1A,0.229822043,JYP,JRD,between_breed
BKDN170794149-1A,BKDN170795745-1A,0.593608194,ZSP,JRD,between_breed
BKDN170794149-1A,BKDN170795578-1A,0.637416344,ZSP,JRD,between_breed
BKDN170794149-1A,BKDN170794163-1A,0.612127496,SXD,JRD,between_breed
BKDN170794149-1A,BKDN170796251-1A,0.693289126,SPD,JRD,between_breed
BKDN170794149-1A,BKDN170796250-1A,0.647792935,SPD,JRD,between_breed
BKDN170794149-1A,BKDN170795739-1A,0.585993573,ZSP,JRD,between_breed
BKDN170794149-1A,BKDN170795838-1A,0.353830994,CHP,JRD,between_breed
BKDN170794149-1A,BKDN170795575-1A,0.612660395,ZSP,JRD,between_breed
BKDN170794149-1A,BKDN170795147-1A,0.531855474,CHP,JRD,between_breed
BKDN170794149-1A,BKDN170796413-1A,0.470286776,MWD,JRD,between_breed
BKDN170794149-1A,BKDN170794158-1A,0.706217127,SXD,JRD,between_breed
BKDN170794149-1A,BKDN170795737-1A,0.662207991,ZSP,JRD,between_breed
BKDN170794149-1A,BKDN170796249-1A,0.590205041,SPD,JRD,between_breed
BKDN170794149-1A,BKDN170794327-1A,0.42434082,TWD,JRD,between_breed
BKDN170794149-1A,BKDN170795910-1A,0.596101966,LSD,JRD,between_breed
BKDN170794149-1A,BKDN170796080-1A,0.483529369,LSD,JRD,between_breed
BKDN170794149-1A,BKDN170795907-1A,0.640475994,LSD,JRD,between_breed
BKDN170794149-1A,BKDN170796417-1A,0.700610582,SPD,JRD,between_breed
BKDN170794149-1A,BKDN170795577-1A,0.593061413,ZSP,JRD,between_breed
BKDN170794149-1A,BKDN170794394-1A,0.558173837,LCW,JRD,between_breed
BKDN170794149-1A,BKDN170795573-1A,0.538591122,ZSP,JRD,between_breed
BKDN170794149-1A,BKDN170795572-1A,0.499871822,ZSP,JRD,between_breed
BKDN170794149-1A,BKDN170794553-1A,0.606826302,LCW,JRD,between_breed
BKDN170794149-1A,BKDN170796000-1A,0.359508372,CHP,JRD,between_breed
BKDN170794149-1A,BKDN170796252-1A,0.620966904,SPD,JRD,between_breed
BKDN170794149-1A,BKDN170796004-1A,0.608074567,CHP,JRD,between_breed
BKDN170794152-1A,BKDN170796085-1A,0.269334287,SPD,PTB,between_breed
BKDN170794152-1A,BKDN170795912-1A,0.317434984,LSD,PTB,between_breed
BKDN170794152-1A,BKDN170794972-1A,0.638372977,JYP,PTB,between_breed
BKDN170794152-1A,BKDN170794156-1A,0.742746041,PTB,PTB,within_breed
BKDN170794152-1A,BKDN170796086-1A,0.375534727,SPD,PTB,between_breed
BKDN170794152-1A,BKDN170794330-1A,0.72031036,TWD,PTB,between_breed
BKDN170794152-1A,BKDN170794165-1A,0.747863992,SXD,PTB,between_breed
BKDN170794152-1A,BKDN170796245-1A,0.448672748,SPD,PTB,between_breed
BKDN170794152-1A,BKDN170795140-1A,0.74398489,JYP,PTB,between_breed
BKDN170794152-1A,BKDN170794480-1A,0.817110647,PTB,PTB,within_breed
BKDN170794152-1A,BKDN170794160-1A,0.697567686,SXD,PTB,between_breed
BKDN170794152-1A,BKDN170796000-1A,0.779344081,CHP,PTB,between_breed
BKDN170794152-1A,BKDN170795837-1A,0.74261288,CHP,PTB,between_breed
BKDN170794152-1A,BKDN170795744-1A,0.354866324,ZSP,PTB,between_breed
BKDN170794152-1A,BKDN170795742-1A,0.399821268,ZSP,PTB,between_breed
BKDN170794152-1A,BKDN170795575-1A,0.197669476,ZSP,PTB,between_breed
BKDN170794152-1A,BKDN170796417-1A,0.416532065,SPD,PTB,between_breed
BKDN170794152-1A,BKDN170796424-1A,0.319207142,SPD,PTB,between_breed
BKDN170794152-1A,BKDN170796413-1A,0.71321191,MWD,PTB,between_breed
BKDN170794152-1A,BKDN170794809-1A,0.667137657,JYP,PTB,between_breed
BKDN170794152-1A,BKDN170795911-1A,0.2959093,LSD,PTB,between_breed
BKDN170794152-1A,BKDN170795836-1A,0.701781073,CHP,PTB,between_breed
BKDN170794152-1A,BKDN170794553-1A,0.697412682,LCW,PTB,between_breed
BKDN170794152-1A,BKDN170794392-1A,0.492998941,LCW,PTB,between_breed
BKDN170794152-1A,BKDN170795745-1A,0.46720978,ZSP,PTB,between_breed
BKDN170794152-1A,BKDN170796421-1A,0.30991945,SPD,PTB,between_breed
BKDN170794152-1A,BKDN170794164-1A,0.738339239,SXD,PTB,between_breed
BKDN170794152-1A,BKDN170795907-1A,0.35966599,LSD,PTB,between_breed
BKDN170794152-1A,BKDN170795743-1A,0.418649218,ZSP,PTB,between_breed
BKDN170794152-1A,BKDN170796080-1A,0.484698289,LSD,PTB,between_breed
BKDN170794152-1A,BKDN170795149-1A,0.561875101,CHP,PTB,between_breed
BKDN170794152-1A,BKDN170795574-1A,0.766915525,ZSP,PTB,between_breed
BKDN170794152-1A,BKDN170794163-1A,0.61088049,SXD,PTB,between_breed
BKDN170794152-1A,BKDN170796419-1A,0.643536422,SPD,PTB,between_breed
BKDN170794152-1A,BKDN170795146-1A,0.50050385,CHP,PTB,between_breed
BKDN170794152-1A,BKDN170795145-1A,0.829674769,CHP,PTB,between_breed
BKDN170794152-1A,BKDN170796006-1A,0.585038911,CHP,PTB,between_breed
BKDN170794152-1A,BKDN170795141-1A,0.736087786,JYP,PTB,between_breed
BKDN170794152-1A,BKDN170795142-1A,0.612602446,JYP,PTB,between_breed
BKDN170794152-1A,BKDN170796249-1A,0.347826189,SPD,PTB,between_breed
BKDN170794152-1A,BKDN170794158-1A,0.568996668,SXD,PTB,between_breed
BKDN170794152-1A,BKDN170795147-1A,0.788316247,CHP,PTB,between_breed
BKDN170794152-1A,BKDN170794326-1A,0.469429978,TWD,PTB,between_breed
BKDN170794152-1A,BKDN170794811-1A,0.613753602,JYP,PTB,between_breed
BKDN170794152-1A,BKDN170794554-1A,0.489971272,LCW,PTB,between_breed
BKDN170794152-1A,BKDN170795739-1A,0.26236114,ZSP,PTB,between_breed
BKDN170794152-1A,BKDN170794805-1A,0.737767904,JYP,PTB,between_breed
BKDN170794152-1A,BKDN170796247-1A,0.304942723,SPD,PTB,between_breed
BKDN170794152-1A,BKDN170796077-1A,0.760697155,LSD,PTB,between_breed
BKDN170794152-1A,BKDN170795573-1A,0.570246753,ZSP,PTB,between_breed
BKDN170794152-1A,BKDN170794161-1A,0.786255808,SXD,PTB,between_breed
BKDN170794152-1A,BKDN170796173-1A,0.794319281,CHP,PTB,between_breed
BKDN170794152-1A,BKDN170795578-1A,0.585267761,ZSP,PTB,between_breed
BKDN170794152-1A,BKDN170795737-1A,0.332546192,ZSP,PTB,between_breed
BKDN170794152-1A,BKDN170794329-1A,0.490140789,TWD,PTB,between_breed
BKDN170794152-1A,BKDN170795577-1A,0.323383506,ZSP,PTB,between_breed
BKDN170794152-1A,BKDN170794551-1A,0.804171986,LCW,PTB,between_breed
BKDN170794152-1A,BKDN170795916-1A,0.557866558,LSD,PTB,between_breed
BKDN170794152-1A,BKDN170796250-1A,0.418095659,SPD,PTB,between_breed
BKDN170794152-1A,BKDN170794393-1A,0.762972809,LCW,PTB,between_breed
BKDN170794152-1A,BKDN170796420-1A,0.471177487,SPD,PTB,between_breed
BKDN170794152-1A,BKDN170796004-1A,0.672548745,CHP,PTB,between_breed
BKDN170794152-1A,BKDN170796251-1A,0.454523043,SPD,PTB,between_breed
BKDN170794152-1A,BKDN170794331-1A,0.697462979,TWD,PTB,between_breed
BKDN170794152-1A,BKDN170794322-1A,0.283345586,PTB,PTB,within_breed
BKDN170794152-1A,BKDN170794385-1A,0.743427143,LCW,PTB,between_breed
BKDN170794152-1A,BKDN170794387-1A,0.756878194,LCW,PTB,between_breed
BKDN170794152-1A,BKDN170795838-1A,0.756220134,CHP,PTB,between_breed
BKDN170794152-1A,BKDN170794548-1A,0.7221039,LCW,PTB,between_breed
BKDN170794152-1A,BKDN170796253-1A,0.349674138,SPD,PTB,between_breed
BKDN170794152-1A,BKDN170796418-1A,0.448389994,SPD,PTB,between_breed
BKDN170794152-1A,BKDN170796252-1A,0.621728477,SPD,PTB,between_breed
BKDN170794152-1A,BKDN170796422-1A,0.409813072,SPD,PTB,between_breed
BKDN170794152-1A,BKDN170794394-1A,0.672724577,LCW,PTB,between_breed
BKDN170794152-1A,BKDN170795740-1A,0.324180965,ZSP,PTB,between_breed
BKDN170794152-1A,BKDN170795910-1A,0.815465354,LSD,PTB,between_breed
BKDN170794152-1A,BKDN170795738-1A,0.307604566,ZSP,PTB,between_breed
BKDN170794152-1A,BKDN170795999-1A,0.539212981,CHP,PTB,between_breed
BKDN170794152-1A,BKDN170795576-1A,0.302444672,ZSP,PTB,between_breed
BKDN170794152-1A,BKDN170795572-1A,0.715203183,ZSP,PTB,between_breed
BKDN170794152-1A,BKDN170794159-1A,0.714892585,SXD,PTB,between_breed
BKDN170794152-1A,BKDN170794806-1A,0.779827535,JYP,PTB,between_breed
BKDN170794152-1A,BKDN170796254-1A,0.41699112,SPD,PTB,between_breed
BKDN170794152-1A,BKDN170794327-1A,0.470880114,TWD,PTB,between_breed
BKDN170794152-1A,BKDN170794228-1A,0.737647402,LCW,PTB,between_breed
BKDN170794156-1A,BKDN170795910-1A,0.692179021,LSD,PTB,between_breed
BKDN170794156-1A,BKDN170794330-1A,0.701869025,TWD,PTB,between_breed
BKDN170794156-1A,BKDN170795147-1A,0.717471909,CHP,PTB,between_breed
BKDN170794156-1A,BKDN170796422-1A,0.704954694,SPD,PTB,between_breed
BKDN170794156-1A,BKDN170795999-1A,0.656585373,CHP,PTB,between_breed
BKDN170794156-1A,BKDN170795916-1A,0.679195413,LSD,PTB,between_breed
BKDN170794156-1A,BKDN170795745-1A,0.81146425,ZSP,PTB,between_breed
BKDN170794156-1A,BKDN170794809-1A,0.666237341,JYP,PTB,between_breed
BKDN170794156-1A,BKDN170794164-1A,0.695829158,SXD,PTB,between_breed
BKDN170794156-1A,BKDN170794165-1A,0.706712264,SXD,PTB,between_breed
BKDN170794156-1A,BKDN170796173-1A,0.768681413,CHP,PTB,between_breed
BKDN170794156-1A,BKDN170794161-1A,0.712877643,SXD,PTB,between_breed
BKDN170794156-1A,BKDN170795146-1A,0.717236247,CHP,PTB,between_breed
BKDN170794156-1A,BKDN170795742-1A,0.677606276,ZSP,PTB,between_breed
BKDN170794156-1A,BKDN170796086-1A,0.652126433,SPD,PTB,between_breed
BKDN170794156-1A,BKDN170795838-1A,0.769794277,CHP,PTB,between_breed
BKDN170794156-1A,BKDN170796421-1A,0.582794801,SPD,PTB,between_breed
BKDN170794156-1A,BKDN170796004-1A,0.768329806,CHP,PTB,between_breed
BKDN170794156-1A,BKDN170795836-1A,0.792268527,CHP,PTB,between_breed
BKDN170794156-1A,BKDN170795911-1A,0.70185422,LSD,PTB,between_breed
BKDN170794156-1A,BKDN170795572-1A,0.700837886,ZSP,PTB,between_breed
BKDN170794156-1A,BKDN170795141-1A,0.736409536,JYP,PTB,between_breed
BKDN170794156-1A,BKDN170795574-1A,0.644311413,ZSP,PTB,between_breed
BKDN170794156-1A,BKDN170794394-1A,0.49519147,LCW,PTB,between_breed
BKDN170794156-1A,BKDN170794551-1A,0.660848314,LCW,PTB,between_breed
BKDN170794156-1A,BKDN170795837-1A,0.67915871,CHP,PTB,between_breed
BKDN170794156-1A,BKDN170796085-1A,0.738452005,SPD,PTB,between_breed
BKDN170794156-1A,BKDN170796250-1A,0.604561053,SPD,PTB,between_breed
BKDN170794156-1A,BKDN170795744-1A,0.613259151,ZSP,PTB,between_breed
BKDN170794156-1A,BKDN170794331-1A,0.606629344,TWD,PTB,between_breed
BKDN170794156-1A,BKDN170796252-1A,0.669014944,SPD,PTB,between_breed
BKDN170794156-1A,BKDN170795739-1A,0.70975338,ZSP,PTB,between_breed
BKDN170794156-1A,BKDN170794548-1A,0.633652075,LCW,PTB,between_breed
BKDN170794156-1A,BKDN170794329-1A,0.785469222,TWD,PTB,between_breed
BKDN170794156-1A,BKDN170796080-1A,0.59572257,LSD,PTB,between_breed
BKDN170794156-1A,BKDN170794159-1A,0.654954219,SXD,PTB,between_breed
BKDN170794156-1A,BKDN170796000-1A,0.711637801,CHP,PTB,between_breed
BKDN170794156-1A,BKDN170795743-1A,0.588762876,ZSP,PTB,between_breed
BKDN170794156-1A,BKDN170795912-1A,0.785157534,LSD,PTB,between_breed
BKDN170794156-1A,BKDN170796417-1A,0.709954308,SPD,PTB,between_breed
BKDN170794156-1A,BKDN170794322-1A,0.708165012,PTB,PTB,within_breed
BKDN170794156-1A,BKDN170796247-1A,0.723069257,SPD,PTB,between_breed
BKDN170794156-1A,BKDN170794160-1A,0.717911924,SXD,PTB,between_breed
BKDN170794156-1A,BKDN170794392-1A,0.71119354,LCW,PTB,between_breed
BKDN170794156-1A,BKDN170796418-1A,0.677122096,SPD,PTB,between_breed
BKDN170794156-1A,BKDN170794806-1A,0.798934864,JYP,PTB,between_breed
BKDN170794156-1A,BKDN170794553-1A,0.576059879,LCW,PTB,between_breed
BKDN170794156-1A,BKDN170795575-1A,0.77127314,ZSP,PTB,between_breed
BKDN170794156-1A,BKDN170794163-1A,0.623885048,SXD,PTB,between_breed
BKDN170794156-1A,BKDN170796249-1A,0.619869368,SPD,PTB,between_breed
BKDN170794156-1A,BKDN170796245-1A,0.675718765,SPD,PTB,between_breed
BKDN170794156-1A,BKDN170794811-1A,0.705493386,JYP,PTB,between_breed
BKDN170794156-1A,BKDN170796420-1A,0.852847699,SPD,PTB,between_breed
BKDN170794156-1A,BKDN170795149-1A,0.756049224,CHP,PTB,between_breed
BKDN170794156-1A,BKDN170796077-1A,0.611247401,LSD,PTB,between_breed
BKDN170794156-1A,BKDN170796419-1A,0.704405004,SPD,PTB,between_breed
BKDN170794156-1A,BKDN170794805-1A,0.728511163,JYP,PTB,between_breed
BKDN170794156-1A,BKDN170794158-1A,0.838099804,SXD,PTB,between_breed
BKDN170794156-1A,BKDN170796424-1A,0.616293189,SPD,PTB,between_breed
BKDN170794156-1A,BKDN170794327-1A,0.696751361,TWD,PTB,between_breed
BKDN170794156-1A,BKDN170794228-1A,0.642229466,LCW,PTB,between_breed
BKDN170794156-1A,BKDN170795142-1A,0.797200445,JYP,PTB,between_breed
BKDN170794156-1A,BKDN170795740-1A,0.770913107,ZSP,PTB,between_breed
BKDN170794156-1A,BKDN170794972-1A,0.772433518,JYP,PTB,between_breed
BKDN170794156-1A,BKDN170794554-1A,0.718110718,LCW,PTB,between_breed
BKDN170794156-1A,BKDN170795737-1A,0.786175048,ZSP,PTB,between_breed
BKDN170794156-1A,BKDN170794387-1A,0.697897441,LCW,PTB,between_breed
BKDN170794156-1A,BKDN170796251-1A,0.681204684,SPD,PTB,between_breed
BKDN170794156-1A,BKDN170795140-1A,0.640152152,JYP,PTB,between_breed
BKDN170794156-1A,BKDN170796254-1A,0.7115447,SPD,PTB,between_breed
BKDN170794156-1A,BKDN170795577-1A,0.712749009,ZSP,PTB,between_breed
BKDN170794156-1A,BKDN170794393-1A,0.610891523,LCW,PTB,between_breed
BKDN170794156-1A,BKDN170794385-1A,0.641120453,LCW,PTB,between_breed
BKDN170794156-1A,BKDN170795576-1A,0.79032688,ZSP,PTB,between_breed
BKDN170794156-1A,BKDN170795738-1A,0.696072291,ZSP,PTB,between_breed
BKDN170794156-1A,BKDN170796253-1A,0.703446921,SPD,PTB,between_breed
BKDN170794156-1A,BKDN170795573-1A,0.620352256,ZSP,PTB,between_breed
BKDN170794156-1A,BKDN170794480-1A,0.657191739,PTB,PTB,within_breed
BKDN170794156-1A,BKDN170795907-1A,0.700943116,LSD,PTB,between_breed
BKDN170794156-1A,BKDN170796413-1A,0.637746674,MWD,PTB,between_breed
BKDN170794156-1A,BKDN170796006-1A,0.785861221,CHP,PTB,between_breed
BKDN170794156-1A,BKDN170794326-1A,0.860653519,TWD,PTB,between_breed
BKDN170794156-1A,BKDN170795145-1A,0.735707613,CHP,PTB,between_breed
BKDN170794156-1A,BKDN170795578-1A,0.622122026,ZSP,PTB,between_breed
BKDN170794158-1A,BKDN170794159-1A,0.691200925,SXD,SXD,within_breed
BKDN170794158-1A,BKDN170796252-1A,0.862713136,SPD,SXD,between_breed
BKDN170794158-1A,BKDN170795742-1A,0.472341853,ZSP,SXD,between_breed
BKDN170794158-1A,BKDN170794553-1A,0.7917865,LCW,SXD,between_breed
BKDN170794158-1A,BKDN170794326-1A,0.617586676,TWD,SXD,between_breed
BKDN170794158-1A,BKDN170794228-1A,0.857904843,LCW,SXD,between_breed
BKDN170794158-1A,BKDN170796254-1A,0.798756594,SPD,SXD,between_breed
BKDN170794158-1A,BKDN170794554-1A,0.577554209,LCW,SXD,between_breed
BKDN170794158-1A,BKDN170795744-1A,0.455116204,ZSP,SXD,between_breed
BKDN170794158-1A,BKDN170794329-1A,0.635347396,TWD,SXD,between_breed
BKDN170794158-1A,BKDN170794164-1A,0.810815615,SXD,SXD,within_breed
BKDN170794158-1A,BKDN170796086-1A,0.746396786,SPD,SXD,between_breed
BKDN170794158-1A,BKDN170795574-1A,0.848013287,ZSP,SXD,between_breed
BKDN170794158-1A,BKDN170794393-1A,0.886258252,LCW,SXD,between_breed
BKDN170794158-1A,BKDN170796077-1A,0.849211963,LSD,SXD,between_breed
BKDN170794158-1A,BKDN170796006-1A,0.654930017,CHP,SXD,between_breed
BKDN170794158-1A,BKDN170796173-1A,0.840716368,CHP,SXD,between_breed
BKDN170794158-1A,BKDN170795907-1A,0.670530879,LSD,SXD,between_breed
BKDN170794158-1A,BKDN170794548-1A,0.841806829,LCW,SXD,between_breed
BKDN170794158-1A,BKDN170796413-1A,0.808268957,MWD,SXD,between_breed
BKDN170794158-1A,BKDN170794161-1A,0.786652608,SXD,SXD,within_breed
BKDN170794158-1A,BKDN170796004-1A,0.665517246,CHP,SXD,between_breed
BKDN170794158-1A,BKDN170795911-1A,0.506267404,LSD,SXD,between_breed
BKDN170794158-1A,BKDN170795743-1A,0.677679376,ZSP,SXD,between_breed
BKDN170794158-1A,BKDN170796250-1A,0.706075747,SPD,SXD,between_breed
BKDN170794158-1A,BKDN170795575-1A,0.634721724,ZSP,SXD,between_breed
BKDN170794158-1A,BKDN170794551-1A,0.884509757,LCW,SXD,between_breed
BKDN170794158-1A,BKDN170795740-1A,0.506188745,ZSP,SXD,between_breed
BKDN170794158-1A,BKDN170796417-1A,0.731847442,SPD,SXD,between_breed
BKDN170794158-1A,BKDN170796080-1A,0.526635056,LSD,SXD,between_breed
BKDN170794158-1A,BKDN170795146-1A,0.507893102,CHP,SXD,between_breed
BKDN170794158-1A,BKDN170794330-1A,0.791242484,TWD,SXD,between_breed
BKDN170794158-1A,BKDN170796422-1A,0.59377741,SPD,SXD,between_breed
BKDN170794158-1A,BKDN170795912-1A,0.700371622,LSD,SXD,between_breed
BKDN170794158-1A,BKDN170794392-1A,0.527008026,LCW,SXD,between_breed
BKDN170794158-1A,BKDN170796418-1A,0.727638834,SPD,SXD,between_breed
BKDN170794158-1A,BKDN170795572-1A,0.791967835,ZSP,SXD,between_breed
BKDN170794158-1A,BKDN170796085-1A,0.59121599,SPD,SXD,between_breed
BKDN170794158-1A,BKDN170795837-1A,0.796757599,CHP,SXD,between_breed
BKDN170794158-1A,BKDN170795739-1A,0.548396257,ZSP,SXD,between_breed
BKDN170794158-1A,BKDN170794809-1A,0.738490517,JYP,SXD,between_breed
BKDN170794158-1A,BKDN170795836-1A,0.763415697,CHP,SXD,between_breed
BKDN170794158-1A,BKDN170795147-1A,0.875172755,CHP,SXD,between_breed
BKDN170794158-1A,BKDN170795578-1A,0.40947836,ZSP,SXD,between_breed
BKDN170794158-1A,BKDN170795577-1A,0.623925613,ZSP,SXD,between_breed
BKDN170794158-1A,BKDN170795838-1A,0.815024,CHP,SXD,between_breed
BKDN170794158-1A,BKDN170794160-1A,0.675845434,SXD,SXD,within_breed
BKDN170794158-1A,BKDN170795573-1A,0.704333859,ZSP,SXD,between_breed
BKDN170794158-1A,BKDN170796419-1A,0.874945902,SPD,SXD,between_breed
BKDN170794158-1A,BKDN170794972-1A,0.731824378,JYP,SXD,between_breed
BKDN170794158-1A,BKDN170795141-1A,0.745260015,JYP,SXD,between_breed
BKDN170794158-1A,BKDN170794385-1A,0.844185233,LCW,SXD,between_breed
BKDN170794158-1A,BKDN170794387-1A,0.845427609,LCW,SXD,between_breed
BKDN170794158-1A,BKDN170796253-1A,0.613241396,SPD,SXD,between_breed
BKDN170794158-1A,BKDN170795149-1A,0.694403521,CHP,SXD,between_breed
BKDN170794158-1A,BKDN170796245-1A,0.461427997,SPD,SXD,between_breed
BKDN170794158-1A,BKDN170795145-1A,0.878235079,CHP,SXD,between_breed
BKDN170794158-1A,BKDN170795999-1A,0.508818849,CHP,SXD,between_breed
BKDN170794158-1A,BKDN170794331-1A,0.808131021,TWD,SXD,between_breed
BKDN170794158-1A,BKDN170794394-1A,0.740016148,LCW,SXD,between_breed
BKDN170794158-1A,BKDN170796251-1A,0.774173073,SPD,SXD,between_breed
BKDN170794158-1A,BKDN170796247-1A,0.595096685,SPD,SXD,between_breed
BKDN170794158-1A,BKDN170795916-1A,0.579372224,LSD,SXD,between_breed
BKDN170794158-1A,BKDN170794805-1A,0.820420962,JYP,SXD,between_breed
BKDN170794158-1A,BKDN170796421-1A,0.578392535,SPD,SXD,between_breed
BKDN170794158-1A,BKDN170795745-1A,0.529431856,ZSP,SXD,between_breed
BKDN170794158-1A,BKDN170794322-1A,0.681015364,PTB,SXD,between_breed
BKDN170794158-1A,BKDN170794806-1A,0.836791226,JYP,SXD,between_breed
BKDN170794158-1A,BKDN170795910-1A,0.891511317,LSD,SXD,between_breed
BKDN170794158-1A,BKDN170795142-1A,0.701098946,JYP,SXD,between_breed
BKDN170794158-1A,BKDN170796420-1A,0.683762221,SPD,SXD,between_breed
BKDN170794158-1A,BKDN170794327-1A,0.705922162,TWD,SXD,between_breed
BKDN170794158-1A,BKDN170796424-1A,0.605883757,SPD,SXD,between_breed
BKDN170794158-1A,BKDN170794163-1A,0.59797033,SXD,SXD,within_breed
BKDN170794158-1A,BKDN170795576-1A,0.586524852,ZSP,SXD,between_breed
BKDN170794158-1A,BKDN170794811-1A,0.669849743,JYP,SXD,between_breed
BKDN170794158-1A,BKDN170795738-1A,0.513485099,ZSP,SXD,between_breed
BKDN170794158-1A,BKDN170795140-1A,0.78536117,JYP,SXD,between_breed
BKDN170794158-1A,BKDN170794480-1A,0.874739309,PTB,SXD,between_breed
BKDN170794158-1A,BKDN170796249-1A,0.608480175,SPD,SXD,between_breed
BKDN170794158-1A,BKDN170794165-1A,0.734779913,SXD,SXD,within_breed
BKDN170794158-1A,BKDN170796000-1A,0.805390646,CHP,SXD,between_breed
BKDN170794158-1A,BKDN170795737-1A,0.696089723,ZSP,SXD,between_breed
BKDN170794159-1A,BKDN170794164-1A,0.272938943,SXD,SXD,within_breed
BKDN170794159-1A,BKDN170796004-1A,0.711507825,CHP,SXD,between_breed
BKDN170794159-1A,BKDN170796418-1A,0.72840175,SPD,SXD,between_breed
BKDN170794159-1A,BKDN170794554-1A,0.622500904,LCW,SXD,between_breed
BKDN170794159-1A,BKDN170794165-1A,0.265183169,SXD,SXD,within_breed
BKDN170794159-1A,BKDN170795147-1A,0.403056472,CHP,SXD,between_breed
BKDN170794159-1A,BKDN170794160-1A,0.256566523,SXD,SXD,within_breed
BKDN170794159-1A,BKDN170795142-1A,0.644869556,JYP,SXD,between_breed
BKDN170794159-1A,BKDN170795738-1A,0.799791384,ZSP,SXD,between_breed
BKDN170794159-1A,BKDN170795740-1A,0.800200626,ZSP,SXD,between_breed
BKDN170794159-1A,BKDN170795575-1A,0.805388399,ZSP,SXD,between_breed
BKDN170794159-1A,BKDN170795149-1A,0.618702892,CHP,SXD,between_breed
BKDN170794159-1A,BKDN170796085-1A,0.686177515,SPD,SXD,between_breed
BKDN170794159-1A,BKDN170795578-1A,0.501940039,ZSP,SXD,between_breed
BKDN170794159-1A,BKDN170795837-1A,0.490219572,CHP,SXD,between_breed
BKDN170794159-1A,BKDN170795573-1A,0.576747035,ZSP,SXD,between_breed
BKDN170794159-1A,BKDN170795838-1A,0.623869273,CHP,SXD,between_breed
BKDN170794159-1A,BKDN170794163-1A,0.353832088,SXD,SXD,within_breed
BKDN170794159-1A,BKDN170794392-1A,0.741370282,LCW,SXD,between_breed
BKDN170794159-1A,BKDN170795572-1A,0.486594092,ZSP,SXD,between_breed
BKDN170794159-1A,BKDN170795140-1A,0.352978784,JYP,SXD,between_breed
BKDN170794159-1A,BKDN170795907-1A,0.802692683,LSD,SXD,between_breed
BKDN170794159-1A,BKDN170795836-1A,0.644499511,CHP,SXD,between_breed
BKDN170794159-1A,BKDN170796245-1A,0.640719739,SPD,SXD,between_breed
BKDN170794159-1A,BKDN170795737-1A,0.806421499,ZSP,SXD,between_breed
BKDN170794159-1A,BKDN170794387-1A,0.338727243,LCW,SXD,between_breed
BKDN170794159-1A,BKDN170795141-1A,0.654750653,JYP,SXD,between_breed
BKDN170794159-1A,BKDN170796006-1A,0.644268975,CHP,SXD,between_breed
BKDN170794159-1A,BKDN170796249-1A,0.665302828,SPD,SXD,between_breed
BKDN170794159-1A,BKDN170796251-1A,0.782324741,SPD,SXD,between_breed
BKDN170794159-1A,BKDN170796254-1A,0.650094863,SPD,SXD,between_breed
BKDN170794159-1A,BKDN170796077-1A,0.416337588,LSD,SXD,between_breed
BKDN170794159-1A,BKDN170795739-1A,0.786099944,ZSP,SXD,between_breed
BKDN170794159-1A,BKDN170794331-1A,0.33008868,TWD,SXD,between_breed
BKDN170794159-1A,BKDN170796421-1A,0.640079821,SPD,SXD,between_breed
BKDN170794159-1A,BKDN170795576-1A,0.792883685,ZSP,SXD,between_breed
BKDN170794159-1A,BKDN170795745-1A,0.817075095,ZSP,SXD,between_breed
BKDN170794159-1A,BKDN170795910-1A,0.42604115,LSD,SXD,between_breed
BKDN170794159-1A,BKDN170794551-1A,0.395705219,LCW,SXD,between_breed
BKDN170794159-1A,BKDN170795744-1A,0.504717537,ZSP,SXD,between_breed
BKDN170794159-1A,BKDN170795577-1A,0.763505758,ZSP,SXD,between_breed
BKDN170794159-1A,BKDN170794809-1A,0.556125963,JYP,SXD,between_breed
BKDN170794159-1A,BKDN170796252-1A,0.503490966,SPD,SXD,between_breed
BKDN170794159-1A,BKDN170796080-1A,0.586820522,LSD,SXD,between_breed
BKDN170794159-1A,BKDN170795912-1A,0.753231694,LSD,SXD,between_breed
BKDN170794159-1A,BKDN170795574-1A,0.487317961,ZSP,SXD,between_breed
BKDN170794159-1A,BKDN170796422-1A,0.667035068,SPD,SXD,between_breed
BKDN170794159-1A,BKDN170794805-1A,0.575317144,JYP,SXD,between_breed
BKDN170794159-1A,BKDN170796424-1A,0.645792387,SPD,SXD,between_breed
BKDN170794159-1A,BKDN170795911-1A,0.775261178,LSD,SXD,between_breed
BKDN170794159-1A,BKDN170794322-1A,0.803756471,PTB,SXD,between_breed
BKDN170794159-1A,BKDN170796086-1A,0.741825922,SPD,SXD,between_breed
BKDN170794159-1A,BKDN170794394-1A,0.539593063,LCW,SXD,between_breed
BKDN170794159-1A,BKDN170795743-1A,0.592203858,ZSP,SXD,between_breed
BKDN170794159-1A,BKDN170794393-1A,0.460850044,LCW,SXD,between_breed
BKDN170794159-1A,BKDN170794811-1A,0.552128109,JYP,SXD,between_breed
BKDN170794159-1A,BKDN170794327-1A,0.690403947,TWD,SXD,between_breed
BKDN170794159-1A,BKDN170796173-1A,0.620400868,CHP,SXD,between_breed
BKDN170794159-1A,BKDN170794329-1A,0.757199832,TWD,SXD,between_breed
BKDN170794159-1A,BKDN170796253-1A,0.710197741,SPD,SXD,between_breed
BKDN170794159-1A,BKDN170796419-1A,0.546078546,SPD,SXD,between_breed
BKDN170794159-1A,BKDN170796000-1A,0.608117221,CHP,SXD,between_breed
BKDN170794159-1A,BKDN170796247-1A,0.740710054,SPD,SXD,between_breed
BKDN170794159-1A,BKDN170794553-1A,0.541261472,LCW,SXD,between_breed
BKDN170794159-1A,BKDN170794806-1A,0.636942514,JYP,SXD,between_breed
BKDN170794159-1A,BKDN170794548-1A,0.377728331,LCW,SXD,between_breed
BKDN170794159-1A,BKDN170794330-1A,0.482348938,TWD,SXD,between_breed
BKDN170794159-1A,BKDN170794228-1A,0.496541928,LCW,SXD,between_breed
BKDN170794159-1A,BKDN170796420-1A,0.804297209,SPD,SXD,between_breed
BKDN170794159-1A,BKDN170794972-1A,0.62835278,JYP,SXD,between_breed
BKDN170794159-1A,BKDN170795999-1A,0.657184092,CHP,SXD,between_breed
BKDN170794159-1A,BKDN170795145-1A,0.518598247,CHP,SXD,between_breed
BKDN170794159-1A,BKDN170795916-1A,0.639818415,LSD,SXD,between_breed
BKDN170794159-1A,BKDN170795742-1A,0.738915256,ZSP,SXD,between_breed
BKDN170794159-1A,BKDN170796250-1A,0.719164832,SPD,SXD,between_breed
BKDN170794159-1A,BKDN170794326-1A,0.806097236,TWD,SXD,between_breed
BKDN170794159-1A,BKDN170794161-1A,0.31072436,SXD,SXD,within_breed
BKDN170794159-1A,BKDN170796413-1A,0.404264702,MWD,SXD,between_breed
BKDN170794159-1A,BKDN170794385-1A,0.487022543,LCW,SXD,between_breed
BKDN170794159-1A,BKDN170794480-1A,0.34681983,PTB,SXD,between_breed
BKDN170794159-1A,BKDN170796417-1A,0.776633197,SPD,SXD,between_breed
BKDN170794159-1A,BKDN170795146-1A,0.624565126,CHP,SXD,between_breed
BKDN170794160-1A,BKDN170794228-1A,0.386220509,LCW,SXD,between_breed
BKDN170794160-1A,BKDN170795739-1A,0.780667265,ZSP,SXD,between_breed
BKDN170794160-1A,BKDN170795574-1A,0.445365713,ZSP,SXD,between_breed
BKDN170794160-1A,BKDN170795740-1A,0.787303437,ZSP,SXD,between_breed
BKDN170794160-1A,BKDN170796424-1A,0.65146629,SPD,SXD,between_breed
BKDN170794160-1A,BKDN170794480-1A,0.410850924,PTB,SXD,between_breed
BKDN170794160-1A,BKDN170794330-1A,0.384639563,TWD,SXD,between_breed
BKDN170794160-1A,BKDN170794809-1A,0.540030352,JYP,SXD,between_breed
BKDN170794160-1A,BKDN170796173-1A,0.601398978,CHP,SXD,between_breed
BKDN170794160-1A,BKDN170794322-1A,0.74888353,PTB,SXD,between_breed
BKDN170794160-1A,BKDN170794554-1A,0.620208187,LCW,SXD,between_breed
BKDN170794160-1A,BKDN170795916-1A,0.645039502,LSD,SXD,between_breed
BKDN170794160-1A,BKDN170794331-1A,0.284818043,TWD,SXD,between_breed
BKDN170794160-1A,BKDN170795911-1A,0.766166097,LSD,SXD,between_breed
BKDN170794160-1A,BKDN170796080-1A,0.538952569,LSD,SXD,between_breed
BKDN170794160-1A,BKDN170796077-1A,0.335582196,LSD,SXD,between_breed
BKDN170794160-1A,BKDN170795738-1A,0.795521138,ZSP,SXD,between_breed
BKDN170794160-1A,BKDN170796419-1A,0.488741682,SPD,SXD,between_breed
BKDN170794160-1A,BKDN170795147-1A,0.313407892,CHP,SXD,between_breed
BKDN170794160-1A,BKDN170795744-1A,0.482722558,ZSP,SXD,between_breed
BKDN170794160-1A,BKDN170796421-1A,0.650461621,SPD,SXD,between_breed
BKDN170794160-1A,BKDN170796245-1A,0.63568731,SPD,SXD,between_breed
BKDN170794160-1A,BKDN170796004-1A,0.734799392,CHP,SXD,between_breed
BKDN170794160-1A,BKDN170796418-1A,0.735013308,SPD,SXD,between_breed
BKDN170794160-1A,BKDN170796249-1A,0.659184876,SPD,SXD,between_breed
BKDN170794160-1A,BKDN170796000-1A,0.584091079,CHP,SXD,between_breed
BKDN170794160-1A,BKDN170795572-1A,0.336654031,ZSP,SXD,between_breed
BKDN170794160-1A,BKDN170795737-1A,0.762295193,ZSP,SXD,between_breed
BKDN170794160-1A,BKDN170796250-1A,0.722167424,SPD,SXD,between_breed
BKDN170794160-1A,BKDN170794385-1A,0.48017739,LCW,SXD,between_breed
BKDN170794160-1A,BKDN170796006-1A,0.551737412,CHP,SXD,between_breed
BKDN170794160-1A,BKDN170795999-1A,0.631483934,CHP,SXD,between_breed
BKDN170794160-1A,BKDN170796247-1A,0.746076979,SPD,SXD,between_breed
BKDN170794160-1A,BKDN170794161-1A,0.320246834,SXD,SXD,within_breed
BKDN170794160-1A,BKDN170796251-1A,0.772189482,SPD,SXD,between_breed
BKDN170794160-1A,BKDN170795745-1A,0.809857503,ZSP,SXD,between_breed
BKDN170794160-1A,BKDN170795742-1A,0.734417128,ZSP,SXD,between_breed
BKDN170794160-1A,BKDN170795578-1A,0.52341377,ZSP,SXD,between_breed
BKDN170794160-1A,BKDN170796413-1A,0.338931875,MWD,SXD,between_breed
BKDN170794160-1A,BKDN170794327-1A,0.662312073,TWD,SXD,between_breed
BKDN170794160-1A,BKDN170795743-1A,0.553183179,ZSP,SXD,between_breed
BKDN170794160-1A,BKDN170794811-1A,0.53433077,JYP,SXD,between_breed
BKDN170794160-1A,BKDN170796086-1A,0.691762513,SPD,SXD,between_breed
BKDN170794160-1A,BKDN170794387-1A,0.297668223,LCW,SXD,between_breed
BKDN170794160-1A,BKDN170796254-1A,0.629615631,SPD,SXD,between_breed
BKDN170794160-1A,BKDN170795575-1A,0.794687922,ZSP,SXD,between_breed
BKDN170794160-1A,BKDN170794394-1A,0.543837938,LCW,SXD,between_breed
BKDN170794160-1A,BKDN170794165-1A,0.24640305,SXD,SXD,within_breed
BKDN170794160-1A,BKDN170795838-1A,0.603787784,CHP,SXD,between_breed
BKDN170794160-1A,BKDN170794805-1A,0.545047529,JYP,SXD,between_breed
BKDN170794160-1A,BKDN170794806-1A,0.609197841,JYP,SXD,between_breed
BKDN170794160-1A,BKDN170794329-1A,0.788918145,TWD,SXD,between_breed
BKDN170794160-1A,BKDN170795149-1A,0.520596569,CHP,SXD,between_breed
BKDN170794160-1A,BKDN170794163-1A,0.418927077,SXD,SXD,within_breed
BKDN170794160-1A,BKDN170794553-1A,0.542262256,LCW,SXD,between_breed
BKDN170794160-1A,BKDN170795141-1A,0.611740951,JYP,SXD,between_breed
BKDN170794160-1A,BKDN170796252-1A,0.430578457,SPD,SXD,between_breed
BKDN170794160-1A,BKDN170794972-1A,0.606099961,JYP,SXD,between_breed
BKDN170794160-1A,BKDN170796085-1A,0.672725048,SPD,SXD,between_breed
BKDN170794160-1A,BKDN170795912-1A,0.733189074,LSD,SXD,between_breed
BKDN170794160-1A,BKDN170796420-1A,0.786775438,SPD,SXD,between_breed
BKDN170794160-1A,BKDN170794164-1A,0.231509515,SXD,SXD,within_breed
BKDN170794160-1A,BKDN170795910-1A,0.384007129,LSD,SXD,between_breed
BKDN170794160-1A,BKDN170794393-1A,0.437478933,LCW,SXD,between_breed
BKDN170794160-1A,BKDN170794392-1A,0.760414831,LCW,SXD,between_breed
BKDN170794160-1A,BKDN170795576-1A,0.787177185,ZSP,SXD,between_breed
BKDN170794160-1A,BKDN170795145-1A,0.48939177,CHP,SXD,between_breed
BKDN170794160-1A,BKDN170795836-1A,0.607408536,CHP,SXD,between_breed
BKDN170794160-1A,BKDN170796422-1A,0.660955471,SPD,SXD,between_breed
BKDN170794160-1A,BKDN170795577-1A,0.764635327,ZSP,SXD,between_breed
BKDN170794160-1A,BKDN170794548-1A,0.294683224,LCW,SXD,between_breed
BKDN170794160-1A,BKDN170796253-1A,0.722619478,SPD,SXD,between_breed
BKDN170794160-1A,BKDN170795573-1A,0.543114314,ZSP,SXD,between_breed
BKDN170794160-1A,BKDN170794326-1A,0.791106498,TWD,SXD,between_breed
BKDN170794160-1A,BKDN170796417-1A,0.775827264,SPD,SXD,between_breed
BKDN170794160-1A,BKDN170795837-1A,0.473794154,CHP,SXD,between_breed
BKDN170794160-1A,BKDN170794551-1A,0.398108709,LCW,SXD,between_breed
BKDN170794160-1A,BKDN170795146-1A,0.60157286,CHP,SXD,between_breed
BKDN170794160-1A,BKDN170795907-1A,0.79582532,LSD,SXD,between_breed
BKDN170794160-1A,BKDN170795140-1A,0.313835501,JYP,SXD,between_breed
BKDN170794160-1A,BKDN170795142-1A,0.573345354,JYP,SXD,between_breed
BKDN170794161-1A,BKDN170796418-1A,0.786037048,SPD,SXD,between_breed
BKDN170794161-1A,BKDN170795742-1A,0.802127976,ZSP,SXD,between_breed
BKDN170794161-1A,BKDN170794553-1A,0.505038644,LCW,SXD,between_breed
BKDN170794161-1A,BKDN170794393-1A,0.265491969,LCW,SXD,between_breed
BKDN170794161-1A,BKDN170794165-1A,0.125106142,SXD,SXD,within_breed
BKDN170794161-1A,BKDN170795576-1A,0.85467221,ZSP,SXD,between_breed
BKDN170794161-1A,BKDN170796249-1A,0.72538341,SPD,SXD,between_breed
BKDN170794161-1A,BKDN170796421-1A,0.719158852,SPD,SXD,between_breed
BKDN170794161-1A,BKDN170795838-1A,0.68009345,CHP,SXD,between_breed
BKDN170794161-1A,BKDN170795743-1A,0.599386628,ZSP,SXD,between_breed
BKDN170794161-1A,BKDN170794809-1A,0.611213252,JYP,SXD,between_breed
BKDN170794161-1A,BKDN170794329-1A,0.829392174,TWD,SXD,between_breed
BKDN170794161-1A,BKDN170795572-1A,0.372214468,ZSP,SXD,between_breed
BKDN170794161-1A,BKDN170795740-1A,0.850027241,ZSP,SXD,between_breed
BKDN170794161-1A,BKDN170795141-1A,0.71529307,JYP,SXD,between_breed
BKDN170794161-1A,BKDN170796253-1A,0.782023655,SPD,SXD,between_breed
BKDN170794161-1A,BKDN170796250-1A,0.793153778,SPD,SXD,between_breed
BKDN170794161-1A,BKDN170794392-1A,0.79664834,LCW,SXD,between_breed
BKDN170794161-1A,BKDN170795836-1A,0.694909697,CHP,SXD,between_breed
BKDN170794161-1A,BKDN170794385-1A,0.309802633,LCW,SXD,between_breed
BKDN170794161-1A,BKDN170796254-1A,0.516829008,SPD,SXD,between_breed
BKDN170794161-1A,BKDN170795149-1A,0.687389093,CHP,SXD,between_breed
BKDN170794161-1A,BKDN170794331-1A,0.328446384,TWD,SXD,between_breed
BKDN170794161-1A,BKDN170796006-1A,0.696806277,CHP,SXD,between_breed
BKDN170794161-1A,BKDN170794806-1A,0.687352179,JYP,SXD,between_breed
BKDN170794161-1A,BKDN170794327-1A,0.738148135,TWD,SXD,between_breed
BKDN170794161-1A,BKDN170795575-1A,0.868777355,ZSP,SXD,between_breed
BKDN170794161-1A,BKDN170794163-1A,0.482730107,SXD,SXD,within_breed
BKDN170794161-1A,BKDN170795837-1A,0.258588358,CHP,SXD,between_breed
BKDN170794161-1A,BKDN170795744-1A,0.584924531,ZSP,SXD,between_breed
BKDN170794161-1A,BKDN170796245-1A,0.726001464,SPD,SXD,between_breed
BKDN170794161-1A,BKDN170795745-1A,0.864547899,ZSP,SXD,between_breed
BKDN170794161-1A,BKDN170794387-1A,0.358998925,LCW,SXD,between_breed
BKDN170794161-1A,BKDN170796085-1A,0.767293939,SPD,SXD,between_breed
BKDN170794161-1A,BKDN170796417-1A,0.838489867,SPD,SXD,between_breed
BKDN170794161-1A,BKDN170794805-1A,0.633639814,JYP,SXD,between_breed
BKDN170794161-1A,BKDN170794480-1A,0.202819144,PTB,SXD,between_breed
BKDN170794161-1A,BKDN170795911-1A,0.841145552,LSD,SXD,between_breed
BKDN170794161-1A,BKDN170795738-1A,0.864665605,ZSP,SXD,between_breed
BKDN170794161-1A,BKDN170794164-1A,0.312351226,SXD,SXD,within_breed
BKDN170794161-1A,BKDN170795916-1A,0.706681934,LSD,SXD,between_breed
BKDN170794161-1A,BKDN170794554-1A,0.653323993,LCW,SXD,between_breed
BKDN170794161-1A,BKDN170795912-1A,0.817211608,LSD,SXD,between_breed
BKDN170794161-1A,BKDN170795146-1A,0.679450343,CHP,SXD,between_breed
BKDN170794161-1A,BKDN170795910-1A,0.189547945,LSD,SXD,between_breed
BKDN170794161-1A,BKDN170795999-1A,0.66478697,CHP,SXD,between_breed
BKDN170794161-1A,BKDN170796420-1A,0.85484602,SPD,SXD,between_breed
BKDN170794161-1A,BKDN170794811-1A,0.608472722,JYP,SXD,between_breed
BKDN170794161-1A,BKDN170794322-1A,0.732094195,PTB,SXD,between_breed
BKDN170794161-1A,BKDN170796080-1A,0.494120838,LSD,SXD,between_breed
BKDN170794161-1A,BKDN170795739-1A,0.839613768,ZSP,SXD,between_breed
BKDN170794161-1A,BKDN170795907-1A,0.861234112,LSD,SXD,between_breed
BKDN170794161-1A,BKDN170794228-1A,0.37699703,LCW,SXD,between_breed
BKDN170794161-1A,BKDN170796252-1A,0.359901251,SPD,SXD,between_breed
BKDN170794161-1A,BKDN170796000-1A,0.654655426,CHP,SXD,between_breed
BKDN170794161-1A,BKDN170794551-1A,0.185121335,LCW,SXD,between_breed
BKDN170794161-1A,BKDN170794548-1A,0.274633719,LCW,SXD,between_breed
BKDN170794161-1A,BKDN170796413-1A,0.29044181,MWD,SXD,between_breed
BKDN170794161-1A,BKDN170795737-1A,0.860891689,ZSP,SXD,between_breed
BKDN170794161-1A,BKDN170795577-1A,0.833114672,ZSP,SXD,between_breed
BKDN170794161-1A,BKDN170796004-1A,0.772909056,CHP,SXD,between_breed
BKDN170794161-1A,BKDN170795145-1A,0.297309208,CHP,SXD,between_breed
BKDN170794161-1A,BKDN170795140-1A,0.401910189,JYP,SXD,between_breed
BKDN170794161-1A,BKDN170794326-1A,0.870585418,TWD,SXD,between_breed
BKDN170794161-1A,BKDN170796077-1A,0.271562016,LSD,SXD,between_breed
BKDN170794161-1A,BKDN170794330-1A,0.491004806,TWD,SXD,between_breed
BKDN170794161-1A,BKDN170796424-1A,0.725736999,SPD,SXD,between_breed
BKDN170794161-1A,BKDN170794394-1A,0.520472547,LCW,SXD,between_breed
BKDN170794161-1A,BKDN170795573-1A,0.456808926,ZSP,SXD,between_breed
BKDN170794161-1A,BKDN170796086-1A,0.728176676,SPD,SXD,between_breed
BKDN170794161-1A,BKDN170794972-1A,0.69904288,JYP,SXD,between_breed
BKDN170794161-1A,BKDN170795578-1A,0.624930572,ZSP,SXD,between_breed
BKDN170794161-1A,BKDN170796251-1A,0.848545438,SPD,SXD,between_breed
BKDN170794161-1A,BKDN170796247-1A,0.810750155,SPD,SXD,between_breed
BKDN170794161-1A,BKDN170795142-1A,0.697669718,JYP,SXD,between_breed
BKDN170794161-1A,BKDN170795147-1A,0.328315142,CHP,SXD,between_breed
BKDN170794161-1A,BKDN170796173-1A,0.669569826,CHP,SXD,between_breed
BKDN170794161-1A,BKDN170796419-1A,0.422227512,SPD,SXD,between_breed
BKDN170794161-1A,BKDN170796422-1A,0.77404636,SPD,SXD,between_breed
BKDN170794161-1A,BKDN170795574-1A,0.261699982,ZSP,SXD,between_breed
BKDN170794163-1A,BKDN170795999-1A,0.557773004,CHP,SXD,between_breed
BKDN170794163-1A,BKDN170794392-1A,0.672619073,LCW,SXD,between_breed
BKDN170794163-1A,BKDN170795836-1A,0.714685143,CHP,SXD,between_breed
BKDN170794163-1A,BKDN170794330-1A,0.587065134,TWD,SXD,between_breed
BKDN170794163-1A,BKDN170796249-1A,0.512941981,SPD,SXD,between_breed
BKDN170794163-1A,BKDN170796417-1A,0.676070558,SPD,SXD,between_breed
BKDN170794163-1A,BKDN170795574-1A,0.579976289,ZSP,SXD,between_breed
BKDN170794163-1A,BKDN170795743-1A,0.508764449,ZSP,SXD,between_breed
BKDN170794163-1A,BKDN170794972-1A,0.698566261,JYP,SXD,between_breed
BKDN170794163-1A,BKDN170796006-1A,0.688034026,CHP,SXD,between_breed
BKDN170794163-1A,BKDN170796421-1A,0.477672446,SPD,SXD,between_breed
BKDN170794163-1A,BKDN170795572-1A,0.587317982,ZSP,SXD,between_breed
BKDN170794163-1A,BKDN170795147-1A,0.622018969,CHP,SXD,between_breed
BKDN170794163-1A,BKDN170795141-1A,0.689197663,JYP,SXD,between_breed
BKDN170794163-1A,BKDN170796086-1A,0.666602838,SPD,SXD,between_breed
BKDN170794163-1A,BKDN170796247-1A,0.612459605,SPD,SXD,between_breed
BKDN170794163-1A,BKDN170795149-1A,0.661597212,CHP,SXD,between_breed
BKDN170794163-1A,BKDN170796413-1A,0.538445171,MWD,SXD,between_breed
BKDN170794163-1A,BKDN170796418-1A,0.616454134,SPD,SXD,between_breed
BKDN170794163-1A,BKDN170796420-1A,0.745060185,SPD,SXD,between_breed
BKDN170794163-1A,BKDN170795907-1A,0.675980425,LSD,SXD,between_breed
BKDN170794163-1A,BKDN170795577-1A,0.647823803,ZSP,SXD,between_breed
BKDN170794163-1A,BKDN170795573-1A,0.564527816,ZSP,SXD,between_breed
BKDN170794163-1A,BKDN170794805-1A,0.662557594,JYP,SXD,between_breed
BKDN170794163-1A,BKDN170794329-1A,0.692150994,TWD,SXD,between_breed
BKDN170794163-1A,BKDN170796085-1A,0.586368736,SPD,SXD,between_breed
BKDN170794163-1A,BKDN170795744-1A,0.423206214,ZSP,SXD,between_breed
BKDN170794163-1A,BKDN170795745-1A,0.692904381,ZSP,SXD,between_breed
BKDN170794163-1A,BKDN170796424-1A,0.475725503,SPD,SXD,between_breed
BKDN170794163-1A,BKDN170796253-1A,0.666001566,SPD,SXD,between_breed
BKDN170794163-1A,BKDN170795740-1A,0.67866707,ZSP,SXD,between_breed
BKDN170794163-1A,BKDN170794326-1A,0.761366417,TWD,SXD,between_breed
BKDN170794163-1A,BKDN170795142-1A,0.712504982,JYP,SXD,between_breed
BKDN170794163-1A,BKDN170795742-1A,0.626990719,ZSP,SXD,between_breed
BKDN170794163-1A,BKDN170795576-1A,0.688146213,ZSP,SXD,between_breed
BKDN170794163-1A,BKDN170795916-1A,0.47857017,LSD,SXD,between_breed
BKDN170794163-1A,BKDN170794165-1A,0.424230907,SXD,SXD,within_breed
BKDN170794163-1A,BKDN170794331-1A,0.514966857,TWD,SXD,between_breed
BKDN170794163-1A,BKDN170794322-1A,0.666650087,PTB,SXD,between_breed
BKDN170794163-1A,BKDN170794811-1A,0.60334061,JYP,SXD,between_breed
BKDN170794163-1A,BKDN170794480-1A,0.576886037,PTB,SXD,between_breed
BKDN170794163-1A,BKDN170795739-1A,0.652355483,ZSP,SXD,between_breed
BKDN170794163-1A,BKDN170794806-1A,0.717841847,JYP,SXD,between_breed
BKDN170794163-1A,BKDN170795578-1A,0.379268347,ZSP,SXD,between_breed
BKDN170794163-1A,BKDN170795912-1A,0.715318262,LSD,SXD,between_breed
BKDN170794163-1A,BKDN170795738-1A,0.647506448,ZSP,SXD,between_breed
BKDN170794163-1A,BKDN170796077-1A,0.567144302,LSD,SXD,between_breed
BKDN170794163-1A,BKDN170796173-1A,0.715432677,CHP,SXD,between_breed
BKDN170794163-1A,BKDN170794327-1A,0.668085818,TWD,SXD,between_breed
BKDN170794163-1A,BKDN170794554-1A,0.620817335,LCW,SXD,between_breed
BKDN170794163-1A,BKDN170795140-1A,0.523516139,JYP,SXD,between_breed
BKDN170794163-1A,BKDN170796252-1A,0.635377423,SPD,SXD,between_breed
BKDN170794163-1A,BKDN170795838-1A,0.709406891,CHP,SXD,between_breed
BKDN170794163-1A,BKDN170796004-1A,0.621649658,CHP,SXD,between_breed
BKDN170794163-1A,BKDN170795911-1A,0.619887776,LSD,SXD,between_breed
BKDN170794163-1A,BKDN170795910-1A,0.61467967,LSD,SXD,between_breed
BKDN170794163-1A,BKDN170794393-1A,0.603649582,LCW,SXD,between_breed
BKDN170794163-1A,BKDN170795837-1A,0.537247322,CHP,SXD,between_breed
BKDN170794163-1A,BKDN170795145-1A,0.622442854,CHP,SXD,between_breed
BKDN170794163-1A,BKDN170794228-1A,0.602138177,LCW,SXD,between_breed
BKDN170794163-1A,BKDN170794551-1A,0.575637038,LCW,SXD,between_breed
BKDN170794163-1A,BKDN170796250-1A,0.573029703,SPD,SXD,between_breed
BKDN170794163-1A,BKDN170796419-1A,0.673850109,SPD,SXD,between_breed
BKDN170794163-1A,BKDN170796245-1A,0.511597013,SPD,SXD,between_breed
BKDN170794163-1A,BKDN170794394-1A,0.458265897,LCW,SXD,between_breed
BKDN170794163-1A,BKDN170796080-1A,0.507020805,LSD,SXD,between_breed
BKDN170794163-1A,BKDN170794385-1A,0.543198573,LCW,SXD,between_breed
BKDN170794163-1A,BKDN170795575-1A,0.714549394,ZSP,SXD,between_breed
BKDN170794163-1A,BKDN170796000-1A,0.679958341,CHP,SXD,between_breed
BKDN170794163-1A,BKDN170794553-1A,0.505038022,LCW,SXD,between_breed
BKDN170794163-1A,BKDN170795146-1A,0.566897251,CHP,SXD,between_breed
BKDN170794163-1A,BKDN170796422-1A,0.582448305,SPD,SXD,between_breed
BKDN170794163-1A,BKDN170794809-1A,0.617994842,JYP,SXD,between_breed
BKDN170794163-1A,BKDN170796254-1A,0.686882874,SPD,SXD,between_breed
BKDN170794163-1A,BKDN170795737-1A,0.707013348,ZSP,SXD,between_breed
BKDN170794163-1A,BKDN170794387-1A,0.554792078,LCW,SXD,between_breed
BKDN170794163-1A,BKDN170794548-1A,0.543495629,LCW,SXD,between_breed
BKDN170794163-1A,BKDN170796251-1A,0.677913672,SPD,SXD,between_breed
BKDN170794163-1A,BKDN170794164-1A,0.486278133,SXD,SXD,within_breed
BKDN170794164-1A,BKDN170796173-1A,0.559391996,CHP,SXD,between_breed
BKDN170794164-1A,BKDN170796418-1A,0.779224589,SPD,SXD,between_breed
BKDN170794164-1A,BKDN170796254-1A,0.617318459,SPD,SXD,between_breed
BKDN170794164-1A,BKDN170794385-1A,0.431132144,LCW,SXD,between_breed
BKDN170794164-1A,BKDN170796249-1A,0.702760207,SPD,SXD,between_breed
BKDN170794164-1A,BKDN170795573-1A,0.542045499,ZSP,SXD,between_breed
BKDN170794164-1A,BKDN170795907-1A,0.835329434,LSD,SXD,between_breed
BKDN170794164-1A,BKDN170795743-1A,0.60378332,ZSP,SXD,between_breed
BKDN170794164-1A,BKDN170796004-1A,0.773247459,CHP,SXD,between_breed
BKDN170794164-1A,BKDN170796417-1A,0.818189047,SPD,SXD,between_breed
BKDN170794164-1A,BKDN170794809-1A,0.51534499,JYP,SXD,between_breed
BKDN170794164-1A,BKDN170795149-1A,0.539497877,CHP,SXD,between_breed
BKDN170794164-1A,BKDN170794322-1A,0.772934845,PTB,SXD,between_breed
BKDN170794164-1A,BKDN170795575-1A,0.835019724,ZSP,SXD,between_breed
BKDN170794164-1A,BKDN170795838-1A,0.564422541,CHP,SXD,between_breed
BKDN170794164-1A,BKDN170795916-1A,0.70182917,LSD,SXD,between_breed
BKDN170794164-1A,BKDN170794329-1A,0.810956845,TWD,SXD,between_breed
BKDN170794164-1A,BKDN170796421-1A,0.699941966,SPD,SXD,between_breed
BKDN170794164-1A,BKDN170794553-1A,0.504754587,LCW,SXD,between_breed
BKDN170794164-1A,BKDN170794393-1A,0.376556716,LCW,SXD,between_breed
BKDN170794164-1A,BKDN170794165-1A,0.263962884,SXD,SXD,within_breed
BKDN170794164-1A,BKDN170796006-1A,0.55948755,CHP,SXD,between_breed
BKDN170794164-1A,BKDN170794551-1A,0.316160531,LCW,SXD,between_breed
BKDN170794164-1A,BKDN170795140-1A,0.261389389,JYP,SXD,between_breed
BKDN170794164-1A,BKDN170795837-1A,0.437136589,CHP,SXD,between_breed
BKDN170794164-1A,BKDN170796250-1A,0.772011635,SPD,SXD,between_breed
BKDN170794164-1A,BKDN170795147-1A,0.252338849,CHP,SXD,between_breed
BKDN170794164-1A,BKDN170795836-1A,0.576582234,CHP,SXD,between_breed
BKDN170794164-1A,BKDN170795572-1A,0.356231887,ZSP,SXD,between_breed
BKDN170794164-1A,BKDN170794387-1A,0.178186277,LCW,SXD,between_breed
BKDN170794164-1A,BKDN170795576-1A,0.834446502,ZSP,SXD,between_breed
BKDN170794164-1A,BKDN170796245-1A,0.734166964,SPD,SXD,between_breed
BKDN170794164-1A,BKDN170795744-1A,0.584277389,ZSP,SXD,between_breed
BKDN170794164-1A,BKDN170794228-1A,0.317956249,LCW,SXD,between_breed
BKDN170794164-1A,BKDN170796080-1A,0.55797179,LSD,SXD,between_breed
BKDN170794164-1A,BKDN170794811-1A,0.501031947,JYP,SXD,between_breed
BKDN170794164-1A,BKDN170794548-1A,0.250418541,LCW,SXD,between_breed
BKDN170794164-1A,BKDN170794806-1A,0.572591937,JYP,SXD,between_breed
BKDN170794164-1A,BKDN170796253-1A,0.750516527,SPD,SXD,between_breed
BKDN170794164-1A,BKDN170794326-1A,0.813603271,TWD,SXD,between_breed
BKDN170794164-1A,BKDN170795740-1A,0.836269554,ZSP,SXD,between_breed
BKDN170794164-1A,BKDN170794554-1A,0.618283778,LCW,SXD,between_breed
BKDN170794164-1A,BKDN170796252-1A,0.424642918,SPD,SXD,between_breed
BKDN170794164-1A,BKDN170794480-1A,0.304674592,PTB,SXD,between_breed
BKDN170794164-1A,BKDN170795142-1A,0.563809999,JYP,SXD,between_breed
BKDN170794164-1A,BKDN170795739-1A,0.823504093,ZSP,SXD,between_breed
BKDN170794164-1A,BKDN170796413-1A,0.301840605,MWD,SXD,between_breed
BKDN170794164-1A,BKDN170795141-1A,0.603452017,JYP,SXD,between_breed
BKDN170794164-1A,BKDN170795912-1A,0.775253318,LSD,SXD,between_breed
BKDN170794164-1A,BKDN170795145-1A,0.462388673,CHP,SXD,between_breed
BKDN170794164-1A,BKDN170794392-1A,0.777713854,LCW,SXD,between_breed
BKDN170794164-1A,BKDN170795742-1A,0.784873171,ZSP,SXD,between_breed
BKDN170794164-1A,BKDN170795911-1A,0.818895802,LSD,SXD,between_breed
BKDN170794164-1A,BKDN170795737-1A,0.810785745,ZSP,SXD,between_breed
BKDN170794164-1A,BKDN170796247-1A,0.802638012,SPD,SXD,between_breed
BKDN170794164-1A,BKDN170796420-1A,0.823953602,SPD,SXD,between_breed
BKDN170794164-1A,BKDN170794327-1A,0.684782691,TWD,SXD,between_breed
BKDN170794164-1A,BKDN170795738-1A,0.84240777,ZSP,SXD,between_breed
BKDN170794164-1A,BKDN170796251-1A,0.814057228,SPD,SXD,between_breed
BKDN170794164-1A,BKDN170795999-1A,0.647491907,CHP,SXD,between_breed
BKDN170794164-1A,BKDN170794394-1A,0.49535042,LCW,SXD,between_breed
BKDN170794164-1A,BKDN170796424-1A,0.703338673,SPD,SXD,between_breed
BKDN170794164-1A,BKDN170796077-1A,0.327760656,LSD,SXD,between_breed
BKDN170794164-1A,BKDN170794805-1A,0.503271275,JYP,SXD,between_breed
BKDN170794164-1A,BKDN170794972-1A,0.58792509,JYP,SXD,between_breed
BKDN170794164-1A,BKDN170795910-1A,0.336593691,LSD,SXD,between_breed
BKDN170794164-1A,BKDN170794330-1A,0.36677572,TWD,SXD,between_breed
BKDN170794164-1A,BKDN170795146-1A,0.644601156,CHP,SXD,between_breed
BKDN170794164-1A,BKDN170795577-1A,0.808021384,ZSP,SXD,between_breed
BKDN170794164-1A,BKDN170796000-1A,0.540305948,CHP,SXD,between_breed
BKDN170794164-1A,BKDN170795578-1A,0.649687312,ZSP,SXD,between_breed
BKDN170794164-1A,BKDN170796419-1A,0.453383635,SPD,SXD,between_breed
BKDN170794164-1A,BKDN170795574-1A,0.398025665,ZSP,SXD,between_breed
BKDN170794164-1A,BKDN170796086-1A,0.712589135,SPD,SXD,between_breed
BKDN170794164-1A,BKDN170796422-1A,0.779777355,SPD,SXD,between_breed
BKDN170794164-1A,BKDN170796085-1A,0.745294312,SPD,SXD,between_breed
BKDN170794164-1A,BKDN170795745-1A,0.855664784,ZSP,SXD,between_breed
BKDN170794164-1A,BKDN170794331-1A,0.232907855,TWD,SXD,between_breed
BKDN170794165-1A,BKDN170796173-1A,0.6539487,CHP,SXD,between_breed
BKDN170794165-1A,BKDN170794972-1A,0.677110246,JYP,SXD,between_breed
BKDN170794165-1A,BKDN170794326-1A,0.843133436,TWD,SXD,between_breed
BKDN170794165-1A,BKDN170795147-1A,0.308075261,CHP,SXD,between_breed
BKDN170794165-1A,BKDN170796004-1A,0.745542092,CHP,SXD,between_breed
BKDN170794165-1A,BKDN170794385-1A,0.339230208,LCW,SXD,between_breed
BKDN170794165-1A,BKDN170794806-1A,0.667275762,JYP,SXD,between_breed
BKDN170794165-1A,BKDN170796249-1A,0.688139693,SPD,SXD,between_breed
BKDN170794165-1A,BKDN170796247-1A,0.772027179,SPD,SXD,between_breed
BKDN170794165-1A,BKDN170794809-1A,0.598295023,JYP,SXD,between_breed
BKDN170794165-1A,BKDN170795745-1A,0.836330535,ZSP,SXD,between_breed
BKDN170794165-1A,BKDN170796251-1A,0.805131806,SPD,SXD,between_breed
BKDN170794165-1A,BKDN170795575-1A,0.827044166,ZSP,SXD,between_breed
BKDN170794165-1A,BKDN170796080-1A,0.467288605,LSD,SXD,between_breed
BKDN170794165-1A,BKDN170794551-1A,0.226788226,LCW,SXD,between_breed
BKDN170794165-1A,BKDN170794393-1A,0.314300528,LCW,SXD,between_breed
BKDN170794165-1A,BKDN170796420-1A,0.828822004,SPD,SXD,between_breed
BKDN170794165-1A,BKDN170796421-1A,0.676267557,SPD,SXD,between_breed
BKDN170794165-1A,BKDN170794228-1A,0.366200911,LCW,SXD,between_breed
BKDN170794165-1A,BKDN170794554-1A,0.633581946,LCW,SXD,between_breed
BKDN170794165-1A,BKDN170795576-1A,0.819040147,ZSP,SXD,between_breed
BKDN170794165-1A,BKDN170795911-1A,0.801903465,LSD,SXD,between_breed
BKDN170794165-1A,BKDN170795141-1A,0.685866649,JYP,SXD,between_breed
BKDN170794165-1A,BKDN170794322-1A,0.694990739,PTB,SXD,between_breed
BKDN170794165-1A,BKDN170795837-1A,0.307129552,CHP,SXD,between_breed
BKDN170794165-1A,BKDN170795912-1A,0.778996831,LSD,SXD,between_breed
BKDN170794165-1A,BKDN170795149-1A,0.649601638,CHP,SXD,between_breed
BKDN170794165-1A,BKDN170794329-1A,0.80506495,TWD,SXD,between_breed
BKDN170794165-1A,BKDN170795916-1A,0.668395434,LSD,SXD,between_breed
BKDN170794165-1A,BKDN170794548-1A,0.22807811,LCW,SXD,between_breed
BKDN170794165-1A,BKDN170795738-1A,0.825428373,ZSP,SXD,between_breed
BKDN170794165-1A,BKDN170796413-1A,0.274406423,MWD,SXD,between_breed
BKDN170794165-1A,BKDN170794327-1A,0.718992617,TWD,SXD,between_breed
BKDN170794165-1A,BKDN170795146-1A,0.64147374,CHP,SXD,between_breed
BKDN170794165-1A,BKDN170794553-1A,0.474853156,LCW,SXD,between_breed
BKDN170794165-1A,BKDN170794394-1A,0.499660067,LCW,SXD,between_breed
BKDN170794165-1A,BKDN170795910-1A,0.248366054,LSD,SXD,between_breed
BKDN170794165-1A,BKDN170794330-1A,0.470831991,TWD,SXD,between_breed
BKDN170794165-1A,BKDN170795907-1A,0.820641058,LSD,SXD,between_breed
BKDN170794165-1A,BKDN170795572-1A,0.340049382,ZSP,SXD,between_breed
BKDN170794165-1A,BKDN170794331-1A,0.300638275,TWD,SXD,between_breed
BKDN170794165-1A,BKDN170796418-1A,0.749350566,SPD,SXD,between_breed
BKDN170794165-1A,BKDN170795578-1A,0.556558812,ZSP,SXD,between_breed
BKDN170794165-1A,BKDN170795999-1A,0.632889678,CHP,SXD,between_breed
BKDN170794165-1A,BKDN170794392-1A,0.769144227,LCW,SXD,between_breed
BKDN170794165-1A,BKDN170796000-1A,0.636324422,CHP,SXD,between_breed
BKDN170794165-1A,BKDN170796254-1A,0.540411108,SPD,SXD,between_breed
BKDN170794165-1A,BKDN170795838-1A,0.659900533,CHP,SXD,between_breed
BKDN170794165-1A,BKDN170795740-1A,0.815998289,ZSP,SXD,between_breed
BKDN170794165-1A,BKDN170796245-1A,0.674491118,SPD,SXD,between_breed
BKDN170794165-1A,BKDN170796422-1A,0.713776047,SPD,SXD,between_breed
BKDN170794165-1A,BKDN170794387-1A,0.331188254,LCW,SXD,between_breed
BKDN170794165-1A,BKDN170796419-1A,0.437405124,SPD,SXD,between_breed
BKDN170794165-1A,BKDN170794480-1A,0.236864249,PTB,SXD,between_breed
BKDN170794165-1A,BKDN170795836-1A,0.669268655,CHP,SXD,between_breed
BKDN170794165-1A,BKDN170796085-1A,0.714813885,SPD,SXD,between_breed
BKDN170794165-1A,BKDN170795742-1A,0.766097319,ZSP,SXD,between_breed
BKDN170794165-1A,BKDN170795577-1A,0.78523971,ZSP,SXD,between_breed
BKDN170794165-1A,BKDN170795142-1A,0.681158242,JYP,SXD,between_breed
BKDN170794165-1A,BKDN170794805-1A,0.609142233,JYP,SXD,between_breed
BKDN170794165-1A,BKDN170795574-1A,0.313897734,ZSP,SXD,between_breed
BKDN170794165-1A,BKDN170796253-1A,0.749847972,SPD,SXD,between_breed
BKDN170794165-1A,BKDN170796077-1A,0.266558047,LSD,SXD,between_breed
BKDN170794165-1A,BKDN170796086-1A,0.698712456,SPD,SXD,between_breed
BKDN170794165-1A,BKDN170796252-1A,0.369165394,SPD,SXD,between_breed
BKDN170794165-1A,BKDN170795145-1A,0.343352411,CHP,SXD,between_breed
BKDN170794165-1A,BKDN170796424-1A,0.68287135,SPD,SXD,between_breed
BKDN170794165-1A,BKDN170795739-1A,0.805825272,ZSP,SXD,between_breed
BKDN170794165-1A,BKDN170796250-1A,0.751637419,SPD,SXD,between_breed
BKDN170794165-1A,BKDN170795743-1A,0.564362567,ZSP,SXD,between_breed
BKDN170794165-1A,BKDN170795140-1A,0.384625495,JYP,SXD,between_breed
BKDN170794165-1A,BKDN170795744-1A,0.527091539,ZSP,SXD,between_breed
BKDN170794165-1A,BKDN170795573-1A,0.428275772,ZSP,SXD,between_breed
BKDN170794165-1A,BKDN170794811-1A,0.581716893,JYP,SXD,between_breed
BKDN170794165-1A,BKDN170795737-1A,0.82347133,ZSP,SXD,between_breed
BKDN170794165-1A,BKDN170796006-1A,0.667325995,CHP,SXD,between_breed
BKDN170794165-1A,BKDN170796417-1A,0.799725308,SPD,SXD,between_breed
BKDN170794228-1A,BKDN170794805-1A,0.492430211,JYP,LCW,between_breed
BKDN170794228-1A,BKDN170795576-1A,0.772622428,ZSP,LCW,between_breed
BKDN170794228-1A,BKDN170794553-1A,0.456760636,LCW,LCW,within_breed
BKDN170794228-1A,BKDN170794480-1A,0.335149314,PTB,LCW,between_breed
BKDN170794228-1A,BKDN170794548-1A,0.210216196,LCW,LCW,within_breed
BKDN170794228-1A,BKDN170794551-1A,0.286021081,LCW,LCW,within_breed
BKDN170794228-1A,BKDN170795911-1A,0.752936653,LSD,LCW,between_breed
BKDN170794228-1A,BKDN170795737-1A,0.754618373,ZSP,LCW,between_breed
BKDN170794228-1A,BKDN170795999-1A,0.638453225,CHP,LCW,between_breed
BKDN170794228-1A,BKDN170796421-1A,0.712236053,SPD,LCW,between_breed
BKDN170794228-1A,BKDN170795739-1A,0.763745833,ZSP,LCW,between_breed
BKDN170794228-1A,BKDN170795907-1A,0.773205267,LSD,LCW,between_breed
BKDN170794228-1A,BKDN170795577-1A,0.756343462,ZSP,LCW,between_breed
BKDN170794228-1A,BKDN170796004-1A,0.749754122,CHP,LCW,between_breed
BKDN170794228-1A,BKDN170794331-1A,0.289556959,TWD,LCW,between_breed
BKDN170794228-1A,BKDN170795916-1A,0.72265634,LSD,LCW,between_breed
BKDN170794228-1A,BKDN170796080-1A,0.470136483,LSD,LCW,between_breed
BKDN170794228-1A,BKDN170796000-1A,0.519827396,CHP,LCW,between_breed
BKDN170794228-1A,BKDN170796173-1A,0.537806336,CHP,LCW,between_breed
BKDN170794228-1A,BKDN170796249-1A,0.684756429,SPD,LCW,between_breed
BKDN170794228-1A,BKDN170795838-1A,0.547293533,CHP,LCW,between_breed
BKDN170794228-1A,BKDN170796424-1A,0.697306701,SPD,LCW,between_breed
BKDN170794228-1A,BKDN170794327-1A,0.615416152,TWD,LCW,between_breed
BKDN170794228-1A,BKDN170795910-1A,0.311791565,LSD,LCW,between_breed
BKDN170794228-1A,BKDN170796251-1A,0.750371863,SPD,LCW,between_breed
BKDN170794228-1A,BKDN170794394-1A,0.487059831,LCW,LCW,within_breed
BKDN170794228-1A,BKDN170795912-1A,0.768093607,LSD,LCW,between_breed
BKDN170794228-1A,BKDN170795837-1A,0.364791961,CHP,LCW,between_breed
BKDN170794228-1A,BKDN170795740-1A,0.782671771,ZSP,LCW,between_breed
BKDN170794228-1A,BKDN170795745-1A,0.815137169,ZSP,LCW,between_breed
BKDN170794228-1A,BKDN170796417-1A,0.806623049,SPD,LCW,between_breed
BKDN170794228-1A,BKDN170795572-1A,0.2230342,ZSP,LCW,between_breed
BKDN170794228-1A,BKDN170795836-1A,0.550580776,CHP,LCW,between_breed
BKDN170794228-1A,BKDN170794387-1A,0.224611284,LCW,LCW,within_breed
BKDN170794228-1A,BKDN170796422-1A,0.802336638,SPD,LCW,between_breed
BKDN170794228-1A,BKDN170794330-1A,0.389160847,TWD,LCW,between_breed
BKDN170794228-1A,BKDN170794392-1A,0.722816672,LCW,LCW,within_breed
BKDN170794228-1A,BKDN170795145-1A,0.422754207,CHP,LCW,between_breed
BKDN170794228-1A,BKDN170796245-1A,0.748412186,SPD,LCW,between_breed
BKDN170794228-1A,BKDN170796006-1A,0.514349074,CHP,LCW,between_breed
BKDN170794228-1A,BKDN170795574-1A,0.315360928,ZSP,LCW,between_breed
BKDN170794228-1A,BKDN170795141-1A,0.55783825,JYP,LCW,between_breed
BKDN170794228-1A,BKDN170794326-1A,0.787039023,TWD,LCW,between_breed
BKDN170794228-1A,BKDN170794554-1A,0.597437753,LCW,LCW,within_breed
BKDN170794228-1A,BKDN170795147-1A,0.280998541,CHP,LCW,between_breed
BKDN170794228-1A,BKDN170794385-1A,0.310378667,LCW,LCW,within_breed
BKDN170794228-1A,BKDN170794322-1A,0.690720308,PTB,LCW,between_breed
BKDN170794228-1A,BKDN170794393-1A,0.244735961,LCW,LCW,within_breed
BKDN170794228-1A,BKDN170795578-1A,0.699045479,ZSP,LCW,between_breed
BKDN170794228-1A,BKDN170795738-1A,0.78079974,ZSP,LCW,between_breed
BKDN170794228-1A,BKDN170794806-1A,0.554475035,JYP,LCW,between_breed
BKDN170794228-1A,BKDN170795149-1A,0.507191912,CHP,LCW,between_breed
BKDN170794228-1A,BKDN170795575-1A,0.777035235,ZSP,LCW,between_breed
BKDN170794228-1A,BKDN170796077-1A,0.303157249,LSD,LCW,between_breed
BKDN170794228-1A,BKDN170795744-1A,0.612441855,ZSP,LCW,between_breed
BKDN170794228-1A,BKDN170796419-1A,0.412438237,SPD,LCW,between_breed
BKDN170794228-1A,BKDN170794972-1A,0.561179154,JYP,LCW,between_breed
BKDN170794228-1A,BKDN170794809-1A,0.469132844,JYP,LCW,between_breed
BKDN170794228-1A,BKDN170796085-1A,0.758318553,SPD,LCW,between_breed
BKDN170794228-1A,BKDN170794329-1A,0.784307217,TWD,LCW,between_breed
BKDN170794228-1A,BKDN170796420-1A,0.812182425,SPD,LCW,between_breed
BKDN170794228-1A,BKDN170796252-1A,0.363053612,SPD,LCW,between_breed
BKDN170794228-1A,BKDN170795146-1A,0.618912208,CHP,LCW,between_breed
BKDN170794228-1A,BKDN170795743-1A,0.600853486,ZSP,LCW,between_breed
BKDN170794228-1A,BKDN170796413-1A,0.227637576,MWD,LCW,between_breed
BKDN170794228-1A,BKDN170795142-1A,0.499513201,JYP,LCW,between_breed
BKDN170794228-1A,BKDN170796086-1A,0.691336752,SPD,LCW,between_breed
BKDN170794228-1A,BKDN170796418-1A,0.7796125,SPD,LCW,between_breed
BKDN170794228-1A,BKDN170796247-1A,0.800190133,SPD,LCW,between_breed
BKDN170794228-1A,BKDN170794811-1A,0.490538429,JYP,LCW,between_breed
BKDN170794228-1A,BKDN170795742-1A,0.727101965,ZSP,LCW,between_breed
BKDN170794228-1A,BKDN170796253-1A,0.698341549,SPD,LCW,between_breed
BKDN170794228-1A,BKDN170795140-1A,0.318999987,JYP,LCW,between_breed
BKDN170794228-1A,BKDN170795573-1A,0.43381938,ZSP,LCW,between_breed
BKDN170794228-1A,BKDN170796254-1A,0.534249932,SPD,LCW,between_breed
BKDN170794228-1A,BKDN170796250-1A,0.740306896,SPD,LCW,between_breed
BKDN170794322-1A,BKDN170794387-1A,0.732226609,LCW,PTB,between_breed
BKDN170794322-1A,BKDN170795916-1A,0.605387396,LSD,PTB,between_breed
BKDN170794322-1A,BKDN170794326-1A,0.667073592,TWD,PTB,between_breed
BKDN170794322-1A,BKDN170795743-1A,0.377233173,ZSP,PTB,between_breed
BKDN170794322-1A,BKDN170795576-1A,0.423767679,ZSP,PTB,between_breed
BKDN170794322-1A,BKDN170795738-1A,0.42574261,ZSP,PTB,between_breed
BKDN170794322-1A,BKDN170796419-1A,0.576146375,SPD,PTB,between_breed
BKDN170794322-1A,BKDN170794385-1A,0.677649371,LCW,PTB,between_breed
BKDN170794322-1A,BKDN170796250-1A,0.340461734,SPD,PTB,between_breed
BKDN170794322-1A,BKDN170795910-1A,0.75279698,LSD,PTB,between_breed
BKDN170794322-1A,BKDN170794393-1A,0.691518377,LCW,PTB,between_breed
BKDN170794322-1A,BKDN170794811-1A,0.731837292,JYP,PTB,between_breed
BKDN170794322-1A,BKDN170794551-1A,0.729633036,LCW,PTB,between_breed
BKDN170794322-1A,BKDN170795737-1A,0.457526427,ZSP,PTB,between_breed
BKDN170794322-1A,BKDN170795149-1A,0.719233081,CHP,PTB,between_breed
BKDN170794322-1A,BKDN170795574-1A,0.719670409,ZSP,PTB,between_breed
BKDN170794322-1A,BKDN170796245-1A,0.528758833,SPD,PTB,between_breed
BKDN170794322-1A,BKDN170795837-1A,0.670333678,CHP,PTB,between_breed
BKDN170794322-1A,BKDN170795575-1A,0.332542929,ZSP,PTB,between_breed
BKDN170794322-1A,BKDN170796422-1A,0.470579727,SPD,PTB,between_breed
BKDN170794322-1A,BKDN170794480-1A,0.727299854,PTB,PTB,within_breed
BKDN170794322-1A,BKDN170795740-1A,0.477855923,ZSP,PTB,between_breed
BKDN170794322-1A,BKDN170794972-1A,0.741097601,JYP,PTB,between_breed
BKDN170794322-1A,BKDN170796424-1A,0.320285943,SPD,PTB,between_breed
BKDN170794322-1A,BKDN170794394-1A,0.652608914,LCW,PTB,between_breed
BKDN170794322-1A,BKDN170795572-1A,0.693189207,ZSP,PTB,between_breed
BKDN170794322-1A,BKDN170796254-1A,0.321143886,SPD,PTB,between_breed
BKDN170794322-1A,BKDN170794331-1A,0.692462038,TWD,PTB,between_breed
BKDN170794322-1A,BKDN170794553-1A,0.679961465,LCW,PTB,between_breed
BKDN170794322-1A,BKDN170794327-1A,0.60993307,TWD,PTB,between_breed
BKDN170794322-1A,BKDN170796086-1A,0.34515087,SPD,PTB,between_breed
BKDN170794322-1A,BKDN170795140-1A,0.738061413,JYP,PTB,between_breed
BKDN170794322-1A,BKDN170794330-1A,0.755686748,TWD,PTB,between_breed
BKDN170794322-1A,BKDN170796000-1A,0.826350404,CHP,PTB,between_breed
BKDN170794322-1A,BKDN170796080-1A,0.445078911,LSD,PTB,between_breed
BKDN170794322-1A,BKDN170795142-1A,0.76618173,JYP,PTB,between_breed
BKDN170794322-1A,BKDN170795739-1A,0.322753,ZSP,PTB,between_breed
BKDN170794322-1A,BKDN170796247-1A,0.440295202,SPD,PTB,between_breed
BKDN170794322-1A,BKDN170794805-1A,0.825456005,JYP,PTB,between_breed
BKDN170794322-1A,BKDN170795744-1A,0.496864669,ZSP,PTB,between_breed
BKDN170794322-1A,BKDN170794806-1A,0.859612297,JYP,PTB,between_breed
BKDN170794322-1A,BKDN170796420-1A,0.559685707,SPD,PTB,between_breed
BKDN170794322-1A,BKDN170795838-1A,0.830107723,CHP,PTB,between_breed
BKDN170794322-1A,BKDN170796077-1A,0.703882782,LSD,PTB,between_breed
BKDN170794322-1A,BKDN170795573-1A,0.537191367,ZSP,PTB,between_breed
BKDN170794322-1A,BKDN170795742-1A,0.519164432,ZSP,PTB,between_breed
BKDN170794322-1A,BKDN170796173-1A,0.865641065,CHP,PTB,between_breed
BKDN170794322-1A,BKDN170795577-1A,0.436714938,ZSP,PTB,between_breed
BKDN170794322-1A,BKDN170796004-1A,0.768058054,CHP,PTB,between_breed
BKDN170794322-1A,BKDN170794392-1A,0.628424575,LCW,PTB,between_breed
BKDN170794322-1A,BKDN170796417-1A,0.468326485,SPD,PTB,between_breed
BKDN170794322-1A,BKDN170796421-1A,0.374198579,SPD,PTB,between_breed
BKDN170794322-1A,BKDN170796085-1A,0.417047789,SPD,PTB,between_breed
BKDN170794322-1A,BKDN170796418-1A,0.478418625,SPD,PTB,between_breed
BKDN170794322-1A,BKDN170795912-1A,0.463814,LSD,PTB,between_breed
BKDN170794322-1A,BKDN170796249-1A,0.300707803,SPD,PTB,between_breed
BKDN170794322-1A,BKDN170795911-1A,0.440464058,LSD,PTB,between_breed
BKDN170794322-1A,BKDN170796413-1A,0.678379283,MWD,PTB,between_breed
BKDN170794322-1A,BKDN170795836-1A,0.810384241,CHP,PTB,between_breed
BKDN170794322-1A,BKDN170795999-1A,0.589164716,CHP,PTB,between_breed
BKDN170794322-1A,BKDN170796006-1A,0.729799095,CHP,PTB,between_breed
BKDN170794322-1A,BKDN170794548-1A,0.679628721,LCW,PTB,between_breed
BKDN170794322-1A,BKDN170796252-1A,0.548139134,SPD,PTB,between_breed
BKDN170794322-1A,BKDN170795145-1A,0.751280618,CHP,PTB,between_breed
BKDN170794322-1A,BKDN170794809-1A,0.723810862,JYP,PTB,between_breed
BKDN170794322-1A,BKDN170795147-1A,0.748121352,CHP,PTB,between_breed
BKDN170794322-1A,BKDN170796251-1A,0.472314352,SPD,PTB,between_breed
BKDN170794322-1A,BKDN170795146-1A,0.619030373,CHP,PTB,between_breed
BKDN170794322-1A,BKDN170794329-1A,0.648609105,TWD,PTB,between_breed
BKDN170794322-1A,BKDN170796253-1A,0.497111874,SPD,PTB,between_breed
BKDN170794322-1A,BKDN170795141-1A,0.785137196,JYP,PTB,between_breed
BKDN170794322-1A,BKDN170795907-1A,0.410811262,LSD,PTB,between_breed
BKDN170794322-1A,BKDN170795578-1A,0.640554058,ZSP,PTB,between_breed
BKDN170794322-1A,BKDN170794554-1A,0.630727189,LCW,PTB,between_breed
BKDN170794322-1A,BKDN170795745-1A,0.598204257,ZSP,PTB,between_breed
BKDN170794326-1A,BKDN170795745-1A,0.46998745,ZSP,TWD,between_breed
BKDN170794326-1A,BKDN170795141-1A,0.679604387,JYP,TWD,between_breed
BKDN170794326-1A,BKDN170795743-1A,0.725668858,ZSP,TWD,between_breed
BKDN170794326-1A,BKDN170795838-1A,0.703157254,CHP,TWD,between_breed
BKDN170794326-1A,BKDN170794387-1A,0.784652229,LCW,TWD,between_breed
BKDN170794326-1A,BKDN170796173-1A,0.756923193,CHP,TWD,between_breed
BKDN170794326-1A,BKDN170794330-1A,0.71466354,TWD,TWD,within_breed
BKDN170794326-1A,BKDN170794480-1A,0.85427621,PTB,TWD,between_breed
BKDN170794326-1A,BKDN170794329-1A,0.330893992,TWD,TWD,within_breed
BKDN170794326-1A,BKDN170794805-1A,0.732475331,JYP,TWD,between_breed
BKDN170794326-1A,BKDN170796000-1A,0.761985142,CHP,TWD,between_breed
BKDN170794326-1A,BKDN170796413-1A,0.731067797,MWD,TWD,between_breed
BKDN170794326-1A,BKDN170796417-1A,0.684845775,SPD,TWD,between_breed
BKDN170794326-1A,BKDN170796086-1A,0.639810862,SPD,TWD,between_breed
BKDN170794326-1A,BKDN170795910-1A,0.851921715,LSD,TWD,between_breed
BKDN170794326-1A,BKDN170795573-1A,0.703165756,ZSP,TWD,between_breed
BKDN170794326-1A,BKDN170795744-1A,0.570344698,ZSP,TWD,between_breed
BKDN170794326-1A,BKDN170794393-1A,0.82953513,LCW,TWD,between_breed
BKDN170794326-1A,BKDN170795907-1A,0.617051012,LSD,TWD,between_breed
BKDN170794326-1A,BKDN170796245-1A,0.6603183,SPD,TWD,between_breed
BKDN170794326-1A,BKDN170794554-1A,0.378566536,LCW,TWD,between_breed
BKDN170794326-1A,BKDN170795738-1A,0.457981414,ZSP,TWD,between_breed
BKDN170794326-1A,BKDN170794331-1A,0.74895833,TWD,TWD,within_breed
BKDN170794326-1A,BKDN170795149-1A,0.47176095,CHP,TWD,between_breed
BKDN170794326-1A,BKDN170795740-1A,0.425063751,ZSP,TWD,between_breed
BKDN170794326-1A,BKDN170794553-1A,0.769319344,LCW,TWD,between_breed
BKDN170794326-1A,BKDN170796252-1A,0.834868596,SPD,TWD,between_breed
BKDN170794326-1A,BKDN170794392-1A,0.47620403,LCW,TWD,between_breed
BKDN170794326-1A,BKDN170796077-1A,0.812802374,LSD,TWD,between_breed
BKDN170794326-1A,BKDN170794809-1A,0.582316908,JYP,TWD,between_breed
BKDN170794326-1A,BKDN170794806-1A,0.76293573,JYP,TWD,between_breed
BKDN170794326-1A,BKDN170796247-1A,0.592784323,SPD,TWD,between_breed
BKDN170794326-1A,BKDN170796006-1A,0.486827605,CHP,TWD,between_breed
BKDN170794326-1A,BKDN170795140-1A,0.759716928,JYP,TWD,between_breed
BKDN170794326-1A,BKDN170795836-1A,0.6459822,CHP,TWD,between_breed
BKDN170794326-1A,BKDN170795739-1A,0.508494668,ZSP,TWD,between_breed
BKDN170794326-1A,BKDN170795578-1A,0.749778817,ZSP,TWD,between_breed
BKDN170794326-1A,BKDN170796424-1A,0.656182412,SPD,TWD,between_breed
BKDN170794326-1A,BKDN170796421-1A,0.63317279,SPD,TWD,between_breed
BKDN170794326-1A,BKDN170796419-1A,0.843317734,SPD,TWD,between_breed
BKDN170794326-1A,BKDN170795577-1A,0.546832083,ZSP,TWD,between_breed
BKDN170794326-1A,BKDN170795742-1A,0.416753111,ZSP,TWD,between_breed
BKDN170794326-1A,BKDN170796085-1A,0.550938821,SPD,TWD,between_breed
BKDN170794326-1A,BKDN170794394-1A,0.715124653,LCW,TWD,between_breed
BKDN170794326-1A,BKDN170795575-1A,0.47640061,ZSP,TWD,between_breed
BKDN170794326-1A,BKDN170795572-1A,0.72634434,ZSP,TWD,between_breed
BKDN170794326-1A,BKDN170796004-1A,0.70356571,CHP,TWD,between_breed
BKDN170794326-1A,BKDN170795576-1A,0.522641903,ZSP,TWD,between_breed
BKDN170794326-1A,BKDN170795737-1A,0.550497617,ZSP,TWD,between_breed
BKDN170794326-1A,BKDN170795911-1A,0.455459696,LSD,TWD,between_breed
BKDN170794326-1A,BKDN170795147-1A,0.830926713,CHP,TWD,between_breed
BKDN170794326-1A,BKDN170796254-1A,0.680911195,SPD,TWD,between_breed
BKDN170794326-1A,BKDN170796251-1A,0.704199137,SPD,TWD,between_breed
BKDN170794326-1A,BKDN170795999-1A,0.512325599,CHP,TWD,between_breed
BKDN170794326-1A,BKDN170796422-1A,0.712962758,SPD,TWD,between_breed
BKDN170794326-1A,BKDN170795574-1A,0.80042849,ZSP,TWD,between_breed
BKDN170794326-1A,BKDN170794327-1A,0.381121235,TWD,TWD,within_breed
BKDN170794326-1A,BKDN170794548-1A,0.794309984,LCW,TWD,between_breed
BKDN170794326-1A,BKDN170795912-1A,0.5239396,LSD,TWD,between_breed
BKDN170794326-1A,BKDN170794551-1A,0.837593184,LCW,TWD,between_breed
BKDN170794326-1A,BKDN170796420-1A,0.650147431,SPD,TWD,between_breed
BKDN170794326-1A,BKDN170795146-1A,0.464505258,CHP,TWD,between_breed
BKDN170794326-1A,BKDN170796253-1A,0.504215125,SPD,TWD,between_breed
BKDN170794326-1A,BKDN170794972-1A,0.471664124,JYP,TWD,between_breed
BKDN170794326-1A,BKDN170796249-1A,0.67511263,SPD,TWD,between_breed
BKDN170794326-1A,BKDN170796080-1A,0.579288873,LSD,TWD,between_breed
BKDN170794326-1A,BKDN170794811-1A,0.570905054,JYP,TWD,between_breed
BKDN170794326-1A,BKDN170795145-1A,0.8613553,CHP,TWD,between_breed
BKDN170794326-1A,BKDN170795837-1A,0.794522462,CHP,TWD,between_breed
BKDN170794326-1A,BKDN170795916-1A,0.718890447,LSD,TWD,between_breed
BKDN170794326-1A,BKDN170795142-1A,0.45871599,JYP,TWD,between_breed
BKDN170794326-1A,BKDN170794385-1A,0.802976972,LCW,TWD,between_breed
BKDN170794326-1A,BKDN170796250-1A,0.741847415,SPD,TWD,between_breed
BKDN170794326-1A,BKDN170796418-1A,0.723475334,SPD,TWD,between_breed
BKDN170794327-1A,BKDN170795740-1A,0.524448834,ZSP,TWD,between_breed
BKDN170794327-1A,BKDN170794548-1A,0.637112203,LCW,TWD,between_breed
BKDN170794327-1A,BKDN170795912-1A,0.507231036,LSD,TWD,between_breed
BKDN170794327-1A,BKDN170795145-1A,0.728811212,CHP,TWD,between_breed
BKDN170794327-1A,BKDN170796006-1A,0.524743671,CHP,TWD,between_breed
BKDN170794327-1A,BKDN170796245-1A,0.603923894,SPD,TWD,between_breed
BKDN170794327-1A,BKDN170795742-1A,0.478636407,ZSP,TWD,between_breed
BKDN170794327-1A,BKDN170794553-1A,0.643778732,LCW,TWD,between_breed
BKDN170794327-1A,BKDN170796077-1A,0.680696209,LSD,TWD,between_breed
BKDN170794327-1A,BKDN170796424-1A,0.541693764,SPD,TWD,between_breed
BKDN170794327-1A,BKDN170795738-1A,0.502868319,ZSP,TWD,between_breed
BKDN170794327-1A,BKDN170794329-1A,0.292460982,TWD,TWD,within_breed
BKDN170794327-1A,BKDN170796251-1A,0.604758634,SPD,TWD,between_breed
BKDN170794327-1A,BKDN170796417-1A,0.607240773,SPD,TWD,between_breed
BKDN170794327-1A,BKDN170795576-1A,0.567388577,ZSP,TWD,between_breed
BKDN170794327-1A,BKDN170795146-1A,0.527462152,CHP,TWD,between_breed
BKDN170794327-1A,BKDN170796250-1A,0.629375427,SPD,TWD,between_breed
BKDN170794327-1A,BKDN170796085-1A,0.471846791,SPD,TWD,between_breed
BKDN170794327-1A,BKDN170796086-1A,0.55755665,SPD,TWD,between_breed
BKDN170794327-1A,BKDN170796247-1A,0.565503,SPD,TWD,between_breed
BKDN170794327-1A,BKDN170795142-1A,0.483676519,JYP,TWD,between_breed
BKDN170794327-1A,BKDN170795739-1A,0.533541123,ZSP,TWD,between_breed
BKDN170794327-1A,BKDN170796000-1A,0.729683979,CHP,TWD,between_breed
BKDN170794327-1A,BKDN170796413-1A,0.589879985,MWD,TWD,between_breed
BKDN170794327-1A,BKDN170795745-1A,0.579788019,ZSP,TWD,between_breed
BKDN170794327-1A,BKDN170795999-1A,0.50340127,CHP,TWD,between_breed
BKDN170794327-1A,BKDN170795907-1A,0.561896526,LSD,TWD,between_breed
BKDN170794327-1A,BKDN170794806-1A,0.737884275,JYP,TWD,between_breed
BKDN170794327-1A,BKDN170796004-1A,0.706239505,CHP,TWD,between_breed
BKDN170794327-1A,BKDN170794551-1A,0.696562993,LCW,TWD,between_breed
BKDN170794327-1A,BKDN170794393-1A,0.674342167,LCW,TWD,between_breed
BKDN170794327-1A,BKDN170795574-1A,0.668633147,ZSP,TWD,between_breed
BKDN170794327-1A,BKDN170795575-1A,0.483424153,ZSP,TWD,between_breed
BKDN170794327-1A,BKDN170795147-1A,0.69784271,CHP,TWD,between_breed
BKDN170794327-1A,BKDN170795737-1A,0.490214092,ZSP,TWD,between_breed
BKDN170794327-1A,BKDN170796418-1A,0.588867002,SPD,TWD,between_breed
BKDN170794327-1A,BKDN170795577-1A,0.533775873,ZSP,TWD,between_breed
BKDN170794327-1A,BKDN170796173-1A,0.735935129,CHP,TWD,between_breed
BKDN170794327-1A,BKDN170794394-1A,0.597235249,LCW,TWD,between_breed
BKDN170794327-1A,BKDN170794387-1A,0.639838161,LCW,TWD,between_breed
BKDN170794327-1A,BKDN170796254-1A,0.566361436,SPD,TWD,between_breed
BKDN170794327-1A,BKDN170795149-1A,0.455999142,CHP,TWD,between_breed
BKDN170794327-1A,BKDN170794385-1A,0.669201481,LCW,TWD,between_breed
BKDN170794327-1A,BKDN170794972-1A,0.490650672,JYP,TWD,between_breed
BKDN170794327-1A,BKDN170795837-1A,0.655320112,CHP,TWD,between_breed
BKDN170794327-1A,BKDN170796421-1A,0.529728483,SPD,TWD,between_breed
BKDN170794327-1A,BKDN170796249-1A,0.535820914,SPD,TWD,between_breed
BKDN170794327-1A,BKDN170796420-1A,0.684894178,SPD,TWD,between_breed
BKDN170794327-1A,BKDN170795836-1A,0.654321298,CHP,TWD,between_breed
BKDN170794327-1A,BKDN170794480-1A,0.710980519,PTB,TWD,between_breed
BKDN170794327-1A,BKDN170794331-1A,0.589633656,TWD,TWD,within_breed
BKDN170794327-1A,BKDN170794811-1A,0.571646479,JYP,TWD,between_breed
BKDN170794327-1A,BKDN170796422-1A,0.646468161,SPD,TWD,between_breed
BKDN170794327-1A,BKDN170795140-1A,0.626197872,JYP,TWD,between_breed
BKDN170794327-1A,BKDN170795743-1A,0.567387474,ZSP,TWD,between_breed
BKDN170794327-1A,BKDN170795911-1A,0.475518001,LSD,TWD,between_breed
BKDN170794327-1A,BKDN170795141-1A,0.692400957,JYP,TWD,between_breed
BKDN170794327-1A,BKDN170795744-1A,0.45969394,ZSP,TWD,between_breed
BKDN170794327-1A,BKDN170796080-1A,0.499806963,LSD,TWD,between_breed
BKDN170794327-1A,BKDN170794805-1A,0.686136434,JYP,TWD,between_breed
BKDN170794327-1A,BKDN170795838-1A,0.683705601,CHP,TWD,between_breed
BKDN170794327-1A,BKDN170795578-1A,0.678967493,ZSP,TWD,between_breed
BKDN170794327-1A,BKDN170795916-1A,0.66226283,LSD,TWD,between_breed
BKDN170794327-1A,BKDN170794392-1A,0.537398784,LCW,TWD,between_breed
BKDN170794327-1A,BKDN170796253-1A,0.456098811,SPD,TWD,between_breed
BKDN170794327-1A,BKDN170796252-1A,0.657591546,SPD,TWD,between_breed
BKDN170794327-1A,BKDN170794809-1A,0.537505485,JYP,TWD,between_breed
BKDN170794327-1A,BKDN170795573-1A,0.536359632,ZSP,TWD,between_breed
BKDN170794327-1A,BKDN170794330-1A,0.60898056,TWD,TWD,within_breed
BKDN170794327-1A,BKDN170796419-1A,0.678631561,SPD,TWD,between_breed
BKDN170794327-1A,BKDN170795572-1A,0.605104161,ZSP,TWD,between_breed
BKDN170794327-1A,BKDN170795910-1A,0.705324596,LSD,TWD,between_breed
BKDN170794327-1A,BKDN170794554-1A,0.380675235,LCW,TWD,between_breed
BKDN170794329-1A,BKDN170796077-1A,0.7669401,LSD,TWD,between_breed
BKDN170794329-1A,BKDN170795575-1A,0.504854171,ZSP,TWD,between_breed
BKDN170794329-1A,BKDN170795742-1A,0.445547517,ZSP,TWD,between_breed
BKDN170794329-1A,BKDN170794554-1A,0.400291276,LCW,TWD,between_breed
BKDN170794329-1A,BKDN170796413-1A,0.687167249,MWD,TWD,between_breed
BKDN170794329-1A,BKDN170796422-1A,0.677451606,SPD,TWD,between_breed
BKDN170794329-1A,BKDN170795737-1A,0.584688961,ZSP,TWD,between_breed
BKDN170794329-1A,BKDN170794392-1A,0.505612274,LCW,TWD,between_breed
BKDN170794329-1A,BKDN170794387-1A,0.766967622,LCW,TWD,between_breed
BKDN170794329-1A,BKDN170796250-1A,0.662118142,SPD,TWD,between_breed
BKDN170794329-1A,BKDN170794809-1A,0.571821826,JYP,TWD,between_breed
BKDN170794329-1A,BKDN170795744-1A,0.526369103,ZSP,TWD,between_breed
BKDN170794329-1A,BKDN170796080-1A,0.55561264,LSD,TWD,between_breed
BKDN170794329-1A,BKDN170794393-1A,0.802612521,LCW,TWD,between_breed
BKDN170794329-1A,BKDN170794548-1A,0.780021875,LCW,TWD,between_breed
BKDN170794329-1A,BKDN170795576-1A,0.556538502,ZSP,TWD,between_breed
BKDN170794329-1A,BKDN170795577-1A,0.483374828,ZSP,TWD,between_breed
BKDN170794329-1A,BKDN170795910-1A,0.829962843,LSD,TWD,between_breed
BKDN170794329-1A,BKDN170794394-1A,0.603883708,LCW,TWD,between_breed
BKDN170794329-1A,BKDN170796253-1A,0.484486052,SPD,TWD,between_breed
BKDN170794329-1A,BKDN170795912-1A,0.597158719,LSD,TWD,between_breed
BKDN170794329-1A,BKDN170795572-1A,0.73799918,ZSP,TWD,between_breed
BKDN170794329-1A,BKDN170796252-1A,0.812791116,SPD,TWD,between_breed
BKDN170794329-1A,BKDN170795574-1A,0.782760023,ZSP,TWD,between_breed
BKDN170794329-1A,BKDN170796249-1A,0.603059431,SPD,TWD,between_breed
BKDN170794329-1A,BKDN170795743-1A,0.650930677,ZSP,TWD,between_breed
BKDN170794329-1A,BKDN170794385-1A,0.7567832,LCW,TWD,between_breed
BKDN170794329-1A,BKDN170795140-1A,0.718194269,JYP,TWD,between_breed
BKDN170794329-1A,BKDN170795142-1A,0.476254076,JYP,TWD,between_breed
BKDN170794329-1A,BKDN170796086-1A,0.641295227,SPD,TWD,between_breed
BKDN170794329-1A,BKDN170796420-1A,0.720787383,SPD,TWD,between_breed
BKDN170794329-1A,BKDN170794811-1A,0.529243209,JYP,TWD,between_breed
BKDN170794329-1A,BKDN170795146-1A,0.528119033,CHP,TWD,between_breed
BKDN170794329-1A,BKDN170796424-1A,0.571680277,SPD,TWD,between_breed
BKDN170794329-1A,BKDN170795738-1A,0.44619994,ZSP,TWD,between_breed
BKDN170794329-1A,BKDN170795145-1A,0.822006604,CHP,TWD,between_breed
BKDN170794329-1A,BKDN170795837-1A,0.72757828,CHP,TWD,between_breed
BKDN170794329-1A,BKDN170796419-1A,0.827803687,SPD,TWD,between_breed
BKDN170794329-1A,BKDN170794330-1A,0.675752528,TWD,TWD,within_breed
BKDN170794329-1A,BKDN170796254-1A,0.692016796,SPD,TWD,between_breed
BKDN170794329-1A,BKDN170795573-1A,0.639043346,ZSP,TWD,between_breed
BKDN170794329-1A,BKDN170795838-1A,0.651391135,CHP,TWD,between_breed
BKDN170794329-1A,BKDN170795141-1A,0.664141445,JYP,TWD,between_breed
BKDN170794329-1A,BKDN170795739-1A,0.549212958,ZSP,TWD,between_breed
BKDN170794329-1A,BKDN170796247-1A,0.563448914,SPD,TWD,between_breed
BKDN170794329-1A,BKDN170796418-1A,0.702784247,SPD,TWD,between_breed
BKDN170794329-1A,BKDN170794805-1A,0.688991925,JYP,TWD,between_breed
BKDN170794329-1A,BKDN170795999-1A,0.479807351,CHP,TWD,between_breed
BKDN170794329-1A,BKDN170795740-1A,0.493110461,ZSP,TWD,between_breed
BKDN170794329-1A,BKDN170794480-1A,0.808073355,PTB,TWD,between_breed
BKDN170794329-1A,BKDN170796245-1A,0.63736127,SPD,TWD,between_breed
BKDN170794329-1A,BKDN170795916-1A,0.657605802,LSD,TWD,between_breed
BKDN170794329-1A,BKDN170796173-1A,0.726714435,CHP,TWD,between_breed
BKDN170794329-1A,BKDN170794331-1A,0.695025122,TWD,TWD,within_breed
BKDN170794329-1A,BKDN170794551-1A,0.807627387,LCW,TWD,between_breed
BKDN170794329-1A,BKDN170796000-1A,0.704428655,CHP,TWD,between_breed
BKDN170794329-1A,BKDN170795149-1A,0.412917502,CHP,TWD,between_breed
BKDN170794329-1A,BKDN170796421-1A,0.536539132,SPD,TWD,between_breed
BKDN170794329-1A,BKDN170794806-1A,0.734647763,JYP,TWD,between_breed
BKDN170794329-1A,BKDN170796251-1A,0.679914081,SPD,TWD,between_breed
BKDN170794329-1A,BKDN170795147-1A,0.810148079,CHP,TWD,between_breed
BKDN170794329-1A,BKDN170796417-1A,0.659941139,SPD,TWD,between_breed
BKDN170794329-1A,BKDN170795745-1A,0.513768617,ZSP,TWD,between_breed
BKDN170794329-1A,BKDN170796004-1A,0.678962228,CHP,TWD,between_breed
BKDN170794329-1A,BKDN170794972-1A,0.409380128,JYP,TWD,between_breed
BKDN170794329-1A,BKDN170795836-1A,0.636483215,CHP,TWD,between_breed
BKDN170794329-1A,BKDN170796006-1A,0.517338205,CHP,TWD,between_breed
BKDN170794329-1A,BKDN170796085-1A,0.525494461,SPD,TWD,between_breed
BKDN170794329-1A,BKDN170795907-1A,0.531190486,LSD,TWD,between_breed
BKDN170794329-1A,BKDN170794553-1A,0.694970059,LCW,TWD,between_breed
BKDN170794329-1A,BKDN170795911-1A,0.443082873,LSD,TWD,between_breed
BKDN170794329-1A,BKDN170795578-1A,0.674870306,ZSP,TWD,between_breed
BKDN170794330-1A,BKDN170795911-1A,0.737270238,LSD,TWD,between_breed
BKDN170794330-1A,BKDN170794554-1A,0.530020016,LCW,TWD,between_breed
BKDN170794330-1A,BKDN170795744-1A,0.590862016,ZSP,TWD,between_breed
BKDN170794330-1A,BKDN170795572-1A,0.407666244,ZSP,TWD,between_breed
BKDN170794330-1A,BKDN170794806-1A,0.487382537,JYP,TWD,between_breed
BKDN170794330-1A,BKDN170795737-1A,0.771158856,ZSP,TWD,between_breed
BKDN170794330-1A,BKDN170795575-1A,0.76121951,ZSP,TWD,between_breed
BKDN170794330-1A,BKDN170795912-1A,0.774619167,LSD,TWD,between_breed
BKDN170794330-1A,BKDN170796004-1A,0.714674449,CHP,TWD,between_breed
BKDN170794330-1A,BKDN170794553-1A,0.528207021,LCW,TWD,between_breed
BKDN170794330-1A,BKDN170796421-1A,0.689442686,SPD,TWD,between_breed
BKDN170794330-1A,BKDN170795916-1A,0.689488533,LSD,TWD,between_breed
BKDN170794330-1A,BKDN170795149-1A,0.467972046,CHP,TWD,between_breed
BKDN170794330-1A,BKDN170795145-1A,0.529175876,CHP,TWD,between_breed
BKDN170794330-1A,BKDN170796085-1A,0.742793882,SPD,TWD,between_breed
BKDN170794330-1A,BKDN170796422-1A,0.792534318,SPD,TWD,between_breed
BKDN170794330-1A,BKDN170795142-1A,0.441769455,JYP,TWD,between_breed
BKDN170794330-1A,BKDN170796418-1A,0.784011589,SPD,TWD,between_breed
BKDN170794330-1A,BKDN170796249-1A,0.67583458,SPD,TWD,between_breed
BKDN170794330-1A,BKDN170796250-1A,0.74830523,SPD,TWD,between_breed
BKDN170794330-1A,BKDN170795743-1A,0.584562165,ZSP,TWD,between_breed
BKDN170794330-1A,BKDN170796000-1A,0.433771554,CHP,TWD,between_breed
BKDN170794330-1A,BKDN170795745-1A,0.759548039,ZSP,TWD,between_breed
BKDN170794330-1A,BKDN170796420-1A,0.782266122,SPD,TWD,between_breed
BKDN170794330-1A,BKDN170796077-1A,0.400102325,LSD,TWD,between_breed
BKDN170794330-1A,BKDN170796080-1A,0.539378842,LSD,TWD,between_breed
BKDN170794330-1A,BKDN170796251-1A,0.772890447,SPD,TWD,between_breed
BKDN170794330-1A,BKDN170794972-1A,0.443776028,JYP,TWD,between_breed
BKDN170794330-1A,BKDN170795739-1A,0.750162752,ZSP,TWD,between_breed
BKDN170794330-1A,BKDN170796419-1A,0.532844404,SPD,TWD,between_breed
BKDN170794330-1A,BKDN170795141-1A,0.471044355,JYP,TWD,between_breed
BKDN170794330-1A,BKDN170795740-1A,0.755547986,ZSP,TWD,between_breed
BKDN170794330-1A,BKDN170795838-1A,0.440040826,CHP,TWD,between_breed
BKDN170794330-1A,BKDN170794392-1A,0.688845191,LCW,TWD,between_breed
BKDN170794330-1A,BKDN170796247-1A,0.778022045,SPD,TWD,between_breed
BKDN170794330-1A,BKDN170794480-1A,0.497730052,PTB,TWD,between_breed
BKDN170794330-1A,BKDN170796173-1A,0.462431228,CHP,TWD,between_breed
BKDN170794330-1A,BKDN170794387-1A,0.33662448,LCW,TWD,between_breed
BKDN170794330-1A,BKDN170794548-1A,0.38642586,LCW,TWD,between_breed
BKDN170794330-1A,BKDN170794805-1A,0.408959794,JYP,TWD,between_breed
BKDN170794330-1A,BKDN170795147-1A,0.377701152,CHP,TWD,between_breed
BKDN170794330-1A,BKDN170795576-1A,0.763531998,ZSP,TWD,between_breed
BKDN170794330-1A,BKDN170794811-1A,0.377447389,JYP,TWD,between_breed
BKDN170794330-1A,BKDN170794551-1A,0.471590038,LCW,TWD,between_breed
BKDN170794330-1A,BKDN170796245-1A,0.728279508,SPD,TWD,between_breed
BKDN170794330-1A,BKDN170796413-1A,0.320243998,MWD,TWD,between_breed
BKDN170794330-1A,BKDN170795146-1A,0.568760566,CHP,TWD,between_breed
BKDN170794330-1A,BKDN170796086-1A,0.696958986,SPD,TWD,between_breed
BKDN170794330-1A,BKDN170796006-1A,0.437165752,CHP,TWD,between_breed
BKDN170794330-1A,BKDN170794809-1A,0.391907507,JYP,TWD,between_breed
BKDN170794330-1A,BKDN170796252-1A,0.483810039,SPD,TWD,between_breed
BKDN170794330-1A,BKDN170795574-1A,0.480222568,ZSP,TWD,between_breed
BKDN170794330-1A,BKDN170796254-1A,0.627272758,SPD,TWD,between_breed
BKDN170794330-1A,BKDN170795738-1A,0.754499233,ZSP,TWD,between_breed
BKDN170794330-1A,BKDN170796253-1A,0.657028666,SPD,TWD,between_breed
BKDN170794330-1A,BKDN170795573-1A,0.539403734,ZSP,TWD,between_breed
BKDN170794330-1A,BKDN170795578-1A,0.662466684,ZSP,TWD,between_breed
BKDN170794330-1A,BKDN170794394-1A,0.496393414,LCW,TWD,between_breed
BKDN170794330-1A,BKDN170795577-1A,0.747178975,ZSP,TWD,between_breed
BKDN170794330-1A,BKDN170795742-1A,0.690376276,ZSP,TWD,between_breed
BKDN170794330-1A,BKDN170795907-1A,0.777239882,LSD,TWD,between_breed
BKDN170794330-1A,BKDN170795140-1A,0.300041787,JYP,TWD,between_breed
BKDN170794330-1A,BKDN170796417-1A,0.800215102,SPD,TWD,between_breed
BKDN170794330-1A,BKDN170794393-1A,0.476067923,LCW,TWD,between_breed
BKDN170794330-1A,BKDN170796424-1A,0.684564209,SPD,TWD,between_breed
BKDN170794330-1A,BKDN170795837-1A,0.47808053,CHP,TWD,between_breed
BKDN170794330-1A,BKDN170795836-1A,0.447417251,CHP,TWD,between_breed
BKDN170794330-1A,BKDN170795999-1A,0.574953336,CHP,TWD,between_breed
BKDN170794330-1A,BKDN170794331-1A,0.320700906,TWD,TWD,within_breed
BKDN170794330-1A,BKDN170795910-1A,0.449312705,LSD,TWD,between_breed
BKDN170794330-1A,BKDN170794385-1A,0.512058913,LCW,TWD,between_breed
BKDN170794331-1A,BKDN170795742-1A,0.679388985,ZSP,TWD,between_breed
BKDN170794331-1A,BKDN170795738-1A,0.724850417,ZSP,TWD,between_breed
BKDN170794331-1A,BKDN170795739-1A,0.72436159,ZSP,TWD,between_breed
BKDN170794331-1A,BKDN170796077-1A,0.216639432,LSD,TWD,between_breed
BKDN170794331-1A,BKDN170796417-1A,0.765184573,SPD,TWD,between_breed
BKDN170794331-1A,BKDN170795911-1A,0.704642213,LSD,TWD,between_breed
BKDN170794331-1A,BKDN170795140-1A,0.207390045,JYP,TWD,between_breed
BKDN170794331-1A,BKDN170795576-1A,0.747597826,ZSP,TWD,between_breed
BKDN170794331-1A,BKDN170796006-1A,0.535415794,CHP,TWD,between_breed
BKDN170794331-1A,BKDN170795912-1A,0.754707197,LSD,TWD,between_breed
BKDN170794331-1A,BKDN170796254-1A,0.547435337,SPD,TWD,between_breed
BKDN170794331-1A,BKDN170795737-1A,0.748532489,ZSP,TWD,between_breed
BKDN170794331-1A,BKDN170795578-1A,0.622369084,ZSP,TWD,between_breed
BKDN170794331-1A,BKDN170795577-1A,0.707937585,ZSP,TWD,between_breed
BKDN170794331-1A,BKDN170795740-1A,0.742153874,ZSP,TWD,between_breed
BKDN170794331-1A,BKDN170796418-1A,0.74647967,SPD,TWD,between_breed
BKDN170794331-1A,BKDN170795575-1A,0.736558941,ZSP,TWD,between_breed
BKDN170794331-1A,BKDN170794548-1A,0.179428498,LCW,TWD,between_breed
BKDN170794331-1A,BKDN170796422-1A,0.76371802,SPD,TWD,between_breed
BKDN170794331-1A,BKDN170796086-1A,0.650167102,SPD,TWD,between_breed
BKDN170794331-1A,BKDN170795573-1A,0.423609107,ZSP,TWD,between_breed
BKDN170794331-1A,BKDN170794385-1A,0.342415966,LCW,TWD,between_breed
BKDN170794331-1A,BKDN170795147-1A,0.24430723,CHP,TWD,between_breed
BKDN170794331-1A,BKDN170794806-1A,0.540749485,JYP,TWD,between_breed
BKDN170794331-1A,BKDN170796250-1A,0.704232346,SPD,TWD,between_breed
BKDN170794331-1A,BKDN170794809-1A,0.443781221,JYP,TWD,between_breed
BKDN170794331-1A,BKDN170795836-1A,0.539232334,CHP,TWD,between_breed
BKDN170794331-1A,BKDN170795743-1A,0.512979271,ZSP,TWD,between_breed
BKDN170794331-1A,BKDN170794972-1A,0.540877913,JYP,TWD,between_breed
BKDN170794331-1A,BKDN170795142-1A,0.542234809,JYP,TWD,between_breed
BKDN170794331-1A,BKDN170794805-1A,0.471723298,JYP,TWD,between_breed
BKDN170794331-1A,BKDN170794392-1A,0.673999471,LCW,TWD,between_breed
BKDN170794331-1A,BKDN170796253-1A,0.654826484,SPD,TWD,between_breed
BKDN170794331-1A,BKDN170795145-1A,0.381049793,CHP,TWD,between_breed
BKDN170794331-1A,BKDN170796424-1A,0.655330102,SPD,TWD,between_breed
BKDN170794331-1A,BKDN170794553-1A,0.377116219,LCW,TWD,between_breed
BKDN170794331-1A,BKDN170795745-1A,0.776475095,ZSP,TWD,between_breed
BKDN170794331-1A,BKDN170796173-1A,0.521970701,CHP,TWD,between_breed
BKDN170794331-1A,BKDN170796000-1A,0.49885636,CHP,TWD,between_breed
BKDN170794331-1A,BKDN170794551-1A,0.280405549,LCW,TWD,between_breed
BKDN170794331-1A,BKDN170795572-1A,0.271099167,ZSP,TWD,between_breed
BKDN170794331-1A,BKDN170794811-1A,0.465907226,JYP,TWD,between_breed
BKDN170794331-1A,BKDN170795149-1A,0.502275947,CHP,TWD,between_breed
BKDN170794331-1A,BKDN170796249-1A,0.634185843,SPD,TWD,between_breed
BKDN170794331-1A,BKDN170796420-1A,0.792784573,SPD,TWD,between_breed
BKDN170794331-1A,BKDN170795744-1A,0.545723524,ZSP,TWD,between_breed
BKDN170794331-1A,BKDN170796247-1A,0.754440191,SPD,TWD,between_breed
BKDN170794331-1A,BKDN170795916-1A,0.659521634,LSD,TWD,between_breed
BKDN170794331-1A,BKDN170795574-1A,0.323477761,ZSP,TWD,between_breed
BKDN170794331-1A,BKDN170794387-1A,0.176941481,LCW,TWD,between_breed
BKDN170794331-1A,BKDN170795837-1A,0.329098966,CHP,TWD,between_breed
BKDN170794331-1A,BKDN170794480-1A,0.275502173,PTB,TWD,between_breed
BKDN170794331-1A,BKDN170796421-1A,0.650109125,SPD,TWD,between_breed
BKDN170794331-1A,BKDN170796080-1A,0.429901469,LSD,TWD,between_breed
BKDN170794331-1A,BKDN170796252-1A,0.330219814,SPD,TWD,between_breed
BKDN170794331-1A,BKDN170796085-1A,0.71575674,SPD,TWD,between_breed
BKDN170794331-1A,BKDN170795141-1A,0.548463299,JYP,TWD,between_breed
BKDN170794331-1A,BKDN170794393-1A,0.303468354,LCW,TWD,between_breed
BKDN170794331-1A,BKDN170795146-1A,0.543675528,CHP,TWD,between_breed
BKDN170794331-1A,BKDN170795838-1A,0.525115892,CHP,TWD,between_breed
BKDN170794331-1A,BKDN170796004-1A,0.698797066,CHP,TWD,between_breed
BKDN170794331-1A,BKDN170795999-1A,0.556066977,CHP,TWD,between_breed
BKDN170794331-1A,BKDN170796419-1A,0.383640632,SPD,TWD,between_breed
BKDN170794331-1A,BKDN170794394-1A,0.367419635,LCW,TWD,between_breed
BKDN170794331-1A,BKDN170794554-1A,0.522017995,LCW,TWD,between_breed
BKDN170794331-1A,BKDN170796245-1A,0.704660354,SPD,TWD,between_breed
BKDN170794331-1A,BKDN170795910-1A,0.262587606,LSD,TWD,between_breed
BKDN170794331-1A,BKDN170795907-1A,0.739299624,LSD,TWD,between_breed
BKDN170794331-1A,BKDN170796413-1A,0.161284064,MWD,TWD,between_breed
BKDN170794331-1A,BKDN170796251-1A,0.735091045,SPD,TWD,between_breed
BKDN170794385-1A,BKDN170794809-1A,0.582441294,JYP,LCW,between_breed
BKDN170794385-1A,BKDN170795738-1A,0.767271895,ZSP,LCW,between_breed
BKDN170794385-1A,BKDN170794480-1A,0.253912378,PTB,LCW,between_breed
BKDN170794385-1A,BKDN170794394-1A,0.422502025,LCW,LCW,within_breed
BKDN170794385-1A,BKDN170796000-1A,0.653436636,CHP,LCW,between_breed
BKDN170794385-1A,BKDN170795742-1A,0.675490022,ZSP,LCW,between_breed
BKDN170794385-1A,BKDN170796085-1A,0.757270173,SPD,LCW,between_breed
BKDN170794385-1A,BKDN170795999-1A,0.610159273,CHP,LCW,between_breed
BKDN170794385-1A,BKDN170795740-1A,0.740908923,ZSP,LCW,between_breed
BKDN170794385-1A,BKDN170796249-1A,0.665766468,SPD,LCW,between_breed
BKDN170794385-1A,BKDN170795572-1A,0.357056683,ZSP,LCW,between_breed
BKDN170794385-1A,BKDN170795910-1A,0.219635536,LSD,LCW,between_breed
BKDN170794385-1A,BKDN170795836-1A,0.679467066,CHP,LCW,between_breed
BKDN170794385-1A,BKDN170795140-1A,0.4294564,JYP,LCW,between_breed
BKDN170794385-1A,BKDN170795576-1A,0.732917049,ZSP,LCW,between_breed
BKDN170794385-1A,BKDN170796252-1A,0.322356267,SPD,LCW,between_breed
BKDN170794385-1A,BKDN170795837-1A,0.195781794,CHP,LCW,between_breed
BKDN170794385-1A,BKDN170795577-1A,0.6818513,ZSP,LCW,between_breed
BKDN170794385-1A,BKDN170796080-1A,0.440761492,LSD,LCW,between_breed
BKDN170794385-1A,BKDN170795912-1A,0.762984479,LSD,LCW,between_breed
BKDN170794385-1A,BKDN170796424-1A,0.675176399,SPD,LCW,between_breed
BKDN170794385-1A,BKDN170794805-1A,0.615863521,JYP,LCW,between_breed
BKDN170794385-1A,BKDN170796077-1A,0.324489902,LSD,LCW,between_breed
BKDN170794385-1A,BKDN170796254-1A,0.437832816,SPD,LCW,between_breed
BKDN170794385-1A,BKDN170796421-1A,0.693064653,SPD,LCW,between_breed
BKDN170794385-1A,BKDN170794806-1A,0.677352443,JYP,LCW,between_breed
BKDN170794385-1A,BKDN170795578-1A,0.626106807,ZSP,LCW,between_breed
BKDN170794385-1A,BKDN170796247-1A,0.735115153,SPD,LCW,between_breed
BKDN170794385-1A,BKDN170796420-1A,0.825476483,SPD,LCW,between_breed
BKDN170794385-1A,BKDN170795744-1A,0.554578417,ZSP,LCW,between_breed
BKDN170794385-1A,BKDN170796413-1A,0.266587393,MWD,LCW,between_breed
BKDN170794385-1A,BKDN170795573-1A,0.347119278,ZSP,LCW,between_breed
BKDN170794385-1A,BKDN170796006-1A,0.676532438,CHP,LCW,between_breed
BKDN170794385-1A,BKDN170795911-1A,0.721755365,LSD,LCW,between_breed
BKDN170794385-1A,BKDN170796253-1A,0.648755498,SPD,LCW,between_breed
BKDN170794385-1A,BKDN170795838-1A,0.667078407,CHP,LCW,between_breed
BKDN170794385-1A,BKDN170794392-1A,0.664775259,LCW,LCW,within_breed
BKDN170794385-1A,BKDN170795147-1A,0.334905187,CHP,LCW,between_breed
BKDN170794385-1A,BKDN170796418-1A,0.771134237,SPD,LCW,between_breed
BKDN170794385-1A,BKDN170795907-1A,0.752959099,LSD,LCW,between_breed
BKDN170794385-1A,BKDN170795141-1A,0.679431145,JYP,LCW,between_breed
BKDN170794385-1A,BKDN170796251-1A,0.755834033,SPD,LCW,between_breed
BKDN170794385-1A,BKDN170795737-1A,0.741119569,ZSP,LCW,between_breed
BKDN170794385-1A,BKDN170795743-1A,0.576696006,ZSP,LCW,between_breed
BKDN170794385-1A,BKDN170796417-1A,0.798449949,SPD,LCW,between_breed
BKDN170794385-1A,BKDN170795574-1A,0.176133793,ZSP,LCW,between_breed
BKDN170794385-1A,BKDN170795916-1A,0.635857284,LSD,LCW,between_breed
BKDN170794385-1A,BKDN170795575-1A,0.726841856,ZSP,LCW,between_breed
BKDN170794385-1A,BKDN170794972-1A,0.669987784,JYP,LCW,between_breed
BKDN170794385-1A,BKDN170795739-1A,0.74597387,ZSP,LCW,between_breed
BKDN170794385-1A,BKDN170794554-1A,0.540139197,LCW,LCW,within_breed
BKDN170794385-1A,BKDN170794553-1A,0.328311795,LCW,LCW,within_breed
BKDN170794385-1A,BKDN170795142-1A,0.69420435,JYP,LCW,between_breed
BKDN170794385-1A,BKDN170795745-1A,0.770326097,ZSP,LCW,between_breed
BKDN170794385-1A,BKDN170795145-1A,0.275986349,CHP,LCW,between_breed
BKDN170794385-1A,BKDN170794811-1A,0.606790671,JYP,LCW,between_breed
BKDN170794385-1A,BKDN170796422-1A,0.794932096,SPD,LCW,between_breed
BKDN170794385-1A,BKDN170794393-1A,0.165490538,LCW,LCW,within_breed
BKDN170794385-1A,BKDN170796250-1A,0.727046441,SPD,LCW,between_breed
BKDN170794385-1A,BKDN170794548-1A,0.257121225,LCW,LCW,within_breed
BKDN170794385-1A,BKDN170794387-1A,0.356359509,LCW,LCW,within_breed
BKDN170794385-1A,BKDN170795149-1A,0.654918212,CHP,LCW,between_breed
BKDN170794385-1A,BKDN170794551-1A,0.185138344,LCW,LCW,within_breed
BKDN170794385-1A,BKDN170796245-1A,0.741675722,SPD,LCW,between_breed
BKDN170794385-1A,BKDN170796173-1A,0.670866413,CHP,LCW,between_breed
BKDN170794385-1A,BKDN170796419-1A,0.410223038,SPD,LCW,between_breed
BKDN170794385-1A,BKDN170796086-1A,0.667713668,SPD,LCW,between_breed
BKDN170794385-1A,BKDN170796004-1A,0.698667119,CHP,LCW,between_breed
BKDN170794385-1A,BKDN170795146-1A,0.60391029,CHP,LCW,between_breed
BKDN170794387-1A,BKDN170795911-1A,0.774935569,LSD,LCW,between_breed
BKDN170794387-1A,BKDN170796077-1A,0.259415661,LSD,LCW,between_breed
BKDN170794387-1A,BKDN170796085-1A,0.78013708,SPD,LCW,between_breed
BKDN170794387-1A,BKDN170795737-1A,0.782879973,ZSP,LCW,between_breed
BKDN170794387-1A,BKDN170796252-1A,0.380478591,SPD,LCW,between_breed
BKDN170794387-1A,BKDN170795912-1A,0.789409934,LSD,LCW,between_breed
BKDN170794387-1A,BKDN170796173-1A,0.499444765,CHP,LCW,between_breed
BKDN170794387-1A,BKDN170795577-1A,0.780254277,ZSP,LCW,between_breed
BKDN170794387-1A,BKDN170796086-1A,0.713451367,SPD,LCW,between_breed
BKDN170794387-1A,BKDN170796420-1A,0.830057116,SPD,LCW,between_breed
BKDN170794387-1A,BKDN170796006-1A,0.48966111,CHP,LCW,between_breed
BKDN170794387-1A,BKDN170796080-1A,0.48686749,LSD,LCW,between_breed
BKDN170794387-1A,BKDN170795149-1A,0.481185184,CHP,LCW,between_breed
BKDN170794387-1A,BKDN170794806-1A,0.519711223,JYP,LCW,between_breed
BKDN170794387-1A,BKDN170796004-1A,0.73314608,CHP,LCW,between_breed
BKDN170794387-1A,BKDN170795742-1A,0.755820494,ZSP,LCW,between_breed
BKDN170794387-1A,BKDN170794972-1A,0.52579994,JYP,LCW,between_breed
BKDN170794387-1A,BKDN170795907-1A,0.804291874,LSD,LCW,between_breed
BKDN170794387-1A,BKDN170794392-1A,0.740931821,LCW,LCW,within_breed
BKDN170794387-1A,BKDN170796000-1A,0.478480599,CHP,LCW,between_breed
BKDN170794387-1A,BKDN170794551-1A,0.274396344,LCW,LCW,within_breed
BKDN170794387-1A,BKDN170795142-1A,0.503630669,JYP,LCW,between_breed
BKDN170794387-1A,BKDN170794805-1A,0.449870731,JYP,LCW,between_breed
BKDN170794387-1A,BKDN170795999-1A,0.61291015,CHP,LCW,between_breed
BKDN170794387-1A,BKDN170796422-1A,0.832443507,SPD,LCW,between_breed
BKDN170794387-1A,BKDN170794394-1A,0.447224018,LCW,LCW,within_breed
BKDN170794387-1A,BKDN170795740-1A,0.807645417,ZSP,LCW,between_breed
BKDN170794387-1A,BKDN170795140-1A,0.203708139,JYP,LCW,between_breed
BKDN170794387-1A,BKDN170795744-1A,0.616386119,ZSP,LCW,between_breed
BKDN170794387-1A,BKDN170795739-1A,0.785975531,ZSP,LCW,between_breed
BKDN170794387-1A,BKDN170795916-1A,0.728150643,LSD,LCW,between_breed
BKDN170794387-1A,BKDN170795743-1A,0.60186864,ZSP,LCW,between_breed
BKDN170794387-1A,BKDN170794393-1A,0.320725632,LCW,LCW,within_breed
BKDN170794387-1A,BKDN170795574-1A,0.339904155,ZSP,LCW,between_breed
BKDN170794387-1A,BKDN170795745-1A,0.836154104,ZSP,LCW,between_breed
BKDN170794387-1A,BKDN170794809-1A,0.458964458,JYP,LCW,between_breed
BKDN170794387-1A,BKDN170796424-1A,0.718274173,SPD,LCW,between_breed
BKDN170794387-1A,BKDN170796413-1A,0.201908482,MWD,LCW,between_breed
BKDN170794387-1A,BKDN170795910-1A,0.286587903,LSD,LCW,between_breed
BKDN170794387-1A,BKDN170795576-1A,0.79959215,ZSP,LCW,between_breed
BKDN170794387-1A,BKDN170794554-1A,0.569277808,LCW,LCW,within_breed
BKDN170794387-1A,BKDN170796249-1A,0.69973183,SPD,LCW,between_breed
BKDN170794387-1A,BKDN170795836-1A,0.520100904,CHP,LCW,between_breed
BKDN170794387-1A,BKDN170795575-1A,0.799396206,ZSP,LCW,between_breed
BKDN170794387-1A,BKDN170794553-1A,0.454496077,LCW,LCW,within_breed
BKDN170794387-1A,BKDN170795837-1A,0.35641761,CHP,LCW,between_breed
BKDN170794387-1A,BKDN170795145-1A,0.402506491,CHP,LCW,between_breed
BKDN170794387-1A,BKDN170795146-1A,0.596663516,CHP,LCW,between_breed
BKDN170794387-1A,BKDN170796253-1A,0.718353207,SPD,LCW,between_breed
BKDN170794387-1A,BKDN170795838-1A,0.502604191,CHP,LCW,between_breed
BKDN170794387-1A,BKDN170796245-1A,0.767223304,SPD,LCW,between_breed
BKDN170794387-1A,BKDN170795141-1A,0.536952795,JYP,LCW,between_breed
BKDN170794387-1A,BKDN170796250-1A,0.770778265,SPD,LCW,between_breed
BKDN170794387-1A,BKDN170796421-1A,0.734701453,SPD,LCW,between_breed
BKDN170794387-1A,BKDN170795578-1A,0.693677226,ZSP,LCW,between_breed
BKDN170794387-1A,BKDN170796419-1A,0.411545183,SPD,LCW,between_breed
BKDN170794387-1A,BKDN170795738-1A,0.805050543,ZSP,LCW,between_breed
BKDN170794387-1A,BKDN170796417-1A,0.835925519,SPD,LCW,between_breed
BKDN170794387-1A,BKDN170794811-1A,0.450884068,JYP,LCW,between_breed
BKDN170794387-1A,BKDN170794548-1A,0.190464538,LCW,LCW,within_breed
BKDN170794387-1A,BKDN170796247-1A,0.825053404,SPD,LCW,between_breed
BKDN170794387-1A,BKDN170796254-1A,0.580419892,SPD,LCW,between_breed
BKDN170794387-1A,BKDN170795573-1A,0.475353178,ZSP,LCW,between_breed
BKDN170794387-1A,BKDN170796418-1A,0.805433278,SPD,LCW,between_breed
BKDN170794387-1A,BKDN170795572-1A,0.263763563,ZSP,LCW,between_breed
BKDN170794387-1A,BKDN170794480-1A,0.248760575,PTB,LCW,between_breed
BKDN170794387-1A,BKDN170796251-1A,0.787785155,SPD,LCW,between_breed
BKDN170794387-1A,BKDN170795147-1A,0.18021911,CHP,LCW,between_breed
BKDN170794392-1A,BKDN170796006-1A,0.524639177,CHP,LCW,between_breed
BKDN170794392-1A,BKDN170795907-1A,0.560569798,LSD,LCW,between_breed
BKDN170794392-1A,BKDN170794553-1A,0.459890167,LCW,LCW,within_breed
BKDN170794392-1A,BKDN170794972-1A,0.605256399,JYP,LCW,between_breed
BKDN170794392-1A,BKDN170795575-1A,0.41417659,ZSP,LCW,between_breed
BKDN170794392-1A,BKDN170796253-1A,0.251136641,SPD,LCW,between_breed
BKDN170794392-1A,BKDN170796251-1A,0.68373285,SPD,LCW,between_breed
BKDN170794392-1A,BKDN170795146-1A,0.336026426,CHP,LCW,between_breed
BKDN170794392-1A,BKDN170794393-1A,0.749398806,LCW,LCW,within_breed
BKDN170794392-1A,BKDN170796000-1A,0.724171336,CHP,LCW,between_breed
BKDN170794392-1A,BKDN170795578-1A,0.614189077,ZSP,LCW,between_breed
BKDN170794392-1A,BKDN170796245-1A,0.516902189,SPD,LCW,between_breed
BKDN170794392-1A,BKDN170794554-1A,0.268053064,LCW,LCW,within_breed
BKDN170794392-1A,BKDN170795572-1A,0.682736029,ZSP,LCW,between_breed
BKDN170794392-1A,BKDN170794551-1A,0.777357032,LCW,LCW,within_breed
BKDN170794392-1A,BKDN170796247-1A,0.455804283,SPD,LCW,between_breed
BKDN170794392-1A,BKDN170796421-1A,0.536735892,SPD,LCW,between_breed
BKDN170794392-1A,BKDN170796250-1A,0.654450157,SPD,LCW,between_breed
BKDN170794392-1A,BKDN170795837-1A,0.695796798,CHP,LCW,between_breed
BKDN170794392-1A,BKDN170795574-1A,0.740195989,ZSP,LCW,between_breed
BKDN170794392-1A,BKDN170795745-1A,0.223657307,ZSP,LCW,between_breed
BKDN170794392-1A,BKDN170795912-1A,0.600511017,LSD,LCW,between_breed
BKDN170794392-1A,BKDN170795145-1A,0.78370404,CHP,LCW,between_breed
BKDN170794392-1A,BKDN170795910-1A,0.790682202,LSD,LCW,between_breed
BKDN170794392-1A,BKDN170795740-1A,0.260569033,ZSP,LCW,between_breed
BKDN170794392-1A,BKDN170796086-1A,0.604946031,SPD,LCW,between_breed
BKDN170794392-1A,BKDN170795916-1A,0.394641024,LSD,LCW,between_breed
BKDN170794392-1A,BKDN170795577-1A,0.330784318,ZSP,LCW,between_breed
BKDN170794392-1A,BKDN170794394-1A,0.616587932,LCW,LCW,within_breed
BKDN170794392-1A,BKDN170796417-1A,0.681553001,SPD,LCW,between_breed
BKDN170794392-1A,BKDN170794480-1A,0.768880631,PTB,LCW,between_breed
BKDN170794392-1A,BKDN170796424-1A,0.555359877,SPD,LCW,between_breed
BKDN170794392-1A,BKDN170796422-1A,0.694108583,SPD,LCW,between_breed
BKDN170794392-1A,BKDN170796252-1A,0.74788837,SPD,LCW,between_breed
BKDN170794392-1A,BKDN170796077-1A,0.741235744,LSD,LCW,between_breed
BKDN170794392-1A,BKDN170794548-1A,0.707636999,LCW,LCW,within_breed
BKDN170794392-1A,BKDN170795838-1A,0.713964472,CHP,LCW,between_breed
BKDN170794392-1A,BKDN170796085-1A,0.585874025,SPD,LCW,between_breed
BKDN170794392-1A,BKDN170795742-1A,0.213851592,ZSP,LCW,between_breed
BKDN170794392-1A,BKDN170795743-1A,0.595209974,ZSP,LCW,between_breed
BKDN170794392-1A,BKDN170795738-1A,0.37077733,ZSP,LCW,between_breed
BKDN170794392-1A,BKDN170794809-1A,0.579482526,JYP,LCW,between_breed
BKDN170794392-1A,BKDN170795744-1A,0.416530349,ZSP,LCW,between_breed
BKDN170794392-1A,BKDN170795147-1A,0.744765581,CHP,LCW,between_breed
BKDN170794392-1A,BKDN170795149-1A,0.578910811,CHP,LCW,between_breed
BKDN170794392-1A,BKDN170796080-1A,0.390490621,LSD,LCW,between_breed
BKDN170794392-1A,BKDN170795573-1A,0.407944111,ZSP,LCW,between_breed
BKDN170794392-1A,BKDN170796249-1A,0.553518577,SPD,LCW,between_breed
BKDN170794392-1A,BKDN170795999-1A,0.356336464,CHP,LCW,between_breed
BKDN170794392-1A,BKDN170795911-1A,0.34663264,LSD,LCW,between_breed
BKDN170794392-1A,BKDN170795140-1A,0.691958054,JYP,LCW,between_breed
BKDN170794392-1A,BKDN170796419-1A,0.763586506,SPD,LCW,between_breed
BKDN170794392-1A,BKDN170794806-1A,0.762696332,JYP,LCW,between_breed
BKDN170794392-1A,BKDN170796413-1A,0.677377329,MWD,LCW,between_breed
BKDN170794392-1A,BKDN170795141-1A,0.676952719,JYP,LCW,between_breed
BKDN170794392-1A,BKDN170796418-1A,0.693696388,SPD,LCW,between_breed
BKDN170794392-1A,BKDN170796254-1A,0.649557756,SPD,LCW,between_breed
BKDN170794392-1A,BKDN170795576-1A,0.305923167,ZSP,LCW,between_breed
BKDN170794392-1A,BKDN170794811-1A,0.522366958,JYP,LCW,between_breed
BKDN170794392-1A,BKDN170796420-1A,0.611673668,SPD,LCW,between_breed
BKDN170794392-1A,BKDN170795739-1A,0.405131949,ZSP,LCW,between_breed
BKDN170794392-1A,BKDN170795737-1A,0.480811414,ZSP,LCW,between_breed
BKDN170794392-1A,BKDN170796004-1A,0.598453747,CHP,LCW,between_breed
BKDN170794392-1A,BKDN170796173-1A,0.752779547,CHP,LCW,between_breed
BKDN170794392-1A,BKDN170795142-1A,0.572122401,JYP,LCW,between_breed
BKDN170794392-1A,BKDN170794805-1A,0.706465027,JYP,LCW,between_breed
BKDN170794392-1A,BKDN170795836-1A,0.664418682,CHP,LCW,between_breed
BKDN170794393-1A,BKDN170796420-1A,0.824350087,SPD,LCW,between_breed
BKDN170794393-1A,BKDN170795999-1A,0.661227083,CHP,LCW,between_breed
BKDN170794393-1A,BKDN170795910-1A,0.161956358,LSD,LCW,between_breed
BKDN170794393-1A,BKDN170796080-1A,0.463705352,LSD,LCW,between_breed
BKDN170794393-1A,BKDN170794972-1A,0.664106212,JYP,LCW,between_breed
BKDN170794393-1A,BKDN170796006-1A,0.655136405,CHP,LCW,between_breed
BKDN170794393-1A,BKDN170795574-1A,0.187540767,ZSP,LCW,between_breed
BKDN170794393-1A,BKDN170795907-1A,0.778075011,LSD,LCW,between_breed
BKDN170794393-1A,BKDN170796000-1A,0.639838324,CHP,LCW,between_breed
BKDN170794393-1A,BKDN170796245-1A,0.774454051,SPD,LCW,between_breed
BKDN170794393-1A,BKDN170796086-1A,0.682478792,SPD,LCW,between_breed
BKDN170794393-1A,BKDN170795142-1A,0.666156971,JYP,LCW,between_breed
BKDN170794393-1A,BKDN170795737-1A,0.797136551,ZSP,LCW,between_breed
BKDN170794393-1A,BKDN170795147-1A,0.319422705,CHP,LCW,between_breed
BKDN170794393-1A,BKDN170796250-1A,0.746694695,SPD,LCW,between_breed
BKDN170794393-1A,BKDN170795912-1A,0.794956283,LSD,LCW,between_breed
BKDN170794393-1A,BKDN170796424-1A,0.702877351,SPD,LCW,between_breed
BKDN170794393-1A,BKDN170795576-1A,0.799210148,ZSP,LCW,between_breed
BKDN170794393-1A,BKDN170795742-1A,0.760555608,ZSP,LCW,between_breed
BKDN170794393-1A,BKDN170796421-1A,0.721858531,SPD,LCW,between_breed
BKDN170794393-1A,BKDN170795744-1A,0.618871244,ZSP,LCW,between_breed
BKDN170794393-1A,BKDN170794553-1A,0.443561811,LCW,LCW,within_breed
BKDN170794393-1A,BKDN170795578-1A,0.710761783,ZSP,LCW,between_breed
BKDN170794393-1A,BKDN170795916-1A,0.738533995,LSD,LCW,between_breed
BKDN170794393-1A,BKDN170796417-1A,0.81824332,SPD,LCW,between_breed
BKDN170794393-1A,BKDN170795141-1A,0.676188056,JYP,LCW,between_breed
BKDN170794393-1A,BKDN170795738-1A,0.799014422,ZSP,LCW,between_breed
BKDN170794393-1A,BKDN170795838-1A,0.653062689,CHP,LCW,between_breed
BKDN170794393-1A,BKDN170795573-1A,0.430067678,ZSP,LCW,between_breed
BKDN170794393-1A,BKDN170795140-1A,0.415601823,JYP,LCW,between_breed
BKDN170794393-1A,BKDN170796249-1A,0.695141932,SPD,LCW,between_breed
BKDN170794393-1A,BKDN170796253-1A,0.718749768,SPD,LCW,between_breed
BKDN170794393-1A,BKDN170795745-1A,0.84208342,ZSP,LCW,between_breed
BKDN170794393-1A,BKDN170795740-1A,0.814675428,ZSP,LCW,between_breed
BKDN170794393-1A,BKDN170796418-1A,0.791087363,SPD,LCW,between_breed
BKDN170794393-1A,BKDN170796247-1A,0.824609701,SPD,LCW,between_breed
BKDN170794393-1A,BKDN170796085-1A,0.766518468,SPD,LCW,between_breed
BKDN170794393-1A,BKDN170795572-1A,0.355333051,ZSP,LCW,between_breed
BKDN170794393-1A,BKDN170794548-1A,0.209354243,LCW,LCW,within_breed
BKDN170794393-1A,BKDN170794811-1A,0.61242337,JYP,LCW,between_breed
BKDN170794393-1A,BKDN170794554-1A,0.629018749,LCW,LCW,within_breed
BKDN170794393-1A,BKDN170795577-1A,0.777228307,ZSP,LCW,between_breed
BKDN170794393-1A,BKDN170794394-1A,0.469747892,LCW,LCW,within_breed
BKDN170794393-1A,BKDN170795575-1A,0.799933656,ZSP,LCW,between_breed
BKDN170794393-1A,BKDN170796254-1A,0.457308482,SPD,LCW,between_breed
BKDN170794393-1A,BKDN170796173-1A,0.648748907,CHP,LCW,between_breed
BKDN170794393-1A,BKDN170795743-1A,0.596511361,ZSP,LCW,between_breed
BKDN170794393-1A,BKDN170796004-1A,0.778288588,CHP,LCW,between_breed
BKDN170794393-1A,BKDN170794806-1A,0.663709203,JYP,LCW,between_breed
BKDN170794393-1A,BKDN170796422-1A,0.809985191,SPD,LCW,between_breed
BKDN170794393-1A,BKDN170794551-1A,0.132935822,LCW,LCW,within_breed
BKDN170794393-1A,BKDN170795145-1A,0.282983262,CHP,LCW,between_breed
BKDN170794393-1A,BKDN170796419-1A,0.364824058,SPD,LCW,between_breed
BKDN170794393-1A,BKDN170795149-1A,0.62983629,CHP,LCW,between_breed
BKDN170794393-1A,BKDN170794805-1A,0.600053105,JYP,LCW,between_breed
BKDN170794393-1A,BKDN170796252-1A,0.274067623,SPD,LCW,between_breed
BKDN170794393-1A,BKDN170794809-1A,0.579506986,JYP,LCW,between_breed
BKDN170794393-1A,BKDN170795146-1A,0.652272382,CHP,LCW,between_breed
BKDN170794393-1A,BKDN170796413-1A,0.238171343,MWD,LCW,between_breed
BKDN170794393-1A,BKDN170796251-1A,0.751100701,SPD,LCW,between_breed
BKDN170794393-1A,BKDN170795836-1A,0.665014871,CHP,LCW,between_breed
BKDN170794393-1A,BKDN170795837-1A,0.228129137,CHP,LCW,between_breed
BKDN170794393-1A,BKDN170796077-1A,0.271913023,LSD,LCW,between_breed
BKDN170794393-1A,BKDN170794480-1A,0.236293253,PTB,LCW,between_breed
BKDN170794393-1A,BKDN170795911-1A,0.774250391,LSD,LCW,between_breed
BKDN170794393-1A,BKDN170795739-1A,0.787788435,ZSP,LCW,between_breed
BKDN170794394-1A,BKDN170795837-1A,0.374431848,CHP,LCW,between_breed
BKDN170794394-1A,BKDN170795575-1A,0.695690953,ZSP,LCW,between_breed
BKDN170794394-1A,BKDN170795838-1A,0.629665107,CHP,LCW,between_breed
BKDN170794394-1A,BKDN170795149-1A,0.581572413,CHP,LCW,between_breed
BKDN170794394-1A,BKDN170796424-1A,0.580461542,SPD,LCW,between_breed
BKDN170794394-1A,BKDN170794811-1A,0.517029757,JYP,LCW,between_breed
BKDN170794394-1A,BKDN170795916-1A,0.566120848,LSD,LCW,between_breed
BKDN170794394-1A,BKDN170794551-1A,0.440441663,LCW,LCW,within_breed
BKDN170794394-1A,BKDN170794548-1A,0.459659225,LCW,LCW,within_breed
BKDN170794394-1A,BKDN170796420-1A,0.807126758,SPD,LCW,between_breed
BKDN170794394-1A,BKDN170796421-1A,0.561013466,SPD,LCW,between_breed
BKDN170794394-1A,BKDN170794554-1A,0.507723003,LCW,LCW,within_breed
BKDN170794394-1A,BKDN170796417-1A,0.745815738,SPD,LCW,between_breed
BKDN170794394-1A,BKDN170796173-1A,0.637551177,CHP,LCW,between_breed
BKDN170794394-1A,BKDN170795142-1A,0.626919091,JYP,LCW,between_breed
BKDN170794394-1A,BKDN170796077-1A,0.413529547,LSD,LCW,between_breed
BKDN170794394-1A,BKDN170796245-1A,0.639574546,SPD,LCW,between_breed
BKDN170794394-1A,BKDN170795572-1A,0.457998671,ZSP,LCW,between_breed
BKDN170794394-1A,BKDN170795141-1A,0.596507554,JYP,LCW,between_breed
BKDN170794394-1A,BKDN170795147-1A,0.529772822,CHP,LCW,between_breed
BKDN170794394-1A,BKDN170795744-1A,0.51126995,ZSP,LCW,between_breed
BKDN170794394-1A,BKDN170795738-1A,0.627371682,ZSP,LCW,between_breed
BKDN170794394-1A,BKDN170796422-1A,0.752521242,SPD,LCW,between_breed
BKDN170794394-1A,BKDN170795739-1A,0.64437475,ZSP,LCW,between_breed
BKDN170794394-1A,BKDN170795836-1A,0.620533151,CHP,LCW,between_breed
BKDN170794394-1A,BKDN170794809-1A,0.534276576,JYP,LCW,between_breed
BKDN170794394-1A,BKDN170795574-1A,0.444609023,ZSP,LCW,between_breed
BKDN170794394-1A,BKDN170796250-1A,0.684580316,SPD,LCW,between_breed
BKDN170794394-1A,BKDN170796413-1A,0.392285598,MWD,LCW,between_breed
BKDN170794394-1A,BKDN170795140-1A,0.414889018,JYP,LCW,between_breed
BKDN170794394-1A,BKDN170794553-1A,0.325706551,LCW,LCW,within_breed
BKDN170794394-1A,BKDN170794972-1A,0.604584639,JYP,LCW,between_breed
BKDN170794394-1A,BKDN170796006-1A,0.612373023,CHP,LCW,between_breed
BKDN170794394-1A,BKDN170795737-1A,0.739453268,ZSP,LCW,between_breed
BKDN170794394-1A,BKDN170796251-1A,0.725951874,SPD,LCW,between_breed
BKDN170794394-1A,BKDN170796419-1A,0.608128458,SPD,LCW,between_breed
BKDN170794394-1A,BKDN170796252-1A,0.571106447,SPD,LCW,between_breed
BKDN170794394-1A,BKDN170795745-1A,0.731317198,ZSP,LCW,between_breed
BKDN170794394-1A,BKDN170795146-1A,0.544963808,CHP,LCW,between_breed
BKDN170794394-1A,BKDN170795910-1A,0.501791065,LSD,LCW,between_breed
BKDN170794394-1A,BKDN170796418-1A,0.733618656,SPD,LCW,between_breed
BKDN170794394-1A,BKDN170795578-1A,0.523930408,ZSP,LCW,between_breed
BKDN170794394-1A,BKDN170795740-1A,0.700993847,ZSP,LCW,between_breed
BKDN170794394-1A,BKDN170794805-1A,0.593796056,JYP,LCW,between_breed
BKDN170794394-1A,BKDN170795911-1A,0.615647427,LSD,LCW,between_breed
BKDN170794394-1A,BKDN170796253-1A,0.631045213,SPD,LCW,between_breed
BKDN170794394-1A,BKDN170795576-1A,0.718277736,ZSP,LCW,between_breed
BKDN170794394-1A,BKDN170795742-1A,0.594671983,ZSP,LCW,between_breed
BKDN170794394-1A,BKDN170795145-1A,0.521969747,CHP,LCW,between_breed
BKDN170794394-1A,BKDN170794806-1A,0.648707455,JYP,LCW,between_breed
BKDN170794394-1A,BKDN170796000-1A,0.576184949,CHP,LCW,between_breed
BKDN170794394-1A,BKDN170796086-1A,0.617673254,SPD,LCW,between_breed
BKDN170794394-1A,BKDN170796004-1A,0.613399743,CHP,LCW,between_breed
BKDN170794394-1A,BKDN170795999-1A,0.386095293,CHP,LCW,between_breed
BKDN170794394-1A,BKDN170796085-1A,0.711804448,SPD,LCW,between_breed
BKDN170794394-1A,BKDN170795907-1A,0.703651727,LSD,LCW,between_breed
BKDN170794394-1A,BKDN170795912-1A,0.768835084,LSD,LCW,between_breed
BKDN170794394-1A,BKDN170796254-1A,0.628217158,SPD,LCW,between_breed
BKDN170794394-1A,BKDN170795743-1A,0.531898315,ZSP,LCW,between_breed
BKDN170794394-1A,BKDN170796080-1A,0.416593329,LSD,LCW,between_breed
BKDN170794394-1A,BKDN170796249-1A,0.573022861,SPD,LCW,between_breed
BKDN170794394-1A,BKDN170795577-1A,0.640320455,ZSP,LCW,between_breed
BKDN170794394-1A,BKDN170795573-1A,0.448923979,ZSP,LCW,between_breed
BKDN170794394-1A,BKDN170794480-1A,0.446583853,PTB,LCW,between_breed
BKDN170794394-1A,BKDN170796247-1A,0.681953036,SPD,LCW,between_breed
BKDN170794480-1A,BKDN170795739-1A,0.81480955,ZSP,PTB,between_breed
BKDN170794480-1A,BKDN170795142-1A,0.697862093,JYP,PTB,between_breed
BKDN170794480-1A,BKDN170795744-1A,0.660472714,ZSP,PTB,between_breed
BKDN170794480-1A,BKDN170796254-1A,0.502521774,SPD,PTB,between_breed
BKDN170794480-1A,BKDN170794972-1A,0.687539683,JYP,PTB,between_breed
BKDN170794480-1A,BKDN170795916-1A,0.757268079,LSD,PTB,between_breed
BKDN170794480-1A,BKDN170796000-1A,0.642704035,CHP,PTB,between_breed
BKDN170794480-1A,BKDN170794805-1A,0.619631515,JYP,PTB,between_breed
BKDN170794480-1A,BKDN170796085-1A,0.827852239,SPD,PTB,between_breed
BKDN170794480-1A,BKDN170795140-1A,0.340647041,JYP,PTB,between_breed
BKDN170794480-1A,BKDN170796250-1A,0.793878494,SPD,PTB,between_breed
BKDN170794480-1A,BKDN170795740-1A,0.838337942,ZSP,PTB,between_breed
BKDN170794480-1A,BKDN170795907-1A,0.823100102,LSD,PTB,between_breed
BKDN170794480-1A,BKDN170796086-1A,0.70626422,SPD,PTB,between_breed
BKDN170794480-1A,BKDN170796417-1A,0.863384213,SPD,PTB,between_breed
BKDN170794480-1A,BKDN170795574-1A,0.225542323,ZSP,PTB,between_breed
BKDN170794480-1A,BKDN170795836-1A,0.685457064,CHP,PTB,between_breed
BKDN170794480-1A,BKDN170795141-1A,0.694570442,JYP,PTB,between_breed
BKDN170794480-1A,BKDN170794553-1A,0.453142428,LCW,PTB,between_breed
BKDN170794480-1A,BKDN170795745-1A,0.865825363,ZSP,PTB,between_breed
BKDN170794480-1A,BKDN170795576-1A,0.839013511,ZSP,PTB,between_breed
BKDN170794480-1A,BKDN170796421-1A,0.760307473,SPD,PTB,between_breed
BKDN170794480-1A,BKDN170795573-1A,0.433048348,ZSP,PTB,between_breed
BKDN170794480-1A,BKDN170794548-1A,0.211594211,LCW,PTB,between_breed
BKDN170794480-1A,BKDN170794554-1A,0.618089197,LCW,PTB,between_breed
BKDN170794480-1A,BKDN170796247-1A,0.85826394,SPD,PTB,between_breed
BKDN170794480-1A,BKDN170795742-1A,0.790796715,ZSP,PTB,between_breed
BKDN170794480-1A,BKDN170796424-1A,0.752292618,SPD,PTB,between_breed
BKDN170794480-1A,BKDN170795737-1A,0.850462513,ZSP,PTB,between_breed
BKDN170794480-1A,BKDN170796173-1A,0.660992488,CHP,PTB,between_breed
BKDN170794480-1A,BKDN170795910-1A,0.172243495,LSD,PTB,between_breed
BKDN170794480-1A,BKDN170796419-1A,0.380700618,SPD,PTB,between_breed
BKDN170794480-1A,BKDN170796245-1A,0.790892454,SPD,PTB,between_breed
BKDN170794480-1A,BKDN170795743-1A,0.605194018,ZSP,PTB,between_breed
BKDN170794480-1A,BKDN170794806-1A,0.680724327,JYP,PTB,between_breed
BKDN170794480-1A,BKDN170794551-1A,0.135115175,LCW,PTB,between_breed
BKDN170794480-1A,BKDN170795838-1A,0.666472503,CHP,PTB,between_breed
BKDN170794480-1A,BKDN170795999-1A,0.625867296,CHP,PTB,between_breed
BKDN170794480-1A,BKDN170795146-1A,0.646600451,CHP,PTB,between_breed
BKDN170794480-1A,BKDN170796253-1A,0.762401256,SPD,PTB,between_breed
BKDN170794480-1A,BKDN170795912-1A,0.854446409,LSD,PTB,between_breed
BKDN170794480-1A,BKDN170796251-1A,0.815431908,SPD,PTB,between_breed
BKDN170794480-1A,BKDN170796413-1A,0.219969007,MWD,PTB,between_breed
BKDN170794480-1A,BKDN170796422-1A,0.852949379,SPD,PTB,between_breed
BKDN170794480-1A,BKDN170795147-1A,0.252558924,CHP,PTB,between_breed
BKDN170794480-1A,BKDN170795145-1A,0.279946812,CHP,PTB,between_breed
BKDN170794480-1A,BKDN170796252-1A,0.336913759,SPD,PTB,between_breed
BKDN170794480-1A,BKDN170796006-1A,0.684626022,CHP,PTB,between_breed
BKDN170794480-1A,BKDN170796077-1A,0.267867093,LSD,PTB,between_breed
BKDN170794480-1A,BKDN170795572-1A,0.337603508,ZSP,PTB,between_breed
BKDN170794480-1A,BKDN170796418-1A,0.822444862,SPD,PTB,between_breed
BKDN170794480-1A,BKDN170795578-1A,0.722064877,ZSP,PTB,between_breed
BKDN170794480-1A,BKDN170795149-1A,0.659698142,CHP,PTB,between_breed
BKDN170794480-1A,BKDN170795837-1A,0.227464606,CHP,PTB,between_breed
BKDN170794480-1A,BKDN170794811-1A,0.604104195,JYP,PTB,between_breed
BKDN170794480-1A,BKDN170795911-1A,0.811999734,LSD,PTB,between_breed
BKDN170794480-1A,BKDN170796080-1A,0.458694511,LSD,PTB,between_breed
BKDN170794480-1A,BKDN170796420-1A,0.870582747,SPD,PTB,between_breed
BKDN170794480-1A,BKDN170795738-1A,0.838553752,ZSP,PTB,between_breed
BKDN170794480-1A,BKDN170796249-1A,0.723936653,SPD,PTB,between_breed
BKDN170794480-1A,BKDN170795577-1A,0.816860505,ZSP,PTB,between_breed
BKDN170794480-1A,BKDN170796004-1A,0.766554797,CHP,PTB,between_breed
BKDN170794480-1A,BKDN170795575-1A,0.84559361,ZSP,PTB,between_breed
BKDN170794480-1A,BKDN170794809-1A,0.588649479,JYP,PTB,between_breed
BKDN170794548-1A,BKDN170795740-1A,0.775068945,ZSP,LCW,between_breed
BKDN170794548-1A,BKDN170795141-1A,0.615851,JYP,LCW,between_breed
BKDN170794548-1A,BKDN170795572-1A,0.231538199,ZSP,LCW,between_breed
BKDN170794548-1A,BKDN170795910-1A,0.20562236,LSD,LCW,between_breed
BKDN170794548-1A,BKDN170796421-1A,0.69877501,SPD,LCW,between_breed
BKDN170794548-1A,BKDN170796077-1A,0.222230378,LSD,LCW,between_breed
BKDN170794548-1A,BKDN170795999-1A,0.624852715,CHP,LCW,between_breed
BKDN170794548-1A,BKDN170795578-1A,0.654252957,ZSP,LCW,between_breed
BKDN170794548-1A,BKDN170795739-1A,0.753663898,ZSP,LCW,between_breed
BKDN170794548-1A,BKDN170795142-1A,0.602420276,JYP,LCW,between_breed
BKDN170794548-1A,BKDN170795149-1A,0.553922762,CHP,LCW,between_breed
BKDN170794548-1A,BKDN170795574-1A,0.248799003,ZSP,LCW,between_breed
BKDN170794548-1A,BKDN170796004-1A,0.7376808,CHP,LCW,between_breed
BKDN170794548-1A,BKDN170796086-1A,0.667618068,SPD,LCW,between_breed
BKDN170794548-1A,BKDN170796245-1A,0.739755403,SPD,LCW,between_breed
BKDN170794548-1A,BKDN170795573-1A,0.380119117,ZSP,LCW,between_breed
BKDN170794548-1A,BKDN170794551-1A,0.194608418,LCW,LCW,within_breed
BKDN170794548-1A,BKDN170795912-1A,0.756353481,LSD,LCW,between_breed
BKDN170794548-1A,BKDN170795742-1A,0.718933078,ZSP,LCW,between_breed
BKDN170794548-1A,BKDN170796080-1A,0.416417066,LSD,LCW,between_breed
BKDN170794548-1A,BKDN170795577-1A,0.738962409,ZSP,LCW,between_breed
BKDN170794548-1A,BKDN170795575-1A,0.766846581,ZSP,LCW,between_breed
BKDN170794548-1A,BKDN170795837-1A,0.297600055,CHP,LCW,between_breed
BKDN170794548-1A,BKDN170794811-1A,0.542387929,JYP,LCW,between_breed
BKDN170794548-1A,BKDN170795576-1A,0.766396745,ZSP,LCW,between_breed
BKDN170794548-1A,BKDN170795911-1A,0.737872208,LSD,LCW,between_breed
BKDN170794548-1A,BKDN170796413-1A,0.164524642,MWD,LCW,between_breed
BKDN170794548-1A,BKDN170794972-1A,0.61480205,JYP,LCW,between_breed
BKDN170794548-1A,BKDN170795836-1A,0.607663027,CHP,LCW,between_breed
BKDN170794548-1A,BKDN170795738-1A,0.774040663,ZSP,LCW,between_breed
BKDN170794548-1A,BKDN170796247-1A,0.784781022,SPD,LCW,between_breed
BKDN170794548-1A,BKDN170796418-1A,0.770144765,SPD,LCW,between_breed
BKDN170794548-1A,BKDN170795907-1A,0.760440496,LSD,LCW,between_breed
BKDN170794548-1A,BKDN170794809-1A,0.516795875,JYP,LCW,between_breed
BKDN170794548-1A,BKDN170795737-1A,0.756385408,ZSP,LCW,between_breed
BKDN170794548-1A,BKDN170796173-1A,0.603726094,CHP,LCW,between_breed
BKDN170794548-1A,BKDN170796000-1A,0.5827006,CHP,LCW,between_breed
BKDN170794548-1A,BKDN170796085-1A,0.750088659,SPD,LCW,between_breed
BKDN170794548-1A,BKDN170795744-1A,0.57361573,ZSP,LCW,between_breed
BKDN170794548-1A,BKDN170795745-1A,0.805310488,ZSP,LCW,between_breed
BKDN170794548-1A,BKDN170795743-1A,0.545939841,ZSP,LCW,between_breed
BKDN170794548-1A,BKDN170795916-1A,0.689747259,LSD,LCW,between_breed
BKDN170794548-1A,BKDN170796424-1A,0.680982064,SPD,LCW,between_breed
BKDN170794548-1A,BKDN170795147-1A,0.182704609,CHP,LCW,between_breed
BKDN170794548-1A,BKDN170795838-1A,0.603000062,CHP,LCW,between_breed
BKDN170794548-1A,BKDN170794553-1A,0.414143966,LCW,LCW,within_breed
BKDN170794548-1A,BKDN170796249-1A,0.667875961,SPD,LCW,between_breed
BKDN170794548-1A,BKDN170796253-1A,0.689153626,SPD,LCW,between_breed
BKDN170794548-1A,BKDN170795146-1A,0.593769753,CHP,LCW,between_breed
BKDN170794548-1A,BKDN170796417-1A,0.796842591,SPD,LCW,between_breed
BKDN170794548-1A,BKDN170794554-1A,0.57774873,LCW,LCW,within_breed
BKDN170794548-1A,BKDN170794806-1A,0.612716927,JYP,LCW,between_breed
BKDN170794548-1A,BKDN170796422-1A,0.792563707,SPD,LCW,between_breed
BKDN170794548-1A,BKDN170796254-1A,0.501037758,SPD,LCW,between_breed
BKDN170794548-1A,BKDN170796251-1A,0.736670971,SPD,LCW,between_breed
BKDN170794548-1A,BKDN170796419-1A,0.342933583,SPD,LCW,between_breed
BKDN170794548-1A,BKDN170796006-1A,0.583210814,CHP,LCW,between_breed
BKDN170794548-1A,BKDN170796420-1A,0.803725709,SPD,LCW,between_breed
BKDN170794548-1A,BKDN170794805-1A,0.54176561,JYP,LCW,between_breed
BKDN170794548-1A,BKDN170796252-1A,0.266511874,SPD,LCW,between_breed
BKDN170794548-1A,BKDN170795145-1A,0.335690119,CHP,LCW,between_breed
BKDN170794548-1A,BKDN170795140-1A,0.288235145,JYP,LCW,between_breed
BKDN170794548-1A,BKDN170796250-1A,0.727509576,SPD,LCW,between_breed
BKDN170794551-1A,BKDN170795738-1A,0.843463216,ZSP,LCW,between_breed
BKDN170794551-1A,BKDN170796422-1A,0.855754962,SPD,LCW,between_breed
BKDN170794551-1A,BKDN170796251-1A,0.818929268,SPD,LCW,between_breed
BKDN170794551-1A,BKDN170795574-1A,0.16997567,ZSP,LCW,between_breed
BKDN170794551-1A,BKDN170795576-1A,0.841457912,ZSP,LCW,between_breed
BKDN170794551-1A,BKDN170795149-1A,0.631162373,CHP,LCW,between_breed
BKDN170794551-1A,BKDN170796420-1A,0.864199007,SPD,LCW,between_breed
BKDN170794551-1A,BKDN170796421-1A,0.764843381,SPD,LCW,between_breed
BKDN170794551-1A,BKDN170796413-1A,0.194194876,MWD,LCW,between_breed
BKDN170794551-1A,BKDN170795141-1A,0.681251529,JYP,LCW,between_breed
BKDN170794551-1A,BKDN170794809-1A,0.576529892,JYP,LCW,between_breed
BKDN170794551-1A,BKDN170794811-1A,0.593325333,JYP,LCW,between_breed
BKDN170794551-1A,BKDN170795147-1A,0.280424545,CHP,LCW,between_breed
BKDN170794551-1A,BKDN170796000-1A,0.629275401,CHP,LCW,between_breed
BKDN170794551-1A,BKDN170796253-1A,0.753143974,SPD,LCW,between_breed
BKDN170794551-1A,BKDN170795910-1A,0.124610232,LSD,LCW,between_breed
BKDN170794551-1A,BKDN170796085-1A,0.814900834,SPD,LCW,between_breed
BKDN170794551-1A,BKDN170796418-1A,0.824097354,SPD,LCW,between_breed
BKDN170794551-1A,BKDN170795999-1A,0.63867141,CHP,LCW,between_breed
BKDN170794551-1A,BKDN170795838-1A,0.643901248,CHP,LCW,between_breed
BKDN170794551-1A,BKDN170795572-1A,0.313564997,ZSP,LCW,between_breed
BKDN170794551-1A,BKDN170795744-1A,0.647603133,ZSP,LCW,between_breed
BKDN170794551-1A,BKDN170796424-1A,0.750978156,SPD,LCW,between_breed
BKDN170794551-1A,BKDN170796249-1A,0.730620676,SPD,LCW,between_breed
BKDN170794551-1A,BKDN170795837-1A,0.192027415,CHP,LCW,between_breed
BKDN170794551-1A,BKDN170796006-1A,0.657216579,CHP,LCW,between_breed
BKDN170794551-1A,BKDN170795911-1A,0.815049259,LSD,LCW,between_breed
BKDN170794551-1A,BKDN170796077-1A,0.238656161,LSD,LCW,between_breed
BKDN170794551-1A,BKDN170796080-1A,0.469870655,LSD,LCW,between_breed
BKDN170794551-1A,BKDN170796004-1A,0.770171458,CHP,LCW,between_breed
BKDN170794551-1A,BKDN170795743-1A,0.610329194,ZSP,LCW,between_breed
BKDN170794551-1A,BKDN170795836-1A,0.656688709,CHP,LCW,between_breed
BKDN170794551-1A,BKDN170796252-1A,0.301793326,SPD,LCW,between_breed
BKDN170794551-1A,BKDN170796417-1A,0.864146684,SPD,LCW,between_breed
BKDN170794551-1A,BKDN170795578-1A,0.719400939,ZSP,LCW,between_breed
BKDN170794551-1A,BKDN170795577-1A,0.815227797,ZSP,LCW,between_breed
BKDN170794551-1A,BKDN170795575-1A,0.832898445,ZSP,LCW,between_breed
BKDN170794551-1A,BKDN170795573-1A,0.424890715,ZSP,LCW,between_breed
BKDN170794551-1A,BKDN170795916-1A,0.762005126,LSD,LCW,between_breed
BKDN170794551-1A,BKDN170794806-1A,0.655299944,JYP,LCW,between_breed
BKDN170794551-1A,BKDN170794554-1A,0.605810558,LCW,LCW,within_breed
BKDN170794551-1A,BKDN170795142-1A,0.669941022,JYP,LCW,between_breed
BKDN170794551-1A,BKDN170795912-1A,0.836793667,LSD,LCW,between_breed
BKDN170794551-1A,BKDN170796419-1A,0.360095948,SPD,LCW,between_breed
BKDN170794551-1A,BKDN170796250-1A,0.794043203,SPD,LCW,between_breed
BKDN170794551-1A,BKDN170795907-1A,0.824105618,LSD,LCW,between_breed
BKDN170794551-1A,BKDN170795745-1A,0.871865631,ZSP,LCW,between_breed
BKDN170794551-1A,BKDN170795740-1A,0.84447104,ZSP,LCW,between_breed
BKDN170794551-1A,BKDN170795146-1A,0.635405082,CHP,LCW,between_breed
BKDN170794551-1A,BKDN170796086-1A,0.707451963,SPD,LCW,between_breed
BKDN170794551-1A,BKDN170795140-1A,0.369407599,JYP,LCW,between_breed
BKDN170794551-1A,BKDN170795739-1A,0.82039819,ZSP,LCW,between_breed
BKDN170794551-1A,BKDN170796247-1A,0.865011105,SPD,LCW,between_breed
BKDN170794551-1A,BKDN170796245-1A,0.801772877,SPD,LCW,between_breed
BKDN170794551-1A,BKDN170794553-1A,0.44942588,LCW,LCW,within_breed
BKDN170794551-1A,BKDN170794972-1A,0.658499584,JYP,LCW,between_breed
BKDN170794551-1A,BKDN170796254-1A,0.481525098,SPD,LCW,between_breed
BKDN170794551-1A,BKDN170795742-1A,0.794115408,ZSP,LCW,between_breed
BKDN170794551-1A,BKDN170796173-1A,0.642540671,CHP,LCW,between_breed
BKDN170794551-1A,BKDN170794805-1A,0.586026908,JYP,LCW,between_breed
BKDN170794551-1A,BKDN170795145-1A,0.251185384,CHP,LCW,between_breed
BKDN170794551-1A,BKDN170795737-1A,0.835349141,ZSP,LCW,between_breed
BKDN170794553-1A,BKDN170795911-1A,0.660513839,LSD,LCW,between_breed
BKDN170794553-1A,BKDN170795910-1A,0.490462926,LSD,LCW,between_breed
BKDN170794553-1A,BKDN170796080-1A,0.467001352,LSD,LCW,between_breed
BKDN170794553-1A,BKDN170796086-1A,0.628775333,SPD,LCW,between_breed
BKDN170794553-1A,BKDN170796000-1A,0.643975021,CHP,LCW,between_breed
BKDN170794553-1A,BKDN170795742-1A,0.567252127,ZSP,LCW,between_breed
BKDN170794553-1A,BKDN170795745-1A,0.585795656,ZSP,LCW,between_breed
BKDN170794553-1A,BKDN170795744-1A,0.481224204,ZSP,LCW,between_breed
BKDN170794553-1A,BKDN170795572-1A,0.450045302,ZSP,LCW,between_breed
BKDN170794553-1A,BKDN170795999-1A,0.534235611,CHP,LCW,between_breed
BKDN170794553-1A,BKDN170796085-1A,0.715986342,SPD,LCW,between_breed
BKDN170794553-1A,BKDN170795912-1A,0.728246482,LSD,LCW,between_breed
BKDN170794553-1A,BKDN170796424-1A,0.628304179,SPD,LCW,between_breed
BKDN170794553-1A,BKDN170794809-1A,0.585875985,JYP,LCW,between_breed
BKDN170794553-1A,BKDN170794554-1A,0.413089568,LCW,LCW,within_breed
BKDN170794553-1A,BKDN170796173-1A,0.670261291,CHP,LCW,between_breed
BKDN170794553-1A,BKDN170795140-1A,0.453143107,JYP,LCW,between_breed
BKDN170794553-1A,BKDN170796247-1A,0.594706041,SPD,LCW,between_breed
BKDN170794553-1A,BKDN170796077-1A,0.413719389,LSD,LCW,between_breed
BKDN170794553-1A,BKDN170796245-1A,0.693446506,SPD,LCW,between_breed
BKDN170794553-1A,BKDN170795916-1A,0.394112941,LSD,LCW,between_breed
BKDN170794553-1A,BKDN170796421-1A,0.62357469,SPD,LCW,between_breed
BKDN170794553-1A,BKDN170795575-1A,0.63101055,ZSP,LCW,between_breed
BKDN170794553-1A,BKDN170795149-1A,0.659853764,CHP,LCW,between_breed
BKDN170794553-1A,BKDN170795738-1A,0.708524484,ZSP,LCW,between_breed
BKDN170794553-1A,BKDN170794806-1A,0.687771388,JYP,LCW,between_breed
BKDN170794553-1A,BKDN170795743-1A,0.539436182,ZSP,LCW,between_breed
BKDN170794553-1A,BKDN170796254-1A,0.599888349,SPD,LCW,between_breed
BKDN170794553-1A,BKDN170795574-1A,0.444684619,ZSP,LCW,between_breed
BKDN170794553-1A,BKDN170795737-1A,0.611698719,ZSP,LCW,between_breed
BKDN170794553-1A,BKDN170796253-1A,0.473390378,SPD,LCW,between_breed
BKDN170794553-1A,BKDN170795145-1A,0.518820108,CHP,LCW,between_breed
BKDN170794553-1A,BKDN170795838-1A,0.673883406,CHP,LCW,between_breed
BKDN170794553-1A,BKDN170796252-1A,0.536326446,SPD,LCW,between_breed
BKDN170794553-1A,BKDN170795907-1A,0.703737269,LSD,LCW,between_breed
BKDN170794553-1A,BKDN170796249-1A,0.619358401,SPD,LCW,between_breed
BKDN170794553-1A,BKDN170795147-1A,0.476615539,CHP,LCW,between_breed
BKDN170794553-1A,BKDN170796422-1A,0.749896982,SPD,LCW,between_breed
BKDN170794553-1A,BKDN170796413-1A,0.403083853,MWD,LCW,between_breed
BKDN170794553-1A,BKDN170794811-1A,0.59293703,JYP,LCW,between_breed
BKDN170794553-1A,BKDN170795141-1A,0.67564139,JYP,LCW,between_breed
BKDN170794553-1A,BKDN170795146-1A,0.586437826,CHP,LCW,between_breed
BKDN170794553-1A,BKDN170795837-1A,0.429801748,CHP,LCW,between_breed
BKDN170794553-1A,BKDN170794805-1A,0.626297617,JYP,LCW,between_breed
BKDN170794553-1A,BKDN170795740-1A,0.632756016,ZSP,LCW,between_breed
BKDN170794553-1A,BKDN170795578-1A,0.5331552,ZSP,LCW,between_breed
BKDN170794553-1A,BKDN170796004-1A,0.634383384,CHP,LCW,between_breed
BKDN170794553-1A,BKDN170795576-1A,0.574033811,ZSP,LCW,between_breed
BKDN170794553-1A,BKDN170795142-1A,0.69621967,JYP,LCW,between_breed
BKDN170794553-1A,BKDN170796419-1A,0.580481161,SPD,LCW,between_breed
BKDN170794553-1A,BKDN170796420-1A,0.805406276,SPD,LCW,between_breed
BKDN170794553-1A,BKDN170795573-1A,0.278290847,ZSP,LCW,between_breed
BKDN170794553-1A,BKDN170796006-1A,0.684386841,CHP,LCW,between_breed
BKDN170794553-1A,BKDN170796417-1A,0.743971548,SPD,LCW,between_breed
BKDN170794553-1A,BKDN170796250-1A,0.686724003,SPD,LCW,between_breed
BKDN170794553-1A,BKDN170795739-1A,0.686449961,ZSP,LCW,between_breed
BKDN170794553-1A,BKDN170795836-1A,0.688783156,CHP,LCW,between_breed
BKDN170794553-1A,BKDN170796418-1A,0.729433179,SPD,LCW,between_breed
BKDN170794553-1A,BKDN170795577-1A,0.505665542,ZSP,LCW,between_breed
BKDN170794553-1A,BKDN170796251-1A,0.721588839,SPD,LCW,between_breed
BKDN170794553-1A,BKDN170794972-1A,0.671234718,JYP,LCW,between_breed
BKDN170794554-1A,BKDN170795575-1A,0.431747097,ZSP,LCW,between_breed
BKDN170794554-1A,BKDN170795578-1A,0.623044704,ZSP,LCW,between_breed
BKDN170794554-1A,BKDN170796421-1A,0.588706839,SPD,LCW,between_breed
BKDN170794554-1A,BKDN170796245-1A,0.579987983,SPD,LCW,between_breed
BKDN170794554-1A,BKDN170795574-1A,0.580154968,ZSP,LCW,between_breed
BKDN170794554-1A,BKDN170795836-1A,0.601791568,CHP,LCW,between_breed
BKDN170794554-1A,BKDN170796424-1A,0.59326837,SPD,LCW,between_breed
BKDN170794554-1A,BKDN170795837-1A,0.563788643,CHP,LCW,between_breed
BKDN170794554-1A,BKDN170795907-1A,0.609396584,LSD,LCW,between_breed
BKDN170794554-1A,BKDN170795572-1A,0.545746943,ZSP,LCW,between_breed
BKDN170794554-1A,BKDN170795745-1A,0.335725973,ZSP,LCW,between_breed
BKDN170794554-1A,BKDN170795910-1A,0.617689324,LSD,LCW,between_breed
BKDN170794554-1A,BKDN170795145-1A,0.650423571,CHP,LCW,between_breed
BKDN170794554-1A,BKDN170795140-1A,0.555234337,JYP,LCW,between_breed
BKDN170794554-1A,BKDN170796249-1A,0.566517091,SPD,LCW,between_breed
BKDN170794554-1A,BKDN170796250-1A,0.688684781,SPD,LCW,between_breed
BKDN170794554-1A,BKDN170796253-1A,0.299164728,SPD,LCW,between_breed
BKDN170794554-1A,BKDN170794811-1A,0.464954163,JYP,LCW,between_breed
BKDN170794554-1A,BKDN170796077-1A,0.572180425,LSD,LCW,between_breed
BKDN170794554-1A,BKDN170795911-1A,0.405333453,LSD,LCW,between_breed
BKDN170794554-1A,BKDN170795838-1A,0.634665621,CHP,LCW,between_breed
BKDN170794554-1A,BKDN170796417-1A,0.71802759,SPD,LCW,between_breed
BKDN170794554-1A,BKDN170795576-1A,0.383921146,ZSP,LCW,between_breed
BKDN170794554-1A,BKDN170796413-1A,0.511196779,MWD,LCW,between_breed
BKDN170794554-1A,BKDN170795916-1A,0.501498955,LSD,LCW,between_breed
BKDN170794554-1A,BKDN170795740-1A,0.351262415,ZSP,LCW,between_breed
BKDN170794554-1A,BKDN170796420-1A,0.64060535,SPD,LCW,between_breed
BKDN170794554-1A,BKDN170795738-1A,0.424794384,ZSP,LCW,between_breed
BKDN170794554-1A,BKDN170796419-1A,0.670882599,SPD,LCW,between_breed
BKDN170794554-1A,BKDN170796252-1A,0.650828712,SPD,LCW,between_breed
BKDN170794554-1A,BKDN170794805-1A,0.635697441,JYP,LCW,between_breed
BKDN170794554-1A,BKDN170795577-1A,0.42502316,ZSP,LCW,between_breed
BKDN170794554-1A,BKDN170796418-1A,0.695635831,SPD,LCW,between_breed
BKDN170794554-1A,BKDN170796004-1A,0.575755337,CHP,LCW,between_breed
BKDN170794554-1A,BKDN170795141-1A,0.643028436,JYP,LCW,between_breed
BKDN170794554-1A,BKDN170794809-1A,0.483492495,JYP,LCW,between_breed
BKDN170794554-1A,BKDN170796422-1A,0.726971336,SPD,LCW,between_breed
BKDN170794554-1A,BKDN170795739-1A,0.431117986,ZSP,LCW,between_breed
BKDN170794554-1A,BKDN170794806-1A,0.703629046,JYP,LCW,between_breed
BKDN170794554-1A,BKDN170796251-1A,0.710617514,SPD,LCW,between_breed
BKDN170794554-1A,BKDN170795142-1A,0.434810064,JYP,LCW,between_breed
BKDN170794554-1A,BKDN170796080-1A,0.358647461,LSD,LCW,between_breed
BKDN170794554-1A,BKDN170795573-1A,0.376359464,ZSP,LCW,between_breed
BKDN170794554-1A,BKDN170796086-1A,0.554314624,SPD,LCW,between_breed
BKDN170794554-1A,BKDN170796254-1A,0.552237438,SPD,LCW,between_breed
BKDN170794554-1A,BKDN170795146-1A,0.326779834,CHP,LCW,between_breed
BKDN170794554-1A,BKDN170796247-1A,0.515275931,SPD,LCW,between_breed
BKDN170794554-1A,BKDN170796000-1A,0.679858543,CHP,LCW,between_breed
BKDN170794554-1A,BKDN170795999-1A,0.321364837,CHP,LCW,between_breed
BKDN170794554-1A,BKDN170796006-1A,0.444181867,CHP,LCW,between_breed
BKDN170794554-1A,BKDN170795742-1A,0.291303307,ZSP,LCW,between_breed
BKDN170794554-1A,BKDN170795912-1A,0.590804464,LSD,LCW,between_breed
BKDN170794554-1A,BKDN170796085-1A,0.591557974,SPD,LCW,between_breed
BKDN170794554-1A,BKDN170795744-1A,0.389392132,ZSP,LCW,between_breed
BKDN170794554-1A,BKDN170795737-1A,0.493729578,ZSP,LCW,between_breed
BKDN170794554-1A,BKDN170796173-1A,0.693441421,CHP,LCW,between_breed
BKDN170794554-1A,BKDN170794972-1A,0.470388061,JYP,LCW,between_breed
BKDN170794554-1A,BKDN170795743-1A,0.550328103,ZSP,LCW,between_breed
BKDN170794554-1A,BKDN170795147-1A,0.599036548,CHP,LCW,between_breed
BKDN170794554-1A,BKDN170795149-1A,0.424076499,CHP,LCW,between_breed
BKDN170794805-1A,BKDN170796424-1A,0.733039036,SPD,JYP,between_breed
BKDN170794805-1A,BKDN170796421-1A,0.690371454,SPD,JYP,between_breed
BKDN170794805-1A,BKDN170794806-1A,0.124712502,JYP,JYP,within_breed
BKDN170794805-1A,BKDN170796247-1A,0.776876668,SPD,JYP,between_breed
BKDN170794805-1A,BKDN170795742-1A,0.696197475,ZSP,JYP,between_breed
BKDN170794805-1A,BKDN170794972-1A,0.300998776,JYP,JYP,within_breed
BKDN170794805-1A,BKDN170795575-1A,0.74990943,ZSP,JYP,between_breed
BKDN170794805-1A,BKDN170796080-1A,0.66035131,LSD,JYP,between_breed
BKDN170794805-1A,BKDN170795745-1A,0.782568112,ZSP,JYP,between_breed
BKDN170794805-1A,BKDN170796077-1A,0.526826223,LSD,JYP,between_breed
BKDN170794805-1A,BKDN170795744-1A,0.672389388,ZSP,JYP,between_breed
BKDN170794805-1A,BKDN170796413-1A,0.460439929,MWD,JYP,between_breed
BKDN170794805-1A,BKDN170795907-1A,0.77591429,LSD,JYP,between_breed
BKDN170794805-1A,BKDN170795916-1A,0.752325936,LSD,JYP,between_breed
BKDN170794805-1A,BKDN170795574-1A,0.622386356,ZSP,JYP,between_breed
BKDN170794805-1A,BKDN170795836-1A,0.122937584,CHP,JYP,between_breed
BKDN170794805-1A,BKDN170795743-1A,0.681968164,ZSP,JYP,between_breed
BKDN170794805-1A,BKDN170796173-1A,0.099415079,CHP,JYP,between_breed
BKDN170794805-1A,BKDN170795142-1A,0.356545921,JYP,JYP,within_breed
BKDN170794805-1A,BKDN170795911-1A,0.718836545,LSD,JYP,between_breed
BKDN170794805-1A,BKDN170796249-1A,0.72423526,SPD,JYP,between_breed
BKDN170794805-1A,BKDN170796000-1A,0.140062871,CHP,JYP,between_breed
BKDN170794805-1A,BKDN170795572-1A,0.506878851,ZSP,JYP,between_breed
BKDN170794805-1A,BKDN170795910-1A,0.593992336,LSD,JYP,between_breed
BKDN170794805-1A,BKDN170795145-1A,0.652850045,CHP,JYP,between_breed
BKDN170794805-1A,BKDN170795737-1A,0.778295536,ZSP,JYP,between_breed
BKDN170794805-1A,BKDN170795147-1A,0.539774824,CHP,JYP,between_breed
BKDN170794805-1A,BKDN170795912-1A,0.793366131,LSD,JYP,between_breed
BKDN170794805-1A,BKDN170795999-1A,0.614938395,CHP,JYP,between_breed
BKDN170794805-1A,BKDN170795576-1A,0.784292287,ZSP,JYP,between_breed
BKDN170794805-1A,BKDN170796085-1A,0.748676713,SPD,JYP,between_breed
BKDN170794805-1A,BKDN170795739-1A,0.779609807,ZSP,JYP,between_breed
BKDN170794805-1A,BKDN170794811-1A,0.278977786,JYP,JYP,within_breed
BKDN170794805-1A,BKDN170796253-1A,0.712053185,SPD,JYP,between_breed
BKDN170794805-1A,BKDN170795738-1A,0.73936347,ZSP,JYP,between_breed
BKDN170794805-1A,BKDN170796254-1A,0.738758604,SPD,JYP,between_breed
BKDN170794805-1A,BKDN170795740-1A,0.760053062,ZSP,JYP,between_breed
BKDN170794805-1A,BKDN170796006-1A,0.342360863,CHP,JYP,between_breed
BKDN170794805-1A,BKDN170795149-1A,0.386406919,CHP,JYP,between_breed
BKDN170794805-1A,BKDN170796252-1A,0.635874494,SPD,JYP,between_breed
BKDN170794805-1A,BKDN170795578-1A,0.713852898,ZSP,JYP,between_breed
BKDN170794805-1A,BKDN170796250-1A,0.789976165,SPD,JYP,between_breed
BKDN170794805-1A,BKDN170795146-1A,0.576680587,CHP,JYP,between_breed
BKDN170794805-1A,BKDN170796004-1A,0.657195404,CHP,JYP,between_breed
BKDN170794805-1A,BKDN170795140-1A,0.400298146,JYP,JYP,within_breed
BKDN170794805-1A,BKDN170794809-1A,0.269982598,JYP,JYP,within_breed
BKDN170794805-1A,BKDN170796419-1A,0.654200498,SPD,JYP,between_breed
BKDN170794805-1A,BKDN170795577-1A,0.730616669,ZSP,JYP,between_breed
BKDN170794805-1A,BKDN170796417-1A,0.808162005,SPD,JYP,between_breed
BKDN170794805-1A,BKDN170795141-1A,0.157207231,JYP,JYP,within_breed
BKDN170794805-1A,BKDN170796420-1A,0.832093904,SPD,JYP,between_breed
BKDN170794805-1A,BKDN170796422-1A,0.805903592,SPD,JYP,between_breed
BKDN170794805-1A,BKDN170796245-1A,0.747789936,SPD,JYP,between_breed
BKDN170794805-1A,BKDN170796086-1A,0.782036172,SPD,JYP,between_breed
BKDN170794805-1A,BKDN170796251-1A,0.802309429,SPD,JYP,between_breed
BKDN170794805-1A,BKDN170795573-1A,0.649749328,ZSP,JYP,between_breed
BKDN170794805-1A,BKDN170796418-1A,0.805127299,SPD,JYP,between_breed
BKDN170794805-1A,BKDN170795837-1A,0.5600997,CHP,JYP,between_breed
BKDN170794806-1A,BKDN170796077-1A,0.598305177,LSD,JYP,between_breed
BKDN170794806-1A,BKDN170796419-1A,0.700866343,SPD,JYP,between_breed
BKDN170794806-1A,BKDN170795745-1A,0.811291642,ZSP,JYP,between_breed
BKDN170794806-1A,BKDN170796006-1A,0.394608816,CHP,JYP,between_breed
BKDN170794806-1A,BKDN170795999-1A,0.685785934,CHP,JYP,between_breed
BKDN170794806-1A,BKDN170795743-1A,0.739867133,ZSP,JYP,between_breed
BKDN170794806-1A,BKDN170795740-1A,0.778242931,ZSP,JYP,between_breed
BKDN170794806-1A,BKDN170795912-1A,0.833436648,LSD,JYP,between_breed
BKDN170794806-1A,BKDN170795916-1A,0.795145182,LSD,JYP,between_breed
BKDN170794806-1A,BKDN170795577-1A,0.757761521,ZSP,JYP,between_breed
BKDN170794806-1A,BKDN170795907-1A,0.813343349,LSD,JYP,between_breed
BKDN170794806-1A,BKDN170794811-1A,0.347644828,JYP,JYP,within_breed
BKDN170794806-1A,BKDN170795837-1A,0.616583673,CHP,JYP,between_breed
BKDN170794806-1A,BKDN170795141-1A,0.193651944,JYP,JYP,within_breed
BKDN170794806-1A,BKDN170795573-1A,0.697249772,ZSP,JYP,between_breed
BKDN170794806-1A,BKDN170795742-1A,0.740508344,ZSP,JYP,between_breed
BKDN170794806-1A,BKDN170796085-1A,0.786616348,SPD,JYP,between_breed
BKDN170794806-1A,BKDN170796418-1A,0.856370342,SPD,JYP,between_breed
BKDN170794806-1A,BKDN170795145-1A,0.703393891,CHP,JYP,between_breed
BKDN170794806-1A,BKDN170796086-1A,0.827830257,SPD,JYP,between_breed
BKDN170794806-1A,BKDN170796249-1A,0.768239675,SPD,JYP,between_breed
BKDN170794806-1A,BKDN170796424-1A,0.777571735,SPD,JYP,between_breed
BKDN170794806-1A,BKDN170796421-1A,0.737328623,SPD,JYP,between_breed
BKDN170794806-1A,BKDN170795911-1A,0.739711369,LSD,JYP,between_breed
BKDN170794806-1A,BKDN170795140-1A,0.440067164,JYP,JYP,within_breed
BKDN170794806-1A,BKDN170794809-1A,0.3298521,JYP,JYP,within_breed
BKDN170794806-1A,BKDN170795149-1A,0.440404304,CHP,JYP,between_breed
BKDN170794806-1A,BKDN170796004-1A,0.683455533,CHP,JYP,between_breed
BKDN170794806-1A,BKDN170796422-1A,0.838999362,SPD,JYP,between_breed
BKDN170794806-1A,BKDN170795572-1A,0.565482108,ZSP,JYP,between_breed
BKDN170794806-1A,BKDN170796000-1A,0.187758762,CHP,JYP,between_breed
BKDN170794806-1A,BKDN170795146-1A,0.635534044,CHP,JYP,between_breed
BKDN170794806-1A,BKDN170794972-1A,0.334933009,JYP,JYP,within_breed
BKDN170794806-1A,BKDN170796080-1A,0.711648931,LSD,JYP,between_breed
BKDN170794806-1A,BKDN170795744-1A,0.731017237,ZSP,JYP,between_breed
BKDN170794806-1A,BKDN170795578-1A,0.764244467,ZSP,JYP,between_breed
BKDN170794806-1A,BKDN170795147-1A,0.603702807,CHP,JYP,between_breed
BKDN170794806-1A,BKDN170796413-1A,0.539966443,MWD,JYP,between_breed
BKDN170794806-1A,BKDN170796253-1A,0.766143047,SPD,JYP,between_breed
BKDN170794806-1A,BKDN170795575-1A,0.778263098,ZSP,JYP,between_breed
BKDN170794806-1A,BKDN170796254-1A,0.778535693,SPD,JYP,between_breed
BKDN170794806-1A,BKDN170795576-1A,0.807124362,ZSP,JYP,between_breed
BKDN170794806-1A,BKDN170795574-1A,0.687387628,ZSP,JYP,between_breed
BKDN170794806-1A,BKDN170795738-1A,0.769911364,ZSP,JYP,between_breed
BKDN170794806-1A,BKDN170796245-1A,0.788197355,SPD,JYP,between_breed
BKDN170794806-1A,BKDN170795836-1A,0.146628953,CHP,JYP,between_breed
BKDN170794806-1A,BKDN170795838-1A,0.110951116,CHP,JYP,between_breed
BKDN170794806-1A,BKDN170795737-1A,0.810941071,ZSP,JYP,between_breed
BKDN170794806-1A,BKDN170796420-1A,0.861674462,SPD,JYP,between_breed
BKDN170794806-1A,BKDN170795142-1A,0.397785869,JYP,JYP,within_breed
BKDN170794806-1A,BKDN170796251-1A,0.852678201,SPD,JYP,between_breed
BKDN170794806-1A,BKDN170796247-1A,0.805679772,SPD,JYP,between_breed
BKDN170794806-1A,BKDN170795739-1A,0.811082199,ZSP,JYP,between_breed
BKDN170794806-1A,BKDN170796250-1A,0.852989663,SPD,JYP,between_breed
BKDN170794806-1A,BKDN170796252-1A,0.690880136,SPD,JYP,between_breed
BKDN170794806-1A,BKDN170796417-1A,0.848134575,SPD,JYP,between_breed
BKDN170794806-1A,BKDN170795910-1A,0.658487128,LSD,JYP,between_breed
BKDN170794809-1A,BKDN170794811-1A,0.209304641,JYP,JYP,within_breed
BKDN170794809-1A,BKDN170795574-1A,0.588197464,ZSP,JYP,between_breed
BKDN170794809-1A,BKDN170796077-1A,0.52327413,LSD,JYP,between_breed
BKDN170794809-1A,BKDN170795743-1A,0.57798386,ZSP,JYP,between_breed
BKDN170794809-1A,BKDN170795739-1A,0.637095758,ZSP,JYP,between_breed
BKDN170794809-1A,BKDN170795578-1A,0.652530878,ZSP,JYP,between_breed
BKDN170794809-1A,BKDN170795141-1A,0.204495582,JYP,JYP,within_breed
BKDN170794809-1A,BKDN170796086-1A,0.674670395,SPD,JYP,between_breed
BKDN170794809-1A,BKDN170795838-1A,0.260542747,CHP,JYP,between_breed
BKDN170794809-1A,BKDN170795742-1A,0.552994955,ZSP,JYP,between_breed
BKDN170794809-1A,BKDN170796006-1A,0.257185134,CHP,JYP,between_breed
BKDN170794809-1A,BKDN170795577-1A,0.64760463,ZSP,JYP,between_breed
BKDN170794809-1A,BKDN170795912-1A,0.749798835,LSD,JYP,between_breed
BKDN170794809-1A,BKDN170796419-1A,0.615496418,SPD,JYP,between_breed
BKDN170794809-1A,BKDN170795916-1A,0.652653486,LSD,JYP,between_breed
BKDN170794809-1A,BKDN170795999-1A,0.503852067,CHP,JYP,between_breed
BKDN170794809-1A,BKDN170796247-1A,0.667765075,SPD,JYP,between_breed
BKDN170794809-1A,BKDN170795910-1A,0.584163505,LSD,JYP,between_breed
BKDN170794809-1A,BKDN170796250-1A,0.698937465,SPD,JYP,between_breed
BKDN170794809-1A,BKDN170795142-1A,0.255485253,JYP,JYP,within_breed
BKDN170794809-1A,BKDN170795745-1A,0.650440616,ZSP,JYP,between_breed
BKDN170794809-1A,BKDN170796252-1A,0.601640711,SPD,JYP,between_breed
BKDN170794809-1A,BKDN170795837-1A,0.537518709,CHP,JYP,between_breed
BKDN170794809-1A,BKDN170795836-1A,0.240477032,CHP,JYP,between_breed
BKDN170794809-1A,BKDN170796000-1A,0.257001204,CHP,JYP,between_breed
BKDN170794809-1A,BKDN170796080-1A,0.502035776,LSD,JYP,between_breed
BKDN170794809-1A,BKDN170796245-1A,0.638107613,SPD,JYP,between_breed
BKDN170794809-1A,BKDN170796253-1A,0.569247149,SPD,JYP,between_breed
BKDN170794809-1A,BKDN170795576-1A,0.685770101,ZSP,JYP,between_breed
BKDN170794809-1A,BKDN170795575-1A,0.66494672,ZSP,JYP,between_breed
BKDN170794809-1A,BKDN170794972-1A,0.197416124,JYP,JYP,within_breed
BKDN170794809-1A,BKDN170795911-1A,0.601620528,LSD,JYP,between_breed
BKDN170794809-1A,BKDN170796249-1A,0.605929453,SPD,JYP,between_breed
BKDN170794809-1A,BKDN170796422-1A,0.742512816,SPD,JYP,between_breed
BKDN170794809-1A,BKDN170796417-1A,0.74316874,SPD,JYP,between_breed
BKDN170794809-1A,BKDN170795738-1A,0.626215951,ZSP,JYP,between_breed
BKDN170794809-1A,BKDN170796254-1A,0.631662134,SPD,JYP,between_breed
BKDN170794809-1A,BKDN170796251-1A,0.731871925,SPD,JYP,between_breed
BKDN170794809-1A,BKDN170795740-1A,0.653924812,ZSP,JYP,between_breed
BKDN170794809-1A,BKDN170796418-1A,0.731253701,SPD,JYP,between_breed
BKDN170794809-1A,BKDN170796424-1A,0.608974454,SPD,JYP,between_breed
BKDN170794809-1A,BKDN170796173-1A,0.306585076,CHP,JYP,between_breed
BKDN170794809-1A,BKDN170795140-1A,0.333397898,JYP,JYP,within_breed
BKDN170794809-1A,BKDN170795573-1A,0.547082119,ZSP,JYP,between_breed
BKDN170794809-1A,BKDN170795744-1A,0.564729279,ZSP,JYP,between_breed
BKDN170794809-1A,BKDN170795146-1A,0.489359717,CHP,JYP,between_breed
BKDN170794809-1A,BKDN170795147-1A,0.522223709,CHP,JYP,between_breed
BKDN170794809-1A,BKDN170796085-1A,0.701738782,SPD,JYP,between_breed
BKDN170794809-1A,BKDN170796004-1A,0.637639162,CHP,JYP,between_breed
BKDN170794809-1A,BKDN170796420-1A,0.765873648,SPD,JYP,between_breed
BKDN170794809-1A,BKDN170795572-1A,0.492337564,ZSP,JYP,between_breed
BKDN170794809-1A,BKDN170796421-1A,0.598404704,SPD,JYP,between_breed
BKDN170794809-1A,BKDN170796413-1A,0.452295551,MWD,JYP,between_breed
BKDN170794809-1A,BKDN170795149-1A,0.311706207,CHP,JYP,between_breed
BKDN170794809-1A,BKDN170795907-1A,0.697828382,LSD,JYP,between_breed
BKDN170794809-1A,BKDN170795737-1A,0.724467609,ZSP,JYP,between_breed
BKDN170794809-1A,BKDN170795145-1A,0.616866393,CHP,JYP,between_breed
BKDN170794811-1A,BKDN170795572-1A,0.484309975,ZSP,JYP,between_breed
BKDN170794811-1A,BKDN170796251-1A,0.736755393,SPD,JYP,between_breed
BKDN170794811-1A,BKDN170795911-1A,0.529374829,LSD,JYP,between_breed
BKDN170794811-1A,BKDN170796085-1A,0.678170743,SPD,JYP,between_breed
BKDN170794811-1A,BKDN170796252-1A,0.638874551,SPD,JYP,between_breed
BKDN170794811-1A,BKDN170795738-1A,0.549355959,ZSP,JYP,between_breed
BKDN170794811-1A,BKDN170795907-1A,0.686118709,LSD,JYP,between_breed
BKDN170794811-1A,BKDN170796254-1A,0.667545763,SPD,JYP,between_breed
BKDN170794811-1A,BKDN170795575-1A,0.615843288,ZSP,JYP,between_breed
BKDN170794811-1A,BKDN170796249-1A,0.597913615,SPD,JYP,between_breed
BKDN170794811-1A,BKDN170796424-1A,0.59478006,SPD,JYP,between_breed
BKDN170794811-1A,BKDN170795146-1A,0.40585855,CHP,JYP,between_breed
BKDN170794811-1A,BKDN170796421-1A,0.561449746,SPD,JYP,between_breed
BKDN170794811-1A,BKDN170796419-1A,0.648464671,SPD,JYP,between_breed
BKDN170794811-1A,BKDN170796004-1A,0.526946272,CHP,JYP,between_breed
BKDN170794811-1A,BKDN170796245-1A,0.580336963,SPD,JYP,between_breed
BKDN170794811-1A,BKDN170796086-1A,0.700095699,SPD,JYP,between_breed
BKDN170794811-1A,BKDN170796077-1A,0.523280642,LSD,JYP,between_breed
BKDN170794811-1A,BKDN170795577-1A,0.597179657,ZSP,JYP,between_breed
BKDN170794811-1A,BKDN170795745-1A,0.596347596,ZSP,JYP,between_breed
BKDN170794811-1A,BKDN170795573-1A,0.546116286,ZSP,JYP,between_breed
BKDN170794811-1A,BKDN170795147-1A,0.540725286,CHP,JYP,between_breed
BKDN170794811-1A,BKDN170796247-1A,0.613994084,SPD,JYP,between_breed
BKDN170794811-1A,BKDN170795740-1A,0.586542532,ZSP,JYP,between_breed
BKDN170794811-1A,BKDN170795141-1A,0.274657873,JYP,JYP,within_breed
BKDN170794811-1A,BKDN170795140-1A,0.333642339,JYP,JYP,within_breed
BKDN170794811-1A,BKDN170795999-1A,0.409975384,CHP,JYP,between_breed
BKDN170794811-1A,BKDN170795838-1A,0.273254218,CHP,JYP,between_breed
BKDN170794811-1A,BKDN170795142-1A,0.193900481,JYP,JYP,within_breed
BKDN170794811-1A,BKDN170795578-1A,0.633485245,ZSP,JYP,between_breed
BKDN170794811-1A,BKDN170796418-1A,0.730227424,SPD,JYP,between_breed
BKDN170794811-1A,BKDN170796173-1A,0.326605441,CHP,JYP,between_breed
BKDN170794811-1A,BKDN170795739-1A,0.602013533,ZSP,JYP,between_breed
BKDN170794811-1A,BKDN170794972-1A,0.236327624,JYP,JYP,within_breed
BKDN170794811-1A,BKDN170795576-1A,0.625449934,ZSP,JYP,between_breed
BKDN170794811-1A,BKDN170795145-1A,0.63583278,CHP,JYP,between_breed
BKDN170794811-1A,BKDN170795912-1A,0.735133889,LSD,JYP,between_breed
BKDN170794811-1A,BKDN170795149-1A,0.24705419,CHP,JYP,between_breed
BKDN170794811-1A,BKDN170796413-1A,0.460773852,MWD,JYP,between_breed
BKDN170794811-1A,BKDN170795574-1A,0.616261575,ZSP,JYP,between_breed
BKDN170794811-1A,BKDN170795836-1A,0.237055376,CHP,JYP,between_breed
BKDN170794811-1A,BKDN170795742-1A,0.483072621,ZSP,JYP,between_breed
BKDN170794811-1A,BKDN170796253-1A,0.531976356,SPD,JYP,between_breed
BKDN170794811-1A,BKDN170795910-1A,0.602315245,LSD,JYP,between_breed
BKDN170794811-1A,BKDN170795837-1A,0.512752245,CHP,JYP,between_breed
BKDN170794811-1A,BKDN170796422-1A,0.739241719,SPD,JYP,between_breed
BKDN170794811-1A,BKDN170796080-1A,0.469675085,LSD,JYP,between_breed
BKDN170794811-1A,BKDN170795744-1A,0.520014805,ZSP,JYP,between_breed
BKDN170794811-1A,BKDN170796006-1A,0.160512116,CHP,JYP,between_breed
BKDN170794811-1A,BKDN170796420-1A,0.736330813,SPD,JYP,between_breed
BKDN170794811-1A,BKDN170795743-1A,0.578330686,ZSP,JYP,between_breed
BKDN170794811-1A,BKDN170796250-1A,0.701372039,SPD,JYP,between_breed
BKDN170794811-1A,BKDN170796000-1A,0.273062827,CHP,JYP,between_breed
BKDN170794811-1A,BKDN170795916-1A,0.632496063,LSD,JYP,between_breed
BKDN170794811-1A,BKDN170796417-1A,0.732701836,SPD,JYP,between_breed
BKDN170794811-1A,BKDN170795737-1A,0.70108006,ZSP,JYP,between_breed
BKDN170794972-1A,BKDN170796421-1A,0.598142935,SPD,JYP,between_breed
BKDN170794972-1A,BKDN170796251-1A,0.746860968,SPD,JYP,between_breed
BKDN170794972-1A,BKDN170796004-1A,0.62514022,CHP,JYP,between_breed
BKDN170794972-1A,BKDN170795907-1A,0.675101037,LSD,JYP,between_breed
BKDN170794972-1A,BKDN170796006-1A,0.233855958,CHP,JYP,between_breed
BKDN170794972-1A,BKDN170795145-1A,0.70842295,CHP,JYP,between_breed
BKDN170794972-1A,BKDN170795911-1A,0.570401059,LSD,JYP,between_breed
BKDN170794972-1A,BKDN170795836-1A,0.248150504,CHP,JYP,between_breed
BKDN170794972-1A,BKDN170796424-1A,0.634386224,SPD,JYP,between_breed
BKDN170794972-1A,BKDN170796422-1A,0.735135527,SPD,JYP,between_breed
BKDN170794972-1A,BKDN170795149-1A,0.186067772,CHP,JYP,between_breed
BKDN170794972-1A,BKDN170796080-1A,0.588277234,LSD,JYP,between_breed
BKDN170794972-1A,BKDN170795737-1A,0.695472501,ZSP,JYP,between_breed
BKDN170794972-1A,BKDN170795837-1A,0.633134699,CHP,JYP,between_breed
BKDN170794972-1A,BKDN170795999-1A,0.549539971,CHP,JYP,between_breed
BKDN170794972-1A,BKDN170796419-1A,0.69399803,SPD,JYP,between_breed
BKDN170794972-1A,BKDN170795578-1A,0.716616878,ZSP,JYP,between_breed
BKDN170794972-1A,BKDN170796245-1A,0.684224148,SPD,JYP,between_breed
BKDN170794972-1A,BKDN170795142-1A,0.149863606,JYP,JYP,within_breed
BKDN170794972-1A,BKDN170795140-1A,0.429015731,JYP,JYP,within_breed
BKDN170794972-1A,BKDN170795146-1A,0.495434598,CHP,JYP,between_breed
BKDN170794972-1A,BKDN170795572-1A,0.561495599,ZSP,JYP,between_breed
BKDN170794972-1A,BKDN170796253-1A,0.579028258,SPD,JYP,between_breed
BKDN170794972-1A,BKDN170796420-1A,0.76411378,SPD,JYP,between_breed
BKDN170794972-1A,BKDN170795739-1A,0.6531859,ZSP,JYP,between_breed
BKDN170794972-1A,BKDN170795744-1A,0.606844757,ZSP,JYP,between_breed
BKDN170794972-1A,BKDN170795910-1A,0.664891903,LSD,JYP,between_breed
BKDN170794972-1A,BKDN170796086-1A,0.706976052,SPD,JYP,between_breed
BKDN170794972-1A,BKDN170795141-1A,0.25513903,JYP,JYP,within_breed
BKDN170794972-1A,BKDN170795575-1A,0.63068717,ZSP,JYP,between_breed
BKDN170794972-1A,BKDN170796085-1A,0.659697269,SPD,JYP,between_breed
BKDN170794972-1A,BKDN170796000-1A,0.292314002,CHP,JYP,between_breed
BKDN170794972-1A,BKDN170795573-1A,0.612250747,ZSP,JYP,between_breed
BKDN170794972-1A,BKDN170795576-1A,0.668595823,ZSP,JYP,between_breed
BKDN170794972-1A,BKDN170795574-1A,0.679771166,ZSP,JYP,between_breed
BKDN170794972-1A,BKDN170795743-1A,0.653850765,ZSP,JYP,between_breed
BKDN170794972-1A,BKDN170795916-1A,0.708570805,LSD,JYP,between_breed
BKDN170794972-1A,BKDN170795745-1A,0.631907787,ZSP,JYP,between_breed
BKDN170794972-1A,BKDN170796249-1A,0.652265572,SPD,JYP,between_breed
BKDN170794972-1A,BKDN170796247-1A,0.644897776,SPD,JYP,between_breed
BKDN170794972-1A,BKDN170795738-1A,0.598987012,ZSP,JYP,between_breed
BKDN170794972-1A,BKDN170796254-1A,0.681340598,SPD,JYP,between_breed
BKDN170794972-1A,BKDN170795147-1A,0.599559763,CHP,JYP,between_breed
BKDN170794972-1A,BKDN170796418-1A,0.759076081,SPD,JYP,between_breed
BKDN170794972-1A,BKDN170796077-1A,0.597186208,LSD,JYP,between_breed
BKDN170794972-1A,BKDN170796173-1A,0.319021104,CHP,JYP,between_breed
BKDN170794972-1A,BKDN170796252-1A,0.689589878,SPD,JYP,between_breed
BKDN170794972-1A,BKDN170796250-1A,0.739200375,SPD,JYP,between_breed
BKDN170794972-1A,BKDN170795912-1A,0.714007892,LSD,JYP,between_breed
BKDN170794972-1A,BKDN170795742-1A,0.553943146,ZSP,JYP,between_breed
BKDN170794972-1A,BKDN170795577-1A,0.603585471,ZSP,JYP,between_breed
BKDN170794972-1A,BKDN170796413-1A,0.530123795,MWD,JYP,between_breed
BKDN170794972-1A,BKDN170795740-1A,0.625415546,ZSP,JYP,between_breed
BKDN170794972-1A,BKDN170796417-1A,0.734345435,SPD,JYP,between_breed
BKDN170794972-1A,BKDN170795838-1A,0.264441849,CHP,JYP,between_breed
BKDN170795140-1A,BKDN170795745-1A,0.786242574,ZSP,JYP,between_breed
BKDN170795140-1A,BKDN170795737-1A,0.782638504,ZSP,JYP,between_breed
BKDN170795140-1A,BKDN170796249-1A,0.63186553,SPD,JYP,between_breed
BKDN170795140-1A,BKDN170795916-1A,0.666203238,LSD,JYP,between_breed
BKDN170795140-1A,BKDN170796421-1A,0.661601271,SPD,JYP,between_breed
BKDN170795140-1A,BKDN170795739-1A,0.736189014,ZSP,JYP,between_breed
BKDN170795140-1A,BKDN170796006-1A,0.442704638,CHP,JYP,between_breed
BKDN170795140-1A,BKDN170795738-1A,0.740359483,ZSP,JYP,between_breed
BKDN170795140-1A,BKDN170796413-1A,0.291270745,MWD,JYP,between_breed
BKDN170795140-1A,BKDN170796424-1A,0.655227424,SPD,JYP,between_breed
BKDN170795140-1A,BKDN170795743-1A,0.566165909,ZSP,JYP,between_breed
BKDN170795140-1A,BKDN170796422-1A,0.785763691,SPD,JYP,between_breed
BKDN170795140-1A,BKDN170795145-1A,0.451712481,CHP,JYP,between_breed
BKDN170795140-1A,BKDN170795740-1A,0.755641777,ZSP,JYP,between_breed
BKDN170795140-1A,BKDN170795146-1A,0.565646371,CHP,JYP,between_breed
BKDN170795140-1A,BKDN170796417-1A,0.799967073,SPD,JYP,between_breed
BKDN170795140-1A,BKDN170795572-1A,0.338287866,ZSP,JYP,between_breed
BKDN170795140-1A,BKDN170795577-1A,0.725010045,ZSP,JYP,between_breed
BKDN170795140-1A,BKDN170795147-1A,0.270591632,CHP,JYP,between_breed
BKDN170795140-1A,BKDN170795910-1A,0.370182644,LSD,JYP,between_breed
BKDN170795140-1A,BKDN170795837-1A,0.388122859,CHP,JYP,between_breed
BKDN170795140-1A,BKDN170796420-1A,0.805669287,SPD,JYP,between_breed
BKDN170795140-1A,BKDN170795573-1A,0.491322334,ZSP,JYP,between_breed
BKDN170795140-1A,BKDN170796085-1A,0.763188169,SPD,JYP,between_breed
BKDN170795140-1A,BKDN170795142-1A,0.448844286,JYP,JYP,within_breed
BKDN170795140-1A,BKDN170796251-1A,0.751192265,SPD,JYP,between_breed
BKDN170795140-1A,BKDN170796247-1A,0.761341092,SPD,JYP,between_breed
BKDN170795140-1A,BKDN170796000-1A,0.387514216,CHP,JYP,between_breed
BKDN170795140-1A,BKDN170795578-1A,0.633502442,ZSP,JYP,between_breed
BKDN170795140-1A,BKDN170796173-1A,0.410220929,CHP,JYP,between_breed
BKDN170795140-1A,BKDN170795742-1A,0.681849387,ZSP,JYP,between_breed
BKDN170795140-1A,BKDN170795575-1A,0.767467341,ZSP,JYP,between_breed
BKDN170795140-1A,BKDN170795911-1A,0.713937965,LSD,JYP,between_breed
BKDN170795140-1A,BKDN170795149-1A,0.484103619,CHP,JYP,between_breed
BKDN170795140-1A,BKDN170796004-1A,0.682598748,CHP,JYP,between_breed
BKDN170795140-1A,BKDN170796418-1A,0.771755536,SPD,JYP,between_breed
BKDN170795140-1A,BKDN170796250-1A,0.718767061,SPD,JYP,between_breed
BKDN170795140-1A,BKDN170795999-1A,0.562254646,CHP,JYP,between_breed
BKDN170795140-1A,BKDN170796253-1A,0.685110491,SPD,JYP,between_breed
BKDN170795140-1A,BKDN170795912-1A,0.809620765,LSD,JYP,between_breed
BKDN170795140-1A,BKDN170795836-1A,0.431911563,CHP,JYP,between_breed
BKDN170795140-1A,BKDN170795574-1A,0.428988453,ZSP,JYP,between_breed
BKDN170795140-1A,BKDN170796077-1A,0.320668708,LSD,JYP,between_breed
BKDN170795140-1A,BKDN170795744-1A,0.582490849,ZSP,JYP,between_breed
BKDN170795140-1A,BKDN170796245-1A,0.699936582,SPD,JYP,between_breed
BKDN170795140-1A,BKDN170795141-1A,0.415559023,JYP,JYP,within_breed
BKDN170795140-1A,BKDN170796086-1A,0.678246338,SPD,JYP,between_breed
BKDN170795140-1A,BKDN170796254-1A,0.600672016,SPD,JYP,between_breed
BKDN170795140-1A,BKDN170796080-1A,0.481930268,LSD,JYP,between_breed
BKDN170795140-1A,BKDN170796419-1A,0.463796378,SPD,JYP,between_breed
BKDN170795140-1A,BKDN170795838-1A,0.435804941,CHP,JYP,between_breed
BKDN170795140-1A,BKDN170795907-1A,0.780022853,LSD,JYP,between_breed
BKDN170795140-1A,BKDN170796252-1A,0.417838661,SPD,JYP,between_breed
BKDN170795140-1A,BKDN170795576-1A,0.758631966,ZSP,JYP,between_breed
BKDN170795141-1A,BKDN170795578-1A,0.686083005,ZSP,JYP,between_breed
BKDN170795141-1A,BKDN170795572-1A,0.559821316,ZSP,JYP,between_breed
BKDN170795141-1A,BKDN170795911-1A,0.649303517,LSD,JYP,between_breed
BKDN170795141-1A,BKDN170796080-1A,0.619108738,LSD,JYP,between_breed
BKDN170795141-1A,BKDN170795999-1A,0.589805876,CHP,JYP,between_breed
BKDN170795141-1A,BKDN170795916-1A,0.706471967,LSD,JYP,between_breed
BKDN170795141-1A,BKDN170795744-1A,0.677388008,ZSP,JYP,between_breed
BKDN170795141-1A,BKDN170796245-1A,0.680968741,SPD,JYP,between_breed
BKDN170795141-1A,BKDN170796422-1A,0.770970517,SPD,JYP,between_breed
BKDN170795141-1A,BKDN170795577-1A,0.690451742,ZSP,JYP,between_breed
BKDN170795141-1A,BKDN170796000-1A,0.177248879,CHP,JYP,between_breed
BKDN170795141-1A,BKDN170795149-1A,0.356038613,CHP,JYP,between_breed
BKDN170795141-1A,BKDN170795912-1A,0.801254595,LSD,JYP,between_breed
BKDN170795141-1A,BKDN170795836-1A,0.128736703,CHP,JYP,between_breed
BKDN170795141-1A,BKDN170796424-1A,0.691588562,SPD,JYP,between_breed
BKDN170795141-1A,BKDN170796417-1A,0.77445939,SPD,JYP,between_breed
BKDN170795141-1A,BKDN170795739-1A,0.702473497,ZSP,JYP,between_breed
BKDN170795141-1A,BKDN170795574-1A,0.690110572,ZSP,JYP,between_breed
BKDN170795141-1A,BKDN170796418-1A,0.793828155,SPD,JYP,between_breed
BKDN170795141-1A,BKDN170795910-1A,0.684964847,LSD,JYP,between_breed
BKDN170795141-1A,BKDN170795837-1A,0.617373928,CHP,JYP,between_breed
BKDN170795141-1A,BKDN170795145-1A,0.711279869,CHP,JYP,between_breed
BKDN170795141-1A,BKDN170796252-1A,0.692770824,SPD,JYP,between_breed
BKDN170795141-1A,BKDN170796420-1A,0.826385452,SPD,JYP,between_breed
BKDN170795141-1A,BKDN170796077-1A,0.612566327,LSD,JYP,between_breed
BKDN170795141-1A,BKDN170796250-1A,0.766650175,SPD,JYP,between_breed
BKDN170795141-1A,BKDN170795573-1A,0.645265718,ZSP,JYP,between_breed
BKDN170795141-1A,BKDN170796254-1A,0.739093795,SPD,JYP,between_breed
BKDN170795141-1A,BKDN170796173-1A,0.16154935,CHP,JYP,between_breed
BKDN170795141-1A,BKDN170796421-1A,0.635317455,SPD,JYP,between_breed
BKDN170795141-1A,BKDN170796419-1A,0.699018198,SPD,JYP,between_breed
BKDN170795141-1A,BKDN170795147-1A,0.609141279,CHP,JYP,between_breed
BKDN170795141-1A,BKDN170795745-1A,0.716910027,ZSP,JYP,between_breed
BKDN170795141-1A,BKDN170795146-1A,0.562355788,CHP,JYP,between_breed
BKDN170795141-1A,BKDN170796253-1A,0.694874581,SPD,JYP,between_breed
BKDN170795141-1A,BKDN170795738-1A,0.658743861,ZSP,JYP,between_breed
BKDN170795141-1A,BKDN170795576-1A,0.742616802,ZSP,JYP,between_breed
BKDN170795141-1A,BKDN170795142-1A,0.328620721,JYP,JYP,within_breed
BKDN170795141-1A,BKDN170795838-1A,0.145449069,CHP,JYP,between_breed
BKDN170795141-1A,BKDN170796086-1A,0.771780387,SPD,JYP,between_breed
BKDN170795141-1A,BKDN170796413-1A,0.532100209,MWD,JYP,between_breed
BKDN170795141-1A,BKDN170796251-1A,0.782001981,SPD,JYP,between_breed
BKDN170795141-1A,BKDN170795575-1A,0.715489641,ZSP,JYP,between_breed
BKDN170795141-1A,BKDN170795740-1A,0.704337156,ZSP,JYP,between_breed
BKDN170795141-1A,BKDN170796249-1A,0.682768115,SPD,JYP,between_breed
BKDN170795141-1A,BKDN170795737-1A,0.768810105,ZSP,JYP,between_breed
BKDN170795141-1A,BKDN170796004-1A,0.616105269,CHP,JYP,between_breed
BKDN170795141-1A,BKDN170796085-1A,0.751176557,SPD,JYP,between_breed
BKDN170795141-1A,BKDN170796247-1A,0.709654152,SPD,JYP,between_breed
BKDN170795141-1A,BKDN170795742-1A,0.62984991,ZSP,JYP,between_breed
BKDN170795141-1A,BKDN170796006-1A,0.300098738,CHP,JYP,between_breed
BKDN170795141-1A,BKDN170795743-1A,0.676940243,ZSP,JYP,between_breed
BKDN170795141-1A,BKDN170795907-1A,0.753233135,LSD,JYP,between_breed
BKDN170795142-1A,BKDN170796173-1A,0.382600611,CHP,JYP,between_breed
BKDN170795142-1A,BKDN170795999-1A,0.490376142,CHP,JYP,between_breed
BKDN170795142-1A,BKDN170795911-1A,0.542610691,LSD,JYP,between_breed
BKDN170795142-1A,BKDN170796249-1A,0.665763115,SPD,JYP,between_breed
BKDN170795142-1A,BKDN170796004-1A,0.59440634,CHP,JYP,between_breed
BKDN170795142-1A,BKDN170796424-1A,0.645312341,SPD,JYP,between_breed
BKDN170795142-1A,BKDN170796422-1A,0.754537946,SPD,JYP,between_breed
BKDN170795142-1A,BKDN170795147-1A,0.603584639,CHP,JYP,between_breed
BKDN170795142-1A,BKDN170795916-1A,0.714572262,LSD,JYP,between_breed
BKDN170795142-1A,BKDN170796253-1A,0.548624898,SPD,JYP,between_breed
BKDN170795142-1A,BKDN170795149-1A,0.147051267,CHP,JYP,between_breed
BKDN170795142-1A,BKDN170796254-1A,0.702458479,SPD,JYP,between_breed
BKDN170795142-1A,BKDN170796419-1A,0.695240771,SPD,JYP,between_breed
BKDN170795142-1A,BKDN170795838-1A,0.323762424,CHP,JYP,between_breed
BKDN170795142-1A,BKDN170796413-1A,0.527570968,MWD,JYP,between_breed
BKDN170795142-1A,BKDN170795745-1A,0.602817606,ZSP,JYP,between_breed
BKDN170795142-1A,BKDN170795578-1A,0.730587675,ZSP,JYP,between_breed
BKDN170795142-1A,BKDN170796250-1A,0.74900274,SPD,JYP,between_breed
BKDN170795142-1A,BKDN170795912-1A,0.708741953,LSD,JYP,between_breed
BKDN170795142-1A,BKDN170796080-1A,0.555519268,LSD,JYP,between_breed
BKDN170795142-1A,BKDN170796417-1A,0.758725185,SPD,JYP,between_breed
BKDN170795142-1A,BKDN170796247-1A,0.644991596,SPD,JYP,between_breed
BKDN170795142-1A,BKDN170795742-1A,0.511598888,ZSP,JYP,between_breed
BKDN170795142-1A,BKDN170795737-1A,0.672481733,ZSP,JYP,between_breed
BKDN170795142-1A,BKDN170796077-1A,0.609692739,LSD,JYP,between_breed
BKDN170795142-1A,BKDN170795574-1A,0.668963097,ZSP,JYP,between_breed
BKDN170795142-1A,BKDN170796085-1A,0.667304478,SPD,JYP,between_breed
BKDN170795142-1A,BKDN170796245-1A,0.654299638,SPD,JYP,between_breed
BKDN170795142-1A,BKDN170796000-1A,0.362766542,CHP,JYP,between_breed
BKDN170795142-1A,BKDN170796006-1A,0.140312175,CHP,JYP,between_breed
BKDN170795142-1A,BKDN170795575-1A,0.623662702,ZSP,JYP,between_breed
BKDN170795142-1A,BKDN170795738-1A,0.569268337,ZSP,JYP,between_breed
BKDN170795142-1A,BKDN170796252-1A,0.692036291,SPD,JYP,between_breed
BKDN170795142-1A,BKDN170795740-1A,0.590756936,ZSP,JYP,between_breed
BKDN170795142-1A,BKDN170795910-1A,0.666246996,LSD,JYP,between_breed
BKDN170795142-1A,BKDN170795572-1A,0.501994217,ZSP,JYP,between_breed
BKDN170795142-1A,BKDN170796418-1A,0.769320681,SPD,JYP,between_breed
BKDN170795142-1A,BKDN170796420-1A,0.73936214,SPD,JYP,between_breed
BKDN170795142-1A,BKDN170795744-1A,0.581916128,ZSP,JYP,between_breed
BKDN170795142-1A,BKDN170796251-1A,0.765708937,SPD,JYP,between_breed
BKDN170795142-1A,BKDN170796086-1A,0.735658226,SPD,JYP,between_breed
BKDN170795142-1A,BKDN170795739-1A,0.621543769,ZSP,JYP,between_breed
BKDN170795142-1A,BKDN170796421-1A,0.609110745,SPD,JYP,between_breed
BKDN170795142-1A,BKDN170795573-1A,0.624449517,ZSP,JYP,between_breed
BKDN170795142-1A,BKDN170795907-1A,0.701309112,LSD,JYP,between_breed
BKDN170795142-1A,BKDN170795743-1A,0.671704993,ZSP,JYP,between_breed
BKDN170795142-1A,BKDN170795577-1A,0.61543934,ZSP,JYP,between_breed
BKDN170795142-1A,BKDN170795146-1A,0.443971763,CHP,JYP,between_breed
BKDN170795142-1A,BKDN170795145-1A,0.714991824,CHP,JYP,between_breed
BKDN170795142-1A,BKDN170795837-1A,0.623141806,CHP,JYP,between_breed
BKDN170795142-1A,BKDN170795836-1A,0.286297428,CHP,JYP,between_breed
BKDN170795142-1A,BKDN170795576-1A,0.636083043,ZSP,JYP,between_breed
BKDN170795145-1A,BKDN170795576-1A,0.853158812,ZSP,CHP,between_breed
BKDN170795145-1A,BKDN170795999-1A,0.657385421,CHP,CHP,within_breed
BKDN170795145-1A,BKDN170796251-1A,0.834119885,SPD,CHP,between_breed
BKDN170795145-1A,BKDN170796413-1A,0.321699792,MWD,CHP,between_breed
BKDN170795145-1A,BKDN170795577-1A,0.830346645,ZSP,CHP,between_breed
BKDN170795145-1A,BKDN170795574-1A,0.22875023,ZSP,CHP,between_breed
BKDN170795145-1A,BKDN170795738-1A,0.843154612,ZSP,CHP,between_breed
BKDN170795145-1A,BKDN170795745-1A,0.868794867,ZSP,CHP,between_breed
BKDN170795145-1A,BKDN170795572-1A,0.402803006,ZSP,CHP,between_breed
BKDN170795145-1A,BKDN170796422-1A,0.862365986,SPD,CHP,between_breed
BKDN170795145-1A,BKDN170796245-1A,0.806696398,SPD,CHP,between_breed
BKDN170795145-1A,BKDN170795742-1A,0.800043385,ZSP,CHP,between_breed
BKDN170795145-1A,BKDN170795837-1A,0.205643305,CHP,CHP,within_breed
BKDN170795145-1A,BKDN170795575-1A,0.853326254,ZSP,CHP,between_breed
BKDN170795145-1A,BKDN170795744-1A,0.690712737,ZSP,CHP,between_breed
BKDN170795145-1A,BKDN170796253-1A,0.783249367,SPD,CHP,between_breed
BKDN170795145-1A,BKDN170796419-1A,0.450787728,SPD,CHP,between_breed
BKDN170795145-1A,BKDN170796252-1A,0.354610385,SPD,CHP,between_breed
BKDN170795145-1A,BKDN170796247-1A,0.86254342,SPD,CHP,between_breed
BKDN170795145-1A,BKDN170796250-1A,0.814853999,SPD,CHP,between_breed
BKDN170795145-1A,BKDN170796080-1A,0.510888191,LSD,CHP,between_breed
BKDN170795145-1A,BKDN170795573-1A,0.480933584,ZSP,CHP,between_breed
BKDN170795145-1A,BKDN170796006-1A,0.70602438,CHP,CHP,within_breed
BKDN170795145-1A,BKDN170795740-1A,0.850032855,ZSP,CHP,between_breed
BKDN170795145-1A,BKDN170795836-1A,0.707588034,CHP,CHP,within_breed
BKDN170795145-1A,BKDN170795578-1A,0.743821799,ZSP,CHP,between_breed
BKDN170795145-1A,BKDN170796085-1A,0.842504486,SPD,CHP,between_breed
BKDN170795145-1A,BKDN170796420-1A,0.876914012,SPD,CHP,between_breed
BKDN170795145-1A,BKDN170796418-1A,0.833131577,SPD,CHP,between_breed
BKDN170795145-1A,BKDN170795838-1A,0.691475796,CHP,CHP,within_breed
BKDN170795145-1A,BKDN170796421-1A,0.774346522,SPD,CHP,between_breed
BKDN170795145-1A,BKDN170796424-1A,0.772214227,SPD,CHP,between_breed
BKDN170795145-1A,BKDN170796254-1A,0.483681073,SPD,CHP,between_breed
BKDN170795145-1A,BKDN170795149-1A,0.689266687,CHP,CHP,within_breed
BKDN170795145-1A,BKDN170796000-1A,0.665121967,CHP,CHP,within_breed
BKDN170795145-1A,BKDN170796086-1A,0.737691626,SPD,CHP,between_breed
BKDN170795145-1A,BKDN170796417-1A,0.867881282,SPD,CHP,between_breed
BKDN170795145-1A,BKDN170795911-1A,0.818864473,LSD,CHP,between_breed
BKDN170795145-1A,BKDN170795910-1A,0.223228334,LSD,CHP,between_breed
BKDN170795145-1A,BKDN170795743-1A,0.625401998,ZSP,CHP,between_breed
BKDN170795145-1A,BKDN170795739-1A,0.824308032,ZSP,CHP,between_breed
BKDN170795145-1A,BKDN170795737-1A,0.856311606,ZSP,CHP,between_breed
BKDN170795145-1A,BKDN170796173-1A,0.687745101,CHP,CHP,within_breed
BKDN170795145-1A,BKDN170795912-1A,0.863522069,LSD,CHP,between_breed
BKDN170795145-1A,BKDN170795146-1A,0.670408653,CHP,CHP,within_breed
BKDN170795145-1A,BKDN170795147-1A,0.380326845,CHP,CHP,within_breed
BKDN170795145-1A,BKDN170796077-1A,0.35977201,LSD,CHP,between_breed
BKDN170795145-1A,BKDN170796004-1A,0.768684313,CHP,CHP,within_breed
BKDN170795145-1A,BKDN170795916-1A,0.775793958,LSD,CHP,between_breed
BKDN170795145-1A,BKDN170796249-1A,0.747782864,SPD,CHP,between_breed
BKDN170795145-1A,BKDN170795907-1A,0.839065952,LSD,CHP,between_breed
BKDN170795146-1A,BKDN170795149-1A,0.418757664,CHP,CHP,within_breed
BKDN170795146-1A,BKDN170795577-1A,0.496829275,ZSP,CHP,between_breed
BKDN170795146-1A,BKDN170795838-1A,0.59799014,CHP,CHP,within_breed
BKDN170795146-1A,BKDN170795999-1A,0.266593481,CHP,CHP,within_breed
BKDN170795146-1A,BKDN170795737-1A,0.558451516,ZSP,CHP,between_breed
BKDN170795146-1A,BKDN170795578-1A,0.597957714,ZSP,CHP,between_breed
BKDN170795146-1A,BKDN170796413-1A,0.542521456,MWD,CHP,between_breed
BKDN170795146-1A,BKDN170795147-1A,0.637930702,CHP,CHP,within_breed
BKDN170795146-1A,BKDN170796422-1A,0.703761829,SPD,CHP,between_breed
BKDN170795146-1A,BKDN170795744-1A,0.410623841,ZSP,CHP,between_breed
BKDN170795146-1A,BKDN170796251-1A,0.693207095,SPD,CHP,between_breed
BKDN170795146-1A,BKDN170795576-1A,0.428695516,ZSP,CHP,between_breed
BKDN170795146-1A,BKDN170796421-1A,0.511364848,SPD,CHP,between_breed
BKDN170795146-1A,BKDN170795740-1A,0.317600846,ZSP,CHP,between_breed
BKDN170795146-1A,BKDN170795836-1A,0.527525439,CHP,CHP,within_breed
BKDN170795146-1A,BKDN170796247-1A,0.571012606,SPD,CHP,between_breed
BKDN170795146-1A,BKDN170795910-1A,0.637949117,LSD,CHP,between_breed
BKDN170795146-1A,BKDN170796173-1A,0.622658309,CHP,CHP,within_breed
BKDN170795146-1A,BKDN170795745-1A,0.383984845,ZSP,CHP,between_breed
BKDN170795146-1A,BKDN170796086-1A,0.617578097,SPD,CHP,between_breed
BKDN170795146-1A,BKDN170795742-1A,0.29375988,ZSP,CHP,between_breed
BKDN170795146-1A,BKDN170796418-1A,0.67686683,SPD,CHP,between_breed
BKDN170795146-1A,BKDN170795907-1A,0.541479239,LSD,CHP,between_breed
BKDN170795146-1A,BKDN170795738-1A,0.366877461,ZSP,CHP,between_breed
BKDN170795146-1A,BKDN170796253-1A,0.441041639,SPD,CHP,between_breed
BKDN170795146-1A,BKDN170796424-1A,0.514475513,SPD,CHP,between_breed
BKDN170795146-1A,BKDN170796085-1A,0.581352301,SPD,CHP,between_breed
BKDN170795146-1A,BKDN170796252-1A,0.667210091,SPD,CHP,between_breed
BKDN170795146-1A,BKDN170796077-1A,0.591679448,LSD,CHP,between_breed
BKDN170795146-1A,BKDN170795574-1A,0.600132427,ZSP,CHP,between_breed
BKDN170795146-1A,BKDN170795912-1A,0.652096756,LSD,CHP,between_breed
BKDN170795146-1A,BKDN170796245-1A,0.453274302,SPD,CHP,between_breed
BKDN170795146-1A,BKDN170795916-1A,0.552809525,LSD,CHP,between_breed
BKDN170795146-1A,BKDN170796000-1A,0.605488112,CHP,CHP,within_breed
BKDN170795146-1A,BKDN170795572-1A,0.542005091,ZSP,CHP,between_breed
BKDN170795146-1A,BKDN170796419-1A,0.700873005,SPD,CHP,between_breed
BKDN170795146-1A,BKDN170796249-1A,0.47862385,SPD,CHP,between_breed
BKDN170795146-1A,BKDN170796080-1A,0.276191109,LSD,CHP,between_breed
BKDN170795146-1A,BKDN170796250-1A,0.599751068,SPD,CHP,between_breed
BKDN170795146-1A,BKDN170796254-1A,0.625263014,SPD,CHP,between_breed
BKDN170795146-1A,BKDN170796006-1A,0.362083997,CHP,CHP,within_breed
BKDN170795146-1A,BKDN170796004-1A,0.515214283,CHP,CHP,within_breed
BKDN170795146-1A,BKDN170796420-1A,0.610261107,SPD,CHP,between_breed
BKDN170795146-1A,BKDN170795739-1A,0.370064332,ZSP,CHP,between_breed
BKDN170795146-1A,BKDN170796417-1A,0.709308393,SPD,CHP,between_breed
BKDN170795146-1A,BKDN170795911-1A,0.322578844,LSD,CHP,between_breed
BKDN170795146-1A,BKDN170795575-1A,0.502264757,ZSP,CHP,between_breed
BKDN170795146-1A,BKDN170795837-1A,0.562647728,CHP,CHP,within_breed
BKDN170795146-1A,BKDN170795743-1A,0.468179153,ZSP,CHP,between_breed
BKDN170795146-1A,BKDN170795573-1A,0.491122444,ZSP,CHP,between_breed
BKDN170795147-1A,BKDN170795837-1A,0.371168048,CHP,CHP,within_breed
BKDN170795147-1A,BKDN170795577-1A,0.778962402,ZSP,CHP,between_breed
BKDN170795147-1A,BKDN170795576-1A,0.799038355,ZSP,CHP,between_breed
BKDN170795147-1A,BKDN170795742-1A,0.761052941,ZSP,CHP,between_breed
BKDN170795147-1A,BKDN170796006-1A,0.593856361,CHP,CHP,within_breed
BKDN170795147-1A,BKDN170795744-1A,0.623001799,ZSP,CHP,between_breed
BKDN170795147-1A,BKDN170795836-1A,0.604455453,CHP,CHP,within_breed
BKDN170795147-1A,BKDN170796420-1A,0.838225019,SPD,CHP,between_breed
BKDN170795147-1A,BKDN170795916-1A,0.735523076,LSD,CHP,between_breed
BKDN170795147-1A,BKDN170795745-1A,0.834433169,ZSP,CHP,between_breed
BKDN170795147-1A,BKDN170795738-1A,0.832654538,ZSP,CHP,between_breed
BKDN170795147-1A,BKDN170796249-1A,0.733269185,SPD,CHP,between_breed
BKDN170795147-1A,BKDN170796247-1A,0.821278307,SPD,CHP,between_breed
BKDN170795147-1A,BKDN170796413-1A,0.243687031,MWD,CHP,between_breed
BKDN170795147-1A,BKDN170796245-1A,0.798923489,SPD,CHP,between_breed
BKDN170795147-1A,BKDN170796004-1A,0.768363995,CHP,CHP,within_breed
BKDN170795147-1A,BKDN170795740-1A,0.80797895,ZSP,CHP,between_breed
BKDN170795147-1A,BKDN170795575-1A,0.800155818,ZSP,CHP,between_breed
BKDN170795147-1A,BKDN170795573-1A,0.432434743,ZSP,CHP,between_breed
BKDN170795147-1A,BKDN170795574-1A,0.332438079,ZSP,CHP,between_breed
BKDN170795147-1A,BKDN170795911-1A,0.791392236,LSD,CHP,between_breed
BKDN170795147-1A,BKDN170796417-1A,0.856829047,SPD,CHP,between_breed
BKDN170795147-1A,BKDN170795999-1A,0.680825168,CHP,CHP,within_breed
BKDN170795147-1A,BKDN170796424-1A,0.748818917,SPD,CHP,between_breed
BKDN170795147-1A,BKDN170796077-1A,0.247201575,LSD,CHP,between_breed
BKDN170795147-1A,BKDN170796253-1A,0.725039642,SPD,CHP,between_breed
BKDN170795147-1A,BKDN170796419-1A,0.401521649,SPD,CHP,between_breed
BKDN170795147-1A,BKDN170796085-1A,0.806490354,SPD,CHP,between_breed
BKDN170795147-1A,BKDN170796252-1A,0.343353161,SPD,CHP,between_breed
BKDN170795147-1A,BKDN170795907-1A,0.822147387,LSD,CHP,between_breed
BKDN170795147-1A,BKDN170795739-1A,0.802331028,ZSP,CHP,between_breed
BKDN170795147-1A,BKDN170796421-1A,0.770677566,SPD,CHP,between_breed
BKDN170795147-1A,BKDN170796080-1A,0.499056532,LSD,CHP,between_breed
BKDN170795147-1A,BKDN170796254-1A,0.562285062,SPD,CHP,between_breed
BKDN170795147-1A,BKDN170795578-1A,0.706927355,ZSP,CHP,between_breed
BKDN170795147-1A,BKDN170795743-1A,0.611203531,ZSP,CHP,between_breed
BKDN170795147-1A,BKDN170795912-1A,0.805896228,LSD,CHP,between_breed
BKDN170795147-1A,BKDN170796251-1A,0.811243033,SPD,CHP,between_breed
BKDN170795147-1A,BKDN170796418-1A,0.825450861,SPD,CHP,between_breed
BKDN170795147-1A,BKDN170796173-1A,0.587236706,CHP,CHP,within_breed
BKDN170795147-1A,BKDN170796086-1A,0.724550267,SPD,CHP,between_breed
BKDN170795147-1A,BKDN170796422-1A,0.854108684,SPD,CHP,between_breed
BKDN170795147-1A,BKDN170796250-1A,0.797573552,SPD,CHP,between_breed
BKDN170795147-1A,BKDN170795737-1A,0.798624815,ZSP,CHP,between_breed
BKDN170795147-1A,BKDN170795149-1A,0.592236741,CHP,CHP,within_breed
BKDN170795147-1A,BKDN170796000-1A,0.576241059,CHP,CHP,within_breed
BKDN170795147-1A,BKDN170795910-1A,0.248861541,LSD,CHP,between_breed
BKDN170795147-1A,BKDN170795838-1A,0.589537936,CHP,CHP,within_breed
BKDN170795147-1A,BKDN170795572-1A,0.261932538,ZSP,CHP,between_breed
BKDN170795149-1A,BKDN170795575-1A,0.566756037,ZSP,CHP,between_breed
BKDN170795149-1A,BKDN170796418-1A,0.711162679,SPD,CHP,between_breed
BKDN170795149-1A,BKDN170795740-1A,0.572800515,ZSP,CHP,between_breed
BKDN170795149-1A,BKDN170795737-1A,0.620543412,ZSP,CHP,between_breed
BKDN170795149-1A,BKDN170796413-1A,0.48161845,MWD,CHP,between_breed
BKDN170795149-1A,BKDN170795836-1A,0.334910546,CHP,CHP,within_breed
BKDN170795149-1A,BKDN170796422-1A,0.702617468,SPD,CHP,between_breed
BKDN170795149-1A,BKDN170795837-1A,0.578234796,CHP,CHP,within_breed
BKDN170795149-1A,BKDN170796254-1A,0.664662572,SPD,CHP,between_breed
BKDN170795149-1A,BKDN170796249-1A,0.61063885,SPD,CHP,between_breed
BKDN170795149-1A,BKDN170795577-1A,0.564021842,ZSP,CHP,between_breed
BKDN170795149-1A,BKDN170795573-1A,0.582908604,ZSP,CHP,between_breed
BKDN170795149-1A,BKDN170795743-1A,0.61381858,ZSP,CHP,between_breed
BKDN170795149-1A,BKDN170795744-1A,0.552568823,ZSP,CHP,between_breed
BKDN170795149-1A,BKDN170795745-1A,0.580035316,ZSP,CHP,between_breed
BKDN170795149-1A,BKDN170795576-1A,0.616970451,ZSP,CHP,between_breed
BKDN170795149-1A,BKDN170796251-1A,0.706012584,SPD,CHP,between_breed
BKDN170795149-1A,BKDN170796253-1A,0.537457623,SPD,CHP,between_breed
BKDN170795149-1A,BKDN170795912-1A,0.671545305,LSD,CHP,between_breed
BKDN170795149-1A,BKDN170796421-1A,0.550365875,SPD,CHP,between_breed
BKDN170795149-1A,BKDN170795574-1A,0.641801194,ZSP,CHP,between_breed
BKDN170795149-1A,BKDN170795999-1A,0.460985466,CHP,CHP,within_breed
BKDN170795149-1A,BKDN170796419-1A,0.663983089,SPD,CHP,between_breed
BKDN170795149-1A,BKDN170795739-1A,0.588909218,ZSP,CHP,between_breed
BKDN170795149-1A,BKDN170796247-1A,0.587390781,SPD,CHP,between_breed
BKDN170795149-1A,BKDN170796086-1A,0.680566431,SPD,CHP,between_breed
BKDN170795149-1A,BKDN170796000-1A,0.395232162,CHP,CHP,within_breed
BKDN170795149-1A,BKDN170795578-1A,0.684878338,ZSP,CHP,between_breed
BKDN170795149-1A,BKDN170796252-1A,0.657085397,SPD,CHP,between_breed
BKDN170795149-1A,BKDN170795738-1A,0.518234338,ZSP,CHP,between_breed
BKDN170795149-1A,BKDN170796417-1A,0.70310693,SPD,CHP,between_breed
BKDN170795149-1A,BKDN170795838-1A,0.357468806,CHP,CHP,within_breed
BKDN170795149-1A,BKDN170796077-1A,0.573824916,LSD,CHP,between_breed
BKDN170795149-1A,BKDN170796080-1A,0.523582334,LSD,CHP,between_breed
BKDN170795149-1A,BKDN170796245-1A,0.63144544,SPD,CHP,between_breed
BKDN170795149-1A,BKDN170796420-1A,0.731220423,SPD,CHP,between_breed
BKDN170795149-1A,BKDN170795911-1A,0.49762863,LSD,CHP,between_breed
BKDN170795149-1A,BKDN170796173-1A,0.43228858,CHP,CHP,within_breed
BKDN170795149-1A,BKDN170795910-1A,0.631081098,LSD,CHP,between_breed
BKDN170795149-1A,BKDN170796085-1A,0.620214688,SPD,CHP,between_breed
BKDN170795149-1A,BKDN170795742-1A,0.513834649,ZSP,CHP,between_breed
BKDN170795149-1A,BKDN170795916-1A,0.664168508,LSD,CHP,between_breed
BKDN170795149-1A,BKDN170796250-1A,0.686629818,SPD,CHP,between_breed
BKDN170795149-1A,BKDN170795907-1A,0.649870283,LSD,CHP,between_breed
BKDN170795149-1A,BKDN170795572-1A,0.489991923,ZSP,CHP,between_breed
BKDN170795149-1A,BKDN170796004-1A,0.549643521,CHP,CHP,within_breed
BKDN170795149-1A,BKDN170796424-1A,0.585980546,SPD,CHP,between_breed
BKDN170795149-1A,BKDN170796006-1A,0.181396317,CHP,CHP,within_breed
BKDN170795572-1A,BKDN170796247-1A,0.7597473,SPD,ZSP,between_breed
BKDN170795572-1A,BKDN170795740-1A,0.737359855,ZSP,ZSP,within_breed
BKDN170795572-1A,BKDN170796417-1A,0.802526304,SPD,ZSP,between_breed
BKDN170795572-1A,BKDN170796245-1A,0.725763689,SPD,ZSP,between_breed
BKDN170795572-1A,BKDN170796254-1A,0.552881877,SPD,ZSP,between_breed
BKDN170795572-1A,BKDN170795907-1A,0.773340846,LSD,ZSP,between_breed
BKDN170795572-1A,BKDN170795910-1A,0.301704617,LSD,ZSP,between_breed
BKDN170795572-1A,BKDN170796253-1A,0.674024808,SPD,ZSP,between_breed
BKDN170795572-1A,BKDN170796086-1A,0.70376118,SPD,ZSP,between_breed
BKDN170795572-1A,BKDN170795737-1A,0.729047936,ZSP,ZSP,within_breed
BKDN170795572-1A,BKDN170795575-1A,0.743861597,ZSP,ZSP,within_breed
BKDN170795572-1A,BKDN170795837-1A,0.330978267,CHP,ZSP,between_breed
BKDN170795572-1A,BKDN170795999-1A,0.590048554,CHP,ZSP,between_breed
BKDN170795572-1A,BKDN170795577-1A,0.723226467,ZSP,ZSP,within_breed
BKDN170795572-1A,BKDN170796413-1A,0.220651218,MWD,ZSP,between_breed
BKDN170795572-1A,BKDN170795745-1A,0.775670144,ZSP,ZSP,within_breed
BKDN170795572-1A,BKDN170795836-1A,0.552735354,CHP,ZSP,between_breed
BKDN170795572-1A,BKDN170796420-1A,0.804055024,SPD,ZSP,between_breed
BKDN170795572-1A,BKDN170796249-1A,0.677713044,SPD,ZSP,between_breed
BKDN170795572-1A,BKDN170796077-1A,0.277359155,LSD,ZSP,between_breed
BKDN170795572-1A,BKDN170795738-1A,0.754867441,ZSP,ZSP,within_breed
BKDN170795572-1A,BKDN170796006-1A,0.512180823,CHP,ZSP,between_breed
BKDN170795572-1A,BKDN170795743-1A,0.574462276,ZSP,ZSP,within_breed
BKDN170795572-1A,BKDN170795742-1A,0.684679682,ZSP,ZSP,within_breed
BKDN170795572-1A,BKDN170796173-1A,0.561246592,CHP,ZSP,between_breed
BKDN170795572-1A,BKDN170795744-1A,0.570967093,ZSP,ZSP,within_breed
BKDN170795572-1A,BKDN170796419-1A,0.425068105,SPD,ZSP,between_breed
BKDN170795572-1A,BKDN170796000-1A,0.532856476,CHP,ZSP,between_breed
BKDN170795572-1A,BKDN170796004-1A,0.692704367,CHP,ZSP,between_breed
BKDN170795572-1A,BKDN170795574-1A,0.312257527,ZSP,ZSP,within_breed
BKDN170795572-1A,BKDN170795578-1A,0.656114258,ZSP,ZSP,within_breed
BKDN170795572-1A,BKDN170796421-1A,0.695682191,SPD,ZSP,between_breed
BKDN170795572-1A,BKDN170796252-1A,0.374597007,SPD,ZSP,between_breed
BKDN170795572-1A,BKDN170795573-1A,0.397251418,ZSP,ZSP,within_breed
BKDN170795572-1A,BKDN170796418-1A,0.785081076,SPD,ZSP,between_breed
BKDN170795572-1A,BKDN170796424-1A,0.692021418,SPD,ZSP,between_breed
BKDN170795572-1A,BKDN170795916-1A,0.678014662,LSD,ZSP,between_breed
BKDN170795572-1A,BKDN170795911-1A,0.721027038,LSD,ZSP,between_breed
BKDN170795572-1A,BKDN170795739-1A,0.732388027,ZSP,ZSP,within_breed
BKDN170795572-1A,BKDN170795838-1A,0.557966905,CHP,ZSP,between_breed
BKDN170795572-1A,BKDN170795912-1A,0.76011326,LSD,ZSP,between_breed
BKDN170795572-1A,BKDN170796422-1A,0.80468532,SPD,ZSP,between_breed
BKDN170795572-1A,BKDN170796251-1A,0.7790564,SPD,ZSP,between_breed
BKDN170795572-1A,BKDN170796250-1A,0.756382306,SPD,ZSP,between_breed
BKDN170795572-1A,BKDN170796085-1A,0.74702499,SPD,ZSP,between_breed
BKDN170795572-1A,BKDN170795576-1A,0.750236989,ZSP,ZSP,within_breed
BKDN170795572-1A,BKDN170796080-1A,0.440291506,LSD,ZSP,between_breed
BKDN170795573-1A,BKDN170796173-1A,0.695513711,CHP,ZSP,between_breed
BKDN170795573-1A,BKDN170795574-1A,0.402349319,ZSP,ZSP,within_breed
BKDN170795573-1A,BKDN170796252-1A,0.431907617,SPD,ZSP,between_breed
BKDN170795573-1A,BKDN170795837-1A,0.382002366,CHP,ZSP,between_breed
BKDN170795573-1A,BKDN170796419-1A,0.4752877,SPD,ZSP,between_breed
BKDN170795573-1A,BKDN170795916-1A,0.389982055,LSD,ZSP,between_breed
BKDN170795573-1A,BKDN170796077-1A,0.42421683,LSD,ZSP,between_breed
BKDN170795573-1A,BKDN170795910-1A,0.437037271,LSD,ZSP,between_breed
BKDN170795573-1A,BKDN170796085-1A,0.598384302,SPD,ZSP,between_breed
BKDN170795573-1A,BKDN170796080-1A,0.303107144,LSD,ZSP,between_breed
BKDN170795573-1A,BKDN170796251-1A,0.662865492,SPD,ZSP,between_breed
BKDN170795573-1A,BKDN170795999-1A,0.480319549,CHP,ZSP,between_breed
BKDN170795573-1A,BKDN170796086-1A,0.553184449,SPD,ZSP,between_breed
BKDN170795573-1A,BKDN170795907-1A,0.599953657,LSD,ZSP,between_breed
BKDN170795573-1A,BKDN170795575-1A,0.501926755,ZSP,ZSP,within_breed
BKDN170795573-1A,BKDN170795742-1A,0.471143119,ZSP,ZSP,within_breed
BKDN170795573-1A,BKDN170796000-1A,0.672263339,CHP,ZSP,between_breed
BKDN170795573-1A,BKDN170795576-1A,0.448050044,ZSP,ZSP,within_breed
BKDN170795573-1A,BKDN170795739-1A,0.563796073,ZSP,ZSP,within_breed
BKDN170795573-1A,BKDN170795577-1A,0.382979377,ZSP,ZSP,within_breed
BKDN170795573-1A,BKDN170795744-1A,0.363001748,ZSP,ZSP,within_breed
BKDN170795573-1A,BKDN170795838-1A,0.662559634,CHP,ZSP,between_breed
BKDN170795573-1A,BKDN170796006-1A,0.585095556,CHP,ZSP,between_breed
BKDN170795573-1A,BKDN170795740-1A,0.50994825,ZSP,ZSP,within_breed
BKDN170795573-1A,BKDN170796420-1A,0.713244326,SPD,ZSP,between_breed
BKDN170795573-1A,BKDN170796417-1A,0.671496393,SPD,ZSP,between_breed
BKDN170795573-1A,BKDN170795578-1A,0.547132112,ZSP,ZSP,within_breed
BKDN170795573-1A,BKDN170796245-1A,0.561075398,SPD,ZSP,between_breed
BKDN170795573-1A,BKDN170795836-1A,0.630950912,CHP,ZSP,between_breed
BKDN170795573-1A,BKDN170796418-1A,0.662373722,SPD,ZSP,between_breed
BKDN170795573-1A,BKDN170795738-1A,0.555994427,ZSP,ZSP,within_breed
BKDN170795573-1A,BKDN170796250-1A,0.618304688,SPD,ZSP,between_breed
BKDN170795573-1A,BKDN170795912-1A,0.637270945,LSD,ZSP,between_breed
BKDN170795573-1A,BKDN170795911-1A,0.529333259,LSD,ZSP,between_breed
BKDN170795573-1A,BKDN170796253-1A,0.380984465,SPD,ZSP,between_breed
BKDN170795573-1A,BKDN170796422-1A,0.6815496,SPD,ZSP,between_breed
BKDN170795573-1A,BKDN170796254-1A,0.461915335,SPD,ZSP,between_breed
BKDN170795573-1A,BKDN170795743-1A,0.424686234,ZSP,ZSP,within_breed
BKDN170795573-1A,BKDN170796249-1A,0.518352899,SPD,ZSP,between_breed
BKDN170795573-1A,BKDN170795745-1A,0.483632951,ZSP,ZSP,within_breed
BKDN170795573-1A,BKDN170796413-1A,0.387000146,MWD,ZSP,between_breed
BKDN170795573-1A,BKDN170796424-1A,0.530806425,SPD,ZSP,between_breed
BKDN170795573-1A,BKDN170796421-1A,0.519736883,SPD,ZSP,between_breed
BKDN170795573-1A,BKDN170796004-1A,0.567421183,CHP,ZSP,between_breed
BKDN170795573-1A,BKDN170795737-1A,0.497624654,ZSP,ZSP,within_breed
BKDN170795573-1A,BKDN170796247-1A,0.492676679,SPD,ZSP,between_breed
BKDN170795574-1A,BKDN170796251-1A,0.809263965,SPD,ZSP,between_breed
BKDN170795574-1A,BKDN170796253-1A,0.727197202,SPD,ZSP,between_breed
BKDN170795574-1A,BKDN170796250-1A,0.785851277,SPD,ZSP,between_breed
BKDN170795574-1A,BKDN170795740-1A,0.806101129,ZSP,ZSP,within_breed
BKDN170795574-1A,BKDN170795910-1A,0.155956707,LSD,ZSP,between_breed
BKDN170795574-1A,BKDN170795577-1A,0.791146268,ZSP,ZSP,within_breed
BKDN170795574-1A,BKDN170795578-1A,0.697734818,ZSP,ZSP,within_breed
BKDN170795574-1A,BKDN170795745-1A,0.8389492,ZSP,ZSP,within_breed
BKDN170795574-1A,BKDN170795999-1A,0.628271106,CHP,ZSP,between_breed
BKDN170795574-1A,BKDN170795576-1A,0.815669845,ZSP,ZSP,within_breed
BKDN170795574-1A,BKDN170796417-1A,0.843301936,SPD,ZSP,between_breed
BKDN170795574-1A,BKDN170796004-1A,0.757873,CHP,ZSP,between_breed
BKDN170795574-1A,BKDN170796420-1A,0.841738848,SPD,ZSP,between_breed
BKDN170795574-1A,BKDN170795836-1A,0.679171557,CHP,ZSP,between_breed
BKDN170795574-1A,BKDN170795911-1A,0.787333442,LSD,ZSP,between_breed
BKDN170795574-1A,BKDN170796080-1A,0.443280469,LSD,ZSP,between_breed
BKDN170795574-1A,BKDN170796418-1A,0.810395116,SPD,ZSP,between_breed
BKDN170795574-1A,BKDN170796173-1A,0.673005179,CHP,ZSP,between_breed
BKDN170795574-1A,BKDN170796006-1A,0.659945706,CHP,ZSP,between_breed
BKDN170795574-1A,BKDN170796424-1A,0.738039272,SPD,ZSP,between_breed
BKDN170795574-1A,BKDN170795907-1A,0.803180555,LSD,ZSP,between_breed
BKDN170795574-1A,BKDN170796245-1A,0.77164829,SPD,ZSP,between_breed
BKDN170795574-1A,BKDN170795737-1A,0.803978319,ZSP,ZSP,within_breed
BKDN170795574-1A,BKDN170796086-1A,0.69840269,SPD,ZSP,between_breed
BKDN170795574-1A,BKDN170796254-1A,0.43634586,SPD,ZSP,between_breed
BKDN170795574-1A,BKDN170795739-1A,0.79058962,ZSP,ZSP,within_breed
BKDN170795574-1A,BKDN170796085-1A,0.787534938,SPD,ZSP,between_breed
BKDN170795574-1A,BKDN170795837-1A,0.192301412,CHP,ZSP,between_breed
BKDN170795574-1A,BKDN170796419-1A,0.396040185,SPD,ZSP,between_breed
BKDN170795574-1A,BKDN170796077-1A,0.255149343,LSD,ZSP,between_breed
BKDN170795574-1A,BKDN170795575-1A,0.808392449,ZSP,ZSP,within_breed
BKDN170795574-1A,BKDN170796422-1A,0.841344816,SPD,ZSP,between_breed
BKDN170795574-1A,BKDN170796000-1A,0.664165486,CHP,ZSP,between_breed
BKDN170795574-1A,BKDN170796421-1A,0.742717469,SPD,ZSP,between_breed
BKDN170795574-1A,BKDN170795916-1A,0.740084898,LSD,ZSP,between_breed
BKDN170795574-1A,BKDN170795738-1A,0.817995352,ZSP,ZSP,within_breed
BKDN170795574-1A,BKDN170796249-1A,0.718442108,SPD,ZSP,between_breed
BKDN170795574-1A,BKDN170796252-1A,0.299209701,SPD,ZSP,between_breed
BKDN170795574-1A,BKDN170795742-1A,0.762861228,ZSP,ZSP,within_breed
BKDN170795574-1A,BKDN170795912-1A,0.805829533,LSD,ZSP,between_breed
BKDN170795574-1A,BKDN170796413-1A,0.249706524,MWD,ZSP,between_breed
BKDN170795574-1A,BKDN170796247-1A,0.832342713,SPD,ZSP,between_breed
BKDN170795574-1A,BKDN170795743-1A,0.585381593,ZSP,ZSP,within_breed
BKDN170795574-1A,BKDN170795838-1A,0.677526236,CHP,ZSP,between_breed
BKDN170795574-1A,BKDN170795744-1A,0.611156627,ZSP,ZSP,within_breed
BKDN170795575-1A,BKDN170795739-1A,0.262044541,ZSP,ZSP,within_breed
BKDN170795575-1A,BKDN170795742-1A,0.33917879,ZSP,ZSP,within_breed
BKDN170795575-1A,BKDN170796254-1A,0.426492018,SPD,ZSP,between_breed
BKDN170795575-1A,BKDN170796417-1A,0.437555096,SPD,ZSP,between_breed
BKDN170795575-1A,BKDN170795912-1A,0.341727594,LSD,ZSP,between_breed
BKDN170795575-1A,BKDN170795576-1A,0.220245385,ZSP,ZSP,within_breed
BKDN170795575-1A,BKDN170795578-1A,0.649834243,ZSP,ZSP,within_breed
BKDN170795575-1A,BKDN170796173-1A,0.788450961,CHP,ZSP,between_breed
BKDN170795575-1A,BKDN170795737-1A,0.277278862,ZSP,ZSP,within_breed
BKDN170795575-1A,BKDN170795837-1A,0.76523455,CHP,ZSP,between_breed
BKDN170795575-1A,BKDN170795910-1A,0.854657752,LSD,ZSP,between_breed
BKDN170795575-1A,BKDN170795836-1A,0.69457487,CHP,ZSP,between_breed
BKDN170795575-1A,BKDN170795744-1A,0.409847739,ZSP,ZSP,within_breed
BKDN170795575-1A,BKDN170796418-1A,0.489842923,SPD,ZSP,between_breed
BKDN170795575-1A,BKDN170796251-1A,0.450317567,SPD,ZSP,between_breed
BKDN170795575-1A,BKDN170795738-1A,0.297382189,ZSP,ZSP,within_breed
BKDN170795575-1A,BKDN170796253-1A,0.281070824,SPD,ZSP,between_breed
BKDN170795575-1A,BKDN170795907-1A,0.394170133,LSD,ZSP,between_breed
BKDN170795575-1A,BKDN170796250-1A,0.469366366,SPD,ZSP,between_breed
BKDN170795575-1A,BKDN170795838-1A,0.750733055,CHP,ZSP,between_breed
BKDN170795575-1A,BKDN170795577-1A,0.239663923,ZSP,ZSP,within_breed
BKDN170795575-1A,BKDN170796085-1A,0.322529667,SPD,ZSP,between_breed
BKDN170795575-1A,BKDN170795745-1A,0.398684916,ZSP,ZSP,within_breed
BKDN170795575-1A,BKDN170796077-1A,0.804947314,LSD,ZSP,between_breed
BKDN170795575-1A,BKDN170796422-1A,0.479693258,SPD,ZSP,between_breed
BKDN170795575-1A,BKDN170796413-1A,0.743043042,MWD,ZSP,between_breed
BKDN170795575-1A,BKDN170796245-1A,0.533693436,SPD,ZSP,between_breed
BKDN170795575-1A,BKDN170796249-1A,0.392077598,SPD,ZSP,between_breed
BKDN170795575-1A,BKDN170796086-1A,0.396113735,SPD,ZSP,between_breed
BKDN170795575-1A,BKDN170796247-1A,0.266286052,SPD,ZSP,between_breed
BKDN170795575-1A,BKDN170796421-1A,0.407085016,SPD,ZSP,between_breed
BKDN170795575-1A,BKDN170795999-1A,0.534052819,CHP,ZSP,between_breed
BKDN170795575-1A,BKDN170796000-1A,0.778232722,CHP,ZSP,between_breed
BKDN170795575-1A,BKDN170796080-1A,0.506819165,LSD,ZSP,between_breed
BKDN170795575-1A,BKDN170795740-1A,0.299948839,ZSP,ZSP,within_breed
BKDN170795575-1A,BKDN170796004-1A,0.640980498,CHP,ZSP,between_breed
BKDN170795575-1A,BKDN170795911-1A,0.296808187,LSD,ZSP,between_breed
BKDN170795575-1A,BKDN170795916-1A,0.546247227,LSD,ZSP,between_breed
BKDN170795575-1A,BKDN170796006-1A,0.587246502,CHP,ZSP,between_breed
BKDN170795575-1A,BKDN170795743-1A,0.456324357,ZSP,ZSP,within_breed
BKDN170795575-1A,BKDN170796424-1A,0.389197251,SPD,ZSP,between_breed
BKDN170795575-1A,BKDN170796419-1A,0.668815302,SPD,ZSP,between_breed
BKDN170795575-1A,BKDN170796420-1A,0.516079532,SPD,ZSP,between_breed
BKDN170795575-1A,BKDN170796252-1A,0.644714279,SPD,ZSP,between_breed
BKDN170795576-1A,BKDN170795737-1A,0.264508982,ZSP,ZSP,within_breed
BKDN170795576-1A,BKDN170795744-1A,0.429681699,ZSP,ZSP,within_breed
BKDN170795576-1A,BKDN170796006-1A,0.583790672,CHP,ZSP,between_breed
BKDN170795576-1A,BKDN170795738-1A,0.275608028,ZSP,ZSP,within_breed
BKDN170795576-1A,BKDN170796253-1A,0.207971178,SPD,ZSP,between_breed
BKDN170795576-1A,BKDN170796413-1A,0.759637839,MWD,ZSP,between_breed
BKDN170795576-1A,BKDN170795742-1A,0.302983673,ZSP,ZSP,within_breed
BKDN170795576-1A,BKDN170796417-1A,0.486081009,SPD,ZSP,between_breed
BKDN170795576-1A,BKDN170795999-1A,0.500564872,CHP,ZSP,between_breed
BKDN170795576-1A,BKDN170796077-1A,0.814093414,LSD,ZSP,between_breed
BKDN170795576-1A,BKDN170795837-1A,0.775042424,CHP,ZSP,between_breed
BKDN170795576-1A,BKDN170796249-1A,0.384569848,SPD,ZSP,between_breed
BKDN170795576-1A,BKDN170796173-1A,0.813304446,CHP,ZSP,between_breed
BKDN170795576-1A,BKDN170795836-1A,0.730903096,CHP,ZSP,between_breed
BKDN170795576-1A,BKDN170795910-1A,0.854624598,LSD,ZSP,between_breed
BKDN170795576-1A,BKDN170795838-1A,0.782005749,CHP,ZSP,between_breed
BKDN170795576-1A,BKDN170795907-1A,0.421068353,LSD,ZSP,between_breed
BKDN170795576-1A,BKDN170796251-1A,0.47296555,SPD,ZSP,between_breed
BKDN170795576-1A,BKDN170795740-1A,0.256591243,ZSP,ZSP,within_breed
BKDN170795576-1A,BKDN170796086-1A,0.43330366,SPD,ZSP,between_breed
BKDN170795576-1A,BKDN170795577-1A,0.249830225,ZSP,ZSP,within_breed
BKDN170795576-1A,BKDN170795739-1A,0.210497143,ZSP,ZSP,within_breed
BKDN170795576-1A,BKDN170795745-1A,0.245075205,ZSP,ZSP,within_breed
BKDN170795576-1A,BKDN170796245-1A,0.472536705,SPD,ZSP,between_breed
BKDN170795576-1A,BKDN170796247-1A,0.279493217,SPD,ZSP,between_breed
BKDN170795576-1A,BKDN170795912-1A,0.411842256,LSD,ZSP,between_breed
BKDN170795576-1A,BKDN170796252-1A,0.625597351,SPD,ZSP,between_breed
BKDN170795576-1A,BKDN170795578-1A,0.65920442,ZSP,ZSP,within_breed
BKDN170795576-1A,BKDN170796424-1A,0.355017062,SPD,ZSP,between_breed
BKDN170795576-1A,BKDN170796420-1A,0.4725942,SPD,ZSP,between_breed
BKDN170795576-1A,BKDN170795743-1A,0.456569206,ZSP,ZSP,within_breed
BKDN170795576-1A,BKDN170796422-1A,0.487624132,SPD,ZSP,between_breed
BKDN170795576-1A,BKDN170796418-1A,0.51532225,SPD,ZSP,between_breed
BKDN170795576-1A,BKDN170796080-1A,0.430916421,LSD,ZSP,between_breed
BKDN170795576-1A,BKDN170796250-1A,0.428661772,SPD,ZSP,between_breed
BKDN170795576-1A,BKDN170796419-1A,0.653429983,SPD,ZSP,between_breed
BKDN170795576-1A,BKDN170796254-1A,0.490828615,SPD,ZSP,between_breed
BKDN170795576-1A,BKDN170795916-1A,0.422370555,LSD,ZSP,between_breed
BKDN170795576-1A,BKDN170796421-1A,0.429517936,SPD,ZSP,between_breed
BKDN170795576-1A,BKDN170795911-1A,0.258133038,LSD,ZSP,between_breed
BKDN170795576-1A,BKDN170796085-1A,0.386186765,SPD,ZSP,between_breed
BKDN170795576-1A,BKDN170796000-1A,0.802487883,CHP,ZSP,between_breed
BKDN170795576-1A,BKDN170796004-1A,0.637962657,CHP,ZSP,between_breed
BKDN170795577-1A,BKDN170796000-1A,0.741513625,CHP,ZSP,between_breed
BKDN170795577-1A,BKDN170796247-1A,0.276072898,SPD,ZSP,between_breed
BKDN170795577-1A,BKDN170795916-1A,0.419746041,LSD,ZSP,between_breed
BKDN170795577-1A,BKDN170795907-1A,0.325619841,LSD,ZSP,between_breed
BKDN170795577-1A,BKDN170796422-1A,0.499722455,SPD,ZSP,between_breed
BKDN170795577-1A,BKDN170796424-1A,0.379494493,SPD,ZSP,between_breed
BKDN170795577-1A,BKDN170796419-1A,0.695538721,SPD,ZSP,between_breed
BKDN170795577-1A,BKDN170796077-1A,0.775679627,LSD,ZSP,between_breed
BKDN170795577-1A,BKDN170795911-1A,0.261102147,LSD,ZSP,between_breed
BKDN170795577-1A,BKDN170796250-1A,0.457012342,SPD,ZSP,between_breed
BKDN170795577-1A,BKDN170796006-1A,0.592966706,CHP,ZSP,between_breed
BKDN170795577-1A,BKDN170795743-1A,0.446195314,ZSP,ZSP,within_breed
BKDN170795577-1A,BKDN170795999-1A,0.517380738,CHP,ZSP,between_breed
BKDN170795577-1A,BKDN170796004-1A,0.611884791,CHP,ZSP,between_breed
BKDN170795577-1A,BKDN170796420-1A,0.583396564,SPD,ZSP,between_breed
BKDN170795577-1A,BKDN170795837-1A,0.732891638,CHP,ZSP,between_breed
BKDN170795577-1A,BKDN170796417-1A,0.487644787,SPD,ZSP,between_breed
BKDN170795577-1A,BKDN170795838-1A,0.72216519,CHP,ZSP,between_breed
BKDN170795577-1A,BKDN170795737-1A,0.282858351,ZSP,ZSP,within_breed
BKDN170795577-1A,BKDN170795910-1A,0.840841354,LSD,ZSP,between_breed
BKDN170795577-1A,BKDN170796249-1A,0.428977664,SPD,ZSP,between_breed
BKDN170795577-1A,BKDN170796173-1A,0.758738759,CHP,ZSP,between_breed
BKDN170795577-1A,BKDN170796251-1A,0.509226857,SPD,ZSP,between_breed
BKDN170795577-1A,BKDN170796085-1A,0.371043096,SPD,ZSP,between_breed
BKDN170795577-1A,BKDN170796421-1A,0.312095394,SPD,ZSP,between_breed
BKDN170795577-1A,BKDN170796418-1A,0.541452044,SPD,ZSP,between_breed
BKDN170795577-1A,BKDN170796253-1A,0.274411869,SPD,ZSP,between_breed
BKDN170795577-1A,BKDN170796086-1A,0.449461745,SPD,ZSP,between_breed
BKDN170795577-1A,BKDN170796245-1A,0.493746071,SPD,ZSP,between_breed
BKDN170795577-1A,BKDN170796080-1A,0.477185187,LSD,ZSP,between_breed
BKDN170795577-1A,BKDN170795742-1A,0.305747974,ZSP,ZSP,within_breed
BKDN170795577-1A,BKDN170795578-1A,0.573114938,ZSP,ZSP,within_breed
BKDN170795577-1A,BKDN170795836-1A,0.67556606,CHP,ZSP,between_breed
BKDN170795577-1A,BKDN170795745-1A,0.359192254,ZSP,ZSP,within_breed
BKDN170795577-1A,BKDN170796413-1A,0.731282691,MWD,ZSP,between_breed
BKDN170795577-1A,BKDN170795738-1A,0.27694399,ZSP,ZSP,within_breed
BKDN170795577-1A,BKDN170796252-1A,0.670298052,SPD,ZSP,between_breed
BKDN170795577-1A,BKDN170795744-1A,0.364466067,ZSP,ZSP,within_breed
BKDN170795577-1A,BKDN170796254-1A,0.560825288,SPD,ZSP,between_breed
BKDN170795577-1A,BKDN170795740-1A,0.320402327,ZSP,ZSP,within_breed
BKDN170795577-1A,BKDN170795912-1A,0.437793541,LSD,ZSP,between_breed
BKDN170795577-1A,BKDN170795739-1A,0.346066399,ZSP,ZSP,within_breed
BKDN170795578-1A,BKDN170796247-1A,0.525317167,SPD,ZSP,between_breed
BKDN170795578-1A,BKDN170796424-1A,0.482709862,SPD,ZSP,between_breed
BKDN170795578-1A,BKDN170795837-1A,0.644756156,CHP,ZSP,between_breed
BKDN170795578-1A,BKDN170796250-1A,0.590096664,SPD,ZSP,between_breed
BKDN170795578-1A,BKDN170796000-1A,0.707700475,CHP,ZSP,between_breed
BKDN170795578-1A,BKDN170795907-1A,0.652169347,LSD,ZSP,between_breed
BKDN170795578-1A,BKDN170795910-1A,0.749021177,LSD,ZSP,between_breed
BKDN170795578-1A,BKDN170796251-1A,0.675885516,SPD,ZSP,between_breed
BKDN170795578-1A,BKDN170795912-1A,0.671043996,LSD,ZSP,between_breed
BKDN170795578-1A,BKDN170795838-1A,0.753342893,CHP,ZSP,between_breed
BKDN170795578-1A,BKDN170796249-1A,0.556031817,SPD,ZSP,between_breed
BKDN170795578-1A,BKDN170796418-1A,0.609051054,SPD,ZSP,between_breed
BKDN170795578-1A,BKDN170795745-1A,0.640390805,ZSP,ZSP,within_breed
BKDN170795578-1A,BKDN170796086-1A,0.656439224,SPD,ZSP,between_breed
BKDN170795578-1A,BKDN170796252-1A,0.722788912,SPD,ZSP,between_breed
BKDN170795578-1A,BKDN170796006-1A,0.706464755,CHP,ZSP,between_breed
BKDN170795578-1A,BKDN170795836-1A,0.731613073,CHP,ZSP,between_breed
BKDN170795578-1A,BKDN170795738-1A,0.606414946,ZSP,ZSP,within_breed
BKDN170795578-1A,BKDN170796173-1A,0.766557176,CHP,ZSP,between_breed
BKDN170795578-1A,BKDN170796254-1A,0.732290824,SPD,ZSP,between_breed
BKDN170795578-1A,BKDN170796080-1A,0.545355955,LSD,ZSP,between_breed
BKDN170795578-1A,BKDN170795743-1A,0.551411865,ZSP,ZSP,within_breed
BKDN170795578-1A,BKDN170795911-1A,0.589442402,LSD,ZSP,between_breed
BKDN170795578-1A,BKDN170796413-1A,0.650308453,MWD,ZSP,between_breed
BKDN170795578-1A,BKDN170796419-1A,0.746343691,SPD,ZSP,between_breed
BKDN170795578-1A,BKDN170796420-1A,0.747917929,SPD,ZSP,between_breed
BKDN170795578-1A,BKDN170796085-1A,0.558054263,SPD,ZSP,between_breed
BKDN170795578-1A,BKDN170796004-1A,0.648858677,CHP,ZSP,between_breed
BKDN170795578-1A,BKDN170796245-1A,0.480530467,SPD,ZSP,between_breed
BKDN170795578-1A,BKDN170795740-1A,0.624898318,ZSP,ZSP,within_breed
BKDN170795578-1A,BKDN170796421-1A,0.453665625,SPD,ZSP,between_breed
BKDN170795578-1A,BKDN170795742-1A,0.549967334,ZSP,ZSP,within_breed
BKDN170795578-1A,BKDN170796253-1A,0.617480643,SPD,ZSP,between_breed
BKDN170795578-1A,BKDN170796077-1A,0.666945133,LSD,ZSP,between_breed
BKDN170795578-1A,BKDN170795744-1A,0.34127372,ZSP,ZSP,within_breed
BKDN170795578-1A,BKDN170795737-1A,0.660844535,ZSP,ZSP,within_breed
BKDN170795578-1A,BKDN170795916-1A,0.418374185,LSD,ZSP,between_breed
BKDN170795578-1A,BKDN170796422-1A,0.493933131,SPD,ZSP,between_breed
BKDN170795578-1A,BKDN170795999-1A,0.564180901,CHP,ZSP,between_breed
BKDN170795578-1A,BKDN170795739-1A,0.607175971,ZSP,ZSP,within_breed
BKDN170795578-1A,BKDN170796417-1A,0.63768739,SPD,ZSP,between_breed
BKDN170795737-1A,BKDN170795743-1A,0.447500924,ZSP,ZSP,within_breed
BKDN170795737-1A,BKDN170796251-1A,0.309896883,SPD,ZSP,between_breed
BKDN170795737-1A,BKDN170796249-1A,0.443797738,SPD,ZSP,between_breed
BKDN170795737-1A,BKDN170796421-1A,0.421951745,SPD,ZSP,between_breed
BKDN170795737-1A,BKDN170796254-1A,0.460567672,SPD,ZSP,between_breed
BKDN170795737-1A,BKDN170796247-1A,0.304736951,SPD,ZSP,between_breed
BKDN170795737-1A,BKDN170795999-1A,0.645345742,CHP,ZSP,between_breed
BKDN170795737-1A,BKDN170796085-1A,0.242471576,SPD,ZSP,between_breed
BKDN170795737-1A,BKDN170796422-1A,0.395413322,SPD,ZSP,between_breed
BKDN170795737-1A,BKDN170795837-1A,0.786853869,CHP,ZSP,between_breed
BKDN170795737-1A,BKDN170795744-1A,0.452698924,ZSP,ZSP,within_breed
BKDN170795737-1A,BKDN170796086-1A,0.313401974,SPD,ZSP,between_breed
BKDN170795737-1A,BKDN170795838-1A,0.78984464,CHP,ZSP,between_breed
BKDN170795737-1A,BKDN170796418-1A,0.329223188,SPD,ZSP,between_breed
BKDN170795737-1A,BKDN170795907-1A,0.387382051,LSD,ZSP,between_breed
BKDN170795737-1A,BKDN170796252-1A,0.622532218,SPD,ZSP,between_breed
BKDN170795737-1A,BKDN170796004-1A,0.717181178,CHP,ZSP,between_breed
BKDN170795737-1A,BKDN170796077-1A,0.801557526,LSD,ZSP,between_breed
BKDN170795737-1A,BKDN170795738-1A,0.408762107,ZSP,ZSP,within_breed
BKDN170795737-1A,BKDN170796420-1A,0.479914906,SPD,ZSP,between_breed
BKDN170795737-1A,BKDN170796173-1A,0.822921659,CHP,ZSP,between_breed
BKDN170795737-1A,BKDN170796006-1A,0.649385504,CHP,ZSP,between_breed
BKDN170795737-1A,BKDN170796250-1A,0.43867474,SPD,ZSP,between_breed
BKDN170795737-1A,BKDN170796417-1A,0.301481329,SPD,ZSP,between_breed
BKDN170795737-1A,BKDN170795745-1A,0.420728658,ZSP,ZSP,within_breed
BKDN170795737-1A,BKDN170795742-1A,0.459376288,ZSP,ZSP,within_breed
BKDN170795737-1A,BKDN170796080-1A,0.559792237,LSD,ZSP,between_breed
BKDN170795737-1A,BKDN170795836-1A,0.753488729,CHP,ZSP,between_breed
BKDN170795737-1A,BKDN170795910-1A,0.848874318,LSD,ZSP,between_breed
BKDN170795737-1A,BKDN170796419-1A,0.536417362,SPD,ZSP,between_breed
BKDN170795737-1A,BKDN170796424-1A,0.404363839,SPD,ZSP,between_breed
BKDN170795737-1A,BKDN170796413-1A,0.760128409,MWD,ZSP,between_breed
BKDN170795737-1A,BKDN170795911-1A,0.389139405,LSD,ZSP,between_breed
BKDN170795737-1A,BKDN170796245-1A,0.55494135,SPD,ZSP,between_breed
BKDN170795737-1A,BKDN170796000-1A,0.814915094,CHP,ZSP,between_breed
BKDN170795737-1A,BKDN170795912-1A,0.219574544,LSD,ZSP,between_breed
BKDN170795737-1A,BKDN170796253-1A,0.337665083,SPD,ZSP,between_breed
BKDN170795737-1A,BKDN170795740-1A,0.385416598,ZSP,ZSP,within_breed
BKDN170795737-1A,BKDN170795916-1A,0.502258497,LSD,ZSP,between_breed
BKDN170795737-1A,BKDN170795739-1A,0.330000628,ZSP,ZSP,within_breed
BKDN170795738-1A,BKDN170795838-1A,0.729717823,CHP,ZSP,between_breed
BKDN170795738-1A,BKDN170795916-1A,0.541119004,LSD,ZSP,between_breed
BKDN170795738-1A,BKDN170796006-1A,0.49902884,CHP,ZSP,between_breed
BKDN170795738-1A,BKDN170795836-1A,0.668404589,CHP,ZSP,between_breed
BKDN170795738-1A,BKDN170795745-1A,0.339351503,ZSP,ZSP,within_breed
BKDN170795738-1A,BKDN170796422-1A,0.517178573,SPD,ZSP,between_breed
BKDN170795738-1A,BKDN170796251-1A,0.514133398,SPD,ZSP,between_breed
BKDN170795738-1A,BKDN170796004-1A,0.583891991,CHP,ZSP,between_breed
BKDN170795738-1A,BKDN170796086-1A,0.466184,SPD,ZSP,between_breed
BKDN170795738-1A,BKDN170795912-1A,0.491001753,LSD,ZSP,between_breed
BKDN170795738-1A,BKDN170796413-1A,0.737815983,MWD,ZSP,between_breed
BKDN170795738-1A,BKDN170795911-1A,0.132700844,LSD,ZSP,between_breed
BKDN170795738-1A,BKDN170796247-1A,0.376762865,SPD,ZSP,between_breed
BKDN170795738-1A,BKDN170795837-1A,0.7333431,CHP,ZSP,between_breed
BKDN170795738-1A,BKDN170796245-1A,0.374970535,SPD,ZSP,between_breed
BKDN170795738-1A,BKDN170796254-1A,0.572297396,SPD,ZSP,between_breed
BKDN170795738-1A,BKDN170796253-1A,0.364323321,SPD,ZSP,between_breed
BKDN170795738-1A,BKDN170796421-1A,0.33758012,SPD,ZSP,between_breed
BKDN170795738-1A,BKDN170795742-1A,0.246874306,ZSP,ZSP,within_breed
BKDN170795738-1A,BKDN170795999-1A,0.358507018,CHP,ZSP,between_breed
BKDN170795738-1A,BKDN170796080-1A,0.338249254,LSD,ZSP,between_breed
BKDN170795738-1A,BKDN170796424-1A,0.36951223,SPD,ZSP,between_breed
BKDN170795738-1A,BKDN170796252-1A,0.72210268,SPD,ZSP,between_breed
BKDN170795738-1A,BKDN170796000-1A,0.717081989,CHP,ZSP,between_breed
BKDN170795738-1A,BKDN170796173-1A,0.768637777,CHP,ZSP,between_breed
BKDN170795738-1A,BKDN170796085-1A,0.415417348,SPD,ZSP,between_breed
BKDN170795738-1A,BKDN170796250-1A,0.447484911,SPD,ZSP,between_breed
BKDN170795738-1A,BKDN170796418-1A,0.537359531,SPD,ZSP,between_breed
BKDN170795738-1A,BKDN170795743-1A,0.45804064,ZSP,ZSP,within_breed
BKDN170795738-1A,BKDN170795739-1A,0.212368964,ZSP,ZSP,within_breed
BKDN170795738-1A,BKDN170795907-1A,0.355390205,LSD,ZSP,between_breed
BKDN170795738-1A,BKDN170795744-1A,0.396933797,ZSP,ZSP,within_breed
BKDN170795738-1A,BKDN170795740-1A,0.261603728,ZSP,ZSP,within_breed
BKDN170795738-1A,BKDN170796420-1A,0.556826786,SPD,ZSP,between_breed
BKDN170795738-1A,BKDN170795910-1A,0.86441945,LSD,ZSP,between_breed
BKDN170795738-1A,BKDN170796077-1A,0.804776029,LSD,ZSP,between_breed
BKDN170795738-1A,BKDN170796417-1A,0.504255696,SPD,ZSP,between_breed
BKDN170795738-1A,BKDN170796249-1A,0.408589212,SPD,ZSP,between_breed
BKDN170795738-1A,BKDN170796419-1A,0.744627841,SPD,ZSP,between_breed
BKDN170795739-1A,BKDN170796249-1A,0.330897722,SPD,ZSP,between_breed
BKDN170795739-1A,BKDN170795907-1A,0.374124118,LSD,ZSP,between_breed
BKDN170795739-1A,BKDN170795836-1A,0.718212953,CHP,ZSP,between_breed
BKDN170795739-1A,BKDN170796000-1A,0.770461579,CHP,ZSP,between_breed
BKDN170795739-1A,BKDN170795912-1A,0.401331267,LSD,ZSP,between_breed
BKDN170795739-1A,BKDN170795999-1A,0.399657309,CHP,ZSP,between_breed
BKDN170795739-1A,BKDN170795838-1A,0.777430168,CHP,ZSP,between_breed
BKDN170795739-1A,BKDN170795837-1A,0.731582203,CHP,ZSP,between_breed
BKDN170795739-1A,BKDN170796419-1A,0.62062259,SPD,ZSP,between_breed
BKDN170795739-1A,BKDN170795742-1A,0.309111029,ZSP,ZSP,within_breed
BKDN170795739-1A,BKDN170796252-1A,0.596861379,SPD,ZSP,between_breed
BKDN170795739-1A,BKDN170795745-1A,0.358849604,ZSP,ZSP,within_breed
BKDN170795739-1A,BKDN170796004-1A,0.627731944,CHP,ZSP,between_breed
BKDN170795739-1A,BKDN170796254-1A,0.437055755,SPD,ZSP,between_breed
BKDN170795739-1A,BKDN170796247-1A,0.287026785,SPD,ZSP,between_breed
BKDN170795739-1A,BKDN170796080-1A,0.365021633,LSD,ZSP,between_breed
BKDN170795739-1A,BKDN170795744-1A,0.422130399,ZSP,ZSP,within_breed
BKDN170795739-1A,BKDN170795911-1A,0.195797663,LSD,ZSP,between_breed
BKDN170795739-1A,BKDN170796085-1A,0.351848754,SPD,ZSP,between_breed
BKDN170795739-1A,BKDN170795910-1A,0.837534149,LSD,ZSP,between_breed
BKDN170795739-1A,BKDN170796077-1A,0.788001874,LSD,ZSP,between_breed
BKDN170795739-1A,BKDN170796173-1A,0.81048632,CHP,ZSP,between_breed
BKDN170795739-1A,BKDN170795916-1A,0.52966081,LSD,ZSP,between_breed
BKDN170795739-1A,BKDN170796251-1A,0.405980192,SPD,ZSP,between_breed
BKDN170795739-1A,BKDN170796250-1A,0.333616128,SPD,ZSP,between_breed
BKDN170795739-1A,BKDN170796418-1A,0.424619364,SPD,ZSP,between_breed
BKDN170795739-1A,BKDN170796424-1A,0.282224787,SPD,ZSP,between_breed
BKDN170795739-1A,BKDN170796006-1A,0.558403123,CHP,ZSP,between_breed
BKDN170795739-1A,BKDN170795740-1A,0.243800372,ZSP,ZSP,within_breed
BKDN170795739-1A,BKDN170796086-1A,0.327854324,SPD,ZSP,between_breed
BKDN170795739-1A,BKDN170796413-1A,0.73518504,MWD,ZSP,between_breed
BKDN170795739-1A,BKDN170796253-1A,0.308122565,SPD,ZSP,between_breed
BKDN170795739-1A,BKDN170796421-1A,0.352354632,SPD,ZSP,between_breed
BKDN170795739-1A,BKDN170796422-1A,0.428119027,SPD,ZSP,between_breed
BKDN170795739-1A,BKDN170795743-1A,0.376970815,ZSP,ZSP,within_breed
BKDN170795739-1A,BKDN170796417-1A,0.414837353,SPD,ZSP,between_breed
BKDN170795739-1A,BKDN170796420-1A,0.484077241,SPD,ZSP,between_breed
BKDN170795739-1A,BKDN170796245-1A,0.399528507,SPD,ZSP,between_breed
BKDN170795740-1A,BKDN170796000-1A,0.767856228,CHP,ZSP,between_breed
BKDN170795740-1A,BKDN170796418-1A,0.62321627,SPD,ZSP,between_breed
BKDN170795740-1A,BKDN170796421-1A,0.473682436,SPD,ZSP,between_breed
BKDN170795740-1A,BKDN170795838-1A,0.751297928,CHP,ZSP,between_breed
BKDN170795740-1A,BKDN170795836-1A,0.697691712,CHP,ZSP,between_breed
BKDN170795740-1A,BKDN170796419-1A,0.785259779,SPD,ZSP,between_breed
BKDN170795740-1A,BKDN170795742-1A,0.226466571,ZSP,ZSP,within_breed
BKDN170795740-1A,BKDN170796254-1A,0.589667711,SPD,ZSP,between_breed
BKDN170795740-1A,BKDN170795744-1A,0.391939068,ZSP,ZSP,within_breed
BKDN170795740-1A,BKDN170796006-1A,0.541744285,CHP,ZSP,between_breed
BKDN170795740-1A,BKDN170796422-1A,0.606258515,SPD,ZSP,between_breed
BKDN170795740-1A,BKDN170796251-1A,0.622089901,SPD,ZSP,between_breed
BKDN170795740-1A,BKDN170795999-1A,0.418948728,CHP,ZSP,between_breed
BKDN170795740-1A,BKDN170795907-1A,0.42498127,LSD,ZSP,between_breed
BKDN170795740-1A,BKDN170795916-1A,0.496892335,LSD,ZSP,between_breed
BKDN170795740-1A,BKDN170796085-1A,0.478162879,SPD,ZSP,between_breed
BKDN170795740-1A,BKDN170795837-1A,0.763470545,CHP,ZSP,between_breed
BKDN170795740-1A,BKDN170795910-1A,0.856326849,LSD,ZSP,between_breed
BKDN170795740-1A,BKDN170796080-1A,0.395050954,LSD,ZSP,between_breed
BKDN170795740-1A,BKDN170796004-1A,0.618813591,CHP,ZSP,between_breed
BKDN170795740-1A,BKDN170796077-1A,0.80484362,LSD,ZSP,between_breed
BKDN170795740-1A,BKDN170796417-1A,0.60833781,SPD,ZSP,between_breed
BKDN170795740-1A,BKDN170795911-1A,0.231150598,LSD,ZSP,between_breed
BKDN170795740-1A,BKDN170796424-1A,0.480607508,SPD,ZSP,between_breed
BKDN170795740-1A,BKDN170796253-1A,0.350152121,SPD,ZSP,between_breed
BKDN170795740-1A,BKDN170795743-1A,0.528371836,ZSP,ZSP,within_breed
BKDN170795740-1A,BKDN170796245-1A,0.440387045,SPD,ZSP,between_breed
BKDN170795740-1A,BKDN170795912-1A,0.507452315,LSD,ZSP,between_breed
BKDN170795740-1A,BKDN170796252-1A,0.770106485,SPD,ZSP,between_breed
BKDN170795740-1A,BKDN170796420-1A,0.550572955,SPD,ZSP,between_breed
BKDN170795740-1A,BKDN170796250-1A,0.534726297,SPD,ZSP,between_breed
BKDN170795740-1A,BKDN170796247-1A,0.398858183,SPD,ZSP,between_breed
BKDN170795740-1A,BKDN170796086-1A,0.524373019,SPD,ZSP,between_breed
BKDN170795740-1A,BKDN170795745-1A,0.234345441,ZSP,ZSP,within_breed
BKDN170795740-1A,BKDN170796173-1A,0.7833239,CHP,ZSP,between_breed
BKDN170795740-1A,BKDN170796413-1A,0.752964961,MWD,ZSP,between_breed
BKDN170795740-1A,BKDN170796249-1A,0.478233531,SPD,ZSP,between_breed
BKDN170795742-1A,BKDN170796245-1A,0.460066967,SPD,ZSP,between_breed
BKDN170795742-1A,BKDN170796006-1A,0.472995892,CHP,ZSP,between_breed
BKDN170795742-1A,BKDN170795743-1A,0.55130625,ZSP,ZSP,within_breed
BKDN170795742-1A,BKDN170796247-1A,0.404405575,SPD,ZSP,between_breed
BKDN170795742-1A,BKDN170796249-1A,0.477014371,SPD,ZSP,between_breed
BKDN170795742-1A,BKDN170795912-1A,0.530630744,LSD,ZSP,between_breed
BKDN170795742-1A,BKDN170796422-1A,0.613404489,SPD,ZSP,between_breed
BKDN170795742-1A,BKDN170796251-1A,0.613116831,SPD,ZSP,between_breed
BKDN170795742-1A,BKDN170795916-1A,0.468550259,LSD,ZSP,between_breed
BKDN170795742-1A,BKDN170795745-1A,0.271945423,ZSP,ZSP,within_breed
BKDN170795742-1A,BKDN170795838-1A,0.696933823,CHP,ZSP,between_breed
BKDN170795742-1A,BKDN170795744-1A,0.364502178,ZSP,ZSP,within_breed
BKDN170795742-1A,BKDN170795907-1A,0.478068816,LSD,ZSP,between_breed
BKDN170795742-1A,BKDN170796253-1A,0.31608968,SPD,ZSP,between_breed
BKDN170795742-1A,BKDN170796086-1A,0.534701552,SPD,ZSP,between_breed
BKDN170795742-1A,BKDN170796173-1A,0.735523293,CHP,ZSP,between_breed
BKDN170795742-1A,BKDN170795911-1A,0.242215458,LSD,ZSP,between_breed
BKDN170795742-1A,BKDN170796418-1A,0.622790137,SPD,ZSP,between_breed
BKDN170795742-1A,BKDN170795837-1A,0.699084221,CHP,ZSP,between_breed
BKDN170795742-1A,BKDN170795910-1A,0.816323178,LSD,ZSP,between_breed
BKDN170795742-1A,BKDN170796250-1A,0.564449898,SPD,ZSP,between_breed
BKDN170795742-1A,BKDN170796417-1A,0.609188273,SPD,ZSP,between_breed
BKDN170795742-1A,BKDN170796252-1A,0.751623114,SPD,ZSP,between_breed
BKDN170795742-1A,BKDN170796413-1A,0.687696639,MWD,ZSP,between_breed
BKDN170795742-1A,BKDN170795836-1A,0.631253269,CHP,ZSP,between_breed
BKDN170795742-1A,BKDN170796420-1A,0.571005639,SPD,ZSP,between_breed
BKDN170795742-1A,BKDN170795999-1A,0.286261899,CHP,ZSP,between_breed
BKDN170795742-1A,BKDN170796419-1A,0.768481408,SPD,ZSP,between_breed
BKDN170795742-1A,BKDN170796085-1A,0.504152936,SPD,ZSP,between_breed
BKDN170795742-1A,BKDN170796424-1A,0.452186391,SPD,ZSP,between_breed
BKDN170795742-1A,BKDN170796254-1A,0.605672099,SPD,ZSP,between_breed
BKDN170795742-1A,BKDN170796077-1A,0.74981101,LSD,ZSP,between_breed
BKDN170795742-1A,BKDN170796421-1A,0.429207903,SPD,ZSP,between_breed
BKDN170795742-1A,BKDN170796080-1A,0.352668594,LSD,ZSP,between_breed
BKDN170795742-1A,BKDN170796004-1A,0.547714544,CHP,ZSP,between_breed
BKDN170795742-1A,BKDN170796000-1A,0.698479419,CHP,ZSP,between_breed
BKDN170795743-1A,BKDN170796418-1A,0.458423929,SPD,ZSP,between_breed
BKDN170795743-1A,BKDN170795911-1A,0.431639112,LSD,ZSP,between_breed
BKDN170795743-1A,BKDN170795912-1A,0.527200816,LSD,ZSP,between_breed
BKDN170795743-1A,BKDN170796086-1A,0.385381834,SPD,ZSP,between_breed
BKDN170795743-1A,BKDN170796419-1A,0.488622133,SPD,ZSP,between_breed
BKDN170795743-1A,BKDN170795745-1A,0.605678421,ZSP,ZSP,within_breed
BKDN170795743-1A,BKDN170796000-1A,0.695247941,CHP,ZSP,between_breed
BKDN170795743-1A,BKDN170796424-1A,0.283747218,SPD,ZSP,between_breed
BKDN170795743-1A,BKDN170796080-1A,0.352080488,LSD,ZSP,between_breed
BKDN170795743-1A,BKDN170795744-1A,0.377742041,ZSP,ZSP,within_breed
BKDN170795743-1A,BKDN170796250-1A,0.28639311,SPD,ZSP,between_breed
BKDN170795743-1A,BKDN170796253-1A,0.456825601,SPD,ZSP,between_breed
BKDN170795743-1A,BKDN170796249-1A,0.243773239,SPD,ZSP,between_breed
BKDN170795743-1A,BKDN170795999-1A,0.505484706,CHP,ZSP,between_breed
BKDN170795743-1A,BKDN170795916-1A,0.540729343,LSD,ZSP,between_breed
BKDN170795743-1A,BKDN170796413-1A,0.562816319,MWD,ZSP,between_breed
BKDN170795743-1A,BKDN170796085-1A,0.425312769,SPD,ZSP,between_breed
BKDN170795743-1A,BKDN170795838-1A,0.702383512,CHP,ZSP,between_breed
BKDN170795743-1A,BKDN170796004-1A,0.657669325,CHP,ZSP,between_breed
BKDN170795743-1A,BKDN170796252-1A,0.434972554,SPD,ZSP,between_breed
BKDN170795743-1A,BKDN170795837-1A,0.554587286,CHP,ZSP,between_breed
BKDN170795743-1A,BKDN170796421-1A,0.328618712,SPD,ZSP,between_breed
BKDN170795743-1A,BKDN170795910-1A,0.606752674,LSD,ZSP,between_breed
BKDN170795743-1A,BKDN170796422-1A,0.461585615,SPD,ZSP,between_breed
BKDN170795743-1A,BKDN170796173-1A,0.730321995,CHP,ZSP,between_breed
BKDN170795743-1A,BKDN170796417-1A,0.469345275,SPD,ZSP,between_breed
BKDN170795743-1A,BKDN170795836-1A,0.684553647,CHP,ZSP,between_breed
BKDN170795743-1A,BKDN170796006-1A,0.620049741,CHP,ZSP,between_breed
BKDN170795743-1A,BKDN170796254-1A,0.443845967,SPD,ZSP,between_breed
BKDN170795743-1A,BKDN170796245-1A,0.369547482,SPD,ZSP,between_breed
BKDN170795743-1A,BKDN170796251-1A,0.457701308,SPD,ZSP,between_breed
BKDN170795743-1A,BKDN170796247-1A,0.437908603,SPD,ZSP,between_breed
BKDN170795743-1A,BKDN170796420-1A,0.612360438,SPD,ZSP,between_breed
BKDN170795743-1A,BKDN170795907-1A,0.327758147,LSD,ZSP,between_breed
BKDN170795743-1A,BKDN170796077-1A,0.533630721,LSD,ZSP,between_breed
BKDN170795744-1A,BKDN170795836-1A,0.646829149,CHP,ZSP,between_breed
BKDN170795744-1A,BKDN170796250-1A,0.499653659,SPD,ZSP,between_breed
BKDN170795744-1A,BKDN170795910-1A,0.658121312,LSD,ZSP,between_breed
BKDN170795744-1A,BKDN170795916-1A,0.389749562,LSD,ZSP,between_breed
BKDN170795744-1A,BKDN170796245-1A,0.347272615,SPD,ZSP,between_breed
BKDN170795744-1A,BKDN170796420-1A,0.592554212,SPD,ZSP,between_breed
BKDN170795744-1A,BKDN170795912-1A,0.486474299,LSD,ZSP,between_breed
BKDN170795744-1A,BKDN170796417-1A,0.562544329,SPD,ZSP,between_breed
BKDN170795744-1A,BKDN170796422-1A,0.481660326,SPD,ZSP,between_breed
BKDN170795744-1A,BKDN170795911-1A,0.359998492,LSD,ZSP,between_breed
BKDN170795744-1A,BKDN170796086-1A,0.492521808,SPD,ZSP,between_breed
BKDN170795744-1A,BKDN170796247-1A,0.379170241,SPD,ZSP,between_breed
BKDN170795744-1A,BKDN170795999-1A,0.395152448,CHP,ZSP,between_breed
BKDN170795744-1A,BKDN170796249-1A,0.393362915,SPD,ZSP,between_breed
BKDN170795744-1A,BKDN170796252-1A,0.585698909,SPD,ZSP,between_breed
BKDN170795744-1A,BKDN170796004-1A,0.569812145,CHP,ZSP,between_breed
BKDN170795744-1A,BKDN170796085-1A,0.379049795,SPD,ZSP,between_breed
BKDN170795744-1A,BKDN170796077-1A,0.589840476,LSD,ZSP,between_breed
BKDN170795744-1A,BKDN170795838-1A,0.702160866,CHP,ZSP,between_breed
BKDN170795744-1A,BKDN170796421-1A,0.344242695,SPD,ZSP,between_breed
BKDN170795744-1A,BKDN170796000-1A,0.721363508,CHP,ZSP,between_breed
BKDN170795744-1A,BKDN170795745-1A,0.472687062,ZSP,ZSP,within_breed
BKDN170795744-1A,BKDN170796413-1A,0.576146397,MWD,ZSP,between_breed
BKDN170795744-1A,BKDN170795907-1A,0.45962106,LSD,ZSP,between_breed
BKDN170795744-1A,BKDN170795837-1A,0.59225826,CHP,ZSP,between_breed
BKDN170795744-1A,BKDN170796419-1A,0.615106626,SPD,ZSP,between_breed
BKDN170795744-1A,BKDN170796251-1A,0.589809431,SPD,ZSP,between_breed
BKDN170795744-1A,BKDN170796253-1A,0.373547223,SPD,ZSP,between_breed
BKDN170795744-1A,BKDN170796254-1A,0.567761591,SPD,ZSP,between_breed
BKDN170795744-1A,BKDN170796418-1A,0.527541053,SPD,ZSP,between_breed
BKDN170795744-1A,BKDN170796424-1A,0.369287552,SPD,ZSP,between_breed
BKDN170795744-1A,BKDN170796006-1A,0.545321761,CHP,ZSP,between_breed
BKDN170795744-1A,BKDN170796080-1A,0.328256381,LSD,ZSP,between_breed
BKDN170795744-1A,BKDN170796173-1A,0.740026274,CHP,ZSP,between_breed
BKDN170795745-1A,BKDN170796080-1A,0.453127698,LSD,ZSP,between_breed
BKDN170795745-1A,BKDN170796422-1A,0.672814675,SPD,ZSP,between_breed
BKDN170795745-1A,BKDN170796251-1A,0.687172771,SPD,ZSP,between_breed
BKDN170795745-1A,BKDN170795836-1A,0.71128314,CHP,ZSP,between_breed
BKDN170795745-1A,BKDN170796249-1A,0.568009593,SPD,ZSP,between_breed
BKDN170795745-1A,BKDN170796247-1A,0.452082683,SPD,ZSP,between_breed
BKDN170795745-1A,BKDN170796421-1A,0.55282986,SPD,ZSP,between_breed
BKDN170795745-1A,BKDN170796250-1A,0.623320326,SPD,ZSP,between_breed
BKDN170795745-1A,BKDN170795916-1A,0.349736848,LSD,ZSP,between_breed
BKDN170795745-1A,BKDN170796006-1A,0.550477367,CHP,ZSP,between_breed
BKDN170795745-1A,BKDN170796424-1A,0.555838141,SPD,ZSP,between_breed
BKDN170795745-1A,BKDN170796417-1A,0.670085069,SPD,ZSP,between_breed
BKDN170795745-1A,BKDN170796253-1A,0.276414006,SPD,ZSP,between_breed
BKDN170795745-1A,BKDN170796418-1A,0.682915271,SPD,ZSP,between_breed
BKDN170795745-1A,BKDN170796086-1A,0.617371698,SPD,ZSP,between_breed
BKDN170795745-1A,BKDN170795911-1A,0.332883611,LSD,ZSP,between_breed
BKDN170795745-1A,BKDN170795838-1A,0.752914703,CHP,ZSP,between_breed
BKDN170795745-1A,BKDN170796420-1A,0.609136505,SPD,ZSP,between_breed
BKDN170795745-1A,BKDN170796000-1A,0.78563336,CHP,ZSP,between_breed
BKDN170795745-1A,BKDN170796413-1A,0.778979989,MWD,ZSP,between_breed
BKDN170795745-1A,BKDN170795837-1A,0.789563021,CHP,ZSP,between_breed
BKDN170795745-1A,BKDN170796419-1A,0.838494574,SPD,ZSP,between_breed
BKDN170795745-1A,BKDN170795912-1A,0.596104733,LSD,ZSP,between_breed
BKDN170795745-1A,BKDN170796252-1A,0.828343203,SPD,ZSP,between_breed
BKDN170795745-1A,BKDN170796245-1A,0.51683279,SPD,ZSP,between_breed
BKDN170795745-1A,BKDN170796077-1A,0.836140816,LSD,ZSP,between_breed
BKDN170795745-1A,BKDN170795999-1A,0.455698041,CHP,ZSP,between_breed
BKDN170795745-1A,BKDN170796085-1A,0.570638016,SPD,ZSP,between_breed
BKDN170795745-1A,BKDN170795907-1A,0.542743338,LSD,ZSP,between_breed
BKDN170795745-1A,BKDN170796173-1A,0.808031225,CHP,ZSP,between_breed
BKDN170795745-1A,BKDN170796004-1A,0.625982436,CHP,ZSP,between_breed
BKDN170795745-1A,BKDN170795910-1A,0.882348663,LSD,ZSP,between_breed
BKDN170795745-1A,BKDN170796254-1A,0.685658317,SPD,ZSP,between_breed
BKDN170795836-1A,BKDN170796419-1A,0.692691372,SPD,CHP,between_breed
BKDN170795836-1A,BKDN170796245-1A,0.70541666,SPD,CHP,between_breed
BKDN170795836-1A,BKDN170796422-1A,0.803413456,SPD,CHP,between_breed
BKDN170795836-1A,BKDN170796006-1A,0.277184916,CHP,CHP,within_breed
BKDN170795836-1A,BKDN170795999-1A,0.565363944,CHP,CHP,within_breed
BKDN170795836-1A,BKDN170796173-1A,0.117986136,CHP,CHP,within_breed
BKDN170795836-1A,BKDN170796000-1A,0.178367365,CHP,CHP,within_breed
BKDN170795836-1A,BKDN170795838-1A,0.096633243,CHP,CHP,within_breed
BKDN170795836-1A,BKDN170796080-1A,0.617964884,LSD,CHP,between_breed
BKDN170795836-1A,BKDN170796252-1A,0.685566632,SPD,CHP,between_breed
BKDN170795836-1A,BKDN170796004-1A,0.608462398,CHP,CHP,within_breed
BKDN170795836-1A,BKDN170796250-1A,0.810197325,SPD,CHP,between_breed
BKDN170795836-1A,BKDN170795910-1A,0.660248351,LSD,CHP,between_breed
BKDN170795836-1A,BKDN170796086-1A,0.779620088,SPD,CHP,between_breed
BKDN170795836-1A,BKDN170795912-1A,0.778088768,LSD,CHP,between_breed
BKDN170795836-1A,BKDN170796249-1A,0.706861321,SPD,CHP,between_breed
BKDN170795836-1A,BKDN170795911-1A,0.649367083,LSD,CHP,between_breed
BKDN170795836-1A,BKDN170796253-1A,0.663578952,SPD,CHP,between_breed
BKDN170795836-1A,BKDN170796413-1A,0.525419281,MWD,CHP,between_breed
BKDN170795836-1A,BKDN170796254-1A,0.742069348,SPD,CHP,between_breed
BKDN170795836-1A,BKDN170796085-1A,0.723367924,SPD,CHP,between_breed
BKDN170795836-1A,BKDN170796417-1A,0.807010912,SPD,CHP,between_breed
BKDN170795836-1A,BKDN170796247-1A,0.723911377,SPD,CHP,between_breed
BKDN170795836-1A,BKDN170796077-1A,0.603839034,LSD,CHP,between_breed
BKDN170795836-1A,BKDN170795916-1A,0.733963842,LSD,CHP,between_breed
BKDN170795836-1A,BKDN170796420-1A,0.810971226,SPD,CHP,between_breed
BKDN170795836-1A,BKDN170795907-1A,0.745205188,LSD,CHP,between_breed
BKDN170795836-1A,BKDN170796251-1A,0.815372677,SPD,CHP,between_breed
BKDN170795836-1A,BKDN170796418-1A,0.823452793,SPD,CHP,between_breed
BKDN170795836-1A,BKDN170795837-1A,0.612158225,CHP,CHP,within_breed
BKDN170795836-1A,BKDN170796421-1A,0.661376202,SPD,CHP,between_breed
BKDN170795836-1A,BKDN170796424-1A,0.707910983,SPD,CHP,between_breed
BKDN170795837-1A,BKDN170796418-1A,0.77230644,SPD,CHP,between_breed
BKDN170795837-1A,BKDN170796086-1A,0.6912323,SPD,CHP,between_breed
BKDN170795837-1A,BKDN170796000-1A,0.568817884,CHP,CHP,within_breed
BKDN170795837-1A,BKDN170796421-1A,0.670191319,SPD,CHP,between_breed
BKDN170795837-1A,BKDN170796249-1A,0.656904252,SPD,CHP,between_breed
BKDN170795837-1A,BKDN170796173-1A,0.611769034,CHP,CHP,within_breed
BKDN170795837-1A,BKDN170796413-1A,0.246692663,MWD,CHP,between_breed
BKDN170795837-1A,BKDN170795838-1A,0.603747892,CHP,CHP,within_breed
BKDN170795837-1A,BKDN170796004-1A,0.64728691,CHP,CHP,within_breed
BKDN170795837-1A,BKDN170795907-1A,0.783109562,LSD,CHP,between_breed
BKDN170795837-1A,BKDN170795916-1A,0.670718594,LSD,CHP,between_breed
BKDN170795837-1A,BKDN170796419-1A,0.419248119,SPD,CHP,between_breed
BKDN170795837-1A,BKDN170796251-1A,0.779313868,SPD,CHP,between_breed
BKDN170795837-1A,BKDN170796254-1A,0.442704202,SPD,CHP,between_breed
BKDN170795837-1A,BKDN170796424-1A,0.674076296,SPD,CHP,between_breed
BKDN170795837-1A,BKDN170796077-1A,0.330535101,LSD,CHP,between_breed
BKDN170795837-1A,BKDN170796250-1A,0.736184851,SPD,CHP,between_breed
BKDN170795837-1A,BKDN170796245-1A,0.71159753,SPD,CHP,between_breed
BKDN170795837-1A,BKDN170796422-1A,0.807434452,SPD,CHP,between_breed
BKDN170795837-1A,BKDN170796253-1A,0.701456702,SPD,CHP,between_breed
BKDN170795837-1A,BKDN170795910-1A,0.189876875,LSD,CHP,between_breed
BKDN170795837-1A,BKDN170796085-1A,0.776990476,SPD,CHP,between_breed
BKDN170795837-1A,BKDN170796080-1A,0.39463856,LSD,CHP,between_breed
BKDN170795837-1A,BKDN170796006-1A,0.592691264,CHP,CHP,within_breed
BKDN170795837-1A,BKDN170795999-1A,0.512837412,CHP,CHP,within_breed
BKDN170795837-1A,BKDN170796247-1A,0.770905425,SPD,CHP,between_breed
BKDN170795837-1A,BKDN170795911-1A,0.711082359,LSD,CHP,between_breed
BKDN170795837-1A,BKDN170796420-1A,0.827083669,SPD,CHP,between_breed
BKDN170795837-1A,BKDN170796417-1A,0.811333115,SPD,CHP,between_breed
BKDN170795837-1A,BKDN170795912-1A,0.825830227,LSD,CHP,between_breed
BKDN170795837-1A,BKDN170796252-1A,0.315443951,SPD,CHP,between_breed
BKDN170795838-1A,BKDN170796252-1A,0.683446607,SPD,CHP,between_breed
BKDN170795838-1A,BKDN170796080-1A,0.676359823,LSD,CHP,between_breed
BKDN170795838-1A,BKDN170796253-1A,0.702240176,SPD,CHP,between_breed
BKDN170795838-1A,BKDN170796422-1A,0.804802712,SPD,CHP,between_breed
BKDN170795838-1A,BKDN170795910-1A,0.647798804,LSD,CHP,between_breed
BKDN170795838-1A,BKDN170796417-1A,0.809742219,SPD,CHP,between_breed
BKDN170795838-1A,BKDN170796247-1A,0.770048633,SPD,CHP,between_breed
BKDN170795838-1A,BKDN170795911-1A,0.707068008,LSD,CHP,between_breed
BKDN170795838-1A,BKDN170796173-1A,0.076200579,CHP,CHP,within_breed
BKDN170795838-1A,BKDN170796250-1A,0.808910751,SPD,CHP,between_breed
BKDN170795838-1A,BKDN170796086-1A,0.798513863,SPD,CHP,between_breed
BKDN170795838-1A,BKDN170795999-1A,0.629272136,CHP,CHP,within_breed
BKDN170795838-1A,BKDN170796251-1A,0.810749737,SPD,CHP,between_breed
BKDN170795838-1A,BKDN170796419-1A,0.697477955,SPD,CHP,between_breed
BKDN170795838-1A,BKDN170796004-1A,0.665452326,CHP,CHP,within_breed
BKDN170795838-1A,BKDN170796085-1A,0.758505154,SPD,CHP,between_breed
BKDN170795838-1A,BKDN170795912-1A,0.808209632,LSD,CHP,between_breed
BKDN170795838-1A,BKDN170796000-1A,0.159001887,CHP,CHP,within_breed
BKDN170795838-1A,BKDN170796077-1A,0.585998984,LSD,CHP,between_breed
BKDN170795838-1A,BKDN170796420-1A,0.845619812,SPD,CHP,between_breed
BKDN170795838-1A,BKDN170796418-1A,0.82005555,SPD,CHP,between_breed
BKDN170795838-1A,BKDN170795907-1A,0.778581558,LSD,CHP,between_breed
BKDN170795838-1A,BKDN170796249-1A,0.739696373,SPD,CHP,between_breed
BKDN170795838-1A,BKDN170796424-1A,0.747058855,SPD,CHP,between_breed
BKDN170795838-1A,BKDN170796254-1A,0.756135845,SPD,CHP,between_breed
BKDN170795838-1A,BKDN170796245-1A,0.758134918,SPD,CHP,between_breed
BKDN170795838-1A,BKDN170796413-1A,0.513541464,MWD,CHP,between_breed
BKDN170795838-1A,BKDN170795916-1A,0.787728557,LSD,CHP,between_breed
BKDN170795838-1A,BKDN170796421-1A,0.699195728,SPD,CHP,between_breed
BKDN170795838-1A,BKDN170796006-1A,0.323517393,CHP,CHP,within_breed
BKDN170795907-1A,BKDN170796173-1A,0.810539508,CHP,LSD,between_breed
BKDN170795907-1A,BKDN170795910-1A,0.844723639,LSD,LSD,within_breed
BKDN170795907-1A,BKDN170796077-1A,0.792212738,LSD,LSD,within_breed
BKDN170795907-1A,BKDN170796004-1A,0.744890029,CHP,LSD,between_breed
BKDN170795907-1A,BKDN170796419-1A,0.682102651,SPD,LSD,between_breed
BKDN170795907-1A,BKDN170796422-1A,0.490957269,SPD,LSD,between_breed
BKDN170795907-1A,BKDN170796080-1A,0.506606552,LSD,LSD,within_breed
BKDN170795907-1A,BKDN170796418-1A,0.526922072,SPD,LSD,between_breed
BKDN170795907-1A,BKDN170796086-1A,0.437805925,SPD,LSD,between_breed
BKDN170795907-1A,BKDN170796006-1A,0.676870602,CHP,LSD,between_breed
BKDN170795907-1A,BKDN170796424-1A,0.36679551,SPD,LSD,between_breed
BKDN170795907-1A,BKDN170795999-1A,0.599828505,CHP,LSD,between_breed
BKDN170795907-1A,BKDN170796251-1A,0.477816683,SPD,LSD,between_breed
BKDN170795907-1A,BKDN170796254-1A,0.553959546,SPD,LSD,between_breed
BKDN170795907-1A,BKDN170796250-1A,0.369245442,SPD,LSD,between_breed
BKDN170795907-1A,BKDN170796000-1A,0.787179338,CHP,LSD,between_breed
BKDN170795907-1A,BKDN170796249-1A,0.370932975,SPD,LSD,between_breed
BKDN170795907-1A,BKDN170795912-1A,0.457512658,LSD,LSD,within_breed
BKDN170795907-1A,BKDN170795916-1A,0.630691932,LSD,LSD,within_breed
BKDN170795907-1A,BKDN170796417-1A,0.47250017,SPD,LSD,between_breed
BKDN170795907-1A,BKDN170796421-1A,0.305601785,SPD,LSD,between_breed
BKDN170795907-1A,BKDN170796253-1A,0.463312738,SPD,LSD,between_breed
BKDN170795907-1A,BKDN170795911-1A,0.314882731,LSD,LSD,within_breed
BKDN170795907-1A,BKDN170796085-1A,0.356879492,SPD,LSD,between_breed
BKDN170795907-1A,BKDN170796413-1A,0.756676953,MWD,LSD,between_breed
BKDN170795907-1A,BKDN170796247-1A,0.443808351,SPD,LSD,between_breed
BKDN170795907-1A,BKDN170796245-1A,0.400348343,SPD,LSD,between_breed
BKDN170795907-1A,BKDN170796252-1A,0.660614707,SPD,LSD,between_breed
BKDN170795907-1A,BKDN170796420-1A,0.623345646,SPD,LSD,between_breed
BKDN170795910-1A,BKDN170795916-1A,0.786170771,LSD,LSD,within_breed
BKDN170795910-1A,BKDN170796424-1A,0.779087341,SPD,LSD,between_breed
BKDN170795910-1A,BKDN170796417-1A,0.881635062,SPD,LSD,between_breed
BKDN170795910-1A,BKDN170796247-1A,0.880333514,SPD,LSD,between_breed
BKDN170795910-1A,BKDN170796254-1A,0.474608517,SPD,LSD,between_breed
BKDN170795910-1A,BKDN170796250-1A,0.817913299,SPD,LSD,between_breed
BKDN170795910-1A,BKDN170795912-1A,0.850013917,LSD,LSD,within_breed
BKDN170795910-1A,BKDN170796000-1A,0.634526441,CHP,LSD,between_breed
BKDN170795910-1A,BKDN170796006-1A,0.65584417,CHP,LSD,between_breed
BKDN170795910-1A,BKDN170796419-1A,0.356020904,SPD,LSD,between_breed
BKDN170795910-1A,BKDN170796420-1A,0.867175107,SPD,LSD,between_breed
BKDN170795910-1A,BKDN170796252-1A,0.257003498,SPD,LSD,between_breed
BKDN170795910-1A,BKDN170796253-1A,0.768882156,SPD,LSD,between_breed
BKDN170795910-1A,BKDN170795999-1A,0.664531867,CHP,LSD,between_breed
BKDN170795910-1A,BKDN170796004-1A,0.789302902,CHP,LSD,between_breed
BKDN170795910-1A,BKDN170796085-1A,0.826529484,SPD,LSD,between_breed
BKDN170795910-1A,BKDN170796249-1A,0.751748592,SPD,LSD,between_breed
BKDN170795910-1A,BKDN170796421-1A,0.790376571,SPD,LSD,between_breed
BKDN170795910-1A,BKDN170796086-1A,0.730997134,SPD,LSD,between_breed
BKDN170795910-1A,BKDN170796413-1A,0.212495652,MWD,LSD,between_breed
BKDN170795910-1A,BKDN170796173-1A,0.642943715,CHP,LSD,between_breed
BKDN170795910-1A,BKDN170795911-1A,0.837308477,LSD,LSD,within_breed
BKDN170795910-1A,BKDN170796077-1A,0.203594192,LSD,LSD,within_breed
BKDN170795910-1A,BKDN170796422-1A,0.871576865,SPD,LSD,between_breed
BKDN170795910-1A,BKDN170796080-1A,0.484811078,LSD,LSD,within_breed
BKDN170795910-1A,BKDN170796245-1A,0.815448146,SPD,LSD,between_breed
BKDN170795910-1A,BKDN170796418-1A,0.84093946,SPD,LSD,between_breed
BKDN170795910-1A,BKDN170796251-1A,0.833227782,SPD,LSD,between_breed
BKDN170795911-1A,BKDN170796421-1A,0.309825624,SPD,LSD,between_breed
BKDN170795911-1A,BKDN170796253-1A,0.314847174,SPD,LSD,between_breed
BKDN170795911-1A,BKDN170795916-1A,0.512004037,LSD,LSD,within_breed
BKDN170795911-1A,BKDN170796247-1A,0.336063276,SPD,LSD,between_breed
BKDN170795911-1A,BKDN170796419-1A,0.712173727,SPD,LSD,between_breed
BKDN170795911-1A,BKDN170796252-1A,0.690413142,SPD,LSD,between_breed
BKDN170795911-1A,BKDN170796250-1A,0.430015377,SPD,LSD,between_breed
BKDN170795911-1A,BKDN170795912-1A,0.473668559,LSD,LSD,within_breed
BKDN170795911-1A,BKDN170796420-1A,0.538828843,SPD,LSD,between_breed
BKDN170795911-1A,BKDN170796000-1A,0.713129432,CHP,LSD,between_breed
BKDN170795911-1A,BKDN170796085-1A,0.372879725,SPD,LSD,between_breed
BKDN170795911-1A,BKDN170796417-1A,0.489107907,SPD,LSD,between_breed
BKDN170795911-1A,BKDN170796249-1A,0.375209899,SPD,LSD,between_breed
BKDN170795911-1A,BKDN170796254-1A,0.552958963,SPD,LSD,between_breed
BKDN170795911-1A,BKDN170796080-1A,0.310072124,LSD,LSD,within_breed
BKDN170795911-1A,BKDN170796424-1A,0.339931218,SPD,LSD,between_breed
BKDN170795911-1A,BKDN170796006-1A,0.485584434,CHP,LSD,between_breed
BKDN170795911-1A,BKDN170796251-1A,0.494160977,SPD,LSD,between_breed
BKDN170795911-1A,BKDN170795999-1A,0.363304335,CHP,LSD,between_breed
BKDN170795911-1A,BKDN170796004-1A,0.567013235,CHP,LSD,between_breed
BKDN170795911-1A,BKDN170796173-1A,0.744765759,CHP,LSD,between_breed
BKDN170795911-1A,BKDN170796077-1A,0.779377202,LSD,LSD,within_breed
BKDN170795911-1A,BKDN170796418-1A,0.509289142,SPD,LSD,between_breed
BKDN170795911-1A,BKDN170796245-1A,0.355013636,SPD,LSD,between_breed
BKDN170795911-1A,BKDN170796422-1A,0.484514907,SPD,LSD,between_breed
BKDN170795911-1A,BKDN170796413-1A,0.718767353,MWD,LSD,between_breed
BKDN170795911-1A,BKDN170796086-1A,0.44905785,SPD,LSD,between_breed
BKDN170795912-1A,BKDN170796249-1A,0.525298,SPD,LSD,between_breed
BKDN170795912-1A,BKDN170796247-1A,0.367830402,SPD,LSD,between_breed
BKDN170795912-1A,BKDN170796085-1A,0.209355466,SPD,LSD,between_breed
BKDN170795912-1A,BKDN170796250-1A,0.521340558,SPD,LSD,between_breed
BKDN170795912-1A,BKDN170796080-1A,0.641282128,LSD,LSD,within_breed
BKDN170795912-1A,BKDN170796252-1A,0.617481276,SPD,LSD,between_breed
BKDN170795912-1A,BKDN170796413-1A,0.766935364,MWD,LSD,between_breed
BKDN170795912-1A,BKDN170795916-1A,0.678907598,LSD,LSD,within_breed
BKDN170795912-1A,BKDN170796006-1A,0.697745018,CHP,LSD,between_breed
BKDN170795912-1A,BKDN170796418-1A,0.267134296,SPD,LSD,between_breed
BKDN170795912-1A,BKDN170796419-1A,0.496314982,SPD,LSD,between_breed
BKDN170795912-1A,BKDN170796420-1A,0.464559957,SPD,LSD,between_breed
BKDN170795912-1A,BKDN170796422-1A,0.348455641,SPD,LSD,between_breed
BKDN170795912-1A,BKDN170796086-1A,0.253477944,SPD,LSD,between_breed
BKDN170795912-1A,BKDN170796424-1A,0.453184438,SPD,LSD,between_breed
BKDN170795912-1A,BKDN170796004-1A,0.783970967,CHP,LSD,between_breed
BKDN170795912-1A,BKDN170796000-1A,0.831034672,CHP,LSD,between_breed
BKDN170795912-1A,BKDN170796253-1A,0.451469525,SPD,LSD,between_breed
BKDN170795912-1A,BKDN170795999-1A,0.692065345,CHP,LSD,between_breed
BKDN170795912-1A,BKDN170796421-1A,0.460512027,SPD,LSD,between_breed
BKDN170795912-1A,BKDN170796254-1A,0.418196708,SPD,LSD,between_breed
BKDN170795912-1A,BKDN170796077-1A,0.803634741,LSD,LSD,within_breed
BKDN170795912-1A,BKDN170796173-1A,0.836257174,CHP,LSD,between_breed
BKDN170795912-1A,BKDN170796245-1A,0.605020685,SPD,LSD,between_breed
BKDN170795912-1A,BKDN170796251-1A,0.306347087,SPD,LSD,between_breed
BKDN170795912-1A,BKDN170796417-1A,0.248533836,SPD,LSD,between_breed
BKDN170795916-1A,BKDN170796418-1A,0.640723254,SPD,LSD,between_breed
BKDN170795916-1A,BKDN170796245-1A,0.474229021,SPD,LSD,between_breed
BKDN170795916-1A,BKDN170796247-1A,0.418521835,SPD,LSD,between_breed
BKDN170795916-1A,BKDN170796417-1A,0.664925159,SPD,LSD,between_breed
BKDN170795916-1A,BKDN170796254-1A,0.742075766,SPD,LSD,between_breed
BKDN170795916-1A,BKDN170796424-1A,0.440137739,SPD,LSD,between_breed
BKDN170795916-1A,BKDN170796422-1A,0.62579879,SPD,LSD,between_breed
BKDN170795916-1A,BKDN170796080-1A,0.498886603,LSD,LSD,within_breed
BKDN170795916-1A,BKDN170796251-1A,0.687769418,SPD,LSD,between_breed
BKDN170795916-1A,BKDN170796253-1A,0.383404011,SPD,LSD,between_breed
BKDN170795916-1A,BKDN170796421-1A,0.457354083,SPD,LSD,between_breed
BKDN170795916-1A,BKDN170796173-1A,0.801635644,CHP,LSD,between_breed
BKDN170795916-1A,BKDN170796420-1A,0.71453488,SPD,LSD,between_breed
BKDN170795916-1A,BKDN170796419-1A,0.769499542,SPD,LSD,between_breed
BKDN170795916-1A,BKDN170796413-1A,0.679893782,MWD,LSD,between_breed
BKDN170795916-1A,BKDN170796086-1A,0.671807093,SPD,LSD,between_breed
BKDN170795916-1A,BKDN170796249-1A,0.503830703,SPD,LSD,between_breed
BKDN170795916-1A,BKDN170796252-1A,0.752125453,SPD,LSD,between_breed
BKDN170795916-1A,BKDN170796006-1A,0.678799412,CHP,LSD,between_breed
BKDN170795916-1A,BKDN170796000-1A,0.750727408,CHP,LSD,between_breed
BKDN170795916-1A,BKDN170796250-1A,0.556829013,SPD,LSD,between_breed
BKDN170795916-1A,BKDN170796085-1A,0.606113525,SPD,LSD,between_breed
BKDN170795916-1A,BKDN170796004-1A,0.600927571,CHP,LSD,between_breed
BKDN170795916-1A,BKDN170795999-1A,0.549073051,CHP,LSD,between_breed
BKDN170795916-1A,BKDN170796077-1A,0.715894433,LSD,LSD,within_breed
BKDN170795999-1A,BKDN170796419-1A,0.714958939,SPD,CHP,between_breed
BKDN170795999-1A,BKDN170796245-1A,0.484581343,SPD,CHP,between_breed
BKDN170795999-1A,BKDN170796421-1A,0.493715999,SPD,CHP,between_breed
BKDN170795999-1A,BKDN170796004-1A,0.494080985,CHP,CHP,within_breed
BKDN170795999-1A,BKDN170796251-1A,0.689761306,SPD,CHP,between_breed
BKDN170795999-1A,BKDN170796418-1A,0.669902281,SPD,CHP,between_breed
BKDN170795999-1A,BKDN170796422-1A,0.708157461,SPD,CHP,between_breed
BKDN170795999-1A,BKDN170796080-1A,0.281846189,LSD,CHP,between_breed
BKDN170795999-1A,BKDN170796250-1A,0.625409027,SPD,CHP,between_breed
BKDN170795999-1A,BKDN170796247-1A,0.56747998,SPD,CHP,between_breed
BKDN170795999-1A,BKDN170796417-1A,0.701211036,SPD,CHP,between_breed
BKDN170795999-1A,BKDN170796249-1A,0.476701813,SPD,CHP,between_breed
BKDN170795999-1A,BKDN170796413-1A,0.537400138,MWD,CHP,between_breed
BKDN170795999-1A,BKDN170796173-1A,0.670376246,CHP,CHP,within_breed
BKDN170795999-1A,BKDN170796085-1A,0.612795794,SPD,CHP,between_breed
BKDN170795999-1A,BKDN170796253-1A,0.450090752,SPD,CHP,between_breed
BKDN170795999-1A,BKDN170796077-1A,0.616972054,LSD,CHP,between_breed
BKDN170795999-1A,BKDN170796254-1A,0.618739451,SPD,CHP,between_breed
BKDN170795999-1A,BKDN170796252-1A,0.691776353,SPD,CHP,between_breed
BKDN170795999-1A,BKDN170796424-1A,0.511509042,SPD,CHP,between_breed
BKDN170795999-1A,BKDN170796000-1A,0.606929676,CHP,CHP,within_breed
BKDN170795999-1A,BKDN170796420-1A,0.660088644,SPD,CHP,between_breed
BKDN170795999-1A,BKDN170796086-1A,0.564635724,SPD,CHP,between_breed
BKDN170795999-1A,BKDN170796006-1A,0.39518026,CHP,CHP,within_breed
BKDN170796000-1A,BKDN170796418-1A,0.815659522,SPD,CHP,between_breed
BKDN170796000-1A,BKDN170796250-1A,0.798886667,SPD,CHP,between_breed
BKDN170796000-1A,BKDN170796004-1A,0.627272253,CHP,CHP,within_breed
BKDN170796000-1A,BKDN170796249-1A,0.727793436,SPD,CHP,between_breed
BKDN170796000-1A,BKDN170796420-1A,0.864467961,SPD,CHP,between_breed
BKDN170796000-1A,BKDN170796173-1A,0.139699645,CHP,CHP,within_breed
BKDN170796000-1A,BKDN170796252-1A,0.674002669,SPD,CHP,between_breed
BKDN170796000-1A,BKDN170796077-1A,0.565523902,LSD,CHP,between_breed
BKDN170796000-1A,BKDN170796245-1A,0.743005833,SPD,CHP,between_breed
BKDN170796000-1A,BKDN170796006-1A,0.350442791,CHP,CHP,within_breed
BKDN170796000-1A,BKDN170796421-1A,0.676266784,SPD,CHP,between_breed
BKDN170796000-1A,BKDN170796419-1A,0.684731607,SPD,CHP,between_breed
BKDN170796000-1A,BKDN170796251-1A,0.806592491,SPD,CHP,between_breed
BKDN170796000-1A,BKDN170796413-1A,0.487178708,MWD,CHP,between_breed
BKDN170796000-1A,BKDN170796422-1A,0.792191188,SPD,CHP,between_breed
BKDN170796000-1A,BKDN170796424-1A,0.734732305,SPD,CHP,between_breed
BKDN170796000-1A,BKDN170796254-1A,0.752070262,SPD,CHP,between_breed
BKDN170796000-1A,BKDN170796417-1A,0.796926469,SPD,CHP,between_breed
BKDN170796000-1A,BKDN170796085-1A,0.781157759,SPD,CHP,between_breed
BKDN170796000-1A,BKDN170796247-1A,0.762358721,SPD,CHP,between_breed
BKDN170796000-1A,BKDN170796086-1A,0.793639772,SPD,CHP,between_breed
BKDN170796000-1A,BKDN170796253-1A,0.749136045,SPD,CHP,between_breed
BKDN170796000-1A,BKDN170796080-1A,0.669784804,LSD,CHP,between_breed
BKDN170796004-1A,BKDN170796421-1A,0.624320184,SPD,CHP,between_breed
BKDN170796004-1A,BKDN170796080-1A,0.548873412,LSD,CHP,between_breed
BKDN170796004-1A,BKDN170796252-1A,0.788526932,SPD,CHP,between_breed
BKDN170796004-1A,BKDN170796086-1A,0.760975246,SPD,CHP,between_breed
BKDN170796004-1A,BKDN170796250-1A,0.761459783,SPD,CHP,between_breed
BKDN170796004-1A,BKDN170796249-1A,0.622888586,SPD,CHP,between_breed
BKDN170796004-1A,BKDN170796419-1A,0.808350326,SPD,CHP,between_breed
BKDN170796004-1A,BKDN170796253-1A,0.623284401,SPD,CHP,between_breed
BKDN170796004-1A,BKDN170796413-1A,0.690903268,MWD,CHP,between_breed
BKDN170796004-1A,BKDN170796254-1A,0.756767394,SPD,CHP,between_breed
BKDN170796004-1A,BKDN170796245-1A,0.610539851,SPD,CHP,between_breed
BKDN170796004-1A,BKDN170796417-1A,0.787228497,SPD,CHP,between_breed
BKDN170796004-1A,BKDN170796251-1A,0.795603838,SPD,CHP,between_breed
BKDN170796004-1A,BKDN170796420-1A,0.777952821,SPD,CHP,between_breed
BKDN170796004-1A,BKDN170796424-1A,0.639717097,SPD,CHP,between_breed
BKDN170796004-1A,BKDN170796418-1A,0.781879151,SPD,CHP,between_breed
BKDN170796004-1A,BKDN170796422-1A,0.783661823,SPD,CHP,between_breed
BKDN170796004-1A,BKDN170796077-1A,0.749017091,LSD,CHP,between_breed
BKDN170796004-1A,BKDN170796085-1A,0.7360671,SPD,CHP,between_breed
BKDN170796004-1A,BKDN170796247-1A,0.619958927,SPD,CHP,between_breed
BKDN170796004-1A,BKDN170796173-1A,0.678002595,CHP,CHP,within_breed
BKDN170796004-1A,BKDN170796006-1A,0.520729589,CHP,CHP,within_breed
BKDN170796006-1A,BKDN170796086-1A,0.712604792,SPD,CHP,between_breed
BKDN170796006-1A,BKDN170796420-1A,0.710197327,SPD,CHP,between_breed
BKDN170796006-1A,BKDN170796249-1A,0.607981832,SPD,CHP,between_breed
BKDN170796006-1A,BKDN170796421-1A,0.587523919,SPD,CHP,between_breed
BKDN170796006-1A,BKDN170796418-1A,0.751718028,SPD,CHP,between_breed
BKDN170796006-1A,BKDN170796173-1A,0.382300104,CHP,CHP,within_breed
BKDN170796006-1A,BKDN170796080-1A,0.480769854,LSD,CHP,between_breed
BKDN170796006-1A,BKDN170796424-1A,0.624875827,SPD,CHP,between_breed
BKDN170796006-1A,BKDN170796252-1A,0.678532175,SPD,CHP,between_breed
BKDN170796006-1A,BKDN170796253-1A,0.516630372,SPD,CHP,between_breed
BKDN170796006-1A,BKDN170796251-1A,0.755209013,SPD,CHP,between_breed
BKDN170796006-1A,BKDN170796085-1A,0.654057005,SPD,CHP,between_breed
BKDN170796006-1A,BKDN170796254-1A,0.691061776,SPD,CHP,between_breed
BKDN170796006-1A,BKDN170796422-1A,0.752939049,SPD,CHP,between_breed
BKDN170796006-1A,BKDN170796077-1A,0.604195053,LSD,CHP,between_breed
BKDN170796006-1A,BKDN170796413-1A,0.510790283,MWD,CHP,between_breed
BKDN170796006-1A,BKDN170796250-1A,0.718980812,SPD,CHP,between_breed
BKDN170796006-1A,BKDN170796245-1A,0.579560679,SPD,CHP,between_breed
BKDN170796006-1A,BKDN170796417-1A,0.75014043,SPD,CHP,between_breed
BKDN170796006-1A,BKDN170796247-1A,0.631033075,SPD,CHP,between_breed
BKDN170796006-1A,BKDN170796419-1A,0.684001833,SPD,CHP,between_breed
BKDN170796077-1A,BKDN170796420-1A,0.845191019,SPD,LSD,between_breed
BKDN170796077-1A,BKDN170796247-1A,0.819192998,SPD,LSD,between_breed
BKDN170796077-1A,BKDN170796252-1A,0.364579501,SPD,LSD,between_breed
BKDN170796077-1A,BKDN170796422-1A,0.819062925,SPD,LSD,between_breed
BKDN170796077-1A,BKDN170796085-1A,0.769952694,SPD,LSD,between_breed
BKDN170796077-1A,BKDN170796421-1A,0.71880858,SPD,LSD,between_breed
BKDN170796077-1A,BKDN170796245-1A,0.764655817,SPD,LSD,between_breed
BKDN170796077-1A,BKDN170796413-1A,0.228119308,MWD,LSD,between_breed
BKDN170796077-1A,BKDN170796417-1A,0.823925102,SPD,LSD,between_breed
BKDN170796077-1A,BKDN170796254-1A,0.551892043,SPD,LSD,between_breed
BKDN170796077-1A,BKDN170796253-1A,0.720112029,SPD,LSD,between_breed
BKDN170796077-1A,BKDN170796251-1A,0.801232197,SPD,LSD,between_breed
BKDN170796077-1A,BKDN170796249-1A,0.700843891,SPD,LSD,between_breed
BKDN170796077-1A,BKDN170796418-1A,0.792745941,SPD,LSD,between_breed
BKDN170796077-1A,BKDN170796424-1A,0.718328324,SPD,LSD,between_breed
BKDN170796077-1A,BKDN170796419-1A,0.426452355,SPD,LSD,between_breed
BKDN170796077-1A,BKDN170796250-1A,0.765121494,SPD,LSD,between_breed
BKDN170796077-1A,BKDN170796080-1A,0.437258424,LSD,LSD,within_breed
BKDN170796077-1A,BKDN170796173-1A,0.57709097,CHP,LSD,between_breed
BKDN170796077-1A,BKDN170796086-1A,0.673203589,SPD,LSD,between_breed
BKDN170796080-1A,BKDN170796086-1A,0.504114324,SPD,LSD,between_breed
BKDN170796080-1A,BKDN170796417-1A,0.648680623,SPD,LSD,between_breed
BKDN170796080-1A,BKDN170796245-1A,0.407988213,SPD,LSD,between_breed
BKDN170796080-1A,BKDN170796173-1A,0.706788521,CHP,LSD,between_breed
BKDN170796080-1A,BKDN170796420-1A,0.616772676,SPD,LSD,between_breed
BKDN170796080-1A,BKDN170796251-1A,0.619643411,SPD,LSD,between_breed
BKDN170796080-1A,BKDN170796252-1A,0.478857789,SPD,LSD,between_breed
BKDN170796080-1A,BKDN170796247-1A,0.540103659,SPD,LSD,between_breed
BKDN170796080-1A,BKDN170796422-1A,0.64167661,SPD,LSD,between_breed
BKDN170796080-1A,BKDN170796253-1A,0.4309719,SPD,LSD,between_breed
BKDN170796080-1A,BKDN170796418-1A,0.609600142,SPD,LSD,between_breed
BKDN170796080-1A,BKDN170796424-1A,0.428641565,SPD,LSD,between_breed
BKDN170796080-1A,BKDN170796419-1A,0.523062949,SPD,LSD,between_breed
BKDN170796080-1A,BKDN170796250-1A,0.523527622,SPD,LSD,between_breed
BKDN170796080-1A,BKDN170796085-1A,0.548665817,SPD,LSD,between_breed
BKDN170796080-1A,BKDN170796421-1A,0.446447329,SPD,LSD,between_breed
BKDN170796080-1A,BKDN170796249-1A,0.388542912,SPD,LSD,between_breed
BKDN170796080-1A,BKDN170796254-1A,0.456770293,SPD,LSD,between_breed
BKDN170796080-1A,BKDN170796413-1A,0.41823559,MWD,LSD,between_breed
BKDN170796085-1A,BKDN170796422-1A,0.208014478,SPD,SPD,within_breed
BKDN170796085-1A,BKDN170796420-1A,0.490108853,SPD,SPD,within_breed
BKDN170796085-1A,BKDN170796247-1A,0.264495625,SPD,SPD,within_breed
BKDN170796085-1A,BKDN170796424-1A,0.313935414,SPD,SPD,within_breed
BKDN170796085-1A,BKDN170796245-1A,0.476155483,SPD,SPD,within_breed
BKDN170796085-1A,BKDN170796421-1A,0.304261429,SPD,SPD,within_breed
BKDN170796085-1A,BKDN170796251-1A,0.266745057,SPD,SPD,within_breed
BKDN170796085-1A,BKDN170796418-1A,0.273424574,SPD,SPD,within_breed
BKDN170796085-1A,BKDN170796419-1A,0.538165258,SPD,SPD,within_breed
BKDN170796085-1A,BKDN170796253-1A,0.406505429,SPD,SPD,within_breed
BKDN170796085-1A,BKDN170796249-1A,0.40686306,SPD,SPD,within_breed
BKDN170796085-1A,BKDN170796417-1A,0.213338021,SPD,SPD,within_breed
BKDN170796085-1A,BKDN170796086-1A,0.306364916,SPD,SPD,within_breed
BKDN170796085-1A,BKDN170796173-1A,0.795100141,CHP,SPD,between_breed
BKDN170796085-1A,BKDN170796254-1A,0.420002979,SPD,SPD,within_breed
BKDN170796085-1A,BKDN170796413-1A,0.740462521,MWD,SPD,between_breed
BKDN170796085-1A,BKDN170796250-1A,0.391343432,SPD,SPD,within_breed
BKDN170796085-1A,BKDN170796252-1A,0.566801742,SPD,SPD,within_breed
BKDN170796086-1A,BKDN170796247-1A,0.409069625,SPD,SPD,within_breed
BKDN170796086-1A,BKDN170796418-1A,0.265558276,SPD,SPD,within_breed
BKDN170796086-1A,BKDN170796254-1A,0.286009991,SPD,SPD,within_breed
BKDN170796086-1A,BKDN170796424-1A,0.375176296,SPD,SPD,within_breed
BKDN170796086-1A,BKDN170796250-1A,0.422828579,SPD,SPD,within_breed
BKDN170796086-1A,BKDN170796251-1A,0.242946565,SPD,SPD,within_breed
BKDN170796086-1A,BKDN170796252-1A,0.503875446,SPD,SPD,within_breed
BKDN170796086-1A,BKDN170796421-1A,0.420557845,SPD,SPD,within_breed
BKDN170796086-1A,BKDN170796173-1A,0.822711435,CHP,SPD,between_breed
BKDN170796086-1A,BKDN170796245-1A,0.591713487,SPD,SPD,within_breed
BKDN170796086-1A,BKDN170796420-1A,0.472180794,SPD,SPD,within_breed
BKDN170796086-1A,BKDN170796249-1A,0.417237416,SPD,SPD,within_breed
BKDN170796086-1A,BKDN170796253-1A,0.449263563,SPD,SPD,within_breed
BKDN170796086-1A,BKDN170796419-1A,0.367730277,SPD,SPD,within_breed
BKDN170796086-1A,BKDN170796422-1A,0.33261949,SPD,SPD,within_breed
BKDN170796086-1A,BKDN170796417-1A,0.241174435,SPD,SPD,within_breed
BKDN170796086-1A,BKDN170796413-1A,0.675726602,MWD,SPD,between_breed
BKDN170796173-1A,BKDN170796247-1A,0.806738241,SPD,CHP,between_breed
BKDN170796173-1A,BKDN170796419-1A,0.698646647,SPD,CHP,between_breed
BKDN170796173-1A,BKDN170796424-1A,0.785109019,SPD,CHP,between_breed
BKDN170796173-1A,BKDN170796249-1A,0.77450374,SPD,CHP,between_breed
BKDN170796173-1A,BKDN170796417-1A,0.84048628,SPD,CHP,between_breed
BKDN170796173-1A,BKDN170796254-1A,0.773705206,SPD,CHP,between_breed
BKDN170796173-1A,BKDN170796253-1A,0.76309723,SPD,CHP,between_breed
BKDN170796173-1A,BKDN170796251-1A,0.840543594,SPD,CHP,between_breed
BKDN170796173-1A,BKDN170796250-1A,0.84183392,SPD,CHP,between_breed
BKDN170796173-1A,BKDN170796420-1A,0.870601138,SPD,CHP,between_breed
BKDN170796173-1A,BKDN170796421-1A,0.736316713,SPD,CHP,between_breed
BKDN170796173-1A,BKDN170796422-1A,0.83308319,SPD,CHP,between_breed
BKDN170796173-1A,BKDN170796245-1A,0.788709138,SPD,CHP,between_breed
BKDN170796173-1A,BKDN170796418-1A,0.847660046,SPD,CHP,between_breed
BKDN170796173-1A,BKDN170796413-1A,0.515289506,MWD,CHP,between_breed
BKDN170796173-1A,BKDN170796252-1A,0.684245747,SPD,CHP,between_breed
BKDN170796245-1A,BKDN170796254-1A,0.662817829,SPD,SPD,within_breed
BKDN170796245-1A,BKDN170796419-1A,0.717827623,SPD,SPD,within_breed
BKDN170796245-1A,BKDN170796424-1A,0.378919235,SPD,SPD,within_breed
BKDN170796245-1A,BKDN170796418-1A,0.548728727,SPD,SPD,within_breed
BKDN170796245-1A,BKDN170796417-1A,0.571742156,SPD,SPD,within_breed
BKDN170796245-1A,BKDN170796252-1A,0.699745293,SPD,SPD,within_breed
BKDN170796245-1A,BKDN170796420-1A,0.607258479,SPD,SPD,within_breed
BKDN170796245-1A,BKDN170796421-1A,0.361648314,SPD,SPD,within_breed
BKDN170796245-1A,BKDN170796251-1A,0.598598302,SPD,SPD,within_breed
BKDN170796245-1A,BKDN170796422-1A,0.492187094,SPD,SPD,within_breed
BKDN170796245-1A,BKDN170796250-1A,0.420896244,SPD,SPD,within_breed
BKDN170796245-1A,BKDN170796413-1A,0.723270865,MWD,SPD,between_breed
BKDN170796245-1A,BKDN170796249-1A,0.32124308,SPD,SPD,within_breed
BKDN170796245-1A,BKDN170796247-1A,0.442461955,SPD,SPD,within_breed
BKDN170796245-1A,BKDN170796253-1A,0.487412061,SPD,SPD,within_breed
BKDN170796247-1A,BKDN170796253-1A,0.297964668,SPD,SPD,within_breed
BKDN170796247-1A,BKDN170796417-1A,0.291074599,SPD,SPD,within_breed
BKDN170796247-1A,BKDN170796420-1A,0.544357831,SPD,SPD,within_breed
BKDN170796247-1A,BKDN170796418-1A,0.353262219,SPD,SPD,within_breed
BKDN170796247-1A,BKDN170796413-1A,0.774590465,MWD,SPD,between_breed
BKDN170796247-1A,BKDN170796419-1A,0.635904603,SPD,SPD,within_breed
BKDN170796247-1A,BKDN170796252-1A,0.609347174,SPD,SPD,within_breed
BKDN170796247-1A,BKDN170796421-1A,0.287433421,SPD,SPD,within_breed
BKDN170796247-1A,BKDN170796251-1A,0.343937967,SPD,SPD,within_breed
BKDN170796247-1A,BKDN170796424-1A,0.255954855,SPD,SPD,within_breed
BKDN170796247-1A,BKDN170796254-1A,0.522565776,SPD,SPD,within_breed
BKDN170796247-1A,BKDN170796422-1A,0.287881555,SPD,SPD,within_breed
BKDN170796247-1A,BKDN170796250-1A,0.353461992,SPD,SPD,within_breed
BKDN170796247-1A,BKDN170796249-1A,0.39996681,SPD,SPD,within_breed
BKDN170796249-1A,BKDN170796253-1A,0.413926138,SPD,SPD,within_breed
BKDN170796249-1A,BKDN170796417-1A,0.470823055,SPD,SPD,within_breed
BKDN170796249-1A,BKDN170796413-1A,0.662341075,MWD,SPD,between_breed
BKDN170796249-1A,BKDN170796418-1A,0.446377653,SPD,SPD,within_breed
BKDN170796249-1A,BKDN170796419-1A,0.576747028,SPD,SPD,within_breed
BKDN170796249-1A,BKDN170796252-1A,0.542602533,SPD,SPD,within_breed
BKDN170796249-1A,BKDN170796254-1A,0.451170991,SPD,SPD,within_breed
BKDN170796249-1A,BKDN170796424-1A,0.210325524,SPD,SPD,within_breed
BKDN170796249-1A,BKDN170796250-1A,0.232193457,SPD,SPD,within_breed
BKDN170796249-1A,BKDN170796251-1A,0.443134694,SPD,SPD,within_breed
BKDN170796249-1A,BKDN170796421-1A,0.3026518,SPD,SPD,within_breed
BKDN170796249-1A,BKDN170796420-1A,0.540238483,SPD,SPD,within_breed
BKDN170796249-1A,BKDN170796422-1A,0.445018723,SPD,SPD,within_breed
BKDN170796250-1A,BKDN170796413-1A,0.736083188,MWD,SPD,between_breed
BKDN170796250-1A,BKDN170796251-1A,0.319121669,SPD,SPD,within_breed
BKDN170796250-1A,BKDN170796252-1A,0.55005321,SPD,SPD,within_breed
BKDN170796250-1A,BKDN170796254-1A,0.532874294,SPD,SPD,within_breed
BKDN170796250-1A,BKDN170796421-1A,0.283607756,SPD,SPD,within_breed
BKDN170796250-1A,BKDN170796253-1A,0.465020533,SPD,SPD,within_breed
BKDN170796250-1A,BKDN170796419-1A,0.597029872,SPD,SPD,within_breed
BKDN170796250-1A,BKDN170796424-1A,0.179462536,SPD,SPD,within_breed
BKDN170796250-1A,BKDN170796417-1A,0.355849176,SPD,SPD,within_breed
BKDN170796250-1A,BKDN170796418-1A,0.357037065,SPD,SPD,within_breed
BKDN170796250-1A,BKDN170796420-1A,0.598224551,SPD,SPD,within_breed
BKDN170796250-1A,BKDN170796422-1A,0.337251963,SPD,SPD,within_breed
BKDN170796251-1A,BKDN170796418-1A,0.187917686,SPD,SPD,within_breed
BKDN170796251-1A,BKDN170796422-1A,0.23269813,SPD,SPD,within_breed
BKDN170796251-1A,BKDN170796417-1A,0.100685983,SPD,SPD,within_breed
BKDN170796251-1A,BKDN170796424-1A,0.331840907,SPD,SPD,within_breed
BKDN170796251-1A,BKDN170796252-1A,0.535242012,SPD,SPD,within_breed
BKDN170796251-1A,BKDN170796254-1A,0.4371869,SPD,SPD,within_breed
BKDN170796251-1A,BKDN170796419-1A,0.440787982,SPD,SPD,within_breed
BKDN170796251-1A,BKDN170796413-1A,0.759232146,MWD,SPD,between_breed
BKDN170796251-1A,BKDN170796420-1A,0.50421628,SPD,SPD,within_breed
BKDN170796251-1A,BKDN170796421-1A,0.389349486,SPD,SPD,within_breed
BKDN170796251-1A,BKDN170796253-1A,0.49221865,SPD,SPD,within_breed
BKDN170796252-1A,BKDN170796418-1A,0.587099883,SPD,SPD,within_breed
BKDN170796252-1A,BKDN170796421-1A,0.594113572,SPD,SPD,within_breed
BKDN170796252-1A,BKDN170796420-1A,0.657710824,SPD,SPD,within_breed
BKDN170796252-1A,BKDN170796417-1A,0.592351273,SPD,SPD,within_breed
BKDN170796252-1A,BKDN170796254-1A,0.308518557,SPD,SPD,within_breed
BKDN170796252-1A,BKDN170796424-1A,0.526240509,SPD,SPD,within_breed
BKDN170796252-1A,BKDN170796419-1A,0.195507061,SPD,SPD,within_breed
BKDN170796252-1A,BKDN170796253-1A,0.595610728,SPD,SPD,within_breed
BKDN170796252-1A,BKDN170796413-1A,0.316623138,MWD,SPD,between_breed
BKDN170796252-1A,BKDN170796422-1A,0.587505173,SPD,SPD,within_breed
BKDN170796253-1A,BKDN170796254-1A,0.509150222,SPD,SPD,within_breed
BKDN170796253-1A,BKDN170796420-1A,0.547425479,SPD,SPD,within_breed
BKDN170796253-1A,BKDN170796422-1A,0.507531325,SPD,SPD,within_breed
BKDN170796253-1A,BKDN170796419-1A,0.619858747,SPD,SPD,within_breed
BKDN170796253-1A,BKDN170796424-1A,0.380318846,SPD,SPD,within_breed
BKDN170796253-1A,BKDN170796417-1A,0.501579971,SPD,SPD,within_breed
BKDN170796253-1A,BKDN170796418-1A,0.51273852,SPD,SPD,within_breed
BKDN170796253-1A,BKDN170796421-1A,0.40474547,SPD,SPD,within_breed
BKDN170796253-1A,BKDN170796413-1A,0.660996359,MWD,SPD,between_breed
BKDN170796254-1A,BKDN170796422-1A,0.456870102,SPD,SPD,within_breed
BKDN170796254-1A,BKDN170796413-1A,0.502100385,MWD,SPD,between_breed
BKDN170796254-1A,BKDN170796419-1A,0.315162472,SPD,SPD,within_breed
BKDN170796254-1A,BKDN170796418-1A,0.468840827,SPD,SPD,within_breed
BKDN170796254-1A,BKDN170796420-1A,0.550150042,SPD,SPD,within_breed
BKDN170796254-1A,BKDN170796421-1A,0.540259834,SPD,SPD,within_breed
BKDN170796254-1A,BKDN170796417-1A,0.457760102,SPD,SPD,within_breed
BKDN170796254-1A,BKDN170796424-1A,0.478982398,SPD,SPD,within_breed
BKDN170796413-1A,BKDN170796417-1A,0.793895966,SPD,MWD,between_breed
BKDN170796413-1A,BKDN170796422-1A,0.791324094,SPD,MWD,between_breed
BKDN170796413-1A,BKDN170796424-1A,0.682188273,SPD,MWD,between_breed
BKDN170796413-1A,BKDN170796418-1A,0.772389275,SPD,MWD,between_breed
BKDN170796413-1A,BKDN170796420-1A,0.806175198,SPD,MWD,between_breed
BKDN170796413-1A,BKDN170796421-1A,0.682899937,SPD,MWD,between_breed
BKDN170796413-1A,BKDN170796419-1A,0.362798567,SPD,MWD,between_breed
BKDN170796417-1A,BKDN170796424-1A,0.336051137,SPD,SPD,within_breed
BKDN170796417-1A,BKDN170796418-1A,0.165426371,SPD,SPD,within_breed
BKDN170796417-1A,BKDN170796420-1A,0.509513949,SPD,SPD,within_breed
BKDN170796417-1A,BKDN170796419-1A,0.470680397,SPD,SPD,within_breed
BKDN170796417-1A,BKDN170796421-1A,0.361205067,SPD,SPD,within_breed
BKDN170796417-1A,BKDN170796422-1A,0.197820431,SPD,SPD,within_breed
BKDN170796418-1A,BKDN170796419-1A,0.419572913,SPD,SPD,within_breed
BKDN170796418-1A,BKDN170796420-1A,0.478563219,SPD,SPD,within_breed
BKDN170796418-1A,BKDN170796424-1A,0.348665148,SPD,SPD,within_breed
BKDN170796418-1A,BKDN170796422-1A,0.258293869,SPD,SPD,within_breed
BKDN170796418-1A,BKDN170796421-1A,0.383600767,SPD,SPD,within_breed
BKDN170796419-1A,BKDN170796420-1A,0.569041199,SPD,SPD,within_breed
BKDN170796419-1A,BKDN170796424-1A,0.564962305,SPD,SPD,within_breed
BKDN170796419-1A,BKDN170796421-1A,0.622918397,SPD,SPD,within_breed
BKDN170796419-1A,BKDN170796422-1A,0.540952232,SPD,SPD,within_breed
BKDN170796420-1A,BKDN170796422-1A,0.54876762,SPD,SPD,within_breed
BKDN170796420-1A,BKDN170796421-1A,0.575551511,SPD,SPD,within_breed
BKDN170796420-1A,BKDN170796424-1A,0.527344177,SPD,SPD,within_breed
BKDN170796421-1A,BKDN170796422-1A,0.335331455,SPD,SPD,within_breed
BKDN170796421-1A,BKDN170796424-1A,0.185805251,SPD,SPD,within_breed
BKDN170796422-1A,BKDN170796424-1A,0.310731088,SPD,SPD,within_breed
